node_id,date,stadium,hour_utc,apparent_temperature,elevation
0,2026-06-11,BMO Field,16,19.41333333,83
1,2026-06-11,BMO Field,17,20.00666667,83
2,2026-06-11,BMO Field,18,20.38666667,83
3,2026-06-11,BMO Field,19,20.10666667,83
4,2026-06-11,BMO Field,20,19.82666667,83
5,2026-06-11,BMO Field,21,19.45333333,83
6,2026-06-11,BMO Field,22,19.25333333,83
7,2026-06-11,BMO Field,23,18.99333333,83
8,2026-06-11,BMO Field,0,18.36666667,83
9,2026-06-11,BMO Field,1,17.78,83
10,2026-06-11,BMO Field,2,17.1,83
11,2026-06-12,BMO Field,16,20.3,83
12,2026-06-12,BMO Field,17,21.48666667,83
13,2026-06-12,BMO Field,18,22.0,83
14,2026-06-12,BMO Field,19,22.19333333,83
15,2026-06-12,BMO Field,20,22.00666667,83
16,2026-06-12,BMO Field,21,21.81333333,83
17,2026-06-12,BMO Field,22,21.18666667,83
18,2026-06-12,BMO Field,23,20.18666667,83
19,2026-06-12,BMO Field,0,18.75333333,83
20,2026-06-12,BMO Field,1,17.32,83
21,2026-06-12,BMO Field,2,16.26666667,83
22,2026-06-13,BMO Field,16,20.66,83
23,2026-06-13,BMO Field,17,20.89333333,83
24,2026-06-13,BMO Field,18,21.04,83
25,2026-06-13,BMO Field,19,20.96,83
26,2026-06-13,BMO Field,20,20.86666667,83
27,2026-06-13,BMO Field,21,20.50666667,83
28,2026-06-13,BMO Field,22,19.97333333,83
29,2026-06-13,BMO Field,23,19.39333333,83
30,2026-06-13,BMO Field,0,18.62666667,83
31,2026-06-13,BMO Field,1,17.87333333,83
32,2026-06-13,BMO Field,2,17.14666667,83
33,2026-06-14,BMO Field,16,20.67333333,83
34,2026-06-14,BMO Field,17,21.36666667,83
35,2026-06-14,BMO Field,18,21.76,83
36,2026-06-14,BMO Field,19,21.54,83
37,2026-06-14,BMO Field,20,21.14,83
38,2026-06-14,BMO Field,21,20.22666667,83
39,2026-06-14,BMO Field,22,19.53333333,83
40,2026-06-14,BMO Field,23,18.74666667,83
41,2026-06-14,BMO Field,0,18.12666667,83
42,2026-06-14,BMO Field,1,17.30666667,83
43,2026-06-14,BMO Field,2,16.30666667,83
44,2026-06-15,BMO Field,16,19.36666667,83
45,2026-06-15,BMO Field,17,20.03333333,83
46,2026-06-15,BMO Field,18,20.65333333,83
47,2026-06-15,BMO Field,19,21.01333333,83
48,2026-06-15,BMO Field,20,20.79333333,83
49,2026-06-15,BMO Field,21,20.36666667,83
50,2026-06-15,BMO Field,22,19.65333333,83
51,2026-06-15,BMO Field,23,18.98666667,83
52,2026-06-15,BMO Field,0,17.98,83
53,2026-06-15,BMO Field,1,16.88,83
54,2026-06-15,BMO Field,2,15.88,83
55,2026-06-16,BMO Field,16,22.26666667,83
56,2026-06-16,BMO Field,17,23.02,83
57,2026-06-16,BMO Field,18,23.55333333,83
58,2026-06-16,BMO Field,19,23.63333333,83
59,2026-06-16,BMO Field,20,23.40666667,83
60,2026-06-16,BMO Field,21,22.37333333,83
61,2026-06-16,BMO Field,22,21.02,83
62,2026-06-16,BMO Field,23,19.82666667,83
63,2026-06-16,BMO Field,0,18.74,83
64,2026-06-16,BMO Field,1,17.68,83
65,2026-06-16,BMO Field,2,16.76,83
66,2026-06-17,BMO Field,16,22.86,83
67,2026-06-17,BMO Field,17,23.8,83
68,2026-06-17,BMO Field,18,24.27333333,83
69,2026-06-17,BMO Field,19,24.13333333,83
70,2026-06-17,BMO Field,20,23.6,83
71,2026-06-17,BMO Field,21,22.72,83
72,2026-06-17,BMO Field,22,21.71333333,83
73,2026-06-17,BMO Field,23,20.70666667,83
74,2026-06-17,BMO Field,0,19.58,83
75,2026-06-17,BMO Field,1,18.55333333,83
76,2026-06-17,BMO Field,2,17.78666667,83
77,2026-06-18,BMO Field,16,22.04,83
78,2026-06-18,BMO Field,17,22.64666667,83
79,2026-06-18,BMO Field,18,23.50666667,83
80,2026-06-18,BMO Field,19,23.76666667,83
81,2026-06-18,BMO Field,20,23.76,83
82,2026-06-18,BMO Field,21,23.61333333,83
83,2026-06-18,BMO Field,22,23.79333333,83
84,2026-06-18,BMO Field,23,23.06,83
85,2026-06-18,BMO Field,0,21.94666667,83
86,2026-06-18,BMO Field,1,20.75333333,83
87,2026-06-18,BMO Field,2,19.93333333,83
88,2026-06-19,BMO Field,16,24.30666667,83
89,2026-06-19,BMO Field,17,24.88,83
90,2026-06-19,BMO Field,18,25.00666667,83
91,2026-06-19,BMO Field,19,24.57333333,83
92,2026-06-19,BMO Field,20,23.81333333,83
93,2026-06-19,BMO Field,21,23.13333333,83
94,2026-06-19,BMO Field,22,22.66666667,83
95,2026-06-19,BMO Field,23,22.15333333,83
96,2026-06-19,BMO Field,0,20.91333333,83
97,2026-06-19,BMO Field,1,19.62666667,83
98,2026-06-19,BMO Field,2,18.5,83
99,2026-06-20,BMO Field,16,24.04666667,83
100,2026-06-20,BMO Field,17,25.12,83
101,2026-06-20,BMO Field,18,25.66666667,83
102,2026-06-20,BMO Field,19,25.63333333,83
103,2026-06-20,BMO Field,20,25.28,83
104,2026-06-20,BMO Field,21,24.84666667,83
105,2026-06-20,BMO Field,22,24.54666667,83
106,2026-06-20,BMO Field,23,24.13333333,83
107,2026-06-20,BMO Field,0,23.12666667,83
108,2026-06-20,BMO Field,1,22.02666667,83
109,2026-06-20,BMO Field,2,21.11333333,83
110,2026-06-21,BMO Field,16,25.80666667,83
111,2026-06-21,BMO Field,17,26.56,83
112,2026-06-21,BMO Field,18,27.08666667,83
113,2026-06-21,BMO Field,19,27.16666667,83
114,2026-06-21,BMO Field,20,26.74,83
115,2026-06-21,BMO Field,21,25.86666667,83
116,2026-06-21,BMO Field,22,24.86666667,83
117,2026-06-21,BMO Field,23,24.06666667,83
118,2026-06-21,BMO Field,0,23.19333333,83
119,2026-06-21,BMO Field,1,22.10666667,83
120,2026-06-21,BMO Field,2,21.2,83
121,2026-06-22,BMO Field,16,25.72666667,83
122,2026-06-22,BMO Field,17,26.25333333,83
123,2026-06-22,BMO Field,18,26.76666667,83
124,2026-06-22,BMO Field,19,26.4,83
125,2026-06-22,BMO Field,20,25.28666667,83
126,2026-06-22,BMO Field,21,24.15333333,83
127,2026-06-22,BMO Field,22,23.45333333,83
128,2026-06-22,BMO Field,23,23.30666667,83
129,2026-06-22,BMO Field,0,22.68,83
130,2026-06-22,BMO Field,1,21.82,83
131,2026-06-22,BMO Field,2,20.9,83
132,2026-06-23,BMO Field,16,26.14,83
133,2026-06-23,BMO Field,17,26.69333333,83
134,2026-06-23,BMO Field,18,26.88666667,83
135,2026-06-23,BMO Field,19,26.7,83
136,2026-06-23,BMO Field,20,26.18666667,83
137,2026-06-23,BMO Field,21,25.19333333,83
138,2026-06-23,BMO Field,22,24.31333333,83
139,2026-06-23,BMO Field,23,23.62666667,83
140,2026-06-23,BMO Field,0,22.97333333,83
141,2026-06-23,BMO Field,1,22.06,83
142,2026-06-23,BMO Field,2,21.12,83
143,2026-06-24,BMO Field,16,26.91333333,83
144,2026-06-24,BMO Field,17,27.51333333,83
145,2026-06-24,BMO Field,18,27.85333333,83
146,2026-06-24,BMO Field,19,27.85333333,83
147,2026-06-24,BMO Field,20,27.57333333,83
148,2026-06-24,BMO Field,21,27.17333333,83
149,2026-06-24,BMO Field,22,26.92,83
150,2026-06-24,BMO Field,23,26.3,83
151,2026-06-24,BMO Field,0,25.28666667,83
152,2026-06-24,BMO Field,1,23.94,83
153,2026-06-24,BMO Field,2,22.87333333,83
154,2026-06-25,BMO Field,16,26.26666667,83
155,2026-06-25,BMO Field,17,26.82,83
156,2026-06-25,BMO Field,18,27.32,83
157,2026-06-25,BMO Field,19,27.3,83
158,2026-06-25,BMO Field,20,27.15333333,83
159,2026-06-25,BMO Field,21,26.48666667,83
160,2026-06-25,BMO Field,22,25.81333333,83
161,2026-06-25,BMO Field,23,24.97333333,83
162,2026-06-25,BMO Field,0,24.13333333,83
163,2026-06-25,BMO Field,1,23.38666667,83
164,2026-06-25,BMO Field,2,22.88,83
165,2026-06-26,BMO Field,16,23.91333333,83
166,2026-06-26,BMO Field,17,24.42666667,83
167,2026-06-26,BMO Field,18,24.48666667,83
168,2026-06-26,BMO Field,19,24.30666667,83
169,2026-06-26,BMO Field,20,24.04666667,83
170,2026-06-26,BMO Field,21,24.01333333,83
171,2026-06-26,BMO Field,22,23.80666667,83
172,2026-06-26,BMO Field,23,23.47333333,83
173,2026-06-26,BMO Field,0,22.64,83
174,2026-06-26,BMO Field,1,21.79333333,83
175,2026-06-26,BMO Field,2,21.08666667,83
176,2026-06-27,BMO Field,16,21.65333333,83
177,2026-06-27,BMO Field,17,22.78,83
178,2026-06-27,BMO Field,18,23.62666667,83
179,2026-06-27,BMO Field,19,24.04,83
180,2026-06-27,BMO Field,20,23.72,83
181,2026-06-27,BMO Field,21,22.99333333,83
182,2026-06-27,BMO Field,22,22.06,83
183,2026-06-27,BMO Field,23,21.26,83
184,2026-06-27,BMO Field,0,20.35333333,83
185,2026-06-27,BMO Field,1,19.55333333,83
186,2026-06-27,BMO Field,2,18.93333333,83
187,2026-06-11,MetLife Stadium,16,23.69333333,4
188,2026-06-11,MetLife Stadium,17,23.66,4
189,2026-06-11,MetLife Stadium,18,23.25333333,4
190,2026-06-11,MetLife Stadium,19,22.77333333,4
191,2026-06-11,MetLife Stadium,20,22.47333333,4
192,2026-06-11,MetLife Stadium,21,22.27333333,4
193,2026-06-11,MetLife Stadium,22,21.98666667,4
194,2026-06-11,MetLife Stadium,23,21.64666667,4
195,2026-06-11,MetLife Stadium,0,21.17333333,4
196,2026-06-11,MetLife Stadium,1,20.65333333,4
197,2026-06-11,MetLife Stadium,2,20.07333333,4
198,2026-06-12,MetLife Stadium,16,23.33333333,4
199,2026-06-12,MetLife Stadium,17,23.93333333,4
200,2026-06-12,MetLife Stadium,18,24.28666667,4
201,2026-06-12,MetLife Stadium,19,24.4,4
202,2026-06-12,MetLife Stadium,20,24.03333333,4
203,2026-06-12,MetLife Stadium,21,23.55333333,4
204,2026-06-12,MetLife Stadium,22,22.98,4
205,2026-06-12,MetLife Stadium,23,22.60666667,4
206,2026-06-12,MetLife Stadium,0,22.16,4
207,2026-06-12,MetLife Stadium,1,21.72,4
208,2026-06-12,MetLife Stadium,2,21.16666667,4
209,2026-06-13,MetLife Stadium,16,26.84666667,4
210,2026-06-13,MetLife Stadium,17,27.35333333,4
211,2026-06-13,MetLife Stadium,18,26.80666667,4
212,2026-06-13,MetLife Stadium,19,26.00666667,4
213,2026-06-13,MetLife Stadium,20,25.1,4
214,2026-06-13,MetLife Stadium,21,24.64,4
215,2026-06-13,MetLife Stadium,22,23.98,4
216,2026-06-13,MetLife Stadium,23,23.08666667,4
217,2026-06-13,MetLife Stadium,0,22.05333333,4
218,2026-06-13,MetLife Stadium,1,21.08,4
219,2026-06-13,MetLife Stadium,2,20.27333333,4
220,2026-06-14,MetLife Stadium,16,23.62666667,4
221,2026-06-14,MetLife Stadium,17,23.39333333,4
222,2026-06-14,MetLife Stadium,18,22.85333333,4
223,2026-06-14,MetLife Stadium,19,22.43333333,4
224,2026-06-14,MetLife Stadium,20,22.83333333,4
225,2026-06-14,MetLife Stadium,21,22.70666667,4
226,2026-06-14,MetLife Stadium,22,22.2,4
227,2026-06-14,MetLife Stadium,23,21.36,4
228,2026-06-14,MetLife Stadium,0,20.68,4
229,2026-06-14,MetLife Stadium,1,20.14,4
230,2026-06-14,MetLife Stadium,2,19.71333333,4
231,2026-06-15,MetLife Stadium,16,23.35333333,4
232,2026-06-15,MetLife Stadium,17,23.70666667,4
233,2026-06-15,MetLife Stadium,18,23.82666667,4
234,2026-06-15,MetLife Stadium,19,23.39333333,4
235,2026-06-15,MetLife Stadium,20,23.04666667,4
236,2026-06-15,MetLife Stadium,21,22.44,4
237,2026-06-15,MetLife Stadium,22,21.95333333,4
238,2026-06-15,MetLife Stadium,23,21.36666667,4
239,2026-06-15,MetLife Stadium,0,20.5,4
240,2026-06-15,MetLife Stadium,1,19.61333333,4
241,2026-06-15,MetLife Stadium,2,18.77333333,4
242,2026-06-16,MetLife Stadium,16,21.60666667,4
243,2026-06-16,MetLife Stadium,17,21.90666667,4
244,2026-06-16,MetLife Stadium,18,21.73333333,4
245,2026-06-16,MetLife Stadium,19,21.23333333,4
246,2026-06-16,MetLife Stadium,20,20.78,4
247,2026-06-16,MetLife Stadium,21,20.32666667,4
248,2026-06-16,MetLife Stadium,22,20.1,4
249,2026-06-16,MetLife Stadium,23,19.70666667,4
250,2026-06-16,MetLife Stadium,0,19.19333333,4
251,2026-06-16,MetLife Stadium,1,18.54,4
252,2026-06-16,MetLife Stadium,2,18.13333333,4
253,2026-06-17,MetLife Stadium,16,24.93333333,4
254,2026-06-17,MetLife Stadium,17,25.58,4
255,2026-06-17,MetLife Stadium,18,25.66,4
256,2026-06-17,MetLife Stadium,19,25.20666667,4
257,2026-06-17,MetLife Stadium,20,24.34666667,4
258,2026-06-17,MetLife Stadium,21,23.76,4
259,2026-06-17,MetLife Stadium,22,23.30666667,4
260,2026-06-17,MetLife Stadium,23,22.86,4
261,2026-06-17,MetLife Stadium,0,22.09333333,4
262,2026-06-17,MetLife Stadium,1,21.18,4
263,2026-06-17,MetLife Stadium,2,20.30666667,4
264,2026-06-18,MetLife Stadium,16,25.25333333,4
265,2026-06-18,MetLife Stadium,17,26.0,4
266,2026-06-18,MetLife Stadium,18,26.40666667,4
267,2026-06-18,MetLife Stadium,19,26.14,4
268,2026-06-18,MetLife Stadium,20,25.38666667,4
269,2026-06-18,MetLife Stadium,21,24.29333333,4
270,2026-06-18,MetLife Stadium,22,23.28666667,4
271,2026-06-18,MetLife Stadium,23,22.66666667,4
272,2026-06-18,MetLife Stadium,0,21.97333333,4
273,2026-06-18,MetLife Stadium,1,21.43333333,4
274,2026-06-18,MetLife Stadium,2,20.88666667,4
275,2026-06-19,MetLife Stadium,16,28.53333333,4
276,2026-06-19,MetLife Stadium,17,29.0,4
277,2026-06-19,MetLife Stadium,18,28.74,4
278,2026-06-19,MetLife Stadium,19,28.1,4
279,2026-06-19,MetLife Stadium,20,27.2,4
280,2026-06-19,MetLife Stadium,21,26.22666667,4
281,2026-06-19,MetLife Stadium,22,24.90666667,4
282,2026-06-19,MetLife Stadium,23,23.61333333,4
283,2026-06-19,MetLife Stadium,0,22.38,4
284,2026-06-19,MetLife Stadium,1,21.46,4
285,2026-06-19,MetLife Stadium,2,20.7,4
286,2026-06-20,MetLife Stadium,16,26.92,4
287,2026-06-20,MetLife Stadium,17,28.07333333,4
288,2026-06-20,MetLife Stadium,18,28.56,4
289,2026-06-20,MetLife Stadium,19,28.31333333,4
290,2026-06-20,MetLife Stadium,20,27.56666667,4
291,2026-06-20,MetLife Stadium,21,26.7,4
292,2026-06-20,MetLife Stadium,22,25.95333333,4
293,2026-06-20,MetLife Stadium,23,25.11333333,4
294,2026-06-20,MetLife Stadium,0,24.32666667,4
295,2026-06-20,MetLife Stadium,1,23.62666667,4
296,2026-06-20,MetLife Stadium,2,23.09333333,4
297,2026-06-21,MetLife Stadium,16,28.56,4
298,2026-06-21,MetLife Stadium,17,29.11333333,4
299,2026-06-21,MetLife Stadium,18,29.40666667,4
300,2026-06-21,MetLife Stadium,19,28.90666667,4
301,2026-06-21,MetLife Stadium,20,28.0,4
302,2026-06-21,MetLife Stadium,21,26.89333333,4
303,2026-06-21,MetLife Stadium,22,26.11333333,4
304,2026-06-21,MetLife Stadium,23,25.54666667,4
305,2026-06-21,MetLife Stadium,0,24.99333333,4
306,2026-06-21,MetLife Stadium,1,24.67333333,4
307,2026-06-21,MetLife Stadium,2,24.16,4
308,2026-06-22,MetLife Stadium,16,24.78,4
309,2026-06-22,MetLife Stadium,17,25.16,4
310,2026-06-22,MetLife Stadium,18,24.92,4
311,2026-06-22,MetLife Stadium,19,24.61333333,4
312,2026-06-22,MetLife Stadium,20,24.56,4
313,2026-06-22,MetLife Stadium,21,24.44666667,4
314,2026-06-22,MetLife Stadium,22,24.16,4
315,2026-06-22,MetLife Stadium,23,23.88,4
316,2026-06-22,MetLife Stadium,0,23.62666667,4
317,2026-06-22,MetLife Stadium,1,23.3,4
318,2026-06-22,MetLife Stadium,2,22.8,4
319,2026-06-23,MetLife Stadium,16,28.25333333,4
320,2026-06-23,MetLife Stadium,17,28.78666667,4
321,2026-06-23,MetLife Stadium,18,28.81333333,4
322,2026-06-23,MetLife Stadium,19,28.76,4
323,2026-06-23,MetLife Stadium,20,28.57333333,4
324,2026-06-23,MetLife Stadium,21,28.34,4
325,2026-06-23,MetLife Stadium,22,27.86666667,4
326,2026-06-23,MetLife Stadium,23,27.47333333,4
327,2026-06-23,MetLife Stadium,0,26.55333333,4
328,2026-06-23,MetLife Stadium,1,25.56666667,4
329,2026-06-23,MetLife Stadium,2,24.78,4
330,2026-06-24,MetLife Stadium,16,28.59333333,4
331,2026-06-24,MetLife Stadium,17,28.5,4
332,2026-06-24,MetLife Stadium,18,28.08666667,4
333,2026-06-24,MetLife Stadium,19,27.17333333,4
334,2026-06-24,MetLife Stadium,20,26.43333333,4
335,2026-06-24,MetLife Stadium,21,25.61333333,4
336,2026-06-24,MetLife Stadium,22,25.12666667,4
337,2026-06-24,MetLife Stadium,23,24.87333333,4
338,2026-06-24,MetLife Stadium,0,24.6,4
339,2026-06-24,MetLife Stadium,1,24.44,4
340,2026-06-24,MetLife Stadium,2,24.06,4
341,2026-06-25,MetLife Stadium,16,32.09333333,4
342,2026-06-25,MetLife Stadium,17,32.58,4
343,2026-06-25,MetLife Stadium,18,32.57333333,4
344,2026-06-25,MetLife Stadium,19,31.99333333,4
345,2026-06-25,MetLife Stadium,20,30.86666667,4
346,2026-06-25,MetLife Stadium,21,29.69333333,4
347,2026-06-25,MetLife Stadium,22,28.64666667,4
348,2026-06-25,MetLife Stadium,23,28.28666667,4
349,2026-06-25,MetLife Stadium,0,27.32,4
350,2026-06-25,MetLife Stadium,1,26.38,4
351,2026-06-25,MetLife Stadium,2,25.51333333,4
352,2026-06-26,MetLife Stadium,16,28.60666667,4
353,2026-06-26,MetLife Stadium,17,29.52666667,4
354,2026-06-26,MetLife Stadium,18,30.10666667,4
355,2026-06-26,MetLife Stadium,19,29.82666667,4
356,2026-06-26,MetLife Stadium,20,28.81333333,4
357,2026-06-26,MetLife Stadium,21,27.62666667,4
358,2026-06-26,MetLife Stadium,22,26.49333333,4
359,2026-06-26,MetLife Stadium,23,25.86666667,4
360,2026-06-26,MetLife Stadium,0,24.97333333,4
361,2026-06-26,MetLife Stadium,1,24.17333333,4
362,2026-06-26,MetLife Stadium,2,23.46,4
363,2026-06-27,MetLife Stadium,16,26.12666667,4
364,2026-06-27,MetLife Stadium,17,26.78666667,4
365,2026-06-27,MetLife Stadium,18,27.17333333,4
366,2026-06-27,MetLife Stadium,19,27.32666667,4
367,2026-06-27,MetLife Stadium,20,27.08,4
368,2026-06-27,MetLife Stadium,21,26.83333333,4
369,2026-06-27,MetLife Stadium,22,26.36,4
370,2026-06-27,MetLife Stadium,23,25.70666667,4
371,2026-06-27,MetLife Stadium,0,24.74,4
372,2026-06-27,MetLife Stadium,1,23.69333333,4
373,2026-06-27,MetLife Stadium,2,22.66666667,4
374,2026-06-11,NRG Stadium,18,36.78666667,14
375,2026-06-11,NRG Stadium,19,37.5,14
376,2026-06-11,NRG Stadium,20,37.34,14
377,2026-06-11,NRG Stadium,21,36.69333333,14
378,2026-06-11,NRG Stadium,22,35.85333333,14
379,2026-06-11,NRG Stadium,23,35.02,14
380,2026-06-11,NRG Stadium,0,33.7,14
381,2026-06-11,NRG Stadium,1,32.21333333,14
382,2026-06-11,NRG Stadium,2,30.86,14
383,2026-06-11,NRG Stadium,3,30.06666667,14
384,2026-06-11,NRG Stadium,4,29.62666667,14
385,2026-06-12,NRG Stadium,18,36.45333333,14
386,2026-06-12,NRG Stadium,19,37.3,14
387,2026-06-12,NRG Stadium,20,37.32666667,14
388,2026-06-12,NRG Stadium,21,36.82666667,14
389,2026-06-12,NRG Stadium,22,35.96,14
390,2026-06-12,NRG Stadium,23,34.92,14
391,2026-06-12,NRG Stadium,0,33.52,14
392,2026-06-12,NRG Stadium,1,32.08666667,14
393,2026-06-12,NRG Stadium,2,31.01333333,14
394,2026-06-12,NRG Stadium,3,30.53333333,14
395,2026-06-12,NRG Stadium,4,30.12,14
396,2026-06-13,NRG Stadium,18,37.1,14
397,2026-06-13,NRG Stadium,19,37.55333333,14
398,2026-06-13,NRG Stadium,20,37.58,14
399,2026-06-13,NRG Stadium,21,36.88666667,14
400,2026-06-13,NRG Stadium,22,35.77333333,14
401,2026-06-13,NRG Stadium,23,34.46666667,14
402,2026-06-13,NRG Stadium,0,33.06,14
403,2026-06-13,NRG Stadium,1,31.98666667,14
404,2026-06-13,NRG Stadium,2,31.48,14
405,2026-06-13,NRG Stadium,3,31.32666667,14
406,2026-06-13,NRG Stadium,4,30.86,14
407,2026-06-14,NRG Stadium,18,36.75333333,14
408,2026-06-14,NRG Stadium,19,37.37333333,14
409,2026-06-14,NRG Stadium,20,37.37333333,14
410,2026-06-14,NRG Stadium,21,37.00666667,14
411,2026-06-14,NRG Stadium,22,36.28666667,14
412,2026-06-14,NRG Stadium,23,35.49333333,14
413,2026-06-14,NRG Stadium,0,34.58666667,14
414,2026-06-14,NRG Stadium,1,33.76,14
415,2026-06-14,NRG Stadium,2,32.93333333,14
416,2026-06-14,NRG Stadium,3,32.37333333,14
417,2026-06-14,NRG Stadium,4,31.72666667,14
418,2026-06-15,NRG Stadium,18,37.9,14
419,2026-06-15,NRG Stadium,19,38.18,14
420,2026-06-15,NRG Stadium,20,37.37333333,14
421,2026-06-15,NRG Stadium,21,36.4,14
422,2026-06-15,NRG Stadium,22,35.05333333,14
423,2026-06-15,NRG Stadium,23,33.77333333,14
424,2026-06-15,NRG Stadium,0,32.58,14
425,2026-06-15,NRG Stadium,1,31.58666667,14
426,2026-06-15,NRG Stadium,2,31.29333333,14
427,2026-06-15,NRG Stadium,3,30.80666667,14
428,2026-06-15,NRG Stadium,4,30.96,14
429,2026-06-16,NRG Stadium,18,37.86,14
430,2026-06-16,NRG Stadium,19,38.46666667,14
431,2026-06-16,NRG Stadium,20,38.02,14
432,2026-06-16,NRG Stadium,21,36.92,14
433,2026-06-16,NRG Stadium,22,35.70666667,14
434,2026-06-16,NRG Stadium,23,35.02666667,14
435,2026-06-16,NRG Stadium,0,34.5,14
436,2026-06-16,NRG Stadium,1,33.82,14
437,2026-06-16,NRG Stadium,2,33.13333333,14
438,2026-06-16,NRG Stadium,3,32.45333333,14
439,2026-06-16,NRG Stadium,4,31.48,14
440,2026-06-17,NRG Stadium,18,36.38666667,14
441,2026-06-17,NRG Stadium,19,36.51333333,14
442,2026-06-17,NRG Stadium,20,36.59333333,14
443,2026-06-17,NRG Stadium,21,36.42,14
444,2026-06-17,NRG Stadium,22,35.44,14
445,2026-06-17,NRG Stadium,23,34.58,14
446,2026-06-17,NRG Stadium,0,33.73333333,14
447,2026-06-17,NRG Stadium,1,32.98666667,14
448,2026-06-17,NRG Stadium,2,32.07333333,14
449,2026-06-17,NRG Stadium,3,31.38,14
450,2026-06-17,NRG Stadium,4,31.11333333,14
451,2026-06-18,NRG Stadium,18,35.86,14
452,2026-06-18,NRG Stadium,19,36.49333333,14
453,2026-06-18,NRG Stadium,20,36.68,14
454,2026-06-18,NRG Stadium,21,36.26666667,14
455,2026-06-18,NRG Stadium,22,35.15333333,14
456,2026-06-18,NRG Stadium,23,34.19333333,14
457,2026-06-18,NRG Stadium,0,33.58,14
458,2026-06-18,NRG Stadium,1,32.88666667,14
459,2026-06-18,NRG Stadium,2,32.05333333,14
460,2026-06-18,NRG Stadium,3,31.29333333,14
461,2026-06-18,NRG Stadium,4,30.83333333,14
462,2026-06-19,NRG Stadium,18,37.38666667,14
463,2026-06-19,NRG Stadium,19,37.85333333,14
464,2026-06-19,NRG Stadium,20,37.61333333,14
465,2026-06-19,NRG Stadium,21,36.74,14
466,2026-06-19,NRG Stadium,22,35.70666667,14
467,2026-06-19,NRG Stadium,23,34.58666667,14
468,2026-06-19,NRG Stadium,0,33.74666667,14
469,2026-06-19,NRG Stadium,1,32.93333333,14
470,2026-06-19,NRG Stadium,2,32.34,14
471,2026-06-19,NRG Stadium,3,31.92666667,14
472,2026-06-19,NRG Stadium,4,31.36,14
473,2026-06-20,NRG Stadium,18,37.15333333,14
474,2026-06-20,NRG Stadium,19,37.03333333,14
475,2026-06-20,NRG Stadium,20,37.29333333,14
476,2026-06-20,NRG Stadium,21,36.62,14
477,2026-06-20,NRG Stadium,22,35.74,14
478,2026-06-20,NRG Stadium,23,34.50666667,14
479,2026-06-20,NRG Stadium,0,33.58,14
480,2026-06-20,NRG Stadium,1,32.87333333,14
481,2026-06-20,NRG Stadium,2,32.39333333,14
482,2026-06-20,NRG Stadium,3,32.14,14
483,2026-06-20,NRG Stadium,4,31.73333333,14
484,2026-06-21,NRG Stadium,18,35.92,14
485,2026-06-21,NRG Stadium,19,36.37333333,14
486,2026-06-21,NRG Stadium,20,35.8,14
487,2026-06-21,NRG Stadium,21,35.16666667,14
488,2026-06-21,NRG Stadium,22,34.34,14
489,2026-06-21,NRG Stadium,23,33.84666667,14
490,2026-06-21,NRG Stadium,0,33.34,14
491,2026-06-21,NRG Stadium,1,32.73333333,14
492,2026-06-21,NRG Stadium,2,32.34666667,14
493,2026-06-21,NRG Stadium,3,31.86,14
494,2026-06-21,NRG Stadium,4,31.73333333,14
495,2026-06-22,NRG Stadium,18,36.78,14
496,2026-06-22,NRG Stadium,19,37.19333333,14
497,2026-06-22,NRG Stadium,20,36.82666667,14
498,2026-06-22,NRG Stadium,21,35.91333333,14
499,2026-06-22,NRG Stadium,22,34.7,14
500,2026-06-22,NRG Stadium,23,34.02666667,14
501,2026-06-22,NRG Stadium,0,33.61333333,14
502,2026-06-22,NRG Stadium,1,33.32,14
503,2026-06-22,NRG Stadium,2,33.04,14
504,2026-06-22,NRG Stadium,3,32.56666667,14
505,2026-06-22,NRG Stadium,4,31.81333333,14
506,2026-06-23,NRG Stadium,18,37.78666667,14
507,2026-06-23,NRG Stadium,19,38.18666667,14
508,2026-06-23,NRG Stadium,20,37.96,14
509,2026-06-23,NRG Stadium,21,37.30666667,14
510,2026-06-23,NRG Stadium,22,36.50666667,14
511,2026-06-23,NRG Stadium,23,35.45333333,14
512,2026-06-23,NRG Stadium,0,34.7,14
513,2026-06-23,NRG Stadium,1,33.74666667,14
514,2026-06-23,NRG Stadium,2,33.1,14
515,2026-06-23,NRG Stadium,3,32.66,14
516,2026-06-23,NRG Stadium,4,32.22,14
517,2026-06-24,NRG Stadium,18,38.06,14
518,2026-06-24,NRG Stadium,19,38.50666667,14
519,2026-06-24,NRG Stadium,20,38.15333333,14
520,2026-06-24,NRG Stadium,21,37.48,14
521,2026-06-24,NRG Stadium,22,36.48666667,14
522,2026-06-24,NRG Stadium,23,35.55333333,14
523,2026-06-24,NRG Stadium,0,34.63333333,14
524,2026-06-24,NRG Stadium,1,33.62,14
525,2026-06-24,NRG Stadium,2,32.56,14
526,2026-06-24,NRG Stadium,3,31.93333333,14
527,2026-06-24,NRG Stadium,4,31.83333333,14
528,2026-06-25,NRG Stadium,18,37.06666667,14
529,2026-06-25,NRG Stadium,19,37.42666667,14
530,2026-06-25,NRG Stadium,20,37.29333333,14
531,2026-06-25,NRG Stadium,21,36.66,14
532,2026-06-25,NRG Stadium,22,35.67333333,14
533,2026-06-25,NRG Stadium,23,34.98666667,14
534,2026-06-25,NRG Stadium,0,34.19333333,14
535,2026-06-25,NRG Stadium,1,33.38,14
536,2026-06-25,NRG Stadium,2,32.43333333,14
537,2026-06-25,NRG Stadium,3,31.78,14
538,2026-06-25,NRG Stadium,4,31.44,14
539,2026-06-26,NRG Stadium,18,38.48666667,14
540,2026-06-26,NRG Stadium,19,38.24666667,14
541,2026-06-26,NRG Stadium,20,37.54666667,14
542,2026-06-26,NRG Stadium,21,36.92,14
543,2026-06-26,NRG Stadium,22,36.18,14
544,2026-06-26,NRG Stadium,23,35.41333333,14
545,2026-06-26,NRG Stadium,0,34.46,14
546,2026-06-26,NRG Stadium,1,33.76,14
547,2026-06-26,NRG Stadium,2,32.78666667,14
548,2026-06-26,NRG Stadium,3,31.86666667,14
549,2026-06-26,NRG Stadium,4,31.28666667,14
550,2026-06-27,NRG Stadium,18,37.85333333,14
551,2026-06-27,NRG Stadium,19,38.47333333,14
552,2026-06-27,NRG Stadium,20,38.32,14
553,2026-06-27,NRG Stadium,21,37.49333333,14
554,2026-06-27,NRG Stadium,22,36.37333333,14
555,2026-06-27,NRG Stadium,23,35.29333333,14
556,2026-06-27,NRG Stadium,0,34.40666667,14
557,2026-06-27,NRG Stadium,1,33.16,14
558,2026-06-27,NRG Stadium,2,32.02666667,14
559,2026-06-27,NRG Stadium,3,31.14666667,14
560,2026-06-27,NRG Stadium,4,30.98666667,14
561,2026-06-11,Estadio Akron,6,19.66,1665
562,2026-06-11,Estadio Akron,2,22.55333333,1665
563,2026-06-11,Estadio Akron,3,21.44,1665
564,2026-06-11,Estadio Akron,4,20.73333333,1665
565,2026-06-11,Estadio Akron,5,20.14,1665
566,2026-06-12,Estadio Akron,6,19.58666667,1665
567,2026-06-12,Estadio Akron,2,22.14,1665
568,2026-06-12,Estadio Akron,3,21.08666667,1665
569,2026-06-12,Estadio Akron,4,20.29333333,1665
570,2026-06-12,Estadio Akron,5,19.96,1665
571,2026-06-13,Estadio Akron,6,19.26,1665
572,2026-06-13,Estadio Akron,2,21.65333333,1665
573,2026-06-13,Estadio Akron,3,20.35333333,1665
574,2026-06-13,Estadio Akron,4,19.96,1665
575,2026-06-13,Estadio Akron,5,19.62666667,1665
576,2026-06-14,Estadio Akron,6,19.37333333,1665
577,2026-06-14,Estadio Akron,2,22.04,1665
578,2026-06-14,Estadio Akron,3,20.90666667,1665
579,2026-06-14,Estadio Akron,4,20.29333333,1665
580,2026-06-14,Estadio Akron,5,19.82666667,1665
581,2026-06-15,Estadio Akron,6,19.28666667,1665
582,2026-06-15,Estadio Akron,2,22.12666667,1665
583,2026-06-15,Estadio Akron,3,20.97333333,1665
584,2026-06-15,Estadio Akron,4,20.44666667,1665
585,2026-06-15,Estadio Akron,5,19.77333333,1665
586,2026-06-16,Estadio Akron,6,19.34,1665
587,2026-06-16,Estadio Akron,2,22.18,1665
588,2026-06-16,Estadio Akron,3,20.58666667,1665
589,2026-06-16,Estadio Akron,4,19.87333333,1665
590,2026-06-16,Estadio Akron,5,19.51333333,1665
591,2026-06-17,Estadio Akron,6,18.93333333,1665
592,2026-06-17,Estadio Akron,2,22.64,1665
593,2026-06-17,Estadio Akron,3,21.50666667,1665
594,2026-06-17,Estadio Akron,4,20.64666667,1665
595,2026-06-17,Estadio Akron,5,19.74666667,1665
596,2026-06-18,Estadio Akron,6,18.64,1665
597,2026-06-18,Estadio Akron,2,22.16666667,1665
598,2026-06-18,Estadio Akron,3,20.73333333,1665
599,2026-06-18,Estadio Akron,4,19.76,1665
600,2026-06-18,Estadio Akron,5,19.17333333,1665
601,2026-06-19,Estadio Akron,6,18.56666667,1665
602,2026-06-19,Estadio Akron,2,21.14,1665
603,2026-06-19,Estadio Akron,3,19.86666667,1665
604,2026-06-19,Estadio Akron,4,19.07333333,1665
605,2026-06-19,Estadio Akron,5,18.74,1665
606,2026-06-20,Estadio Akron,6,18.42666667,1665
607,2026-06-20,Estadio Akron,2,20.94666667,1665
608,2026-06-20,Estadio Akron,3,19.86666667,1665
609,2026-06-20,Estadio Akron,4,19.30666667,1665
610,2026-06-20,Estadio Akron,5,18.88666667,1665
611,2026-06-21,Estadio Akron,6,18.54,1665
612,2026-06-21,Estadio Akron,2,21.78666667,1665
613,2026-06-21,Estadio Akron,3,20.54,1665
614,2026-06-21,Estadio Akron,4,19.66666667,1665
615,2026-06-21,Estadio Akron,5,19.16,1665
616,2026-06-22,Estadio Akron,6,18.54,1665
617,2026-06-22,Estadio Akron,2,21.60666667,1665
618,2026-06-22,Estadio Akron,3,20.28,1665
619,2026-06-22,Estadio Akron,4,19.47333333,1665
620,2026-06-22,Estadio Akron,5,18.93333333,1665
621,2026-06-23,Estadio Akron,6,18.72,1665
622,2026-06-23,Estadio Akron,2,20.96666667,1665
623,2026-06-23,Estadio Akron,3,20.16666667,1665
624,2026-06-23,Estadio Akron,4,19.60666667,1665
625,2026-06-23,Estadio Akron,5,19.13333333,1665
626,2026-06-24,Estadio Akron,6,18.47333333,1665
627,2026-06-24,Estadio Akron,2,20.16,1665
628,2026-06-24,Estadio Akron,3,19.24,1665
629,2026-06-24,Estadio Akron,4,18.53333333,1665
630,2026-06-24,Estadio Akron,5,18.53333333,1665
631,2026-06-25,Estadio Akron,6,17.95333333,1665
632,2026-06-25,Estadio Akron,2,20.42,1665
633,2026-06-25,Estadio Akron,3,19.12666667,1665
634,2026-06-25,Estadio Akron,4,18.38666667,1665
635,2026-06-25,Estadio Akron,5,18.0,1665
636,2026-06-26,Estadio Akron,6,16.98,1665
637,2026-06-26,Estadio Akron,2,19.69333333,1665
638,2026-06-26,Estadio Akron,3,18.6,1665
639,2026-06-26,Estadio Akron,4,17.68666667,1665
640,2026-06-26,Estadio Akron,5,17.26666667,1665
641,2026-06-27,Estadio Akron,6,17.44666667,1665
642,2026-06-27,Estadio Akron,2,19.68,1665
643,2026-06-27,Estadio Akron,3,18.71333333,1665
644,2026-06-27,Estadio Akron,4,18.45333333,1665
645,2026-06-27,Estadio Akron,5,17.89333333,1665
646,2026-06-11,Arrowhead Stadium,18,31.32,259
647,2026-06-11,Arrowhead Stadium,19,31.50666667,259
648,2026-06-11,Arrowhead Stadium,20,31.41333333,259
649,2026-06-11,Arrowhead Stadium,21,30.98,259
650,2026-06-11,Arrowhead Stadium,22,30.58,259
651,2026-06-11,Arrowhead Stadium,23,29.76666667,259
652,2026-06-11,Arrowhead Stadium,0,28.87333333,259
653,2026-06-11,Arrowhead Stadium,1,27.54666667,259
654,2026-06-11,Arrowhead Stadium,2,26.39333333,259
655,2026-06-11,Arrowhead Stadium,3,25.36,259
656,2026-06-11,Arrowhead Stadium,4,23.85333333,259
657,2026-06-12,Arrowhead Stadium,18,28.74,259
658,2026-06-12,Arrowhead Stadium,19,29.19333333,259
659,2026-06-12,Arrowhead Stadium,20,29.35333333,259
660,2026-06-12,Arrowhead Stadium,21,29.44,259
661,2026-06-12,Arrowhead Stadium,22,29.22666667,259
662,2026-06-12,Arrowhead Stadium,23,28.90666667,259
663,2026-06-12,Arrowhead Stadium,0,28.28,259
664,2026-06-12,Arrowhead Stadium,1,27.5,259
665,2026-06-12,Arrowhead Stadium,2,26.26,259
666,2026-06-12,Arrowhead Stadium,3,25.0,259
667,2026-06-12,Arrowhead Stadium,4,23.88666667,259
668,2026-06-13,Arrowhead Stadium,18,31.38666667,259
669,2026-06-13,Arrowhead Stadium,19,32.1,259
670,2026-06-13,Arrowhead Stadium,20,32.34,259
671,2026-06-13,Arrowhead Stadium,21,32.18666667,259
672,2026-06-13,Arrowhead Stadium,22,31.62666667,259
673,2026-06-13,Arrowhead Stadium,23,30.95333333,259
674,2026-06-13,Arrowhead Stadium,0,30.18,259
675,2026-06-13,Arrowhead Stadium,1,29.22,259
676,2026-06-13,Arrowhead Stadium,2,27.34,259
677,2026-06-13,Arrowhead Stadium,3,25.8,259
678,2026-06-13,Arrowhead Stadium,4,24.17333333,259
679,2026-06-14,Arrowhead Stadium,18,33.39333333,259
680,2026-06-14,Arrowhead Stadium,19,33.96,259
681,2026-06-14,Arrowhead Stadium,20,34.02,259
682,2026-06-14,Arrowhead Stadium,21,33.53333333,259
683,2026-06-14,Arrowhead Stadium,22,32.78,259
684,2026-06-14,Arrowhead Stadium,23,32.00666667,259
685,2026-06-14,Arrowhead Stadium,0,31.18,259
686,2026-06-14,Arrowhead Stadium,1,29.94,259
687,2026-06-14,Arrowhead Stadium,2,28.42,259
688,2026-06-14,Arrowhead Stadium,3,26.94,259
689,2026-06-14,Arrowhead Stadium,4,25.36,259
690,2026-06-15,Arrowhead Stadium,18,32.35333333,259
691,2026-06-15,Arrowhead Stadium,19,33.50666667,259
692,2026-06-15,Arrowhead Stadium,20,33.80666667,259
693,2026-06-15,Arrowhead Stadium,21,33.37333333,259
694,2026-06-15,Arrowhead Stadium,22,32.40666667,259
695,2026-06-15,Arrowhead Stadium,23,31.46,259
696,2026-06-15,Arrowhead Stadium,0,30.26,259
697,2026-06-15,Arrowhead Stadium,1,28.75333333,259
698,2026-06-15,Arrowhead Stadium,2,27.08,259
699,2026-06-15,Arrowhead Stadium,3,25.92666667,259
700,2026-06-15,Arrowhead Stadium,4,25.41333333,259
701,2026-06-16,Arrowhead Stadium,18,34.80666667,259
702,2026-06-16,Arrowhead Stadium,19,35.74,259
703,2026-06-16,Arrowhead Stadium,20,35.98,259
704,2026-06-16,Arrowhead Stadium,21,35.5,259
705,2026-06-16,Arrowhead Stadium,22,34.64,259
706,2026-06-16,Arrowhead Stadium,23,33.34,259
707,2026-06-16,Arrowhead Stadium,0,32.24666667,259
708,2026-06-16,Arrowhead Stadium,1,30.26,259
709,2026-06-16,Arrowhead Stadium,2,28.74666667,259
710,2026-06-16,Arrowhead Stadium,3,27.4,259
711,2026-06-16,Arrowhead Stadium,4,26.56,259
712,2026-06-17,Arrowhead Stadium,18,34.13333333,259
713,2026-06-17,Arrowhead Stadium,19,34.74,259
714,2026-06-17,Arrowhead Stadium,20,34.89333333,259
715,2026-06-17,Arrowhead Stadium,21,34.61333333,259
716,2026-06-17,Arrowhead Stadium,22,33.94,259
717,2026-06-17,Arrowhead Stadium,23,33.36666667,259
718,2026-06-17,Arrowhead Stadium,0,32.09333333,259
719,2026-06-17,Arrowhead Stadium,1,30.52666667,259
720,2026-06-17,Arrowhead Stadium,2,28.73333333,259
721,2026-06-17,Arrowhead Stadium,3,27.52,259
722,2026-06-17,Arrowhead Stadium,4,27.09333333,259
723,2026-06-18,Arrowhead Stadium,18,31.0,259
724,2026-06-18,Arrowhead Stadium,19,31.42666667,259
725,2026-06-18,Arrowhead Stadium,20,31.68666667,259
726,2026-06-18,Arrowhead Stadium,21,31.84666667,259
727,2026-06-18,Arrowhead Stadium,22,31.56,259
728,2026-06-18,Arrowhead Stadium,23,31.12666667,259
729,2026-06-18,Arrowhead Stadium,0,30.02666667,259
730,2026-06-18,Arrowhead Stadium,1,29.06666667,259
731,2026-06-18,Arrowhead Stadium,2,27.78,259
732,2026-06-18,Arrowhead Stadium,3,26.84,259
733,2026-06-18,Arrowhead Stadium,4,26.25333333,259
734,2026-06-19,Arrowhead Stadium,18,33.8,259
735,2026-06-19,Arrowhead Stadium,19,34.34666667,259
736,2026-06-19,Arrowhead Stadium,20,34.52,259
737,2026-06-19,Arrowhead Stadium,21,33.74,259
738,2026-06-19,Arrowhead Stadium,22,32.12666667,259
739,2026-06-19,Arrowhead Stadium,23,30.82666667,259
740,2026-06-19,Arrowhead Stadium,0,30.08666667,259
741,2026-06-19,Arrowhead Stadium,1,29.72666667,259
742,2026-06-19,Arrowhead Stadium,2,28.76666667,259
743,2026-06-19,Arrowhead Stadium,3,27.49333333,259
744,2026-06-19,Arrowhead Stadium,4,26.36,259
745,2026-06-20,Arrowhead Stadium,18,34.49333333,259
746,2026-06-20,Arrowhead Stadium,19,35.22,259
747,2026-06-20,Arrowhead Stadium,20,35.39333333,259
748,2026-06-20,Arrowhead Stadium,21,35.01333333,259
749,2026-06-20,Arrowhead Stadium,22,34.32,259
750,2026-06-20,Arrowhead Stadium,23,33.65333333,259
751,2026-06-20,Arrowhead Stadium,0,32.64666667,259
752,2026-06-20,Arrowhead Stadium,1,31.39333333,259
753,2026-06-20,Arrowhead Stadium,2,29.76666667,259
754,2026-06-20,Arrowhead Stadium,3,28.32666667,259
755,2026-06-20,Arrowhead Stadium,4,27.00666667,259
756,2026-06-21,Arrowhead Stadium,18,32.44666667,259
757,2026-06-21,Arrowhead Stadium,19,32.91333333,259
758,2026-06-21,Arrowhead Stadium,20,32.68666667,259
759,2026-06-21,Arrowhead Stadium,21,32.02,259
760,2026-06-21,Arrowhead Stadium,22,31.06666667,259
761,2026-06-21,Arrowhead Stadium,23,30.04,259
762,2026-06-21,Arrowhead Stadium,0,29.25333333,259
763,2026-06-21,Arrowhead Stadium,1,28.30666667,259
764,2026-06-21,Arrowhead Stadium,2,27.58666667,259
765,2026-06-21,Arrowhead Stadium,3,26.72666667,259
766,2026-06-21,Arrowhead Stadium,4,26.22666667,259
767,2026-06-22,Arrowhead Stadium,18,31.18666667,259
768,2026-06-22,Arrowhead Stadium,19,32.02666667,259
769,2026-06-22,Arrowhead Stadium,20,32.40666667,259
770,2026-06-22,Arrowhead Stadium,21,32.01333333,259
771,2026-06-22,Arrowhead Stadium,22,31.20666667,259
772,2026-06-22,Arrowhead Stadium,23,30.22666667,259
773,2026-06-22,Arrowhead Stadium,0,29.48666667,259
774,2026-06-22,Arrowhead Stadium,1,28.56,259
775,2026-06-22,Arrowhead Stadium,2,27.62,259
776,2026-06-22,Arrowhead Stadium,3,26.63333333,259
777,2026-06-22,Arrowhead Stadium,4,25.93333333,259
778,2026-06-23,Arrowhead Stadium,18,31.74666667,259
779,2026-06-23,Arrowhead Stadium,19,32.71333333,259
780,2026-06-23,Arrowhead Stadium,20,33.28666667,259
781,2026-06-23,Arrowhead Stadium,21,33.26666667,259
782,2026-06-23,Arrowhead Stadium,22,32.58666667,259
783,2026-06-23,Arrowhead Stadium,23,31.92,259
784,2026-06-23,Arrowhead Stadium,0,31.19333333,259
785,2026-06-23,Arrowhead Stadium,1,30.38666667,259
786,2026-06-23,Arrowhead Stadium,2,29.32666667,259
787,2026-06-23,Arrowhead Stadium,3,28.34,259
788,2026-06-23,Arrowhead Stadium,4,27.14,259
789,2026-06-24,Arrowhead Stadium,18,32.4,259
790,2026-06-24,Arrowhead Stadium,19,33.65333333,259
791,2026-06-24,Arrowhead Stadium,20,34.62,259
792,2026-06-24,Arrowhead Stadium,21,35.06,259
793,2026-06-24,Arrowhead Stadium,22,35.10666667,259
794,2026-06-24,Arrowhead Stadium,23,34.30666667,259
795,2026-06-24,Arrowhead Stadium,0,32.92666667,259
796,2026-06-24,Arrowhead Stadium,1,31.34666667,259
797,2026-06-24,Arrowhead Stadium,2,30.28,259
798,2026-06-24,Arrowhead Stadium,3,29.52666667,259
799,2026-06-24,Arrowhead Stadium,4,28.58,259
800,2026-06-25,Arrowhead Stadium,18,33.77333333,259
801,2026-06-25,Arrowhead Stadium,19,33.99333333,259
802,2026-06-25,Arrowhead Stadium,20,34.24,259
803,2026-06-25,Arrowhead Stadium,21,34.02666667,259
804,2026-06-25,Arrowhead Stadium,22,33.11333333,259
805,2026-06-25,Arrowhead Stadium,23,31.90666667,259
806,2026-06-25,Arrowhead Stadium,0,30.64666667,259
807,2026-06-25,Arrowhead Stadium,1,29.68,259
808,2026-06-25,Arrowhead Stadium,2,28.60666667,259
809,2026-06-25,Arrowhead Stadium,3,27.84,259
810,2026-06-25,Arrowhead Stadium,4,27.70666667,259
811,2026-06-26,Arrowhead Stadium,18,28.78,259
812,2026-06-26,Arrowhead Stadium,19,29.30666667,259
813,2026-06-26,Arrowhead Stadium,20,29.74666667,259
814,2026-06-26,Arrowhead Stadium,21,29.28666667,259
815,2026-06-26,Arrowhead Stadium,22,28.77333333,259
816,2026-06-26,Arrowhead Stadium,23,28.04666667,259
817,2026-06-26,Arrowhead Stadium,0,27.79333333,259
818,2026-06-26,Arrowhead Stadium,1,27.18666667,259
819,2026-06-26,Arrowhead Stadium,2,26.34666667,259
820,2026-06-26,Arrowhead Stadium,3,25.45333333,259
821,2026-06-26,Arrowhead Stadium,4,25.37333333,259
822,2026-06-27,Arrowhead Stadium,18,30.78,259
823,2026-06-27,Arrowhead Stadium,19,31.66,259
824,2026-06-27,Arrowhead Stadium,20,31.88,259
825,2026-06-27,Arrowhead Stadium,21,31.49333333,259
826,2026-06-27,Arrowhead Stadium,22,30.78666667,259
827,2026-06-27,Arrowhead Stadium,23,29.91333333,259
828,2026-06-27,Arrowhead Stadium,0,28.64,259
829,2026-06-27,Arrowhead Stadium,1,27.29333333,259
830,2026-06-27,Arrowhead Stadium,2,26.06666667,259
831,2026-06-27,Arrowhead Stadium,3,25.27333333,259
832,2026-06-27,Arrowhead Stadium,4,24.65333333,259
833,2026-06-11,Estadio Azteca,6,15.36,2251
834,2026-06-11,Estadio Azteca,19,25.28666667,2251
835,2026-06-11,Estadio Azteca,20,25.30666667,2251
836,2026-06-11,Estadio Azteca,21,24.34,2251
837,2026-06-11,Estadio Azteca,22,22.8,2251
838,2026-06-11,Estadio Azteca,23,21.25333333,2251
839,2026-06-11,Estadio Azteca,0,20.16666667,2251
840,2026-06-11,Estadio Azteca,1,18.95333333,2251
841,2026-06-11,Estadio Azteca,2,17.97333333,2251
842,2026-06-11,Estadio Azteca,3,16.94,2251
843,2026-06-11,Estadio Azteca,4,16.40666667,2251
844,2026-06-11,Estadio Azteca,5,15.94,2251
845,2026-06-12,Estadio Azteca,6,15.08666667,2251
846,2026-06-12,Estadio Azteca,19,24.13333333,2251
847,2026-06-12,Estadio Azteca,20,24.29333333,2251
848,2026-06-12,Estadio Azteca,21,23.88,2251
849,2026-06-12,Estadio Azteca,22,22.64666667,2251
850,2026-06-12,Estadio Azteca,23,21.16666667,2251
851,2026-06-12,Estadio Azteca,0,19.66,2251
852,2026-06-12,Estadio Azteca,1,18.72,2251
853,2026-06-12,Estadio Azteca,2,17.81333333,2251
854,2026-06-12,Estadio Azteca,3,17.12666667,2251
855,2026-06-12,Estadio Azteca,4,16.36666667,2251
856,2026-06-12,Estadio Azteca,5,15.8,2251
857,2026-06-13,Estadio Azteca,6,15.92,2251
858,2026-06-13,Estadio Azteca,19,24.1,2251
859,2026-06-13,Estadio Azteca,20,24.24,2251
860,2026-06-13,Estadio Azteca,21,23.54666667,2251
861,2026-06-13,Estadio Azteca,22,23.06,2251
862,2026-06-13,Estadio Azteca,23,21.92666667,2251
863,2026-06-13,Estadio Azteca,0,20.67333333,2251
864,2026-06-13,Estadio Azteca,1,19.0,2251
865,2026-06-13,Estadio Azteca,2,17.66666667,2251
866,2026-06-13,Estadio Azteca,3,16.84666667,2251
867,2026-06-13,Estadio Azteca,4,16.45333333,2251
868,2026-06-13,Estadio Azteca,5,16.00666667,2251
869,2026-06-14,Estadio Azteca,6,15.86,2251
870,2026-06-14,Estadio Azteca,19,24.29333333,2251
871,2026-06-14,Estadio Azteca,20,24.8,2251
872,2026-06-14,Estadio Azteca,21,24.20666667,2251
873,2026-06-14,Estadio Azteca,22,22.73333333,2251
874,2026-06-14,Estadio Azteca,23,21.36666667,2251
875,2026-06-14,Estadio Azteca,0,19.86,2251
876,2026-06-14,Estadio Azteca,1,18.8,2251
877,2026-06-14,Estadio Azteca,2,17.81333333,2251
878,2026-06-14,Estadio Azteca,3,17.36,2251
879,2026-06-14,Estadio Azteca,4,16.87333333,2251
880,2026-06-14,Estadio Azteca,5,16.34,2251
881,2026-06-15,Estadio Azteca,6,15.76666667,2251
882,2026-06-15,Estadio Azteca,19,24.41333333,2251
883,2026-06-15,Estadio Azteca,20,24.16666667,2251
884,2026-06-15,Estadio Azteca,21,23.66,2251
885,2026-06-15,Estadio Azteca,22,22.46666667,2251
886,2026-06-15,Estadio Azteca,23,21.48,2251
887,2026-06-15,Estadio Azteca,0,20.34666667,2251
888,2026-06-15,Estadio Azteca,1,19.27333333,2251
889,2026-06-15,Estadio Azteca,2,17.91333333,2251
890,2026-06-15,Estadio Azteca,3,16.93333333,2251
891,2026-06-15,Estadio Azteca,4,16.46666667,2251
892,2026-06-15,Estadio Azteca,5,16.14,2251
893,2026-06-16,Estadio Azteca,6,15.50666667,2251
894,2026-06-16,Estadio Azteca,19,24.18666667,2251
895,2026-06-16,Estadio Azteca,20,24.04,2251
896,2026-06-16,Estadio Azteca,21,23.12666667,2251
897,2026-06-16,Estadio Azteca,22,21.91333333,2251
898,2026-06-16,Estadio Azteca,23,20.90666667,2251
899,2026-06-16,Estadio Azteca,0,19.97333333,2251
900,2026-06-16,Estadio Azteca,1,19.02666667,2251
901,2026-06-16,Estadio Azteca,2,17.98666667,2251
902,2026-06-16,Estadio Azteca,3,16.96,2251
903,2026-06-16,Estadio Azteca,4,16.28,2251
904,2026-06-16,Estadio Azteca,5,15.78,2251
905,2026-06-17,Estadio Azteca,6,14.48666667,2251
906,2026-06-17,Estadio Azteca,19,23.77333333,2251
907,2026-06-17,Estadio Azteca,20,23.96,2251
908,2026-06-17,Estadio Azteca,21,23.62666667,2251
909,2026-06-17,Estadio Azteca,22,22.51333333,2251
910,2026-06-17,Estadio Azteca,23,20.87333333,2251
911,2026-06-17,Estadio Azteca,0,19.44666667,2251
912,2026-06-17,Estadio Azteca,1,18.22,2251
913,2026-06-17,Estadio Azteca,2,17.45333333,2251
914,2026-06-17,Estadio Azteca,3,16.51333333,2251
915,2026-06-17,Estadio Azteca,4,15.74666667,2251
916,2026-06-17,Estadio Azteca,5,15.05333333,2251
917,2026-06-18,Estadio Azteca,6,14.52666667,2251
918,2026-06-18,Estadio Azteca,19,22.96666667,2251
919,2026-06-18,Estadio Azteca,20,23.1,2251
920,2026-06-18,Estadio Azteca,21,22.72,2251
921,2026-06-18,Estadio Azteca,22,22.05333333,2251
922,2026-06-18,Estadio Azteca,23,20.72,2251
923,2026-06-18,Estadio Azteca,0,19.11333333,2251
924,2026-06-18,Estadio Azteca,1,17.77333333,2251
925,2026-06-18,Estadio Azteca,2,16.92666667,2251
926,2026-06-18,Estadio Azteca,3,16.48,2251
927,2026-06-18,Estadio Azteca,4,15.95333333,2251
928,2026-06-18,Estadio Azteca,5,15.22666667,2251
929,2026-06-19,Estadio Azteca,6,14.8,2251
930,2026-06-19,Estadio Azteca,19,23.38666667,2251
931,2026-06-19,Estadio Azteca,20,23.44,2251
932,2026-06-19,Estadio Azteca,21,22.79333333,2251
933,2026-06-19,Estadio Azteca,22,21.68666667,2251
934,2026-06-19,Estadio Azteca,23,20.30666667,2251
935,2026-06-19,Estadio Azteca,0,19.00666667,2251
936,2026-06-19,Estadio Azteca,1,17.88666667,2251
937,2026-06-19,Estadio Azteca,2,17.1,2251
938,2026-06-19,Estadio Azteca,3,16.66666667,2251
939,2026-06-19,Estadio Azteca,4,16.22,2251
940,2026-06-19,Estadio Azteca,5,15.58,2251
941,2026-06-20,Estadio Azteca,6,15.7,2251
942,2026-06-20,Estadio Azteca,19,24.75333333,2251
943,2026-06-20,Estadio Azteca,20,24.56,2251
944,2026-06-20,Estadio Azteca,21,23.58666667,2251
945,2026-06-20,Estadio Azteca,22,22.47333333,2251
946,2026-06-20,Estadio Azteca,23,21.42666667,2251
947,2026-06-20,Estadio Azteca,0,20.46,2251
948,2026-06-20,Estadio Azteca,1,19.43333333,2251
949,2026-06-20,Estadio Azteca,2,18.05333333,2251
950,2026-06-20,Estadio Azteca,3,17.28666667,2251
951,2026-06-20,Estadio Azteca,4,16.89333333,2251
952,2026-06-20,Estadio Azteca,5,16.36666667,2251
953,2026-06-21,Estadio Azteca,6,15.08666667,2251
954,2026-06-21,Estadio Azteca,19,22.83333333,2251
955,2026-06-21,Estadio Azteca,20,22.98,2251
956,2026-06-21,Estadio Azteca,21,22.38,2251
957,2026-06-21,Estadio Azteca,22,21.44,2251
958,2026-06-21,Estadio Azteca,23,20.28666667,2251
959,2026-06-21,Estadio Azteca,0,19.45333333,2251
960,2026-06-21,Estadio Azteca,1,18.41333333,2251
961,2026-06-21,Estadio Azteca,2,17.41333333,2251
962,2026-06-21,Estadio Azteca,3,16.3,2251
963,2026-06-21,Estadio Azteca,4,15.58,2251
964,2026-06-21,Estadio Azteca,5,15.23333333,2251
965,2026-06-22,Estadio Azteca,6,15.31333333,2251
966,2026-06-22,Estadio Azteca,19,23.16,2251
967,2026-06-22,Estadio Azteca,20,23.10666667,2251
968,2026-06-22,Estadio Azteca,21,22.08666667,2251
969,2026-06-22,Estadio Azteca,22,20.37333333,2251
970,2026-06-22,Estadio Azteca,23,18.96666667,2251
971,2026-06-22,Estadio Azteca,0,17.84,2251
972,2026-06-22,Estadio Azteca,1,17.18666667,2251
973,2026-06-22,Estadio Azteca,2,16.65333333,2251
974,2026-06-22,Estadio Azteca,3,16.32,2251
975,2026-06-22,Estadio Azteca,4,15.98,2251
976,2026-06-22,Estadio Azteca,5,15.72666667,2251
977,2026-06-23,Estadio Azteca,6,15.3,2251
978,2026-06-23,Estadio Azteca,19,22.06666667,2251
979,2026-06-23,Estadio Azteca,20,21.64666667,2251
980,2026-06-23,Estadio Azteca,21,21.16666667,2251
981,2026-06-23,Estadio Azteca,22,20.85333333,2251
982,2026-06-23,Estadio Azteca,23,20.41333333,2251
983,2026-06-23,Estadio Azteca,0,19.36666667,2251
984,2026-06-23,Estadio Azteca,1,18.27333333,2251
985,2026-06-23,Estadio Azteca,2,17.07333333,2251
986,2026-06-23,Estadio Azteca,3,16.30666667,2251
987,2026-06-23,Estadio Azteca,4,15.65333333,2251
988,2026-06-23,Estadio Azteca,5,15.38666667,2251
989,2026-06-24,Estadio Azteca,6,14.98666667,2251
990,2026-06-24,Estadio Azteca,19,22.24666667,2251
991,2026-06-24,Estadio Azteca,20,22.28666667,2251
992,2026-06-24,Estadio Azteca,21,21.41333333,2251
993,2026-06-24,Estadio Azteca,22,20.08666667,2251
994,2026-06-24,Estadio Azteca,23,18.98666667,2251
995,2026-06-24,Estadio Azteca,0,18.72666667,2251
996,2026-06-24,Estadio Azteca,1,18.2,2251
997,2026-06-24,Estadio Azteca,2,17.18666667,2251
998,2026-06-24,Estadio Azteca,3,16.10666667,2251
999,2026-06-24,Estadio Azteca,4,15.54,2251
1000,2026-06-24,Estadio Azteca,5,15.17333333,2251
1001,2026-06-25,Estadio Azteca,6,14.96,2251
1002,2026-06-25,Estadio Azteca,19,21.73333333,2251
1003,2026-06-25,Estadio Azteca,20,21.85333333,2251
1004,2026-06-25,Estadio Azteca,21,21.23333333,2251
1005,2026-06-25,Estadio Azteca,22,20.06666667,2251
1006,2026-06-25,Estadio Azteca,23,18.76,2251
1007,2026-06-25,Estadio Azteca,0,17.69333333,2251
1008,2026-06-25,Estadio Azteca,1,16.7,2251
1009,2026-06-25,Estadio Azteca,2,15.53333333,2251
1010,2026-06-25,Estadio Azteca,3,14.93333333,2251
1011,2026-06-25,Estadio Azteca,4,14.82666667,2251
1012,2026-06-25,Estadio Azteca,5,14.82,2251
1013,2026-06-26,Estadio Azteca,6,14.23333333,2251
1014,2026-06-26,Estadio Azteca,19,20.49333333,2251
1015,2026-06-26,Estadio Azteca,20,20.53333333,2251
1016,2026-06-26,Estadio Azteca,21,20.15333333,2251
1017,2026-06-26,Estadio Azteca,22,19.46,2251
1018,2026-06-26,Estadio Azteca,23,18.4,2251
1019,2026-06-26,Estadio Azteca,0,17.42,2251
1020,2026-06-26,Estadio Azteca,1,16.66666667,2251
1021,2026-06-26,Estadio Azteca,2,15.73333333,2251
1022,2026-06-26,Estadio Azteca,3,15.45333333,2251
1023,2026-06-26,Estadio Azteca,4,15.07333333,2251
1024,2026-06-26,Estadio Azteca,5,14.93333333,2251
1025,2026-06-27,Estadio Azteca,6,14.78,2251
1026,2026-06-27,Estadio Azteca,19,21.46666667,2251
1027,2026-06-27,Estadio Azteca,20,21.4,2251
1028,2026-06-27,Estadio Azteca,21,21.06666667,2251
1029,2026-06-27,Estadio Azteca,22,20.21333333,2251
1030,2026-06-27,Estadio Azteca,23,19.14,2251
1031,2026-06-27,Estadio Azteca,0,17.84666667,2251
1032,2026-06-27,Estadio Azteca,1,16.8,2251
1033,2026-06-27,Estadio Azteca,2,15.94,2251
1034,2026-06-27,Estadio Azteca,3,15.62666667,2251
1035,2026-06-27,Estadio Azteca,4,15.55333333,2251
1036,2026-06-27,Estadio Azteca,5,15.37333333,2251
1037,2026-06-11,Gillette Stadium,16,22.45333333,84
1038,2026-06-11,Gillette Stadium,17,22.92666667,84
1039,2026-06-11,Gillette Stadium,18,22.82666667,84
1040,2026-06-11,Gillette Stadium,19,22.42,84
1041,2026-06-11,Gillette Stadium,20,21.83333333,84
1042,2026-06-11,Gillette Stadium,21,21.62,84
1043,2026-06-11,Gillette Stadium,22,21.23333333,84
1044,2026-06-11,Gillette Stadium,23,20.48666667,84
1045,2026-06-11,Gillette Stadium,0,19.22,84
1046,2026-06-11,Gillette Stadium,1,18.1,84
1047,2026-06-11,Gillette Stadium,2,17.26,84
1048,2026-06-12,Gillette Stadium,16,23.76666667,84
1049,2026-06-12,Gillette Stadium,17,23.70666667,84
1050,2026-06-12,Gillette Stadium,18,23.44666667,84
1051,2026-06-12,Gillette Stadium,19,22.97333333,84
1052,2026-06-12,Gillette Stadium,20,22.44666667,84
1053,2026-06-12,Gillette Stadium,21,21.69333333,84
1054,2026-06-12,Gillette Stadium,22,21.2,84
1055,2026-06-12,Gillette Stadium,23,20.53333333,84
1056,2026-06-12,Gillette Stadium,0,19.66,84
1057,2026-06-12,Gillette Stadium,1,18.54,84
1058,2026-06-12,Gillette Stadium,2,17.46666667,84
1059,2026-06-13,Gillette Stadium,16,25.76,84
1060,2026-06-13,Gillette Stadium,17,26.75333333,84
1061,2026-06-13,Gillette Stadium,18,27.08666667,84
1062,2026-06-13,Gillette Stadium,19,26.72,84
1063,2026-06-13,Gillette Stadium,20,25.89333333,84
1064,2026-06-13,Gillette Stadium,21,24.96666667,84
1065,2026-06-13,Gillette Stadium,22,23.62,84
1066,2026-06-13,Gillette Stadium,23,22.18666667,84
1067,2026-06-13,Gillette Stadium,0,20.52666667,84
1068,2026-06-13,Gillette Stadium,1,19.14,84
1069,2026-06-13,Gillette Stadium,2,17.81333333,84
1070,2026-06-14,Gillette Stadium,16,22.60666667,84
1071,2026-06-14,Gillette Stadium,17,22.76,84
1072,2026-06-14,Gillette Stadium,18,22.56666667,84
1073,2026-06-14,Gillette Stadium,19,22.2,84
1074,2026-06-14,Gillette Stadium,20,21.88,84
1075,2026-06-14,Gillette Stadium,21,21.28,84
1076,2026-06-14,Gillette Stadium,22,20.42666667,84
1077,2026-06-14,Gillette Stadium,23,19.59333333,84
1078,2026-06-14,Gillette Stadium,0,18.66666667,84
1079,2026-06-14,Gillette Stadium,1,17.88,84
1080,2026-06-14,Gillette Stadium,2,17.18,84
1081,2026-06-15,Gillette Stadium,16,21.16,84
1082,2026-06-15,Gillette Stadium,17,21.82,84
1083,2026-06-15,Gillette Stadium,18,22.16666667,84
1084,2026-06-15,Gillette Stadium,19,21.96,84
1085,2026-06-15,Gillette Stadium,20,21.55333333,84
1086,2026-06-15,Gillette Stadium,21,20.97333333,84
1087,2026-06-15,Gillette Stadium,22,20.62,84
1088,2026-06-15,Gillette Stadium,23,19.94,84
1089,2026-06-15,Gillette Stadium,0,18.90666667,84
1090,2026-06-15,Gillette Stadium,1,17.69333333,84
1091,2026-06-15,Gillette Stadium,2,16.61333333,84
1092,2026-06-16,Gillette Stadium,16,21.97333333,84
1093,2026-06-16,Gillette Stadium,17,22.38,84
1094,2026-06-16,Gillette Stadium,18,22.61333333,84
1095,2026-06-16,Gillette Stadium,19,22.48666667,84
1096,2026-06-16,Gillette Stadium,20,21.84666667,84
1097,2026-06-16,Gillette Stadium,21,20.92666667,84
1098,2026-06-16,Gillette Stadium,22,19.99333333,84
1099,2026-06-16,Gillette Stadium,23,19.06666667,84
1100,2026-06-16,Gillette Stadium,0,17.82666667,84
1101,2026-06-16,Gillette Stadium,1,16.68666667,84
1102,2026-06-16,Gillette Stadium,2,15.82,84
1103,2026-06-17,Gillette Stadium,16,23.86,84
1104,2026-06-17,Gillette Stadium,17,24.14666667,84
1105,2026-06-17,Gillette Stadium,18,24.09333333,84
1106,2026-06-17,Gillette Stadium,19,23.52666667,84
1107,2026-06-17,Gillette Stadium,20,23.26666667,84
1108,2026-06-17,Gillette Stadium,21,22.5,84
1109,2026-06-17,Gillette Stadium,22,21.57333333,84
1110,2026-06-17,Gillette Stadium,23,20.39333333,84
1111,2026-06-17,Gillette Stadium,0,19.34666667,84
1112,2026-06-17,Gillette Stadium,1,18.35333333,84
1113,2026-06-17,Gillette Stadium,2,17.52666667,84
1114,2026-06-18,Gillette Stadium,16,23.80666667,84
1115,2026-06-18,Gillette Stadium,17,24.44666667,84
1116,2026-06-18,Gillette Stadium,18,24.95333333,84
1117,2026-06-18,Gillette Stadium,19,25.12666667,84
1118,2026-06-18,Gillette Stadium,20,24.68,84
1119,2026-06-18,Gillette Stadium,21,23.68666667,84
1120,2026-06-18,Gillette Stadium,22,22.50666667,84
1121,2026-06-18,Gillette Stadium,23,21.2,84
1122,2026-06-18,Gillette Stadium,0,19.87333333,84
1123,2026-06-18,Gillette Stadium,1,18.68666667,84
1124,2026-06-18,Gillette Stadium,2,17.72666667,84
1125,2026-06-19,Gillette Stadium,16,26.00666667,84
1126,2026-06-19,Gillette Stadium,17,26.94666667,84
1127,2026-06-19,Gillette Stadium,18,26.81333333,84
1128,2026-06-19,Gillette Stadium,19,26.31333333,84
1129,2026-06-19,Gillette Stadium,20,25.54,84
1130,2026-06-19,Gillette Stadium,21,24.72666667,84
1131,2026-06-19,Gillette Stadium,22,23.66666667,84
1132,2026-06-19,Gillette Stadium,23,22.4,84
1133,2026-06-19,Gillette Stadium,0,21.24666667,84
1134,2026-06-19,Gillette Stadium,1,20.16666667,84
1135,2026-06-19,Gillette Stadium,2,19.3,84
1136,2026-06-20,Gillette Stadium,16,26.2,84
1137,2026-06-20,Gillette Stadium,17,27.14,84
1138,2026-06-20,Gillette Stadium,18,27.36666667,84
1139,2026-06-20,Gillette Stadium,19,27.04666667,84
1140,2026-06-20,Gillette Stadium,20,26.14666667,84
1141,2026-06-20,Gillette Stadium,21,25.44,84
1142,2026-06-20,Gillette Stadium,22,24.94,84
1143,2026-06-20,Gillette Stadium,23,24.14,84
1144,2026-06-20,Gillette Stadium,0,22.66,84
1145,2026-06-20,Gillette Stadium,1,21.10666667,84
1146,2026-06-20,Gillette Stadium,2,19.97333333,84
1147,2026-06-21,Gillette Stadium,16,26.06,84
1148,2026-06-21,Gillette Stadium,17,26.02,84
1149,2026-06-21,Gillette Stadium,18,25.81333333,84
1150,2026-06-21,Gillette Stadium,19,25.27333333,84
1151,2026-06-21,Gillette Stadium,20,24.68666667,84
1152,2026-06-21,Gillette Stadium,21,24.14,84
1153,2026-06-21,Gillette Stadium,22,23.65333333,84
1154,2026-06-21,Gillette Stadium,23,22.74666667,84
1155,2026-06-21,Gillette Stadium,0,21.30666667,84
1156,2026-06-21,Gillette Stadium,1,19.84,84
1157,2026-06-21,Gillette Stadium,2,18.65333333,84
1158,2026-06-22,Gillette Stadium,16,25.29333333,84
1159,2026-06-22,Gillette Stadium,17,26.16,84
1160,2026-06-22,Gillette Stadium,18,26.64,84
1161,2026-06-22,Gillette Stadium,19,26.24,84
1162,2026-06-22,Gillette Stadium,20,25.5,84
1163,2026-06-22,Gillette Stadium,21,24.65333333,84
1164,2026-06-22,Gillette Stadium,22,23.83333333,84
1165,2026-06-22,Gillette Stadium,23,22.86666667,84
1166,2026-06-22,Gillette Stadium,0,21.47333333,84
1167,2026-06-22,Gillette Stadium,1,20.24,84
1168,2026-06-22,Gillette Stadium,2,19.20666667,84
1169,2026-06-23,Gillette Stadium,16,27.23333333,84
1170,2026-06-23,Gillette Stadium,17,28.42666667,84
1171,2026-06-23,Gillette Stadium,18,28.74666667,84
1172,2026-06-23,Gillette Stadium,19,28.7,84
1173,2026-06-23,Gillette Stadium,20,28.18666667,84
1174,2026-06-23,Gillette Stadium,21,27.30666667,84
1175,2026-06-23,Gillette Stadium,22,26.05333333,84
1176,2026-06-23,Gillette Stadium,23,24.71333333,84
1177,2026-06-23,Gillette Stadium,0,23.56,84
1178,2026-06-23,Gillette Stadium,1,22.66,84
1179,2026-06-23,Gillette Stadium,2,21.93333333,84
1180,2026-06-24,Gillette Stadium,16,27.78,84
1181,2026-06-24,Gillette Stadium,17,28.32666667,84
1182,2026-06-24,Gillette Stadium,18,28.64666667,84
1183,2026-06-24,Gillette Stadium,19,28.18666667,84
1184,2026-06-24,Gillette Stadium,20,27.54666667,84
1185,2026-06-24,Gillette Stadium,21,26.6,84
1186,2026-06-24,Gillette Stadium,22,25.8,84
1187,2026-06-24,Gillette Stadium,23,24.67333333,84
1188,2026-06-24,Gillette Stadium,0,23.34666667,84
1189,2026-06-24,Gillette Stadium,1,22.21333333,84
1190,2026-06-24,Gillette Stadium,2,21.5,84
1191,2026-06-25,Gillette Stadium,16,29.52666667,84
1192,2026-06-25,Gillette Stadium,17,29.92666667,84
1193,2026-06-25,Gillette Stadium,18,30.04,84
1194,2026-06-25,Gillette Stadium,19,29.78666667,84
1195,2026-06-25,Gillette Stadium,20,29.71333333,84
1196,2026-06-25,Gillette Stadium,21,29.24,84
1197,2026-06-25,Gillette Stadium,22,28.42666667,84
1198,2026-06-25,Gillette Stadium,23,27.22,84
1199,2026-06-25,Gillette Stadium,0,25.6,84
1200,2026-06-25,Gillette Stadium,1,24.07333333,84
1201,2026-06-25,Gillette Stadium,2,22.92666667,84
1202,2026-06-26,Gillette Stadium,16,27.65333333,84
1203,2026-06-26,Gillette Stadium,17,28.08666667,84
1204,2026-06-26,Gillette Stadium,18,28.04,84
1205,2026-06-26,Gillette Stadium,19,27.5,84
1206,2026-06-26,Gillette Stadium,20,26.53333333,84
1207,2026-06-26,Gillette Stadium,21,25.68666667,84
1208,2026-06-26,Gillette Stadium,22,25.04666667,84
1209,2026-06-26,Gillette Stadium,23,24.6,84
1210,2026-06-26,Gillette Stadium,0,24.16666667,84
1211,2026-06-26,Gillette Stadium,1,23.62,84
1212,2026-06-26,Gillette Stadium,2,22.62,84
1213,2026-06-27,Gillette Stadium,16,25.36,84
1214,2026-06-27,Gillette Stadium,17,25.86666667,84
1215,2026-06-27,Gillette Stadium,18,25.95333333,84
1216,2026-06-27,Gillette Stadium,19,25.89333333,84
1217,2026-06-27,Gillette Stadium,20,25.42,84
1218,2026-06-27,Gillette Stadium,21,25.01333333,84
1219,2026-06-27,Gillette Stadium,22,24.26,84
1220,2026-06-27,Gillette Stadium,23,23.44,84
1221,2026-06-27,Gillette Stadium,0,22.48,84
1222,2026-06-27,Gillette Stadium,1,21.49333333,84
1223,2026-06-27,Gillette Stadium,2,20.47333333,84
1224,2026-06-11,Lincoln Financial Field,16,24.11333333,1
1225,2026-06-11,Lincoln Financial Field,17,24.24666667,1
1226,2026-06-11,Lincoln Financial Field,18,24.20666667,1
1227,2026-06-11,Lincoln Financial Field,19,24.31333333,1
1228,2026-06-11,Lincoln Financial Field,20,24.24666667,1
1229,2026-06-11,Lincoln Financial Field,21,24.09333333,1
1230,2026-06-11,Lincoln Financial Field,22,23.82666667,1
1231,2026-06-11,Lincoln Financial Field,23,23.32,1
1232,2026-06-11,Lincoln Financial Field,0,22.34,1
1233,2026-06-11,Lincoln Financial Field,1,21.17333333,1
1234,2026-06-11,Lincoln Financial Field,2,20.14666667,1
1235,2026-06-12,Lincoln Financial Field,16,26.54666667,1
1236,2026-06-12,Lincoln Financial Field,17,27.75333333,1
1237,2026-06-12,Lincoln Financial Field,18,28.36,1
1238,2026-06-12,Lincoln Financial Field,19,28.33333333,1
1239,2026-06-12,Lincoln Financial Field,20,27.49333333,1
1240,2026-06-12,Lincoln Financial Field,21,26.45333333,1
1241,2026-06-12,Lincoln Financial Field,22,25.7,1
1242,2026-06-12,Lincoln Financial Field,23,25.24666667,1
1243,2026-06-12,Lincoln Financial Field,0,24.60666667,1
1244,2026-06-12,Lincoln Financial Field,1,23.54666667,1
1245,2026-06-12,Lincoln Financial Field,2,22.28666667,1
1246,2026-06-13,Lincoln Financial Field,16,28.15333333,1
1247,2026-06-13,Lincoln Financial Field,17,28.68,1
1248,2026-06-13,Lincoln Financial Field,18,28.58,1
1249,2026-06-13,Lincoln Financial Field,19,28.36666667,1
1250,2026-06-13,Lincoln Financial Field,20,28.22,1
1251,2026-06-13,Lincoln Financial Field,21,27.86666667,1
1252,2026-06-13,Lincoln Financial Field,22,27.08,1
1253,2026-06-13,Lincoln Financial Field,23,26.1,1
1254,2026-06-13,Lincoln Financial Field,0,24.68,1
1255,2026-06-13,Lincoln Financial Field,1,23.44,1
1256,2026-06-13,Lincoln Financial Field,2,22.43333333,1
1257,2026-06-14,Lincoln Financial Field,16,25.62666667,1
1258,2026-06-14,Lincoln Financial Field,17,26.13333333,1
1259,2026-06-14,Lincoln Financial Field,18,26.62666667,1
1260,2026-06-14,Lincoln Financial Field,19,27.07333333,1
1261,2026-06-14,Lincoln Financial Field,20,27.44666667,1
1262,2026-06-14,Lincoln Financial Field,21,27.09333333,1
1263,2026-06-14,Lincoln Financial Field,22,25.86666667,1
1264,2026-06-14,Lincoln Financial Field,23,24.67333333,1
1265,2026-06-14,Lincoln Financial Field,0,23.16,1
1266,2026-06-14,Lincoln Financial Field,1,22.18666667,1
1267,2026-06-14,Lincoln Financial Field,2,21.13333333,1
1268,2026-06-15,Lincoln Financial Field,16,25.47333333,1
1269,2026-06-15,Lincoln Financial Field,17,26.08666667,1
1270,2026-06-15,Lincoln Financial Field,18,26.2,1
1271,2026-06-15,Lincoln Financial Field,19,26.11333333,1
1272,2026-06-15,Lincoln Financial Field,20,25.73333333,1
1273,2026-06-15,Lincoln Financial Field,21,25.21333333,1
1274,2026-06-15,Lincoln Financial Field,22,24.24,1
1275,2026-06-15,Lincoln Financial Field,23,23.19333333,1
1276,2026-06-15,Lincoln Financial Field,0,21.88,1
1277,2026-06-15,Lincoln Financial Field,1,20.67333333,1
1278,2026-06-15,Lincoln Financial Field,2,19.53333333,1
1279,2026-06-16,Lincoln Financial Field,16,23.46,1
1280,2026-06-16,Lincoln Financial Field,17,24.3,1
1281,2026-06-16,Lincoln Financial Field,18,24.69333333,1
1282,2026-06-16,Lincoln Financial Field,19,25.06,1
1283,2026-06-16,Lincoln Financial Field,20,25.14,1
1284,2026-06-16,Lincoln Financial Field,21,24.87333333,1
1285,2026-06-16,Lincoln Financial Field,22,24.04,1
1286,2026-06-16,Lincoln Financial Field,23,23.02666667,1
1287,2026-06-16,Lincoln Financial Field,0,21.92666667,1
1288,2026-06-16,Lincoln Financial Field,1,20.96,1
1289,2026-06-16,Lincoln Financial Field,2,20.0,1
1290,2026-06-17,Lincoln Financial Field,16,26.71333333,1
1291,2026-06-17,Lincoln Financial Field,17,27.32666667,1
1292,2026-06-17,Lincoln Financial Field,18,27.62666667,1
1293,2026-06-17,Lincoln Financial Field,19,27.64666667,1
1294,2026-06-17,Lincoln Financial Field,20,27.53333333,1
1295,2026-06-17,Lincoln Financial Field,21,27.13333333,1
1296,2026-06-17,Lincoln Financial Field,22,26.45333333,1
1297,2026-06-17,Lincoln Financial Field,23,25.58,1
1298,2026-06-17,Lincoln Financial Field,0,24.32,1
1299,2026-06-17,Lincoln Financial Field,1,23.14,1
1300,2026-06-17,Lincoln Financial Field,2,22.02,1
1301,2026-06-18,Lincoln Financial Field,16,27.65333333,1
1302,2026-06-18,Lincoln Financial Field,17,28.48666667,1
1303,2026-06-18,Lincoln Financial Field,18,28.55333333,1
1304,2026-06-18,Lincoln Financial Field,19,28.26666667,1
1305,2026-06-18,Lincoln Financial Field,20,27.82666667,1
1306,2026-06-18,Lincoln Financial Field,21,27.20666667,1
1307,2026-06-18,Lincoln Financial Field,22,26.53333333,1
1308,2026-06-18,Lincoln Financial Field,23,25.48666667,1
1309,2026-06-18,Lincoln Financial Field,0,24.43333333,1
1310,2026-06-18,Lincoln Financial Field,1,23.18666667,1
1311,2026-06-18,Lincoln Financial Field,2,22.20666667,1
1312,2026-06-19,Lincoln Financial Field,16,29.64666667,1
1313,2026-06-19,Lincoln Financial Field,17,30.34666667,1
1314,2026-06-19,Lincoln Financial Field,18,30.81333333,1
1315,2026-06-19,Lincoln Financial Field,19,30.54,1
1316,2026-06-19,Lincoln Financial Field,20,29.5,1
1317,2026-06-19,Lincoln Financial Field,21,28.01333333,1
1318,2026-06-19,Lincoln Financial Field,22,26.73333333,1
1319,2026-06-19,Lincoln Financial Field,23,25.64,1
1320,2026-06-19,Lincoln Financial Field,0,24.4,1
1321,2026-06-19,Lincoln Financial Field,1,23.10666667,1
1322,2026-06-19,Lincoln Financial Field,2,22.00666667,1
1323,2026-06-20,Lincoln Financial Field,16,27.72,1
1324,2026-06-20,Lincoln Financial Field,17,28.83333333,1
1325,2026-06-20,Lincoln Financial Field,18,29.60666667,1
1326,2026-06-20,Lincoln Financial Field,19,29.84,1
1327,2026-06-20,Lincoln Financial Field,20,29.56666667,1
1328,2026-06-20,Lincoln Financial Field,21,29.02666667,1
1329,2026-06-20,Lincoln Financial Field,22,28.57333333,1
1330,2026-06-20,Lincoln Financial Field,23,27.56666667,1
1331,2026-06-20,Lincoln Financial Field,0,26.08666667,1
1332,2026-06-20,Lincoln Financial Field,1,24.47333333,1
1333,2026-06-20,Lincoln Financial Field,2,23.38,1
1334,2026-06-21,Lincoln Financial Field,16,28.59333333,1
1335,2026-06-21,Lincoln Financial Field,17,29.34666667,1
1336,2026-06-21,Lincoln Financial Field,18,29.71333333,1
1337,2026-06-21,Lincoln Financial Field,19,29.67333333,1
1338,2026-06-21,Lincoln Financial Field,20,29.17333333,1
1339,2026-06-21,Lincoln Financial Field,21,28.6,1
1340,2026-06-21,Lincoln Financial Field,22,27.98666667,1
1341,2026-06-21,Lincoln Financial Field,23,27.11333333,1
1342,2026-06-21,Lincoln Financial Field,0,26.10666667,1
1343,2026-06-21,Lincoln Financial Field,1,25.02,1
1344,2026-06-21,Lincoln Financial Field,2,24.18,1
1345,2026-06-22,Lincoln Financial Field,16,27.81333333,1
1346,2026-06-22,Lincoln Financial Field,17,27.93333333,1
1347,2026-06-22,Lincoln Financial Field,18,27.90666667,1
1348,2026-06-22,Lincoln Financial Field,19,27.73333333,1
1349,2026-06-22,Lincoln Financial Field,20,27.55333333,1
1350,2026-06-22,Lincoln Financial Field,21,27.25333333,1
1351,2026-06-22,Lincoln Financial Field,22,26.83333333,1
1352,2026-06-22,Lincoln Financial Field,23,26.16,1
1353,2026-06-22,Lincoln Financial Field,0,25.33333333,1
1354,2026-06-22,Lincoln Financial Field,1,24.54,1
1355,2026-06-22,Lincoln Financial Field,2,23.65333333,1
1356,2026-06-23,Lincoln Financial Field,16,29.08,1
1357,2026-06-23,Lincoln Financial Field,17,30.15333333,1
1358,2026-06-23,Lincoln Financial Field,18,30.74,1
1359,2026-06-23,Lincoln Financial Field,19,30.86666667,1
1360,2026-06-23,Lincoln Financial Field,20,30.36666667,1
1361,2026-06-23,Lincoln Financial Field,21,29.85333333,1
1362,2026-06-23,Lincoln Financial Field,22,29.5,1
1363,2026-06-23,Lincoln Financial Field,23,28.91333333,1
1364,2026-06-23,Lincoln Financial Field,0,27.60666667,1
1365,2026-06-23,Lincoln Financial Field,1,26.21333333,1
1366,2026-06-23,Lincoln Financial Field,2,25.10666667,1
1367,2026-06-24,Lincoln Financial Field,16,29.37333333,1
1368,2026-06-24,Lincoln Financial Field,17,30.35333333,1
1369,2026-06-24,Lincoln Financial Field,18,30.93333333,1
1370,2026-06-24,Lincoln Financial Field,19,30.66,1
1371,2026-06-24,Lincoln Financial Field,20,29.98,1
1372,2026-06-24,Lincoln Financial Field,21,29.04,1
1373,2026-06-24,Lincoln Financial Field,22,28.3,1
1374,2026-06-24,Lincoln Financial Field,23,27.4,1
1375,2026-06-24,Lincoln Financial Field,0,26.32666667,1
1376,2026-06-24,Lincoln Financial Field,1,25.17333333,1
1377,2026-06-24,Lincoln Financial Field,2,24.18,1
1378,2026-06-25,Lincoln Financial Field,16,32.49333333,1
1379,2026-06-25,Lincoln Financial Field,17,33.21333333,1
1380,2026-06-25,Lincoln Financial Field,18,33.14,1
1381,2026-06-25,Lincoln Financial Field,19,32.57333333,1
1382,2026-06-25,Lincoln Financial Field,20,31.48,1
1383,2026-06-25,Lincoln Financial Field,21,30.72,1
1384,2026-06-25,Lincoln Financial Field,22,30.12666667,1
1385,2026-06-25,Lincoln Financial Field,23,29.65333333,1
1386,2026-06-25,Lincoln Financial Field,0,28.8,1
1387,2026-06-25,Lincoln Financial Field,1,27.75333333,1
1388,2026-06-25,Lincoln Financial Field,2,26.8,1
1389,2026-06-26,Lincoln Financial Field,16,33.58666667,1
1390,2026-06-26,Lincoln Financial Field,17,34.1,1
1391,2026-06-26,Lincoln Financial Field,18,33.8,1
1392,2026-06-26,Lincoln Financial Field,19,32.96,1
1393,2026-06-26,Lincoln Financial Field,20,31.86666667,1
1394,2026-06-26,Lincoln Financial Field,21,31.04,1
1395,2026-06-26,Lincoln Financial Field,22,30.28,1
1396,2026-06-26,Lincoln Financial Field,23,29.58,1
1397,2026-06-26,Lincoln Financial Field,0,28.2,1
1398,2026-06-26,Lincoln Financial Field,1,26.84666667,1
1399,2026-06-26,Lincoln Financial Field,2,25.73333333,1
1400,2026-06-27,Lincoln Financial Field,16,28.72,1
1401,2026-06-27,Lincoln Financial Field,17,30.21333333,1
1402,2026-06-27,Lincoln Financial Field,18,30.58,1
1403,2026-06-27,Lincoln Financial Field,19,30.00666667,1
1404,2026-06-27,Lincoln Financial Field,20,29.1,1
1405,2026-06-27,Lincoln Financial Field,21,28.24666667,1
1406,2026-06-27,Lincoln Financial Field,22,27.92666667,1
1407,2026-06-27,Lincoln Financial Field,23,27.39333333,1
1408,2026-06-27,Lincoln Financial Field,0,26.66666667,1
1409,2026-06-27,Lincoln Financial Field,1,25.77333333,1
1410,2026-06-27,Lincoln Financial Field,2,24.74666667,1
1411,2026-06-11,BC Place,7,12.80666667,18
1412,2026-06-11,BC Place,22,15.24666667,18
1413,2026-06-11,BC Place,23,15.28666667,18
1414,2026-06-11,BC Place,0,15.32,18
1415,2026-06-11,BC Place,1,15.18,18
1416,2026-06-11,BC Place,2,15.02,18
1417,2026-06-11,BC Place,3,14.83333333,18
1418,2026-06-11,BC Place,4,14.45333333,18
1419,2026-06-11,BC Place,5,14.01333333,18
1420,2026-06-11,BC Place,6,13.34666667,18
1421,2026-06-12,BC Place,7,12.7,18
1422,2026-06-12,BC Place,22,16.96,18
1423,2026-06-12,BC Place,23,16.7,18
1424,2026-06-12,BC Place,0,15.88,18
1425,2026-06-12,BC Place,1,15.2,18
1426,2026-06-12,BC Place,2,14.74,18
1427,2026-06-12,BC Place,3,14.31333333,18
1428,2026-06-12,BC Place,4,13.75333333,18
1429,2026-06-12,BC Place,5,13.33333333,18
1430,2026-06-12,BC Place,6,13.01333333,18
1431,2026-06-13,BC Place,7,12.28666667,18
1432,2026-06-13,BC Place,22,15.49333333,18
1433,2026-06-13,BC Place,23,15.26666667,18
1434,2026-06-13,BC Place,0,14.79333333,18
1435,2026-06-13,BC Place,1,14.46,18
1436,2026-06-13,BC Place,2,14.01333333,18
1437,2026-06-13,BC Place,3,13.50666667,18
1438,2026-06-13,BC Place,4,12.62666667,18
1439,2026-06-13,BC Place,5,12.00666667,18
1440,2026-06-13,BC Place,6,12.22666667,18
1441,2026-06-14,BC Place,7,11.03333333,18
1442,2026-06-14,BC Place,22,15.34666667,18
1443,2026-06-14,BC Place,23,15.4,18
1444,2026-06-14,BC Place,0,14.74,18
1445,2026-06-14,BC Place,1,14.18666667,18
1446,2026-06-14,BC Place,2,13.87333333,18
1447,2026-06-14,BC Place,3,13.68,18
1448,2026-06-14,BC Place,4,13.12666667,18
1449,2026-06-14,BC Place,5,12.26666667,18
1450,2026-06-14,BC Place,6,11.54666667,18
1451,2026-06-15,BC Place,7,10.62,18
1452,2026-06-15,BC Place,22,15.3,18
1453,2026-06-15,BC Place,23,15.24,18
1454,2026-06-15,BC Place,0,14.89333333,18
1455,2026-06-15,BC Place,1,14.66,18
1456,2026-06-15,BC Place,2,14.42,18
1457,2026-06-15,BC Place,3,14.16666667,18
1458,2026-06-15,BC Place,4,13.78,18
1459,2026-06-15,BC Place,5,13.34666667,18
1460,2026-06-15,BC Place,6,12.0,18
1461,2026-06-16,BC Place,7,11.96,18
1462,2026-06-16,BC Place,22,16.15333333,18
1463,2026-06-16,BC Place,23,16.05333333,18
1464,2026-06-16,BC Place,0,15.55333333,18
1465,2026-06-16,BC Place,1,14.88666667,18
1466,2026-06-16,BC Place,2,14.6,18
1467,2026-06-16,BC Place,3,14.33333333,18
1468,2026-06-16,BC Place,4,13.80666667,18
1469,2026-06-16,BC Place,5,13.08666667,18
1470,2026-06-16,BC Place,6,12.47333333,18
1471,2026-06-17,BC Place,7,12.06,18
1472,2026-06-17,BC Place,22,16.46666667,18
1473,2026-06-17,BC Place,23,16.40666667,18
1474,2026-06-17,BC Place,0,16.04,18
1475,2026-06-17,BC Place,1,15.67333333,18
1476,2026-06-17,BC Place,2,15.20666667,18
1477,2026-06-17,BC Place,3,14.72,18
1478,2026-06-17,BC Place,4,14.03333333,18
1479,2026-06-17,BC Place,5,13.30666667,18
1480,2026-06-17,BC Place,6,12.64666667,18
1481,2026-06-18,BC Place,7,11.82,18
1482,2026-06-18,BC Place,22,16.07333333,18
1483,2026-06-18,BC Place,23,15.70666667,18
1484,2026-06-18,BC Place,0,15.12,18
1485,2026-06-18,BC Place,1,14.59333333,18
1486,2026-06-18,BC Place,2,14.11333333,18
1487,2026-06-18,BC Place,3,13.84,18
1488,2026-06-18,BC Place,4,13.43333333,18
1489,2026-06-18,BC Place,5,12.82666667,18
1490,2026-06-18,BC Place,6,12.28666667,18
1491,2026-06-19,BC Place,7,11.43333333,18
1492,2026-06-19,BC Place,22,16.53333333,18
1493,2026-06-19,BC Place,23,16.10666667,18
1494,2026-06-19,BC Place,0,15.59333333,18
1495,2026-06-19,BC Place,1,15.20666667,18
1496,2026-06-19,BC Place,2,14.88,18
1497,2026-06-19,BC Place,3,14.37333333,18
1498,2026-06-19,BC Place,4,13.70666667,18
1499,2026-06-19,BC Place,5,13.06666667,18
1500,2026-06-19,BC Place,6,12.22,18
1501,2026-06-20,BC Place,7,12.86,18
1502,2026-06-20,BC Place,22,17.87333333,18
1503,2026-06-20,BC Place,23,18.01333333,18
1504,2026-06-20,BC Place,0,17.89333333,18
1505,2026-06-20,BC Place,1,17.62,18
1506,2026-06-20,BC Place,2,17.17333333,18
1507,2026-06-20,BC Place,3,16.75333333,18
1508,2026-06-20,BC Place,4,16.16666667,18
1509,2026-06-20,BC Place,5,15.49333333,18
1510,2026-06-20,BC Place,6,14.12,18
1511,2026-06-21,BC Place,7,14.52,18
1512,2026-06-21,BC Place,22,19.61333333,18
1513,2026-06-21,BC Place,23,19.64,18
1514,2026-06-21,BC Place,0,19.38,18
1515,2026-06-21,BC Place,1,18.94,18
1516,2026-06-21,BC Place,2,18.58,18
1517,2026-06-21,BC Place,3,18.08666667,18
1518,2026-06-21,BC Place,4,17.30666667,18
1519,2026-06-21,BC Place,5,16.53333333,18
1520,2026-06-21,BC Place,6,15.56,18
1521,2026-06-22,BC Place,7,14.87333333,18
1522,2026-06-22,BC Place,22,19.79333333,18
1523,2026-06-22,BC Place,23,19.67333333,18
1524,2026-06-22,BC Place,0,18.90666667,18
1525,2026-06-22,BC Place,1,18.27333333,18
1526,2026-06-22,BC Place,2,17.69333333,18
1527,2026-06-22,BC Place,3,17.31333333,18
1528,2026-06-22,BC Place,4,16.50666667,18
1529,2026-06-22,BC Place,5,15.56,18
1530,2026-06-22,BC Place,6,15.14,18
1531,2026-06-23,BC Place,7,14.09333333,18
1532,2026-06-23,BC Place,22,18.36666667,18
1533,2026-06-23,BC Place,23,18.2,18
1534,2026-06-23,BC Place,0,17.64666667,18
1535,2026-06-23,BC Place,1,17.3,18
1536,2026-06-23,BC Place,2,17.12666667,18
1537,2026-06-23,BC Place,3,16.92,18
1538,2026-06-23,BC Place,4,16.28666667,18
1539,2026-06-23,BC Place,5,15.46666667,18
1540,2026-06-23,BC Place,6,14.66666667,18
1541,2026-06-24,BC Place,7,14.54,18
1542,2026-06-24,BC Place,22,20.76666667,18
1543,2026-06-24,BC Place,23,20.16666667,18
1544,2026-06-24,BC Place,0,19.33333333,18
1545,2026-06-24,BC Place,1,18.54,18
1546,2026-06-24,BC Place,2,18.27333333,18
1547,2026-06-24,BC Place,3,18.01333333,18
1548,2026-06-24,BC Place,4,17.62,18
1549,2026-06-24,BC Place,5,17.08,18
1550,2026-06-24,BC Place,6,15.82666667,18
1551,2026-06-25,BC Place,7,16.10666667,18
1552,2026-06-25,BC Place,22,21.96666667,18
1553,2026-06-25,BC Place,23,21.99333333,18
1554,2026-06-25,BC Place,0,21.54,18
1555,2026-06-25,BC Place,1,20.90666667,18
1556,2026-06-25,BC Place,2,20.32,18
1557,2026-06-25,BC Place,3,19.89333333,18
1558,2026-06-25,BC Place,4,19.32666667,18
1559,2026-06-25,BC Place,5,18.56666667,18
1560,2026-06-25,BC Place,6,17.32,18
1561,2026-06-26,BC Place,7,17.30666667,18
1562,2026-06-26,BC Place,22,22.38666667,18
1563,2026-06-26,BC Place,23,22.48,18
1564,2026-06-26,BC Place,0,22.22,18
1565,2026-06-26,BC Place,1,21.74666667,18
1566,2026-06-26,BC Place,2,21.24666667,18
1567,2026-06-26,BC Place,3,20.68,18
1568,2026-06-26,BC Place,4,19.90666667,18
1569,2026-06-26,BC Place,5,19.03333333,18
1570,2026-06-26,BC Place,6,18.10666667,18
1571,2026-06-27,BC Place,7,18.08666667,18
1572,2026-06-27,BC Place,22,23.92666667,18
1573,2026-06-27,BC Place,23,23.85333333,18
1574,2026-06-27,BC Place,0,23.3,18
1575,2026-06-27,BC Place,1,22.49333333,18
1576,2026-06-27,BC Place,2,21.56,18
1577,2026-06-27,BC Place,3,20.67333333,18
1578,2026-06-27,BC Place,4,20.0,18
1579,2026-06-27,BC Place,5,19.43333333,18
1580,2026-06-27,BC Place,6,18.74666667,18
1581,2026-06-11,AT&T Stadium,18,33.8,193
1582,2026-06-11,AT&T Stadium,19,34.11333333,193
1583,2026-06-11,AT&T Stadium,20,34.20666667,193
1584,2026-06-11,AT&T Stadium,21,33.98666667,193
1585,2026-06-11,AT&T Stadium,22,32.92,193
1586,2026-06-11,AT&T Stadium,23,32.09333333,193
1587,2026-06-11,AT&T Stadium,0,30.91333333,193
1588,2026-06-11,AT&T Stadium,1,30.07333333,193
1589,2026-06-11,AT&T Stadium,2,29.04,193
1590,2026-06-11,AT&T Stadium,3,28.51333333,193
1591,2026-06-11,AT&T Stadium,4,28.43333333,193
1592,2026-06-12,AT&T Stadium,18,34.28666667,193
1593,2026-06-12,AT&T Stadium,19,35.62666667,193
1594,2026-06-12,AT&T Stadium,20,35.94666667,193
1595,2026-06-12,AT&T Stadium,21,35.85333333,193
1596,2026-06-12,AT&T Stadium,22,35.22,193
1597,2026-06-12,AT&T Stadium,23,34.26666667,193
1598,2026-06-12,AT&T Stadium,0,33.12666667,193
1599,2026-06-12,AT&T Stadium,1,31.66,193
1600,2026-06-12,AT&T Stadium,2,30.34666667,193
1601,2026-06-12,AT&T Stadium,3,29.31333333,193
1602,2026-06-12,AT&T Stadium,4,28.55333333,193
1603,2026-06-13,AT&T Stadium,18,35.65333333,193
1604,2026-06-13,AT&T Stadium,19,36.40666667,193
1605,2026-06-13,AT&T Stadium,20,36.76,193
1606,2026-06-13,AT&T Stadium,21,36.59333333,193
1607,2026-06-13,AT&T Stadium,22,35.90666667,193
1608,2026-06-13,AT&T Stadium,23,35.02,193
1609,2026-06-13,AT&T Stadium,0,34.08,193
1610,2026-06-13,AT&T Stadium,1,32.90666667,193
1611,2026-06-13,AT&T Stadium,2,31.7,193
1612,2026-06-13,AT&T Stadium,3,30.48666667,193
1613,2026-06-13,AT&T Stadium,4,29.41333333,193
1614,2026-06-14,AT&T Stadium,18,34.73333333,193
1615,2026-06-14,AT&T Stadium,19,35.20666667,193
1616,2026-06-14,AT&T Stadium,20,35.02666667,193
1617,2026-06-14,AT&T Stadium,21,34.8,193
1618,2026-06-14,AT&T Stadium,22,34.5,193
1619,2026-06-14,AT&T Stadium,23,34.28,193
1620,2026-06-14,AT&T Stadium,0,33.08,193
1621,2026-06-14,AT&T Stadium,1,31.62666667,193
1622,2026-06-14,AT&T Stadium,2,30.47333333,193
1623,2026-06-14,AT&T Stadium,3,29.64666667,193
1624,2026-06-14,AT&T Stadium,4,29.24,193
1625,2026-06-15,AT&T Stadium,18,35.29333333,193
1626,2026-06-15,AT&T Stadium,19,36.02666667,193
1627,2026-06-15,AT&T Stadium,20,36.36666667,193
1628,2026-06-15,AT&T Stadium,21,36.11333333,193
1629,2026-06-15,AT&T Stadium,22,34.86666667,193
1630,2026-06-15,AT&T Stadium,23,34.14666667,193
1631,2026-06-15,AT&T Stadium,0,32.60666667,193
1632,2026-06-15,AT&T Stadium,1,31.61333333,193
1633,2026-06-15,AT&T Stadium,2,30.02,193
1634,2026-06-15,AT&T Stadium,3,29.45333333,193
1635,2026-06-15,AT&T Stadium,4,28.95333333,193
1636,2026-06-16,AT&T Stadium,18,37.11333333,193
1637,2026-06-16,AT&T Stadium,19,38.23333333,193
1638,2026-06-16,AT&T Stadium,20,38.66,193
1639,2026-06-16,AT&T Stadium,21,38.54,193
1640,2026-06-16,AT&T Stadium,22,37.48,193
1641,2026-06-16,AT&T Stadium,23,36.32,193
1642,2026-06-16,AT&T Stadium,0,34.86666667,193
1643,2026-06-16,AT&T Stadium,1,33.59333333,193
1644,2026-06-16,AT&T Stadium,2,32.24,193
1645,2026-06-16,AT&T Stadium,3,31.14666667,193
1646,2026-06-16,AT&T Stadium,4,30.16,193
1647,2026-06-17,AT&T Stadium,18,36.61333333,193
1648,2026-06-17,AT&T Stadium,19,36.72,193
1649,2026-06-17,AT&T Stadium,20,36.44,193
1650,2026-06-17,AT&T Stadium,21,35.70666667,193
1651,2026-06-17,AT&T Stadium,22,34.96,193
1652,2026-06-17,AT&T Stadium,23,34.14,193
1653,2026-06-17,AT&T Stadium,0,33.45333333,193
1654,2026-06-17,AT&T Stadium,1,32.64,193
1655,2026-06-17,AT&T Stadium,2,31.8,193
1656,2026-06-17,AT&T Stadium,3,30.86666667,193
1657,2026-06-17,AT&T Stadium,4,30.12666667,193
1658,2026-06-18,AT&T Stadium,18,34.98666667,193
1659,2026-06-18,AT&T Stadium,19,36.1,193
1660,2026-06-18,AT&T Stadium,20,36.62,193
1661,2026-06-18,AT&T Stadium,21,36.45333333,193
1662,2026-06-18,AT&T Stadium,22,35.7,193
1663,2026-06-18,AT&T Stadium,23,34.81333333,193
1664,2026-06-18,AT&T Stadium,0,34.16,193
1665,2026-06-18,AT&T Stadium,1,33.18,193
1666,2026-06-18,AT&T Stadium,2,32.28,193
1667,2026-06-18,AT&T Stadium,3,31.12666667,193
1668,2026-06-18,AT&T Stadium,4,30.24,193
1669,2026-06-19,AT&T Stadium,18,36.50666667,193
1670,2026-06-19,AT&T Stadium,19,37.12666667,193
1671,2026-06-19,AT&T Stadium,20,37.24,193
1672,2026-06-19,AT&T Stadium,21,36.98666667,193
1673,2026-06-19,AT&T Stadium,22,36.2,193
1674,2026-06-19,AT&T Stadium,23,34.90666667,193
1675,2026-06-19,AT&T Stadium,0,33.78666667,193
1676,2026-06-19,AT&T Stadium,1,32.9,193
1677,2026-06-19,AT&T Stadium,2,32.59333333,193
1678,2026-06-19,AT&T Stadium,3,31.98666667,193
1679,2026-06-19,AT&T Stadium,4,30.78,193
1680,2026-06-20,AT&T Stadium,18,37.07333333,193
1681,2026-06-20,AT&T Stadium,19,37.7,193
1682,2026-06-20,AT&T Stadium,20,37.93333333,193
1683,2026-06-20,AT&T Stadium,21,37.8,193
1684,2026-06-20,AT&T Stadium,22,37.24,193
1685,2026-06-20,AT&T Stadium,23,36.53333333,193
1686,2026-06-20,AT&T Stadium,0,35.78,193
1687,2026-06-20,AT&T Stadium,1,35.07333333,193
1688,2026-06-20,AT&T Stadium,2,34.26,193
1689,2026-06-20,AT&T Stadium,3,33.35333333,193
1690,2026-06-20,AT&T Stadium,4,31.72,193
1691,2026-06-21,AT&T Stadium,18,36.44,193
1692,2026-06-21,AT&T Stadium,19,36.58,193
1693,2026-06-21,AT&T Stadium,20,36.88666667,193
1694,2026-06-21,AT&T Stadium,21,36.68,193
1695,2026-06-21,AT&T Stadium,22,36.06666667,193
1696,2026-06-21,AT&T Stadium,23,34.59333333,193
1697,2026-06-21,AT&T Stadium,0,33.10666667,193
1698,2026-06-21,AT&T Stadium,1,31.64,193
1699,2026-06-21,AT&T Stadium,2,30.90666667,193
1700,2026-06-21,AT&T Stadium,3,30.14,193
1701,2026-06-21,AT&T Stadium,4,30.5,193
1702,2026-06-22,AT&T Stadium,18,34.98,193
1703,2026-06-22,AT&T Stadium,19,35.52666667,193
1704,2026-06-22,AT&T Stadium,20,35.82666667,193
1705,2026-06-22,AT&T Stadium,21,35.56,193
1706,2026-06-22,AT&T Stadium,22,35.02666667,193
1707,2026-06-22,AT&T Stadium,23,34.18666667,193
1708,2026-06-22,AT&T Stadium,0,33.34666667,193
1709,2026-06-22,AT&T Stadium,1,32.29333333,193
1710,2026-06-22,AT&T Stadium,2,31.37333333,193
1711,2026-06-22,AT&T Stadium,3,30.64666667,193
1712,2026-06-22,AT&T Stadium,4,29.94666667,193
1713,2026-06-23,AT&T Stadium,18,36.72,193
1714,2026-06-23,AT&T Stadium,19,37.60666667,193
1715,2026-06-23,AT&T Stadium,20,37.94666667,193
1716,2026-06-23,AT&T Stadium,21,37.62,193
1717,2026-06-23,AT&T Stadium,22,36.9,193
1718,2026-06-23,AT&T Stadium,23,35.90666667,193
1719,2026-06-23,AT&T Stadium,0,35.18666667,193
1720,2026-06-23,AT&T Stadium,1,34.21333333,193
1721,2026-06-23,AT&T Stadium,2,33.31333333,193
1722,2026-06-23,AT&T Stadium,3,32.34666667,193
1723,2026-06-23,AT&T Stadium,4,31.3,193
1724,2026-06-24,AT&T Stadium,18,37.72666667,193
1725,2026-06-24,AT&T Stadium,19,38.39333333,193
1726,2026-06-24,AT&T Stadium,20,38.56666667,193
1727,2026-06-24,AT&T Stadium,21,38.22,193
1728,2026-06-24,AT&T Stadium,22,37.47333333,193
1729,2026-06-24,AT&T Stadium,23,36.73333333,193
1730,2026-06-24,AT&T Stadium,0,35.86666667,193
1731,2026-06-24,AT&T Stadium,1,34.84666667,193
1732,2026-06-24,AT&T Stadium,2,33.56,193
1733,2026-06-24,AT&T Stadium,3,32.48,193
1734,2026-06-24,AT&T Stadium,4,31.71333333,193
1735,2026-06-25,AT&T Stadium,18,38.33333333,193
1736,2026-06-25,AT&T Stadium,19,39.01333333,193
1737,2026-06-25,AT&T Stadium,20,39.10666667,193
1738,2026-06-25,AT&T Stadium,21,38.66666667,193
1739,2026-06-25,AT&T Stadium,22,37.78,193
1740,2026-06-25,AT&T Stadium,23,36.74,193
1741,2026-06-25,AT&T Stadium,0,35.84666667,193
1742,2026-06-25,AT&T Stadium,1,34.76,193
1743,2026-06-25,AT&T Stadium,2,33.58,193
1744,2026-06-25,AT&T Stadium,3,32.42,193
1745,2026-06-25,AT&T Stadium,4,31.74666667,193
1746,2026-06-26,AT&T Stadium,18,38.46666667,193
1747,2026-06-26,AT&T Stadium,19,39.33333333,193
1748,2026-06-26,AT&T Stadium,20,39.54,193
1749,2026-06-26,AT&T Stadium,21,39.17333333,193
1750,2026-06-26,AT&T Stadium,22,38.17333333,193
1751,2026-06-26,AT&T Stadium,23,37.27333333,193
1752,2026-06-26,AT&T Stadium,0,36.1,193
1753,2026-06-26,AT&T Stadium,1,35.14,193
1754,2026-06-26,AT&T Stadium,2,33.86,193
1755,2026-06-26,AT&T Stadium,3,32.98,193
1756,2026-06-26,AT&T Stadium,4,32.11333333,193
1757,2026-06-27,AT&T Stadium,18,37.44666667,193
1758,2026-06-27,AT&T Stadium,19,38.30666667,193
1759,2026-06-27,AT&T Stadium,20,38.38666667,193
1760,2026-06-27,AT&T Stadium,21,37.71333333,193
1761,2026-06-27,AT&T Stadium,22,36.66,193
1762,2026-06-27,AT&T Stadium,23,35.79333333,193
1763,2026-06-27,AT&T Stadium,0,35.1,193
1764,2026-06-27,AT&T Stadium,1,34.00666667,193
1765,2026-06-27,AT&T Stadium,2,32.82666667,193
1766,2026-06-27,AT&T Stadium,3,31.68,193
1767,2026-06-27,AT&T Stadium,4,31.3,193
1768,2026-06-11,Estadio BBVA,6,30.08,494
1769,2026-06-11,Estadio BBVA,2,32.54,494
1770,2026-06-11,Estadio BBVA,3,31.67333333,494
1771,2026-06-11,Estadio BBVA,4,30.80666667,494
1772,2026-06-11,Estadio BBVA,5,30.32,494
1773,2026-06-12,Estadio BBVA,6,29.19333333,494
1774,2026-06-12,Estadio BBVA,2,32.8,494
1775,2026-06-12,Estadio BBVA,3,31.78,494
1776,2026-06-12,Estadio BBVA,4,30.76,494
1777,2026-06-12,Estadio BBVA,5,29.88,494
1778,2026-06-13,Estadio BBVA,6,28.98666667,494
1779,2026-06-13,Estadio BBVA,2,32.08,494
1780,2026-06-13,Estadio BBVA,3,31.04,494
1781,2026-06-13,Estadio BBVA,4,30.24,494
1782,2026-06-13,Estadio BBVA,5,29.55333333,494
1783,2026-06-14,Estadio BBVA,6,28.91333333,494
1784,2026-06-14,Estadio BBVA,2,31.48666667,494
1785,2026-06-14,Estadio BBVA,3,30.74666667,494
1786,2026-06-14,Estadio BBVA,4,30.07333333,494
1787,2026-06-14,Estadio BBVA,5,29.53333333,494
1788,2026-06-15,Estadio BBVA,6,28.81333333,494
1789,2026-06-15,Estadio BBVA,2,31.18,494
1790,2026-06-15,Estadio BBVA,3,30.46,494
1791,2026-06-15,Estadio BBVA,4,29.8,494
1792,2026-06-15,Estadio BBVA,5,29.22666667,494
1793,2026-06-16,Estadio BBVA,6,28.08666667,494
1794,2026-06-16,Estadio BBVA,2,30.22,494
1795,2026-06-16,Estadio BBVA,3,29.15333333,494
1796,2026-06-16,Estadio BBVA,4,28.52666667,494
1797,2026-06-16,Estadio BBVA,5,28.22,494
1798,2026-06-17,Estadio BBVA,6,27.90666667,494
1799,2026-06-17,Estadio BBVA,2,30.92,494
1800,2026-06-17,Estadio BBVA,3,29.93333333,494
1801,2026-06-17,Estadio BBVA,4,29.11333333,494
1802,2026-06-17,Estadio BBVA,5,28.43333333,494
1803,2026-06-18,Estadio BBVA,6,28.13333333,494
1804,2026-06-18,Estadio BBVA,2,31.02,494
1805,2026-06-18,Estadio BBVA,3,30.18,494
1806,2026-06-18,Estadio BBVA,4,29.43333333,494
1807,2026-06-18,Estadio BBVA,5,28.70666667,494
1808,2026-06-19,Estadio BBVA,6,27.93333333,494
1809,2026-06-19,Estadio BBVA,2,29.51333333,494
1810,2026-06-19,Estadio BBVA,3,28.83333333,494
1811,2026-06-19,Estadio BBVA,4,28.42,494
1812,2026-06-19,Estadio BBVA,5,28.17333333,494
1813,2026-06-20,Estadio BBVA,6,27.84666667,494
1814,2026-06-20,Estadio BBVA,2,29.90666667,494
1815,2026-06-20,Estadio BBVA,3,29.49333333,494
1816,2026-06-20,Estadio BBVA,4,29.08666667,494
1817,2026-06-20,Estadio BBVA,5,28.54,494
1818,2026-06-21,Estadio BBVA,6,27.82666667,494
1819,2026-06-21,Estadio BBVA,2,30.25333333,494
1820,2026-06-21,Estadio BBVA,3,29.62666667,494
1821,2026-06-21,Estadio BBVA,4,28.80666667,494
1822,2026-06-21,Estadio BBVA,5,28.22,494
1823,2026-06-22,Estadio BBVA,6,27.6,494
1824,2026-06-22,Estadio BBVA,2,29.62,494
1825,2026-06-22,Estadio BBVA,3,28.99333333,494
1826,2026-06-22,Estadio BBVA,4,28.44,494
1827,2026-06-22,Estadio BBVA,5,27.96,494
1828,2026-06-23,Estadio BBVA,6,27.48666667,494
1829,2026-06-23,Estadio BBVA,2,29.55333333,494
1830,2026-06-23,Estadio BBVA,3,28.81333333,494
1831,2026-06-23,Estadio BBVA,4,28.07333333,494
1832,2026-06-23,Estadio BBVA,5,27.72,494
1833,2026-06-24,Estadio BBVA,6,27.28,494
1834,2026-06-24,Estadio BBVA,2,30.59333333,494
1835,2026-06-24,Estadio BBVA,3,29.52666667,494
1836,2026-06-24,Estadio BBVA,4,28.81333333,494
1837,2026-06-24,Estadio BBVA,5,27.99333333,494
1838,2026-06-25,Estadio BBVA,6,27.97333333,494
1839,2026-06-25,Estadio BBVA,2,31.03333333,494
1840,2026-06-25,Estadio BBVA,3,29.90666667,494
1841,2026-06-25,Estadio BBVA,4,29.10666667,494
1842,2026-06-25,Estadio BBVA,5,28.42,494
1843,2026-06-26,Estadio BBVA,6,27.85333333,494
1844,2026-06-26,Estadio BBVA,2,30.0,494
1845,2026-06-26,Estadio BBVA,3,29.12666667,494
1846,2026-06-26,Estadio BBVA,4,28.38666667,494
1847,2026-06-26,Estadio BBVA,5,28.08666667,494
1848,2026-06-27,Estadio BBVA,6,27.57333333,494
1849,2026-06-27,Estadio BBVA,2,29.60666667,494
1850,2026-06-27,Estadio BBVA,3,28.7,494
1851,2026-06-27,Estadio BBVA,4,28.24666667,494
1852,2026-06-27,Estadio BBVA,5,27.9,494
1853,2026-06-11,Lumen Field,7,12.82666667,10
1854,2026-06-11,Lumen Field,22,17.93333333,10
1855,2026-06-11,Lumen Field,23,18.09333333,10
1856,2026-06-11,Lumen Field,0,17.50666667,10
1857,2026-06-11,Lumen Field,1,16.54,10
1858,2026-06-11,Lumen Field,2,15.46666667,10
1859,2026-06-11,Lumen Field,3,14.36666667,10
1860,2026-06-11,Lumen Field,4,13.36,10
1861,2026-06-11,Lumen Field,5,12.54666667,10
1862,2026-06-11,Lumen Field,6,12.62,10
1863,2026-06-12,Lumen Field,7,11.96,10
1864,2026-06-12,Lumen Field,22,18.38,10
1865,2026-06-12,Lumen Field,23,18.64666667,10
1866,2026-06-12,Lumen Field,0,18.28,10
1867,2026-06-12,Lumen Field,1,17.74666667,10
1868,2026-06-12,Lumen Field,2,16.96,10
1869,2026-06-12,Lumen Field,3,15.88,10
1870,2026-06-12,Lumen Field,4,14.59333333,10
1871,2026-06-12,Lumen Field,5,13.42,10
1872,2026-06-12,Lumen Field,6,12.58666667,10
1873,2026-06-13,Lumen Field,7,11.78666667,10
1874,2026-06-13,Lumen Field,22,16.8,10
1875,2026-06-13,Lumen Field,23,16.51333333,10
1876,2026-06-13,Lumen Field,0,15.92666667,10
1877,2026-06-13,Lumen Field,1,15.22666667,10
1878,2026-06-13,Lumen Field,2,14.67333333,10
1879,2026-06-13,Lumen Field,3,13.82666667,10
1880,2026-06-13,Lumen Field,4,12.92666667,10
1881,2026-06-13,Lumen Field,5,11.99333333,10
1882,2026-06-13,Lumen Field,6,11.77333333,10
1883,2026-06-14,Lumen Field,7,10.88,10
1884,2026-06-14,Lumen Field,22,16.52,10
1885,2026-06-14,Lumen Field,23,16.46,10
1886,2026-06-14,Lumen Field,0,16.02,10
1887,2026-06-14,Lumen Field,1,15.53333333,10
1888,2026-06-14,Lumen Field,2,15.17333333,10
1889,2026-06-14,Lumen Field,3,14.52666667,10
1890,2026-06-14,Lumen Field,4,13.64666667,10
1891,2026-06-14,Lumen Field,5,12.68666667,10
1892,2026-06-14,Lumen Field,6,11.73333333,10
1893,2026-06-15,Lumen Field,7,11.06666667,10
1894,2026-06-15,Lumen Field,22,16.20666667,10
1895,2026-06-15,Lumen Field,23,15.98666667,10
1896,2026-06-15,Lumen Field,0,15.56,10
1897,2026-06-15,Lumen Field,1,15.40666667,10
1898,2026-06-15,Lumen Field,2,15.1,10
1899,2026-06-15,Lumen Field,3,14.27333333,10
1900,2026-06-15,Lumen Field,4,13.25333333,10
1901,2026-06-15,Lumen Field,5,12.0,10
1902,2026-06-15,Lumen Field,6,11.47333333,10
1903,2026-06-16,Lumen Field,7,11.46,10
1904,2026-06-16,Lumen Field,22,18.11333333,10
1905,2026-06-16,Lumen Field,23,17.84,10
1906,2026-06-16,Lumen Field,0,17.18666667,10
1907,2026-06-16,Lumen Field,1,16.38666667,10
1908,2026-06-16,Lumen Field,2,15.59333333,10
1909,2026-06-16,Lumen Field,3,14.66,10
1910,2026-06-16,Lumen Field,4,13.79333333,10
1911,2026-06-16,Lumen Field,5,12.94,10
1912,2026-06-16,Lumen Field,6,12.08666667,10
1913,2026-06-17,Lumen Field,7,11.71333333,10
1914,2026-06-17,Lumen Field,22,17.69333333,10
1915,2026-06-17,Lumen Field,23,17.20666667,10
1916,2026-06-17,Lumen Field,0,16.46666667,10
1917,2026-06-17,Lumen Field,1,15.56,10
1918,2026-06-17,Lumen Field,2,14.88,10
1919,2026-06-17,Lumen Field,3,14.04,10
1920,2026-06-17,Lumen Field,4,13.20666667,10
1921,2026-06-17,Lumen Field,5,12.45333333,10
1922,2026-06-17,Lumen Field,6,12.02,10
1923,2026-06-18,Lumen Field,7,11.14,10
1924,2026-06-18,Lumen Field,22,16.02666667,10
1925,2026-06-18,Lumen Field,23,16.06666667,10
1926,2026-06-18,Lumen Field,0,15.81333333,10
1927,2026-06-18,Lumen Field,1,15.18,10
1928,2026-06-18,Lumen Field,2,14.34666667,10
1929,2026-06-18,Lumen Field,3,13.42666667,10
1930,2026-06-18,Lumen Field,4,12.51333333,10
1931,2026-06-18,Lumen Field,5,11.69333333,10
1932,2026-06-18,Lumen Field,6,11.35333333,10
1933,2026-06-19,Lumen Field,7,11.11333333,10
1934,2026-06-19,Lumen Field,22,18.47333333,10
1935,2026-06-19,Lumen Field,23,18.16666667,10
1936,2026-06-19,Lumen Field,0,17.84666667,10
1937,2026-06-19,Lumen Field,1,17.3,10
1938,2026-06-19,Lumen Field,2,16.63333333,10
1939,2026-06-19,Lumen Field,3,15.76666667,10
1940,2026-06-19,Lumen Field,4,14.74,10
1941,2026-06-19,Lumen Field,5,13.70666667,10
1942,2026-06-19,Lumen Field,6,12.3,10
1943,2026-06-20,Lumen Field,7,12.71333333,10
1944,2026-06-20,Lumen Field,22,18.27333333,10
1945,2026-06-20,Lumen Field,23,18.19333333,10
1946,2026-06-20,Lumen Field,0,17.70666667,10
1947,2026-06-20,Lumen Field,1,17.30666667,10
1948,2026-06-20,Lumen Field,2,16.78666667,10
1949,2026-06-20,Lumen Field,3,16.18666667,10
1950,2026-06-20,Lumen Field,4,15.32,10
1951,2026-06-20,Lumen Field,5,14.39333333,10
1952,2026-06-20,Lumen Field,6,13.44666667,10
1953,2026-06-21,Lumen Field,7,13.30666667,10
1954,2026-06-21,Lumen Field,22,22.32,10
1955,2026-06-21,Lumen Field,23,22.34,10
1956,2026-06-21,Lumen Field,0,21.76,10
1957,2026-06-21,Lumen Field,1,21.10666667,10
1958,2026-06-21,Lumen Field,2,20.09333333,10
1959,2026-06-21,Lumen Field,3,18.65333333,10
1960,2026-06-21,Lumen Field,4,16.96,10
1961,2026-06-21,Lumen Field,5,15.68,10
1962,2026-06-21,Lumen Field,6,14.51333333,10
1963,2026-06-22,Lumen Field,7,14.52666667,10
1964,2026-06-22,Lumen Field,22,21.12666667,10
1965,2026-06-22,Lumen Field,23,21.43333333,10
1966,2026-06-22,Lumen Field,0,21.24666667,10
1967,2026-06-22,Lumen Field,1,20.59333333,10
1968,2026-06-22,Lumen Field,2,19.53333333,10
1969,2026-06-22,Lumen Field,3,17.89333333,10
1970,2026-06-22,Lumen Field,4,16.36666667,10
1971,2026-06-22,Lumen Field,5,15.36,10
1972,2026-06-22,Lumen Field,6,14.89333333,10
1973,2026-06-23,Lumen Field,7,14.04,10
1974,2026-06-23,Lumen Field,22,21.58,10
1975,2026-06-23,Lumen Field,23,21.46666667,10
1976,2026-06-23,Lumen Field,0,20.84,10
1977,2026-06-23,Lumen Field,1,19.90666667,10
1978,2026-06-23,Lumen Field,2,19.03333333,10
1979,2026-06-23,Lumen Field,3,17.84666667,10
1980,2026-06-23,Lumen Field,4,16.58666667,10
1981,2026-06-23,Lumen Field,5,15.34,10
1982,2026-06-23,Lumen Field,6,14.69333333,10
1983,2026-06-24,Lumen Field,7,13.41333333,10
1984,2026-06-24,Lumen Field,22,21.73333333,10
1985,2026-06-24,Lumen Field,23,21.46666667,10
1986,2026-06-24,Lumen Field,0,20.93333333,10
1987,2026-06-24,Lumen Field,1,20.24,10
1988,2026-06-24,Lumen Field,2,19.13333333,10
1989,2026-06-24,Lumen Field,3,17.62666667,10
1990,2026-06-24,Lumen Field,4,15.99333333,10
1991,2026-06-24,Lumen Field,5,14.80666667,10
1992,2026-06-24,Lumen Field,6,13.96666667,10
1993,2026-06-25,Lumen Field,7,14.82,10
1994,2026-06-25,Lumen Field,22,23.29333333,10
1995,2026-06-25,Lumen Field,23,23.31333333,10
1996,2026-06-25,Lumen Field,0,22.98,10
1997,2026-06-25,Lumen Field,1,22.53333333,10
1998,2026-06-25,Lumen Field,2,21.62,10
1999,2026-06-25,Lumen Field,3,20.41333333,10
2000,2026-06-25,Lumen Field,4,19.02,10
2001,2026-06-25,Lumen Field,5,17.70666667,10
2002,2026-06-25,Lumen Field,6,16.10666667,10
2003,2026-06-26,Lumen Field,7,16.03333333,10
2004,2026-06-26,Lumen Field,22,24.05333333,10
2005,2026-06-26,Lumen Field,23,23.9,10
2006,2026-06-26,Lumen Field,0,23.34666667,10
2007,2026-06-26,Lumen Field,1,22.55333333,10
2008,2026-06-26,Lumen Field,2,21.58,10
2009,2026-06-26,Lumen Field,3,20.32666667,10
2010,2026-06-26,Lumen Field,4,19.0,10
2011,2026-06-26,Lumen Field,5,17.84666667,10
2012,2026-06-26,Lumen Field,6,16.85333333,10
2013,2026-06-27,Lumen Field,7,16.49333333,10
2014,2026-06-27,Lumen Field,22,25.08666667,10
2015,2026-06-27,Lumen Field,23,25.24,10
2016,2026-06-27,Lumen Field,0,24.83333333,10
2017,2026-06-27,Lumen Field,1,24.12666667,10
2018,2026-06-27,Lumen Field,2,23.02666667,10
2019,2026-06-27,Lumen Field,3,21.75333333,10
2020,2026-06-27,Lumen Field,4,20.20666667,10
2021,2026-06-27,Lumen Field,5,18.80666667,10
2022,2026-06-27,Lumen Field,6,17.55333333,10
2023,2026-06-11,Mercedes-Benz Stadium,16,28.98,316
2024,2026-06-11,Mercedes-Benz Stadium,17,30.3,316
2025,2026-06-11,Mercedes-Benz Stadium,18,31.03333333,316
2026,2026-06-11,Mercedes-Benz Stadium,19,31.3,316
2027,2026-06-11,Mercedes-Benz Stadium,20,30.55333333,316
2028,2026-06-11,Mercedes-Benz Stadium,21,29.84666667,316
2029,2026-06-11,Mercedes-Benz Stadium,22,28.93333333,316
2030,2026-06-11,Mercedes-Benz Stadium,23,28.5,316
2031,2026-06-11,Mercedes-Benz Stadium,0,27.49333333,316
2032,2026-06-11,Mercedes-Benz Stadium,1,26.31333333,316
2033,2026-06-11,Mercedes-Benz Stadium,2,25.02,316
2034,2026-06-12,Mercedes-Benz Stadium,16,30.56,316
2035,2026-06-12,Mercedes-Benz Stadium,17,31.11333333,316
2036,2026-06-12,Mercedes-Benz Stadium,18,31.23333333,316
2037,2026-06-12,Mercedes-Benz Stadium,19,31.23333333,316
2038,2026-06-12,Mercedes-Benz Stadium,20,31.47333333,316
2039,2026-06-12,Mercedes-Benz Stadium,21,31.39333333,316
2040,2026-06-12,Mercedes-Benz Stadium,22,30.92,316
2041,2026-06-12,Mercedes-Benz Stadium,23,30.00666667,316
2042,2026-06-12,Mercedes-Benz Stadium,0,28.9,316
2043,2026-06-12,Mercedes-Benz Stadium,1,27.56666667,316
2044,2026-06-12,Mercedes-Benz Stadium,2,26.46,316
2045,2026-06-13,Mercedes-Benz Stadium,16,29.79333333,316
2046,2026-06-13,Mercedes-Benz Stadium,17,31.27333333,316
2047,2026-06-13,Mercedes-Benz Stadium,18,31.98,316
2048,2026-06-13,Mercedes-Benz Stadium,19,32.30666667,316
2049,2026-06-13,Mercedes-Benz Stadium,20,31.99333333,316
2050,2026-06-13,Mercedes-Benz Stadium,21,31.71333333,316
2051,2026-06-13,Mercedes-Benz Stadium,22,31.00666667,316
2052,2026-06-13,Mercedes-Benz Stadium,23,30.26666667,316
2053,2026-06-13,Mercedes-Benz Stadium,0,28.9,316
2054,2026-06-13,Mercedes-Benz Stadium,1,27.66,316
2055,2026-06-13,Mercedes-Benz Stadium,2,26.58,316
2056,2026-06-14,Mercedes-Benz Stadium,16,31.45333333,316
2057,2026-06-14,Mercedes-Benz Stadium,17,32.39333333,316
2058,2026-06-14,Mercedes-Benz Stadium,18,32.51333333,316
2059,2026-06-14,Mercedes-Benz Stadium,19,32.16,316
2060,2026-06-14,Mercedes-Benz Stadium,20,31.32,316
2061,2026-06-14,Mercedes-Benz Stadium,21,30.92666667,316
2062,2026-06-14,Mercedes-Benz Stadium,22,30.83333333,316
2063,2026-06-14,Mercedes-Benz Stadium,23,30.59333333,316
2064,2026-06-14,Mercedes-Benz Stadium,0,29.69333333,316
2065,2026-06-14,Mercedes-Benz Stadium,1,28.55333333,316
2066,2026-06-14,Mercedes-Benz Stadium,2,27.48666667,316
2067,2026-06-15,Mercedes-Benz Stadium,16,32.77333333,316
2068,2026-06-15,Mercedes-Benz Stadium,17,34.22,316
2069,2026-06-15,Mercedes-Benz Stadium,18,34.79333333,316
2070,2026-06-15,Mercedes-Benz Stadium,19,34.5,316
2071,2026-06-15,Mercedes-Benz Stadium,20,33.4,316
2072,2026-06-15,Mercedes-Benz Stadium,21,31.49333333,316
2073,2026-06-15,Mercedes-Benz Stadium,22,30.10666667,316
2074,2026-06-15,Mercedes-Benz Stadium,23,29.16,316
2075,2026-06-15,Mercedes-Benz Stadium,0,28.85333333,316
2076,2026-06-15,Mercedes-Benz Stadium,1,27.85333333,316
2077,2026-06-15,Mercedes-Benz Stadium,2,26.95333333,316
2078,2026-06-16,Mercedes-Benz Stadium,16,32.26666667,316
2079,2026-06-16,Mercedes-Benz Stadium,17,33.35333333,316
2080,2026-06-16,Mercedes-Benz Stadium,18,33.76666667,316
2081,2026-06-16,Mercedes-Benz Stadium,19,33.85333333,316
2082,2026-06-16,Mercedes-Benz Stadium,20,33.64666667,316
2083,2026-06-16,Mercedes-Benz Stadium,21,33.18,316
2084,2026-06-16,Mercedes-Benz Stadium,22,32.26,316
2085,2026-06-16,Mercedes-Benz Stadium,23,30.86,316
2086,2026-06-16,Mercedes-Benz Stadium,0,29.52,316
2087,2026-06-16,Mercedes-Benz Stadium,1,27.89333333,316
2088,2026-06-16,Mercedes-Benz Stadium,2,26.57333333,316
2089,2026-06-17,Mercedes-Benz Stadium,16,32.40666667,316
2090,2026-06-17,Mercedes-Benz Stadium,17,33.54,316
2091,2026-06-17,Mercedes-Benz Stadium,18,34.04,316
2092,2026-06-17,Mercedes-Benz Stadium,19,33.93333333,316
2093,2026-06-17,Mercedes-Benz Stadium,20,33.54,316
2094,2026-06-17,Mercedes-Benz Stadium,21,32.76666667,316
2095,2026-06-17,Mercedes-Benz Stadium,22,31.96,316
2096,2026-06-17,Mercedes-Benz Stadium,23,30.98,316
2097,2026-06-17,Mercedes-Benz Stadium,0,29.55333333,316
2098,2026-06-17,Mercedes-Benz Stadium,1,27.91333333,316
2099,2026-06-17,Mercedes-Benz Stadium,2,26.32666667,316
2100,2026-06-18,Mercedes-Benz Stadium,16,31.09333333,316
2101,2026-06-18,Mercedes-Benz Stadium,17,32.02,316
2102,2026-06-18,Mercedes-Benz Stadium,18,32.40666667,316
2103,2026-06-18,Mercedes-Benz Stadium,19,32.47333333,316
2104,2026-06-18,Mercedes-Benz Stadium,20,31.78666667,316
2105,2026-06-18,Mercedes-Benz Stadium,21,31.08,316
2106,2026-06-18,Mercedes-Benz Stadium,22,30.31333333,316
2107,2026-06-18,Mercedes-Benz Stadium,23,29.73333333,316
2108,2026-06-18,Mercedes-Benz Stadium,0,28.55333333,316
2109,2026-06-18,Mercedes-Benz Stadium,1,27.21333333,316
2110,2026-06-18,Mercedes-Benz Stadium,2,26.00666667,316
2111,2026-06-19,Mercedes-Benz Stadium,16,25.96,316
2112,2026-06-19,Mercedes-Benz Stadium,17,27.23333333,316
2113,2026-06-19,Mercedes-Benz Stadium,18,28.49333333,316
2114,2026-06-19,Mercedes-Benz Stadium,19,28.97333333,316
2115,2026-06-19,Mercedes-Benz Stadium,20,28.86,316
2116,2026-06-19,Mercedes-Benz Stadium,21,28.37333333,316
2117,2026-06-19,Mercedes-Benz Stadium,22,27.91333333,316
2118,2026-06-19,Mercedes-Benz Stadium,23,27.22666667,316
2119,2026-06-19,Mercedes-Benz Stadium,0,25.99333333,316
2120,2026-06-19,Mercedes-Benz Stadium,1,24.74666667,316
2121,2026-06-19,Mercedes-Benz Stadium,2,23.45333333,316
2122,2026-06-20,Mercedes-Benz Stadium,16,29.7,316
2123,2026-06-20,Mercedes-Benz Stadium,17,30.74,316
2124,2026-06-20,Mercedes-Benz Stadium,18,31.04,316
2125,2026-06-20,Mercedes-Benz Stadium,19,31.06666667,316
2126,2026-06-20,Mercedes-Benz Stadium,20,30.9,316
2127,2026-06-20,Mercedes-Benz Stadium,21,30.56,316
2128,2026-06-20,Mercedes-Benz Stadium,22,30.07333333,316
2129,2026-06-20,Mercedes-Benz Stadium,23,29.68666667,316
2130,2026-06-20,Mercedes-Benz Stadium,0,28.77333333,316
2131,2026-06-20,Mercedes-Benz Stadium,1,27.56666667,316
2132,2026-06-20,Mercedes-Benz Stadium,2,26.02,316
2133,2026-06-21,Mercedes-Benz Stadium,16,30.00666667,316
2134,2026-06-21,Mercedes-Benz Stadium,17,30.91333333,316
2135,2026-06-21,Mercedes-Benz Stadium,18,31.82,316
2136,2026-06-21,Mercedes-Benz Stadium,19,32.07333333,316
2137,2026-06-21,Mercedes-Benz Stadium,20,31.80666667,316
2138,2026-06-21,Mercedes-Benz Stadium,21,31.22,316
2139,2026-06-21,Mercedes-Benz Stadium,22,30.55333333,316
2140,2026-06-21,Mercedes-Benz Stadium,23,29.83333333,316
2141,2026-06-21,Mercedes-Benz Stadium,0,28.49333333,316
2142,2026-06-21,Mercedes-Benz Stadium,1,26.97333333,316
2143,2026-06-21,Mercedes-Benz Stadium,2,25.48666667,316
2144,2026-06-22,Mercedes-Benz Stadium,16,30.82,316
2145,2026-06-22,Mercedes-Benz Stadium,17,32.14666667,316
2146,2026-06-22,Mercedes-Benz Stadium,18,32.98,316
2147,2026-06-22,Mercedes-Benz Stadium,19,33.28,316
2148,2026-06-22,Mercedes-Benz Stadium,20,32.96,316
2149,2026-06-22,Mercedes-Benz Stadium,21,32.10666667,316
2150,2026-06-22,Mercedes-Benz Stadium,22,31.35333333,316
2151,2026-06-22,Mercedes-Benz Stadium,23,30.44,316
2152,2026-06-22,Mercedes-Benz Stadium,0,29.38666667,316
2153,2026-06-22,Mercedes-Benz Stadium,1,28.18,316
2154,2026-06-22,Mercedes-Benz Stadium,2,27.07333333,316
2155,2026-06-23,Mercedes-Benz Stadium,16,32.64,316
2156,2026-06-23,Mercedes-Benz Stadium,17,33.67333333,316
2157,2026-06-23,Mercedes-Benz Stadium,18,33.99333333,316
2158,2026-06-23,Mercedes-Benz Stadium,19,34.08,316
2159,2026-06-23,Mercedes-Benz Stadium,20,33.85333333,316
2160,2026-06-23,Mercedes-Benz Stadium,21,33.26666667,316
2161,2026-06-23,Mercedes-Benz Stadium,22,32.38666667,316
2162,2026-06-23,Mercedes-Benz Stadium,23,31.56666667,316
2163,2026-06-23,Mercedes-Benz Stadium,0,30.44,316
2164,2026-06-23,Mercedes-Benz Stadium,1,29.11333333,316
2165,2026-06-23,Mercedes-Benz Stadium,2,27.49333333,316
2166,2026-06-24,Mercedes-Benz Stadium,16,31.40666667,316
2167,2026-06-24,Mercedes-Benz Stadium,17,32.64,316
2168,2026-06-24,Mercedes-Benz Stadium,18,33.32,316
2169,2026-06-24,Mercedes-Benz Stadium,19,33.59333333,316
2170,2026-06-24,Mercedes-Benz Stadium,20,33.34666667,316
2171,2026-06-24,Mercedes-Benz Stadium,21,32.94666667,316
2172,2026-06-24,Mercedes-Benz Stadium,22,32.20666667,316
2173,2026-06-24,Mercedes-Benz Stadium,23,31.06666667,316
2174,2026-06-24,Mercedes-Benz Stadium,0,29.89333333,316
2175,2026-06-24,Mercedes-Benz Stadium,1,28.75333333,316
2176,2026-06-24,Mercedes-Benz Stadium,2,27.88666667,316
2177,2026-06-25,Mercedes-Benz Stadium,16,32.22666667,316
2178,2026-06-25,Mercedes-Benz Stadium,17,33.79333333,316
2179,2026-06-25,Mercedes-Benz Stadium,18,35.02666667,316
2180,2026-06-25,Mercedes-Benz Stadium,19,35.04666667,316
2181,2026-06-25,Mercedes-Benz Stadium,20,33.96,316
2182,2026-06-25,Mercedes-Benz Stadium,21,32.85333333,316
2183,2026-06-25,Mercedes-Benz Stadium,22,32.40666667,316
2184,2026-06-25,Mercedes-Benz Stadium,23,31.80666667,316
2185,2026-06-25,Mercedes-Benz Stadium,0,30.58,316
2186,2026-06-25,Mercedes-Benz Stadium,1,29.06666667,316
2187,2026-06-25,Mercedes-Benz Stadium,2,27.98666667,316
2188,2026-06-26,Mercedes-Benz Stadium,16,32.07333333,316
2189,2026-06-26,Mercedes-Benz Stadium,17,33.39333333,316
2190,2026-06-26,Mercedes-Benz Stadium,18,34.51333333,316
2191,2026-06-26,Mercedes-Benz Stadium,19,35.08666667,316
2192,2026-06-26,Mercedes-Benz Stadium,20,34.63333333,316
2193,2026-06-26,Mercedes-Benz Stadium,21,33.41333333,316
2194,2026-06-26,Mercedes-Benz Stadium,22,32.02666667,316
2195,2026-06-26,Mercedes-Benz Stadium,23,31.26666667,316
2196,2026-06-26,Mercedes-Benz Stadium,0,30.11333333,316
2197,2026-06-26,Mercedes-Benz Stadium,1,28.56666667,316
2198,2026-06-26,Mercedes-Benz Stadium,2,27.25333333,316
2199,2026-06-27,Mercedes-Benz Stadium,16,31.39333333,316
2200,2026-06-27,Mercedes-Benz Stadium,17,32.37333333,316
2201,2026-06-27,Mercedes-Benz Stadium,18,33.33333333,316
2202,2026-06-27,Mercedes-Benz Stadium,19,34.02666667,316
2203,2026-06-27,Mercedes-Benz Stadium,20,33.13333333,316
2204,2026-06-27,Mercedes-Benz Stadium,21,31.78,316
2205,2026-06-27,Mercedes-Benz Stadium,22,30.4,316
2206,2026-06-27,Mercedes-Benz Stadium,23,29.9,316
2207,2026-06-27,Mercedes-Benz Stadium,0,29.14666667,316
2208,2026-06-27,Mercedes-Benz Stadium,1,28.18666667,316
2209,2026-06-27,Mercedes-Benz Stadium,2,27.25333333,316
2210,2026-06-11,Hard Rock Stadium,16,33.4,5
2211,2026-06-11,Hard Rock Stadium,17,33.97333333,5
2212,2026-06-11,Hard Rock Stadium,18,33.72,5
2213,2026-06-11,Hard Rock Stadium,19,33.23333333,5
2214,2026-06-11,Hard Rock Stadium,20,32.92,5
2215,2026-06-11,Hard Rock Stadium,21,32.74666667,5
2216,2026-06-11,Hard Rock Stadium,22,32.38666667,5
2217,2026-06-11,Hard Rock Stadium,23,31.98666667,5
2218,2026-06-11,Hard Rock Stadium,0,31.44666667,5
2219,2026-06-11,Hard Rock Stadium,1,30.65333333,5
2220,2026-06-11,Hard Rock Stadium,2,29.7,5
2221,2026-06-12,Hard Rock Stadium,16,33.9,5
2222,2026-06-12,Hard Rock Stadium,17,34.51333333,5
2223,2026-06-12,Hard Rock Stadium,18,34.88666667,5
2224,2026-06-12,Hard Rock Stadium,19,34.15333333,5
2225,2026-06-12,Hard Rock Stadium,20,33.38,5
2226,2026-06-12,Hard Rock Stadium,21,32.43333333,5
2227,2026-06-12,Hard Rock Stadium,22,31.8,5
2228,2026-06-12,Hard Rock Stadium,23,30.98,5
2229,2026-06-12,Hard Rock Stadium,0,30.12666667,5
2230,2026-06-12,Hard Rock Stadium,1,29.68666667,5
2231,2026-06-12,Hard Rock Stadium,2,29.41333333,5
2232,2026-06-13,Hard Rock Stadium,16,35.68666667,5
2233,2026-06-13,Hard Rock Stadium,17,35.96,5
2234,2026-06-13,Hard Rock Stadium,18,35.49333333,5
2235,2026-06-13,Hard Rock Stadium,19,34.96,5
2236,2026-06-13,Hard Rock Stadium,20,34.26,5
2237,2026-06-13,Hard Rock Stadium,21,33.94666667,5
2238,2026-06-13,Hard Rock Stadium,22,33.28666667,5
2239,2026-06-13,Hard Rock Stadium,23,32.94,5
2240,2026-06-13,Hard Rock Stadium,0,32.58,5
2241,2026-06-13,Hard Rock Stadium,1,32.18,5
2242,2026-06-13,Hard Rock Stadium,2,31.62,5
2243,2026-06-14,Hard Rock Stadium,16,33.71333333,5
2244,2026-06-14,Hard Rock Stadium,17,34.18,5
2245,2026-06-14,Hard Rock Stadium,18,34.03333333,5
2246,2026-06-14,Hard Rock Stadium,19,33.53333333,5
2247,2026-06-14,Hard Rock Stadium,20,33.09333333,5
2248,2026-06-14,Hard Rock Stadium,21,32.55333333,5
2249,2026-06-14,Hard Rock Stadium,22,32.34666667,5
2250,2026-06-14,Hard Rock Stadium,23,32.16666667,5
2251,2026-06-14,Hard Rock Stadium,0,31.54666667,5
2252,2026-06-14,Hard Rock Stadium,1,30.81333333,5
2253,2026-06-14,Hard Rock Stadium,2,30.23333333,5
2254,2026-06-15,Hard Rock Stadium,16,34.86,5
2255,2026-06-15,Hard Rock Stadium,17,34.68666667,5
2256,2026-06-15,Hard Rock Stadium,18,34.27333333,5
2257,2026-06-15,Hard Rock Stadium,19,33.97333333,5
2258,2026-06-15,Hard Rock Stadium,20,33.56,5
2259,2026-06-15,Hard Rock Stadium,21,33.20666667,5
2260,2026-06-15,Hard Rock Stadium,22,32.66,5
2261,2026-06-15,Hard Rock Stadium,23,32.2,5
2262,2026-06-15,Hard Rock Stadium,0,31.65333333,5
2263,2026-06-15,Hard Rock Stadium,1,31.16,5
2264,2026-06-15,Hard Rock Stadium,2,30.74666667,5
2265,2026-06-16,Hard Rock Stadium,16,34.97333333,5
2266,2026-06-16,Hard Rock Stadium,17,35.38,5
2267,2026-06-16,Hard Rock Stadium,18,35.28666667,5
2268,2026-06-16,Hard Rock Stadium,19,34.88,5
2269,2026-06-16,Hard Rock Stadium,20,34.23333333,5
2270,2026-06-16,Hard Rock Stadium,21,33.56666667,5
2271,2026-06-16,Hard Rock Stadium,22,32.41333333,5
2272,2026-06-16,Hard Rock Stadium,23,31.68,5
2273,2026-06-16,Hard Rock Stadium,0,30.91333333,5
2274,2026-06-16,Hard Rock Stadium,1,30.5,5
2275,2026-06-16,Hard Rock Stadium,2,29.83333333,5
2276,2026-06-17,Hard Rock Stadium,16,34.15333333,5
2277,2026-06-17,Hard Rock Stadium,17,34.16666667,5
2278,2026-06-17,Hard Rock Stadium,18,33.86,5
2279,2026-06-17,Hard Rock Stadium,19,33.86666667,5
2280,2026-06-17,Hard Rock Stadium,20,33.38666667,5
2281,2026-06-17,Hard Rock Stadium,21,32.74,5
2282,2026-06-17,Hard Rock Stadium,22,32.11333333,5
2283,2026-06-17,Hard Rock Stadium,23,31.34666667,5
2284,2026-06-17,Hard Rock Stadium,0,30.85333333,5
2285,2026-06-17,Hard Rock Stadium,1,30.26666667,5
2286,2026-06-17,Hard Rock Stadium,2,29.93333333,5
2287,2026-06-18,Hard Rock Stadium,16,35.05333333,5
2288,2026-06-18,Hard Rock Stadium,17,35.67333333,5
2289,2026-06-18,Hard Rock Stadium,18,35.61333333,5
2290,2026-06-18,Hard Rock Stadium,19,35.13333333,5
2291,2026-06-18,Hard Rock Stadium,20,34.24,5
2292,2026-06-18,Hard Rock Stadium,21,32.92,5
2293,2026-06-18,Hard Rock Stadium,22,32.30666667,5
2294,2026-06-18,Hard Rock Stadium,23,31.52,5
2295,2026-06-18,Hard Rock Stadium,0,31.24666667,5
2296,2026-06-18,Hard Rock Stadium,1,30.4,5
2297,2026-06-18,Hard Rock Stadium,2,29.88,5
2298,2026-06-19,Hard Rock Stadium,16,35.28,5
2299,2026-06-19,Hard Rock Stadium,17,35.77333333,5
2300,2026-06-19,Hard Rock Stadium,18,35.09333333,5
2301,2026-06-19,Hard Rock Stadium,19,34.02,5
2302,2026-06-19,Hard Rock Stadium,20,32.97333333,5
2303,2026-06-19,Hard Rock Stadium,21,32.52,5
2304,2026-06-19,Hard Rock Stadium,22,32.17333333,5
2305,2026-06-19,Hard Rock Stadium,23,31.57333333,5
2306,2026-06-19,Hard Rock Stadium,0,31.09333333,5
2307,2026-06-19,Hard Rock Stadium,1,30.85333333,5
2308,2026-06-19,Hard Rock Stadium,2,30.65333333,5
2309,2026-06-20,Hard Rock Stadium,16,35.40666667,5
2310,2026-06-20,Hard Rock Stadium,17,35.98666667,5
2311,2026-06-20,Hard Rock Stadium,18,35.61333333,5
2312,2026-06-20,Hard Rock Stadium,19,34.66666667,5
2313,2026-06-20,Hard Rock Stadium,20,33.65333333,5
2314,2026-06-20,Hard Rock Stadium,21,33.1,5
2315,2026-06-20,Hard Rock Stadium,22,32.72666667,5
2316,2026-06-20,Hard Rock Stadium,23,31.84,5
2317,2026-06-20,Hard Rock Stadium,0,31.00666667,5
2318,2026-06-20,Hard Rock Stadium,1,30.21333333,5
2319,2026-06-20,Hard Rock Stadium,2,29.92,5
2320,2026-06-21,Hard Rock Stadium,16,34.33333333,5
2321,2026-06-21,Hard Rock Stadium,17,34.47333333,5
2322,2026-06-21,Hard Rock Stadium,18,34.36,5
2323,2026-06-21,Hard Rock Stadium,19,34.33333333,5
2324,2026-06-21,Hard Rock Stadium,20,33.76,5
2325,2026-06-21,Hard Rock Stadium,21,33.07333333,5
2326,2026-06-21,Hard Rock Stadium,22,32.46,5
2327,2026-06-21,Hard Rock Stadium,23,32.14666667,5
2328,2026-06-21,Hard Rock Stadium,0,31.7,5
2329,2026-06-21,Hard Rock Stadium,1,31.21333333,5
2330,2026-06-21,Hard Rock Stadium,2,30.46,5
2331,2026-06-22,Hard Rock Stadium,16,33.20666667,5
2332,2026-06-22,Hard Rock Stadium,17,33.5,5
2333,2026-06-22,Hard Rock Stadium,18,33.28666667,5
2334,2026-06-22,Hard Rock Stadium,19,33.0,5
2335,2026-06-22,Hard Rock Stadium,20,32.41333333,5
2336,2026-06-22,Hard Rock Stadium,21,32.00666667,5
2337,2026-06-22,Hard Rock Stadium,22,31.36,5
2338,2026-06-22,Hard Rock Stadium,23,31.0,5
2339,2026-06-22,Hard Rock Stadium,0,30.88666667,5
2340,2026-06-22,Hard Rock Stadium,1,31.01333333,5
2341,2026-06-22,Hard Rock Stadium,2,30.76,5
2342,2026-06-23,Hard Rock Stadium,16,34.70666667,5
2343,2026-06-23,Hard Rock Stadium,17,35.38666667,5
2344,2026-06-23,Hard Rock Stadium,18,35.60666667,5
2345,2026-06-23,Hard Rock Stadium,19,35.31333333,5
2346,2026-06-23,Hard Rock Stadium,20,34.61333333,5
2347,2026-06-23,Hard Rock Stadium,21,33.68666667,5
2348,2026-06-23,Hard Rock Stadium,22,32.9,5
2349,2026-06-23,Hard Rock Stadium,23,31.72666667,5
2350,2026-06-23,Hard Rock Stadium,0,30.72,5
2351,2026-06-23,Hard Rock Stadium,1,29.87333333,5
2352,2026-06-23,Hard Rock Stadium,2,29.66666667,5
2353,2026-06-24,Hard Rock Stadium,16,34.66666667,5
2354,2026-06-24,Hard Rock Stadium,17,34.88666667,5
2355,2026-06-24,Hard Rock Stadium,18,34.72666667,5
2356,2026-06-24,Hard Rock Stadium,19,34.78,5
2357,2026-06-24,Hard Rock Stadium,20,34.1,5
2358,2026-06-24,Hard Rock Stadium,21,33.10666667,5
2359,2026-06-24,Hard Rock Stadium,22,31.77333333,5
2360,2026-06-24,Hard Rock Stadium,23,31.16,5
2361,2026-06-24,Hard Rock Stadium,0,30.44666667,5
2362,2026-06-24,Hard Rock Stadium,1,30.24,5
2363,2026-06-24,Hard Rock Stadium,2,29.71333333,5
2364,2026-06-25,Hard Rock Stadium,16,34.76666667,5
2365,2026-06-25,Hard Rock Stadium,17,33.94666667,5
2366,2026-06-25,Hard Rock Stadium,18,32.95333333,5
2367,2026-06-25,Hard Rock Stadium,19,31.95333333,5
2368,2026-06-25,Hard Rock Stadium,20,31.69333333,5
2369,2026-06-25,Hard Rock Stadium,21,31.39333333,5
2370,2026-06-25,Hard Rock Stadium,22,31.17333333,5
2371,2026-06-25,Hard Rock Stadium,23,31.03333333,5
2372,2026-06-25,Hard Rock Stadium,0,30.88,5
2373,2026-06-25,Hard Rock Stadium,1,30.63333333,5
2374,2026-06-25,Hard Rock Stadium,2,30.14,5
2375,2026-06-26,Hard Rock Stadium,16,34.56,5
2376,2026-06-26,Hard Rock Stadium,17,34.93333333,5
2377,2026-06-26,Hard Rock Stadium,18,34.60666667,5
2378,2026-06-26,Hard Rock Stadium,19,33.84,5
2379,2026-06-26,Hard Rock Stadium,20,33.09333333,5
2380,2026-06-26,Hard Rock Stadium,21,32.16666667,5
2381,2026-06-26,Hard Rock Stadium,22,31.87333333,5
2382,2026-06-26,Hard Rock Stadium,23,31.64666667,5
2383,2026-06-26,Hard Rock Stadium,0,31.3,5
2384,2026-06-26,Hard Rock Stadium,1,30.82,5
2385,2026-06-26,Hard Rock Stadium,2,30.14,5
2386,2026-06-27,Hard Rock Stadium,16,35.34,5
2387,2026-06-27,Hard Rock Stadium,17,35.73333333,5
2388,2026-06-27,Hard Rock Stadium,18,35.68666667,5
2389,2026-06-27,Hard Rock Stadium,19,35.15333333,5
2390,2026-06-27,Hard Rock Stadium,20,34.29333333,5
2391,2026-06-27,Hard Rock Stadium,21,33.28666667,5
2392,2026-06-27,Hard Rock Stadium,22,32.62666667,5
2393,2026-06-27,Hard Rock Stadium,23,31.81333333,5
2394,2026-06-27,Hard Rock Stadium,0,30.72666667,5
2395,2026-06-27,Hard Rock Stadium,1,29.93333333,5
2396,2026-06-27,Hard Rock Stadium,2,29.46,5
2397,2026-06-11,Levi's Stadium,7,14.78,3
2398,2026-06-11,Levi's Stadium,22,25.24,3
2399,2026-06-11,Levi's Stadium,23,24.21333333,3
2400,2026-06-11,Levi's Stadium,0,22.94666667,3
2401,2026-06-11,Levi's Stadium,1,21.6,3
2402,2026-06-11,Levi's Stadium,2,20.15333333,3
2403,2026-06-11,Levi's Stadium,3,18.70666667,3
2404,2026-06-11,Levi's Stadium,4,17.45333333,3
2405,2026-06-11,Levi's Stadium,5,16.42666667,3
2406,2026-06-11,Levi's Stadium,6,15.48666667,3
2407,2026-06-12,Levi's Stadium,7,15.00666667,3
2408,2026-06-12,Levi's Stadium,22,26.29333333,3
2409,2026-06-12,Levi's Stadium,23,24.81333333,3
2410,2026-06-12,Levi's Stadium,0,22.84,3
2411,2026-06-12,Levi's Stadium,1,20.85333333,3
2412,2026-06-12,Levi's Stadium,2,19.23333333,3
2413,2026-06-12,Levi's Stadium,3,17.88,3
2414,2026-06-12,Levi's Stadium,4,16.70666667,3
2415,2026-06-12,Levi's Stadium,5,15.9,3
2416,2026-06-12,Levi's Stadium,6,15.4,3
2417,2026-06-13,Levi's Stadium,7,14.72666667,3
2418,2026-06-13,Levi's Stadium,22,23.64666667,3
2419,2026-06-13,Levi's Stadium,23,22.36,3
2420,2026-06-13,Levi's Stadium,0,20.64,3
2421,2026-06-13,Levi's Stadium,1,19.04666667,3
2422,2026-06-13,Levi's Stadium,2,17.56,3
2423,2026-06-13,Levi's Stadium,3,16.51333333,3
2424,2026-06-13,Levi's Stadium,4,15.7,3
2425,2026-06-13,Levi's Stadium,5,15.21333333,3
2426,2026-06-13,Levi's Stadium,6,14.99333333,3
2427,2026-06-14,Levi's Stadium,7,14.91333333,3
2428,2026-06-14,Levi's Stadium,22,23.76,3
2429,2026-06-14,Levi's Stadium,23,22.61333333,3
2430,2026-06-14,Levi's Stadium,0,21.08,3
2431,2026-06-14,Levi's Stadium,1,19.62666667,3
2432,2026-06-14,Levi's Stadium,2,18.19333333,3
2433,2026-06-14,Levi's Stadium,3,17.02,3
2434,2026-06-14,Levi's Stadium,4,16.14,3
2435,2026-06-14,Levi's Stadium,5,15.58,3
2436,2026-06-14,Levi's Stadium,6,15.18666667,3
2437,2026-06-15,Levi's Stadium,7,14.36666667,3
2438,2026-06-15,Levi's Stadium,22,23.99333333,3
2439,2026-06-15,Levi's Stadium,23,22.7,3
2440,2026-06-15,Levi's Stadium,0,21.13333333,3
2441,2026-06-15,Levi's Stadium,1,19.34666667,3
2442,2026-06-15,Levi's Stadium,2,17.82666667,3
2443,2026-06-15,Levi's Stadium,3,16.36666667,3
2444,2026-06-15,Levi's Stadium,4,15.32666667,3
2445,2026-06-15,Levi's Stadium,5,14.72,3
2446,2026-06-15,Levi's Stadium,6,14.58,3
2447,2026-06-16,Levi's Stadium,7,14.42,3
2448,2026-06-16,Levi's Stadium,22,23.65333333,3
2449,2026-06-16,Levi's Stadium,23,22.36666667,3
2450,2026-06-16,Levi's Stadium,0,20.8,3
2451,2026-06-16,Levi's Stadium,1,19.3,3
2452,2026-06-16,Levi's Stadium,2,17.92666667,3
2453,2026-06-16,Levi's Stadium,3,16.76,3
2454,2026-06-16,Levi's Stadium,4,15.86,3
2455,2026-06-16,Levi's Stadium,5,15.32666667,3
2456,2026-06-16,Levi's Stadium,6,14.83333333,3
2457,2026-06-17,Levi's Stadium,7,15.52666667,3
2458,2026-06-17,Levi's Stadium,22,24.89333333,3
2459,2026-06-17,Levi's Stadium,23,23.8,3
2460,2026-06-17,Levi's Stadium,0,22.72666667,3
2461,2026-06-17,Levi's Stadium,1,21.50666667,3
2462,2026-06-17,Levi's Stadium,2,20.50666667,3
2463,2026-06-17,Levi's Stadium,3,19.32,3
2464,2026-06-17,Levi's Stadium,4,18.20666667,3
2465,2026-06-17,Levi's Stadium,5,17.42,3
2466,2026-06-17,Levi's Stadium,6,16.37333333,3
2467,2026-06-18,Levi's Stadium,7,16.00666667,3
2468,2026-06-18,Levi's Stadium,22,25.55333333,3
2469,2026-06-18,Levi's Stadium,23,24.14666667,3
2470,2026-06-18,Levi's Stadium,0,22.66,3
2471,2026-06-18,Levi's Stadium,1,21.18666667,3
2472,2026-06-18,Levi's Stadium,2,19.62666667,3
2473,2026-06-18,Levi's Stadium,3,18.06,3
2474,2026-06-18,Levi's Stadium,4,16.88666667,3
2475,2026-06-18,Levi's Stadium,5,16.03333333,3
2476,2026-06-18,Levi's Stadium,6,15.98666667,3
2477,2026-06-19,Levi's Stadium,7,14.5,3
2478,2026-06-19,Levi's Stadium,22,22.8,3
2479,2026-06-19,Levi's Stadium,23,21.58666667,3
2480,2026-06-19,Levi's Stadium,0,20.00666667,3
2481,2026-06-19,Levi's Stadium,1,18.42666667,3
2482,2026-06-19,Levi's Stadium,2,17.02,3
2483,2026-06-19,Levi's Stadium,3,15.82666667,3
2484,2026-06-19,Levi's Stadium,4,14.9,3
2485,2026-06-19,Levi's Stadium,5,14.3,3
2486,2026-06-19,Levi's Stadium,6,14.44,3
2487,2026-06-20,Levi's Stadium,7,13.98,3
2488,2026-06-20,Levi's Stadium,22,22.61333333,3
2489,2026-06-20,Levi's Stadium,23,21.62666667,3
2490,2026-06-20,Levi's Stadium,0,20.2,3
2491,2026-06-20,Levi's Stadium,1,18.76,3
2492,2026-06-20,Levi's Stadium,2,17.28,3
2493,2026-06-20,Levi's Stadium,3,16.13333333,3
2494,2026-06-20,Levi's Stadium,4,15.28666667,3
2495,2026-06-20,Levi's Stadium,5,14.79333333,3
2496,2026-06-20,Levi's Stadium,6,14.4,3
2497,2026-06-21,Levi's Stadium,7,15.44666667,3
2498,2026-06-21,Levi's Stadium,22,26.6,3
2499,2026-06-21,Levi's Stadium,23,25.30666667,3
2500,2026-06-21,Levi's Stadium,0,23.50666667,3
2501,2026-06-21,Levi's Stadium,1,21.55333333,3
2502,2026-06-21,Levi's Stadium,2,19.90666667,3
2503,2026-06-21,Levi's Stadium,3,18.62,3
2504,2026-06-21,Levi's Stadium,4,17.84,3
2505,2026-06-21,Levi's Stadium,5,17.39333333,3
2506,2026-06-21,Levi's Stadium,6,16.4,3
2507,2026-06-22,Levi's Stadium,7,16.35333333,3
2508,2026-06-22,Levi's Stadium,22,27.46,3
2509,2026-06-22,Levi's Stadium,23,25.96666667,3
2510,2026-06-22,Levi's Stadium,0,23.98666667,3
2511,2026-06-22,Levi's Stadium,1,21.86666667,3
2512,2026-06-22,Levi's Stadium,2,20.52666667,3
2513,2026-06-22,Levi's Stadium,3,19.41333333,3
2514,2026-06-22,Levi's Stadium,4,18.63333333,3
2515,2026-06-22,Levi's Stadium,5,17.92666667,3
2516,2026-06-22,Levi's Stadium,6,17.19333333,3
2517,2026-06-23,Levi's Stadium,7,16.04666667,3
2518,2026-06-23,Levi's Stadium,22,25.86666667,3
2519,2026-06-23,Levi's Stadium,23,24.22666667,3
2520,2026-06-23,Levi's Stadium,0,22.40666667,3
2521,2026-06-23,Levi's Stadium,1,20.84,3
2522,2026-06-23,Levi's Stadium,2,19.3,3
2523,2026-06-23,Levi's Stadium,3,17.89333333,3
2524,2026-06-23,Levi's Stadium,4,16.76,3
2525,2026-06-23,Levi's Stadium,5,15.97333333,3
2526,2026-06-23,Levi's Stadium,6,15.99333333,3
2527,2026-06-24,Levi's Stadium,7,14.77333333,3
2528,2026-06-24,Levi's Stadium,22,24.16666667,3
2529,2026-06-24,Levi's Stadium,23,22.90666667,3
2530,2026-06-24,Levi's Stadium,0,21.36,3
2531,2026-06-24,Levi's Stadium,1,19.79333333,3
2532,2026-06-24,Levi's Stadium,2,18.42,3
2533,2026-06-24,Levi's Stadium,3,17.09333333,3
2534,2026-06-24,Levi's Stadium,4,15.87333333,3
2535,2026-06-24,Levi's Stadium,5,14.9,3
2536,2026-06-24,Levi's Stadium,6,14.73333333,3
2537,2026-06-25,Levi's Stadium,7,14.04666667,3
2538,2026-06-25,Levi's Stadium,22,24.76666667,3
2539,2026-06-25,Levi's Stadium,23,23.66,3
2540,2026-06-25,Levi's Stadium,0,22.04666667,3
2541,2026-06-25,Levi's Stadium,1,20.18666667,3
2542,2026-06-25,Levi's Stadium,2,18.36,3
2543,2026-06-25,Levi's Stadium,3,16.82,3
2544,2026-06-25,Levi's Stadium,4,15.72,3
2545,2026-06-25,Levi's Stadium,5,15.02,3
2546,2026-06-25,Levi's Stadium,6,14.46666667,3
2547,2026-06-26,Levi's Stadium,7,14.32666667,3
2548,2026-06-26,Levi's Stadium,22,23.76,3
2549,2026-06-26,Levi's Stadium,23,22.92666667,3
2550,2026-06-26,Levi's Stadium,0,21.68,3
2551,2026-06-26,Levi's Stadium,1,20.26666667,3
2552,2026-06-26,Levi's Stadium,2,18.62,3
2553,2026-06-26,Levi's Stadium,3,17.12,3
2554,2026-06-26,Levi's Stadium,4,15.92,3
2555,2026-06-26,Levi's Stadium,5,15.13333333,3
2556,2026-06-26,Levi's Stadium,6,14.62,3
2557,2026-06-27,Levi's Stadium,7,14.46,3
2558,2026-06-27,Levi's Stadium,22,24.92666667,3
2559,2026-06-27,Levi's Stadium,23,23.7,3
2560,2026-06-27,Levi's Stadium,0,22.14,3
2561,2026-06-27,Levi's Stadium,1,20.51333333,3
2562,2026-06-27,Levi's Stadium,2,18.93333333,3
2563,2026-06-27,Levi's Stadium,3,17.43333333,3
2564,2026-06-27,Levi's Stadium,4,16.2,3
2565,2026-06-27,Levi's Stadium,5,15.36666667,3
2566,2026-06-27,Levi's Stadium,6,14.83333333,3
2567,2026-06-11,SoFi Stadium,7,17.05333333,38
2568,2026-06-11,SoFi Stadium,22,22.61333333,38
2569,2026-06-11,SoFi Stadium,23,21.68,38
2570,2026-06-11,SoFi Stadium,0,20.52666667,38
2571,2026-06-11,SoFi Stadium,1,19.38,38
2572,2026-06-11,SoFi Stadium,2,18.41333333,38
2573,2026-06-11,SoFi Stadium,3,17.82666667,38
2574,2026-06-11,SoFi Stadium,4,17.56,38
2575,2026-06-11,SoFi Stadium,5,17.51333333,38
2576,2026-06-11,SoFi Stadium,6,17.34666667,38
2577,2026-06-12,SoFi Stadium,7,17.16666667,38
2578,2026-06-12,SoFi Stadium,22,23.65333333,38
2579,2026-06-12,SoFi Stadium,23,22.34666667,38
2580,2026-06-12,SoFi Stadium,0,20.93333333,38
2581,2026-06-12,SoFi Stadium,1,19.6,38
2582,2026-06-12,SoFi Stadium,2,18.5,38
2583,2026-06-12,SoFi Stadium,3,17.87333333,38
2584,2026-06-12,SoFi Stadium,4,17.60666667,38
2585,2026-06-12,SoFi Stadium,5,17.56,38
2586,2026-06-12,SoFi Stadium,6,17.44,38
2587,2026-06-13,SoFi Stadium,7,17.12,38
2588,2026-06-13,SoFi Stadium,22,23.39333333,38
2589,2026-06-13,SoFi Stadium,23,22.30666667,38
2590,2026-06-13,SoFi Stadium,0,21.09333333,38
2591,2026-06-13,SoFi Stadium,1,19.84,38
2592,2026-06-13,SoFi Stadium,2,18.80666667,38
2593,2026-06-13,SoFi Stadium,3,18.2,38
2594,2026-06-13,SoFi Stadium,4,17.90666667,38
2595,2026-06-13,SoFi Stadium,5,17.72666667,38
2596,2026-06-13,SoFi Stadium,6,17.46,38
2597,2026-06-14,SoFi Stadium,7,17.88666667,38
2598,2026-06-14,SoFi Stadium,22,24.51333333,38
2599,2026-06-14,SoFi Stadium,23,23.54,38
2600,2026-06-14,SoFi Stadium,0,22.46,38
2601,2026-06-14,SoFi Stadium,1,21.33333333,38
2602,2026-06-14,SoFi Stadium,2,20.35333333,38
2603,2026-06-14,SoFi Stadium,3,19.62666667,38
2604,2026-06-14,SoFi Stadium,4,19.24,38
2605,2026-06-14,SoFi Stadium,5,19.10666667,38
2606,2026-06-14,SoFi Stadium,6,18.5,38
2607,2026-06-15,SoFi Stadium,7,18.94,38
2608,2026-06-15,SoFi Stadium,22,25.90666667,38
2609,2026-06-15,SoFi Stadium,23,24.7,38
2610,2026-06-15,SoFi Stadium,0,23.44,38
2611,2026-06-15,SoFi Stadium,1,22.49333333,38
2612,2026-06-15,SoFi Stadium,2,21.7,38
2613,2026-06-15,SoFi Stadium,3,20.76666667,38
2614,2026-06-15,SoFi Stadium,4,20.10666667,38
2615,2026-06-15,SoFi Stadium,5,19.68,38
2616,2026-06-15,SoFi Stadium,6,19.30666667,38
2617,2026-06-16,SoFi Stadium,7,19.20666667,38
2618,2026-06-16,SoFi Stadium,22,26.86,38
2619,2026-06-16,SoFi Stadium,23,25.51333333,38
2620,2026-06-16,SoFi Stadium,0,24.11333333,38
2621,2026-06-16,SoFi Stadium,1,22.66,38
2622,2026-06-16,SoFi Stadium,2,21.49333333,38
2623,2026-06-16,SoFi Stadium,3,20.54666667,38
2624,2026-06-16,SoFi Stadium,4,20.03333333,38
2625,2026-06-16,SoFi Stadium,5,19.67333333,38
2626,2026-06-16,SoFi Stadium,6,19.49333333,38
2627,2026-06-17,SoFi Stadium,7,18.97333333,38
2628,2026-06-17,SoFi Stadium,22,26.04,38
2629,2026-06-17,SoFi Stadium,23,24.76666667,38
2630,2026-06-17,SoFi Stadium,0,23.32,38
2631,2026-06-17,SoFi Stadium,1,21.94,38
2632,2026-06-17,SoFi Stadium,2,21.03333333,38
2633,2026-06-17,SoFi Stadium,3,20.43333333,38
2634,2026-06-17,SoFi Stadium,4,19.87333333,38
2635,2026-06-17,SoFi Stadium,5,19.43333333,38
2636,2026-06-17,SoFi Stadium,6,19.16,38
2637,2026-06-18,SoFi Stadium,7,18.69333333,38
2638,2026-06-18,SoFi Stadium,22,24.65333333,38
2639,2026-06-18,SoFi Stadium,23,23.11333333,38
2640,2026-06-18,SoFi Stadium,0,21.92,38
2641,2026-06-18,SoFi Stadium,1,20.85333333,38
2642,2026-06-18,SoFi Stadium,2,20.03333333,38
2643,2026-06-18,SoFi Stadium,3,19.49333333,38
2644,2026-06-18,SoFi Stadium,4,19.28,38
2645,2026-06-18,SoFi Stadium,5,19.24666667,38
2646,2026-06-18,SoFi Stadium,6,19.05333333,38
2647,2026-06-19,SoFi Stadium,7,18.30666667,38
2648,2026-06-19,SoFi Stadium,22,23.61333333,38
2649,2026-06-19,SoFi Stadium,23,22.44666667,38
2650,2026-06-19,SoFi Stadium,0,21.12666667,38
2651,2026-06-19,SoFi Stadium,1,19.88,38
2652,2026-06-19,SoFi Stadium,2,19.04,38
2653,2026-06-19,SoFi Stadium,3,18.57333333,38
2654,2026-06-19,SoFi Stadium,4,18.46,38
2655,2026-06-19,SoFi Stadium,5,18.40666667,38
2656,2026-06-19,SoFi Stadium,6,18.44666667,38
2657,2026-06-20,SoFi Stadium,7,17.83333333,38
2658,2026-06-20,SoFi Stadium,22,24.64666667,38
2659,2026-06-20,SoFi Stadium,23,23.50666667,38
2660,2026-06-20,SoFi Stadium,0,22.18,38
2661,2026-06-20,SoFi Stadium,1,20.89333333,38
2662,2026-06-20,SoFi Stadium,2,19.86666667,38
2663,2026-06-20,SoFi Stadium,3,19.20666667,38
2664,2026-06-20,SoFi Stadium,4,18.82666667,38
2665,2026-06-20,SoFi Stadium,5,18.62,38
2666,2026-06-20,SoFi Stadium,6,18.28666667,38
2667,2026-06-21,SoFi Stadium,7,17.84,38
2668,2026-06-21,SoFi Stadium,22,24.69333333,38
2669,2026-06-21,SoFi Stadium,23,23.20666667,38
2670,2026-06-21,SoFi Stadium,0,21.86666667,38
2671,2026-06-21,SoFi Stadium,1,20.58666667,38
2672,2026-06-21,SoFi Stadium,2,19.50666667,38
2673,2026-06-21,SoFi Stadium,3,18.76666667,38
2674,2026-06-21,SoFi Stadium,4,18.52,38
2675,2026-06-21,SoFi Stadium,5,18.53333333,38
2676,2026-06-21,SoFi Stadium,6,18.32666667,38
2677,2026-06-22,SoFi Stadium,7,17.83333333,38
2678,2026-06-22,SoFi Stadium,22,24.53333333,38
2679,2026-06-22,SoFi Stadium,23,23.54666667,38
2680,2026-06-22,SoFi Stadium,0,22.77333333,38
2681,2026-06-22,SoFi Stadium,1,21.59333333,38
2682,2026-06-22,SoFi Stadium,2,20.00666667,38
2683,2026-06-22,SoFi Stadium,3,18.84,38
2684,2026-06-22,SoFi Stadium,4,18.53333333,38
2685,2026-06-22,SoFi Stadium,5,18.42666667,38
2686,2026-06-22,SoFi Stadium,6,18.24,38
2687,2026-06-23,SoFi Stadium,7,18.22666667,38
2688,2026-06-23,SoFi Stadium,22,23.77333333,38
2689,2026-06-23,SoFi Stadium,23,22.46666667,38
2690,2026-06-23,SoFi Stadium,0,21.44666667,38
2691,2026-06-23,SoFi Stadium,1,20.4,38
2692,2026-06-23,SoFi Stadium,2,19.56,38
2693,2026-06-23,SoFi Stadium,3,18.80666667,38
2694,2026-06-23,SoFi Stadium,4,18.61333333,38
2695,2026-06-23,SoFi Stadium,5,18.64,38
2696,2026-06-23,SoFi Stadium,6,18.56666667,38
2697,2026-06-24,SoFi Stadium,7,18.14666667,38
2698,2026-06-24,SoFi Stadium,22,23.64,38
2699,2026-06-24,SoFi Stadium,23,22.31333333,38
2700,2026-06-24,SoFi Stadium,0,20.98666667,38
2701,2026-06-24,SoFi Stadium,1,19.80666667,38
2702,2026-06-24,SoFi Stadium,2,19.08,38
2703,2026-06-24,SoFi Stadium,3,18.66,38
2704,2026-06-24,SoFi Stadium,4,18.42666667,38
2705,2026-06-24,SoFi Stadium,5,18.33333333,38
2706,2026-06-24,SoFi Stadium,6,18.3,38
2707,2026-06-25,SoFi Stadium,7,18.00666667,38
2708,2026-06-25,SoFi Stadium,22,24.11333333,38
2709,2026-06-25,SoFi Stadium,23,23.04,38
2710,2026-06-25,SoFi Stadium,0,21.80666667,38
2711,2026-06-25,SoFi Stadium,1,20.58666667,38
2712,2026-06-25,SoFi Stadium,2,19.57333333,38
2713,2026-06-25,SoFi Stadium,3,18.98666667,38
2714,2026-06-25,SoFi Stadium,4,18.83333333,38
2715,2026-06-25,SoFi Stadium,5,18.9,38
2716,2026-06-25,SoFi Stadium,6,18.57333333,38
2717,2026-06-26,SoFi Stadium,7,18.7,38
2718,2026-06-26,SoFi Stadium,22,25.42,38
2719,2026-06-26,SoFi Stadium,23,23.89333333,38
2720,2026-06-26,SoFi Stadium,0,22.54666667,38
2721,2026-06-26,SoFi Stadium,1,21.16,38
2722,2026-06-26,SoFi Stadium,2,20.23333333,38
2723,2026-06-26,SoFi Stadium,3,19.54666667,38
2724,2026-06-26,SoFi Stadium,4,19.26,38
2725,2026-06-26,SoFi Stadium,5,19.24666667,38
2726,2026-06-26,SoFi Stadium,6,19.04,38
2727,2026-06-27,SoFi Stadium,7,18.82,38
2728,2026-06-27,SoFi Stadium,22,27.00666667,38
2729,2026-06-27,SoFi Stadium,23,25.47333333,38
2730,2026-06-27,SoFi Stadium,0,23.75333333,38
2731,2026-06-27,SoFi Stadium,1,22.28,38
2732,2026-06-27,SoFi Stadium,2,20.98,38
2733,2026-06-27,SoFi Stadium,3,20.16666667,38
2734,2026-06-27,SoFi Stadium,4,19.56,38
2735,2026-06-27,SoFi Stadium,5,19.18666667,38
2736,2026-06-27,SoFi Stadium,6,19.02666667,38
