month	day	hour	stadium	city	latitude	longitude	timezone_abbreviation	elevation	temperature_2m	relative_humidity_2m	apparent_temperature	span_hours	hour_utc
6	11	12	BMO Field	Toronto	43.690685	-79.41174	GMT-4	83.0	19.68	63.733333333333334	19.413333333333334		16
6	11	13	BMO Field	Toronto	43.690685	-79.41174	GMT-4	83.0	20.106666666666666	63.13333333333333	20.006666666666668		17
6	11	14	BMO Field	Toronto	43.690685	-79.41174	GMT-4	83.0	20.486666666666668	62.666666666666664	20.386666666666667		18
6	11	15	BMO Field	Toronto	43.690685	-79.41174	GMT-4	83.0	20.413333333333334	63.93333333333333	20.10666666666667		19
6	11	16	BMO Field	Toronto	43.690685	-79.41174	GMT-4	83.0	20.32	65.4	19.826666666666664		20
6	11	17	BMO Field	Toronto	43.690685	-79.41174	GMT-4	83.0	20.199999999999996	66.13333333333334	19.453333333333333		21
6	11	18	BMO Field	Toronto	43.690685	-79.41174	GMT-4	83.0	20.166666666666668	65.73333333333333	19.253333333333334		22
6	11	19	BMO Field	Toronto	43.690685	-79.41174	GMT-4	83.0	19.839999999999996	67.06666666666666	18.993333333333336		23
6	11	20	BMO Field	Toronto	43.690685	-79.41174	GMT-4	83.0	19.060000000000002	70.6	18.366666666666667		0
6	11	21	BMO Field	Toronto	43.690685	-79.41174	GMT-4	83.0	18.280000000000005	74.46666666666667	17.779999999999998		1
6	11	22	BMO Field	Toronto	43.690685	-79.41174	GMT-4	83.0	17.693333333333335	77.33333333333333	17.100000000000005		2
6	12	12	BMO Field	Toronto	43.690685	-79.41174	GMT-4	83.0	19.906666666666663	68.73333333333333	20.3		16
6	12	13	BMO Field	Toronto	43.690685	-79.41174	GMT-4	83.0	20.673333333333332	66.33333333333333	21.486666666666668		17
6	12	14	BMO Field	Toronto	43.690685	-79.41174	GMT-4	83.0	21.14666666666666	65.13333333333334	22.0		18
6	12	15	BMO Field	Toronto	43.690685	-79.41174	GMT-4	83.0	21.57333333333333	63.333333333333336	22.19333333333333		19
6	12	16	BMO Field	Toronto	43.690685	-79.41174	GMT-4	83.0	21.69333333333333	62.13333333333333	22.006666666666668		20
6	12	17	BMO Field	Toronto	43.690685	-79.41174	GMT-4	83.0	21.80666666666667	60.86666666666667	21.813333333333333		21
6	12	18	BMO Field	Toronto	43.690685	-79.41174	GMT-4	83.0	21.526666666666667	60.86666666666667	21.186666666666664		22
6	12	19	BMO Field	Toronto	43.690685	-79.41174	GMT-4	83.0	20.913333333333334	61.4	20.186666666666664		23
6	12	20	BMO Field	Toronto	43.690685	-79.41174	GMT-4	83.0	19.779999999999994	62.8	18.753333333333337		0
6	12	21	BMO Field	Toronto	43.690685	-79.41174	GMT-4	83.0	18.59333333333333	64.86666666666666	17.32		1
6	12	22	BMO Field	Toronto	43.690685	-79.41174	GMT-4	83.0	17.68	65.73333333333333	16.266666666666666		2
6	13	12	BMO Field	Toronto	43.690685	-79.41174	GMT-4	83.0	20.899999999999995	58.333333333333336	20.66		16
6	13	13	BMO Field	Toronto	43.690685	-79.41174	GMT-4	83.0	21.086666666666666	58.86666666666667	20.89333333333333		17
6	13	14	BMO Field	Toronto	43.690685	-79.41174	GMT-4	83.0	21.326666666666668	57.666666666666664	21.04		18
6	13	15	BMO Field	Toronto	43.690685	-79.41174	GMT-4	83.0	21.44666666666667	57.13333333333333	20.959999999999997		19
6	13	16	BMO Field	Toronto	43.690685	-79.41174	GMT-4	83.0	21.486666666666668	56.93333333333333	20.866666666666667		20
6	13	17	BMO Field	Toronto	43.690685	-79.41174	GMT-4	83.0	21.240000000000002	58.6	20.506666666666668		21
6	13	18	BMO Field	Toronto	43.690685	-79.41174	GMT-4	83.0	20.866666666666667	60.06666666666667	19.973333333333333		22
6	13	19	BMO Field	Toronto	43.690685	-79.41174	GMT-4	83.0	20.286666666666665	63.2	19.393333333333334		23
6	13	20	BMO Field	Toronto	43.690685	-79.41174	GMT-4	83.0	19.606666666666666	65.53333333333333	18.62666666666667		0
6	13	21	BMO Field	Toronto	43.690685	-79.41174	GMT-4	83.0	18.77333333333333	69.06666666666666	17.873333333333335		1
6	13	22	BMO Field	Toronto	43.690685	-79.41174	GMT-4	83.0	18.033333333333335	71.06666666666666	17.146666666666665		2
6	14	12	BMO Field	Toronto	43.690685	-79.41174	GMT-4	83.0	20.386666666666667	62.46666666666667	20.673333333333332		16
6	14	13	BMO Field	Toronto	43.690685	-79.41174	GMT-4	83.0	20.753333333333334	60.333333333333336	21.366666666666667		17
6	14	14	BMO Field	Toronto	43.690685	-79.41174	GMT-4	83.0	21.026666666666664	58.6	21.76		18
6	14	15	BMO Field	Toronto	43.690685	-79.41174	GMT-4	83.0	21.166666666666668	57.06666666666667	21.540000000000003		19
6	14	16	BMO Field	Toronto	43.690685	-79.41174	GMT-4	83.0	21.24	57.0	21.14		20
6	14	17	BMO Field	Toronto	43.690685	-79.41174	GMT-4	83.0	21.006666666666664	56.8	20.22666666666667		21
6	14	18	BMO Field	Toronto	43.690685	-79.41174	GMT-4	83.0	20.666666666666668	56.733333333333334	19.533333333333335		22
6	14	19	BMO Field	Toronto	43.690685	-79.41174	GMT-4	83.0	20.026666666666674	57.666666666666664	18.74666666666667		23
6	14	20	BMO Field	Toronto	43.690685	-79.41174	GMT-4	83.0	19.279999999999998	59.666666666666664	18.126666666666665		0
6	14	21	BMO Field	Toronto	43.690685	-79.41174	GMT-4	83.0	18.406666666666663	62.266666666666666	17.30666666666667		1
6	14	22	BMO Field	Toronto	43.690685	-79.41174	GMT-4	83.0	17.533333333333335	63.93333333333333	16.306666666666665		2
6	15	12	BMO Field	Toronto	43.690685	-79.41174	GMT-4	83.0	20.25333333333333	56.333333333333336	19.366666666666667		16
6	15	13	BMO Field	Toronto	43.690685	-79.41174	GMT-4	83.0	20.733333333333334	54.6	20.03333333333334		17
6	15	14	BMO Field	Toronto	43.690685	-79.41174	GMT-4	83.0	21.19333333333333	53.333333333333336	20.653333333333332		18
6	15	15	BMO Field	Toronto	43.690685	-79.41174	GMT-4	83.0	21.493333333333332	52.666666666666664	21.013333333333332		19
6	15	16	BMO Field	Toronto	43.690685	-79.41174	GMT-4	83.0	21.459999999999997	53.266666666666666	20.793333333333333		20
6	15	17	BMO Field	Toronto	43.690685	-79.41174	GMT-4	83.0	21.253333333333334	54.53333333333333	20.366666666666667		21
6	15	18	BMO Field	Toronto	43.690685	-79.41174	GMT-4	83.0	20.8	56.6	19.65333333333333		22
6	15	19	BMO Field	Toronto	43.690685	-79.41174	GMT-4	83.0	20.186666666666667	58.6	18.986666666666668		23
6	15	20	BMO Field	Toronto	43.690685	-79.41174	GMT-4	83.0	19.33333333333333	59.666666666666664	17.98		0
6	15	21	BMO Field	Toronto	43.690685	-79.41174	GMT-4	83.0	18.28666666666667	62.13333333333333	16.880000000000003		1
6	15	22	BMO Field	Toronto	43.690685	-79.41174	GMT-4	83.0	17.386666666666667	64.26666666666667	15.88		2
6	16	12	BMO Field	Toronto	43.690685	-79.41174	GMT-4	83.0	22.2	56.53333333333333	22.266666666666662		16
6	16	13	BMO Field	Toronto	43.690685	-79.41174	GMT-4	83.0	22.566666666666666	56.266666666666666	23.019999999999992		17
6	16	14	BMO Field	Toronto	43.690685	-79.41174	GMT-4	83.0	23.046666666666667	55.0	23.55333333333333		18
6	16	15	BMO Field	Toronto	43.690685	-79.41174	GMT-4	83.0	23.41333333333333	53.13333333333333	23.633333333333333		19
6	16	16	BMO Field	Toronto	43.690685	-79.41174	GMT-4	83.0	23.75333333333333	50.666666666666664	23.406666666666663		20
6	16	17	BMO Field	Toronto	43.690685	-79.41174	GMT-4	83.0	23.27333333333333	51.333333333333336	22.373333333333335		21
6	16	18	BMO Field	Toronto	43.690685	-79.41174	GMT-4	83.0	22.34	53.93333333333333	21.02		22
6	16	19	BMO Field	Toronto	43.690685	-79.41174	GMT-4	83.0	21.26	56.6	19.826666666666664		23
6	16	20	BMO Field	Toronto	43.690685	-79.41174	GMT-4	83.0	20.10666666666667	58.86666666666667	18.740000000000002		0
6	16	21	BMO Field	Toronto	43.690685	-79.41174	GMT-4	83.0	19.066666666666666	60.4	17.68		1
6	16	22	BMO Field	Toronto	43.690685	-79.41174	GMT-4	83.0	18.186666666666667	62.2	16.759999999999998		2
6	17	12	BMO Field	Toronto	43.690685	-79.41174	GMT-4	83.0	23.206666666666663	52.06666666666667	22.86		16
6	17	13	BMO Field	Toronto	43.690685	-79.41174	GMT-4	83.0	24.14666666666666	49.06666666666667	23.799999999999997		17
6	17	14	BMO Field	Toronto	43.690685	-79.41174	GMT-4	83.0	24.82666666666666	46.666666666666664	24.27333333333333		18
6	17	15	BMO Field	Toronto	43.690685	-79.41174	GMT-4	83.0	25.133333333333333	45.266666666666666	24.133333333333333		19
6	17	16	BMO Field	Toronto	43.690685	-79.41174	GMT-4	83.0	24.946666666666665	46.0	23.6		20
6	17	17	BMO Field	Toronto	43.690685	-79.41174	GMT-4	83.0	24.386666666666663	48.2	22.720000000000006		21
6	17	18	BMO Field	Toronto	43.690685	-79.41174	GMT-4	83.0	23.466666666666665	51.666666666666664	21.71333333333333		22
6	17	19	BMO Field	Toronto	43.690685	-79.41174	GMT-4	83.0	22.386666666666667	54.733333333333334	20.706666666666667		23
6	17	20	BMO Field	Toronto	43.690685	-79.41174	GMT-4	83.0	21.1	58.0	19.580000000000002		0
6	17	21	BMO Field	Toronto	43.690685	-79.41174	GMT-4	83.0	19.98	60.8	18.553333333333335		1
6	17	22	BMO Field	Toronto	43.690685	-79.41174	GMT-4	83.0	19.133333333333333	63.86666666666667	17.78666666666667		2
6	18	12	BMO Field	Toronto	43.690685	-79.41174	GMT-4	83.0	21.22666666666667	70.13333333333334	22.040000000000006		16
6	18	13	BMO Field	Toronto	43.690685	-79.41174	GMT-4	83.0	21.66666666666667	68.6	22.64666666666667		17
6	18	14	BMO Field	Toronto	43.690685	-79.41174	GMT-4	83.0	22.34666666666667	66.26666666666667	23.506666666666668		18
6	18	15	BMO Field	Toronto	43.690685	-79.41174	GMT-4	83.0	22.793333333333333	64.46666666666667	23.766666666666666		19
6	18	16	BMO Field	Toronto	43.690685	-79.41174	GMT-4	83.0	22.99333333333333	64.0	23.759999999999998		20
6	18	17	BMO Field	Toronto	43.690685	-79.41174	GMT-4	83.0	23.099999999999998	63.93333333333333	23.613333333333337		21
6	18	18	BMO Field	Toronto	43.690685	-79.41174	GMT-4	83.0	23.25333333333333	63.4	23.79333333333333		22
6	18	19	BMO Field	Toronto	43.690685	-79.41174	GMT-4	83.0	22.69333333333333	64.8	23.06		23
6	18	20	BMO Field	Toronto	43.690685	-79.41174	GMT-4	83.0	21.62	68.26666666666667	21.946666666666665		0
6	18	21	BMO Field	Toronto	43.690685	-79.41174	GMT-4	83.0	20.453333333333333	72.53333333333333	20.75333333333333		1
6	18	22	BMO Field	Toronto	43.690685	-79.41174	GMT-4	83.0	19.613333333333337	76.26666666666667	19.93333333333333		2
6	19	12	BMO Field	Toronto	43.690685	-79.41174	GMT-4	83.0	24.02	58.06666666666667	24.30666666666667		16
6	19	13	BMO Field	Toronto	43.690685	-79.41174	GMT-4	83.0	24.84	53.8	24.88		17
6	19	14	BMO Field	Toronto	43.690685	-79.41174	GMT-4	83.0	25.3	50.666666666666664	25.006666666666668		18
6	19	15	BMO Field	Toronto	43.690685	-79.41174	GMT-4	83.0	25.340000000000007	49.333333333333336	24.573333333333334		19
6	19	16	BMO Field	Toronto	43.690685	-79.41174	GMT-4	83.0	25.14	48.266666666666666	23.813333333333333		20
6	19	17	BMO Field	Toronto	43.690685	-79.41174	GMT-4	83.0	24.799999999999997	48.333333333333336	23.133333333333336		21
6	19	18	BMO Field	Toronto	43.690685	-79.41174	GMT-4	83.0	24.286666666666658	49.8	22.66666666666667		22
6	19	19	BMO Field	Toronto	43.690685	-79.41174	GMT-4	83.0	23.339999999999996	53.53333333333333	22.153333333333332		23
6	19	20	BMO Field	Toronto	43.690685	-79.41174	GMT-4	83.0	21.92	57.666666666666664	20.913333333333334		0
6	19	21	BMO Field	Toronto	43.690685	-79.41174	GMT-4	83.0	20.580000000000002	61.333333333333336	19.626666666666665		1
6	19	22	BMO Field	Toronto	43.690685	-79.41174	GMT-4	83.0	19.513333333333332	64.33333333333333	18.499999999999996		2
6	20	12	BMO Field	Toronto	43.690685	-79.41174	GMT-4	83.0	23.13333333333333	59.8	24.04666666666667		16
6	20	13	BMO Field	Toronto	43.690685	-79.41174	GMT-4	83.0	23.8	59.266666666666666	25.120000000000005		17
6	20	14	BMO Field	Toronto	43.690685	-79.41174	GMT-4	83.0	24.413333333333334	57.46666666666667	25.666666666666668		18
6	20	15	BMO Field	Toronto	43.690685	-79.41174	GMT-4	83.0	24.693333333333328	57.13333333333333	25.633333333333336		19
6	20	16	BMO Field	Toronto	43.690685	-79.41174	GMT-4	83.0	24.653333333333332	58.46666666666667	25.280000000000005		20
6	20	17	BMO Field	Toronto	43.690685	-79.41174	GMT-4	83.0	24.373333333333335	61.46666666666667	24.84666666666667		21
6	20	18	BMO Field	Toronto	43.690685	-79.41174	GMT-4	83.0	24.08	63.4	24.546666666666667		22
6	20	19	BMO Field	Toronto	43.690685	-79.41174	GMT-4	83.0	23.52	66.0	24.133333333333333		23
6	20	20	BMO Field	Toronto	43.690685	-79.41174	GMT-4	83.0	22.393333333333327	70.2	23.126666666666665		0
6	20	21	BMO Field	Toronto	43.690685	-79.41174	GMT-4	83.0	21.266666666666662	74.26666666666667	22.026666666666664		1
6	20	22	BMO Field	Toronto	43.690685	-79.41174	GMT-4	83.0	20.37333333333333	77.13333333333334	21.113333333333337		2
6	21	12	BMO Field	Toronto	43.690685	-79.41174	GMT-4	83.0	23.886666666666667	74.53333333333333	25.80666666666667		16
6	21	13	BMO Field	Toronto	43.690685	-79.41174	GMT-4	83.0	24.420000000000005	73.26666666666667	26.56		17
6	21	14	BMO Field	Toronto	43.690685	-79.41174	GMT-4	83.0	24.826666666666668	72.33333333333333	27.086666666666662		18
6	21	15	BMO Field	Toronto	43.690685	-79.41174	GMT-4	83.0	25.22666666666667	70.26666666666667	27.166666666666668		19
6	21	16	BMO Field	Toronto	43.690685	-79.41174	GMT-4	83.0	25.373333333333335	68.4	26.740000000000002		20
6	21	17	BMO Field	Toronto	43.690685	-79.41174	GMT-4	83.0	25.193333333333328	66.8	25.866666666666664		21
6	21	18	BMO Field	Toronto	43.690685	-79.41174	GMT-4	83.0	24.573333333333334	67.33333333333333	24.866666666666667		22
6	21	19	BMO Field	Toronto	43.690685	-79.41174	GMT-4	83.0	23.78666666666667	69.2	24.066666666666666		23
6	21	20	BMO Field	Toronto	43.690685	-79.41174	GMT-4	83.0	22.839999999999996	71.2	23.193333333333335		0
6	21	21	BMO Field	Toronto	43.690685	-79.41174	GMT-4	83.0	21.813333333333336	72.8	22.10666666666667		1
6	21	22	BMO Field	Toronto	43.690685	-79.41174	GMT-4	83.0	21.03333333333334	73.53333333333333	21.2		2
6	22	12	BMO Field	Toronto	43.690685	-79.41174	GMT-4	83.0	24.12	66.53333333333333	25.72666666666667		16
6	22	13	BMO Field	Toronto	43.690685	-79.41174	GMT-4	83.0	24.613333333333333	64.13333333333334	26.253333333333334		17
6	22	14	BMO Field	Toronto	43.690685	-79.41174	GMT-4	83.0	25.24	60.333333333333336	26.766666666666666		18
6	22	15	BMO Field	Toronto	43.690685	-79.41174	GMT-4	83.0	25.22666666666667	58.93333333333333	26.400000000000002		19
6	22	16	BMO Field	Toronto	43.690685	-79.41174	GMT-4	83.0	24.73333333333333	58.266666666666666	25.28666666666667		20
6	22	17	BMO Field	Toronto	43.690685	-79.41174	GMT-4	83.0	23.953333333333333	59.93333333333333	24.15333333333334		21
6	22	18	BMO Field	Toronto	43.690685	-79.41174	GMT-4	83.0	23.360000000000003	61.333333333333336	23.453333333333337		22
6	22	19	BMO Field	Toronto	43.690685	-79.41174	GMT-4	83.0	22.96	63.266666666666666	23.306666666666665		23
6	22	20	BMO Field	Toronto	43.690685	-79.41174	GMT-4	83.0	22.259999999999998	65.8	22.679999999999996		0
6	22	21	BMO Field	Toronto	43.690685	-79.41174	GMT-4	83.0	21.346666666666668	68.8	21.82		1
6	22	22	BMO Field	Toronto	43.690685	-79.41174	GMT-4	83.0	20.420000000000005	72.0	20.9		2
6	23	12	BMO Field	Toronto	43.690685	-79.41174	GMT-4	83.0	24.48	66.86666666666666	26.14		16
6	23	13	BMO Field	Toronto	43.690685	-79.41174	GMT-4	83.0	25.07333333333333	63.4	26.69333333333333		17
6	23	14	BMO Field	Toronto	43.690685	-79.41174	GMT-4	83.0	25.673333333333332	58.6	26.886666666666667		18
6	23	15	BMO Field	Toronto	43.690685	-79.41174	GMT-4	83.0	26.16	54.266666666666666	26.7		19
6	23	16	BMO Field	Toronto	43.690685	-79.41174	GMT-4	83.0	26.34666666666667	51.93333333333333	26.186666666666664		20
6	23	17	BMO Field	Toronto	43.690685	-79.41174	GMT-4	83.0	25.966666666666672	52.86666666666667	25.19333333333333		21
6	23	18	BMO Field	Toronto	43.690685	-79.41174	GMT-4	83.0	25.279999999999998	55.4	24.313333333333333		22
6	23	19	BMO Field	Toronto	43.690685	-79.41174	GMT-4	83.0	24.426666666666666	59.06666666666667	23.626666666666665		23
6	23	20	BMO Field	Toronto	43.690685	-79.41174	GMT-4	83.0	23.41333333333333	62.53333333333333	22.973333333333333		0
6	23	21	BMO Field	Toronto	43.690685	-79.41174	GMT-4	83.0	22.36	65.86666666666666	22.060000000000002		1
6	23	22	BMO Field	Toronto	43.690685	-79.41174	GMT-4	83.0	21.453333333333333	67.53333333333333	21.12		2
6	24	12	BMO Field	Toronto	43.690685	-79.41174	GMT-4	83.0	25.940000000000005	54.13333333333333	26.913333333333338		16
6	24	13	BMO Field	Toronto	43.690685	-79.41174	GMT-4	83.0	26.626666666666672	51.13333333333333	27.513333333333332		17
6	24	14	BMO Field	Toronto	43.690685	-79.41174	GMT-4	83.0	27.213333333333342	48.6	27.85333333333333		18
6	24	15	BMO Field	Toronto	43.690685	-79.41174	GMT-4	83.0	27.473333333333336	47.46666666666667	27.853333333333335		19
6	24	16	BMO Field	Toronto	43.690685	-79.41174	GMT-4	83.0	27.35333333333334	48.13333333333333	27.573333333333338		20
6	24	17	BMO Field	Toronto	43.690685	-79.41174	GMT-4	83.0	27.073333333333334	49.4	27.173333333333336		21
6	24	18	BMO Field	Toronto	43.690685	-79.41174	GMT-4	83.0	26.686666666666667	51.6	26.920000000000005		22
6	24	19	BMO Field	Toronto	43.690685	-79.41174	GMT-4	83.0	25.966666666666665	54.06666666666667	26.3		23
6	24	20	BMO Field	Toronto	43.690685	-79.41174	GMT-4	83.0	24.839999999999996	57.333333333333336	25.28666666666667		0
6	24	21	BMO Field	Toronto	43.690685	-79.41174	GMT-4	83.0	23.513333333333332	61.46666666666667	23.94		1
6	24	22	BMO Field	Toronto	43.690685	-79.41174	GMT-4	83.0	22.43333333333333	65.53333333333333	22.873333333333335		2
6	25	12	BMO Field	Toronto	43.690685	-79.41174	GMT-4	83.0	25.046666666666667	61.93333333333333	26.266666666666666		16
6	25	13	BMO Field	Toronto	43.690685	-79.41174	GMT-4	83.0	25.546666666666667	60.333333333333336	26.82		17
6	25	14	BMO Field	Toronto	43.690685	-79.41174	GMT-4	83.0	25.92	59.53333333333333	27.32		18
6	25	15	BMO Field	Toronto	43.690685	-79.41174	GMT-4	83.0	25.806666666666665	61.86666666666667	27.299999999999997		19
6	25	16	BMO Field	Toronto	43.690685	-79.41174	GMT-4	83.0	25.566666666666666	64.73333333333333	27.153333333333332		20
6	25	17	BMO Field	Toronto	43.690685	-79.41174	GMT-4	83.0	25.07333333333333	68.46666666666667	26.486666666666665		21
6	25	18	BMO Field	Toronto	43.690685	-79.41174	GMT-4	83.0	24.533333333333335	71.33333333333333	25.813333333333333		22
6	25	19	BMO Field	Toronto	43.690685	-79.41174	GMT-4	83.0	23.74666666666667	74.73333333333333	24.973333333333333		23
6	25	20	BMO Field	Toronto	43.690685	-79.41174	GMT-4	83.0	22.893333333333334	77.46666666666667	24.133333333333336		0
6	25	21	BMO Field	Toronto	43.690685	-79.41174	GMT-4	83.0	22.166666666666668	79.06666666666666	23.386666666666667		1
6	25	22	BMO Field	Toronto	43.690685	-79.41174	GMT-4	83.0	21.75333333333333	79.46666666666667	22.88		2
6	26	12	BMO Field	Toronto	43.690685	-79.41174	GMT-4	83.0	23.479999999999997	68.6	23.91333333333333		16
6	26	13	BMO Field	Toronto	43.690685	-79.41174	GMT-4	83.0	23.89333333333333	67.6	24.426666666666666		17
6	26	14	BMO Field	Toronto	43.690685	-79.41174	GMT-4	83.0	23.980000000000004	67.73333333333333	24.486666666666668		18
6	26	15	BMO Field	Toronto	43.690685	-79.41174	GMT-4	83.0	23.78666666666667	69.66666666666667	24.30666666666667		19
6	26	16	BMO Field	Toronto	43.690685	-79.41174	GMT-4	83.0	23.526666666666667	71.6	24.04666666666667		20
6	26	17	BMO Field	Toronto	43.690685	-79.41174	GMT-4	83.0	23.233333333333334	74.26666666666667	24.013333333333332		21
6	26	18	BMO Field	Toronto	43.690685	-79.41174	GMT-4	83.0	22.880000000000006	75.46666666666667	23.80666666666667		22
6	26	19	BMO Field	Toronto	43.690685	-79.41174	GMT-4	83.0	22.493333333333336	76.13333333333334	23.473333333333336		23
6	26	20	BMO Field	Toronto	43.690685	-79.41174	GMT-4	83.0	21.84	77.6	22.639999999999997		0
6	26	21	BMO Field	Toronto	43.690685	-79.41174	GMT-4	83.0	21.053333333333335	80.6	21.793333333333337		1
6	26	22	BMO Field	Toronto	43.690685	-79.41174	GMT-4	83.0	20.326666666666668	83.6	21.08666666666667		2
6	27	12	BMO Field	Toronto	43.690685	-79.41174	GMT-4	83.0	21.833333333333332	66.26666666666667	21.65333333333334		16
6	27	13	BMO Field	Toronto	43.690685	-79.41174	GMT-4	83.0	22.620000000000005	63.93333333333333	22.779999999999998		17
6	27	14	BMO Field	Toronto	43.690685	-79.41174	GMT-4	83.0	23.240000000000002	62.13333333333333	23.62666666666666		18
6	27	15	BMO Field	Toronto	43.690685	-79.41174	GMT-4	83.0	23.62	61.06666666666667	24.039999999999996		19
6	27	16	BMO Field	Toronto	43.690685	-79.41174	GMT-4	83.0	23.546666666666667	61.666666666666664	23.720000000000002		20
6	27	17	BMO Field	Toronto	43.690685	-79.41174	GMT-4	83.0	23.220000000000006	62.0	22.993333333333332		21
6	27	18	BMO Field	Toronto	43.690685	-79.41174	GMT-4	83.0	22.706666666666667	62.266666666666666	22.06		22
6	27	19	BMO Field	Toronto	43.690685	-79.41174	GMT-4	83.0	22.08666666666667	62.86666666666667	21.259999999999998		23
6	27	20	BMO Field	Toronto	43.690685	-79.41174	GMT-4	83.0	21.206666666666667	64.46666666666667	20.353333333333335		0
6	27	21	BMO Field	Toronto	43.690685	-79.41174	GMT-4	83.0	20.36666666666667	66.4	19.55333333333333		1
6	27	22	BMO Field	Toronto	43.690685	-79.41174	GMT-4	83.0	19.713333333333335	68.06666666666666	18.933333333333334		2
6	11	12	MetLife Stadium	East Rutherford	40.808434	-74.0199	GMT-4	4.0	23.686666666666664	47.733333333333334	23.69333333333333		16
6	11	13	MetLife Stadium	East Rutherford	40.808434	-74.0199	GMT-4	4.0	24.060000000000002	46.13333333333333	23.66		17
6	11	14	MetLife Stadium	East Rutherford	40.808434	-74.0199	GMT-4	4.0	24.060000000000002	46.666666666666664	23.253333333333334		18
6	11	15	MetLife Stadium	East Rutherford	40.808434	-74.0199	GMT-4	4.0	23.766666666666666	49.13333333333333	22.773333333333333		19
6	11	16	MetLife Stadium	East Rutherford	40.808434	-74.0199	GMT-4	4.0	23.413333333333334	51.13333333333333	22.473333333333336		20
6	11	17	MetLife Stadium	East Rutherford	40.808434	-74.0199	GMT-4	4.0	23.046666666666667	52.93333333333333	22.273333333333333		21
6	11	18	MetLife Stadium	East Rutherford	40.808434	-74.0199	GMT-4	4.0	22.573333333333334	54.93333333333333	21.986666666666668		22
6	11	19	MetLife Stadium	East Rutherford	40.808434	-74.0199	GMT-4	4.0	21.94666666666667	59.266666666666666	21.646666666666665		23
6	11	20	MetLife Stadium	East Rutherford	40.808434	-74.0199	GMT-4	4.0	21.219999999999995	64.06666666666666	21.173333333333336		0
6	11	21	MetLife Stadium	East Rutherford	40.808434	-74.0199	GMT-4	4.0	20.540000000000003	68.0	20.653333333333332		1
6	11	22	MetLife Stadium	East Rutherford	40.808434	-74.0199	GMT-4	4.0	19.94	69.93333333333334	20.073333333333334		2
6	12	12	MetLife Stadium	East Rutherford	40.808434	-74.0199	GMT-4	4.0	23.060000000000002	65.06666666666666	23.333333333333332		16
6	12	13	MetLife Stadium	East Rutherford	40.808434	-74.0199	GMT-4	4.0	23.7	62.0	23.933333333333337		17
6	12	14	MetLife Stadium	East Rutherford	40.808434	-74.0199	GMT-4	4.0	24.273333333333333	58.46666666666667	24.28666666666667		18
6	12	15	MetLife Stadium	East Rutherford	40.808434	-74.0199	GMT-4	4.0	24.660000000000004	56.4	24.4		19
6	12	16	MetLife Stadium	East Rutherford	40.808434	-74.0199	GMT-4	4.0	24.506666666666668	57.06666666666667	24.033333333333328		20
6	12	17	MetLife Stadium	East Rutherford	40.808434	-74.0199	GMT-4	4.0	23.946666666666665	61.266666666666666	23.55333333333333		21
6	12	18	MetLife Stadium	East Rutherford	40.808434	-74.0199	GMT-4	4.0	23.15333333333334	66.13333333333334	22.98		22
6	12	19	MetLife Stadium	East Rutherford	40.808434	-74.0199	GMT-4	4.0	22.320000000000004	70.66666666666667	22.606666666666673		23
6	12	20	MetLife Stadium	East Rutherford	40.808434	-74.0199	GMT-4	4.0	21.573333333333338	74.73333333333333	22.160000000000004		0
6	12	21	MetLife Stadium	East Rutherford	40.808434	-74.0199	GMT-4	4.0	20.860000000000003	78.8	21.720000000000002		1
6	12	22	MetLife Stadium	East Rutherford	40.808434	-74.0199	GMT-4	4.0	20.306666666666665	82.06666666666666	21.166666666666668		2
6	13	12	MetLife Stadium	East Rutherford	40.808434	-74.0199	GMT-4	4.0	25.86666666666667	48.86666666666667	26.84666666666666		16
6	13	13	MetLife Stadium	East Rutherford	40.808434	-74.0199	GMT-4	4.0	26.526666666666667	47.333333333333336	27.35333333333333		17
6	13	14	MetLife Stadium	East Rutherford	40.808434	-74.0199	GMT-4	4.0	26.493333333333336	47.53333333333333	26.806666666666665		18
6	13	15	MetLife Stadium	East Rutherford	40.808434	-74.0199	GMT-4	4.0	26.16666666666667	48.266666666666666	26.006666666666668		19
6	13	16	MetLife Stadium	East Rutherford	40.808434	-74.0199	GMT-4	4.0	25.74	49.2	25.100000000000005		20
6	13	17	MetLife Stadium	East Rutherford	40.808434	-74.0199	GMT-4	4.0	25.46	50.13333333333333	24.64		21
6	13	18	MetLife Stadium	East Rutherford	40.808434	-74.0199	GMT-4	4.0	24.84	52.2	23.98		22
6	13	19	MetLife Stadium	East Rutherford	40.808434	-74.0199	GMT-4	4.0	23.92	54.06666666666667	23.086666666666666		23
6	13	20	MetLife Stadium	East Rutherford	40.808434	-74.0199	GMT-4	4.0	22.826666666666664	56.46666666666667	22.053333333333335		0
6	13	21	MetLife Stadium	East Rutherford	40.808434	-74.0199	GMT-4	4.0	21.886666666666663	57.53333333333333	21.08		1
6	13	22	MetLife Stadium	East Rutherford	40.808434	-74.0199	GMT-4	4.0	21.08	59.0	20.27333333333333		2
6	14	12	MetLife Stadium	East Rutherford	40.808434	-74.0199	GMT-4	4.0	22.720000000000002	66.06666666666666	23.62666666666667		16
6	14	13	MetLife Stadium	East Rutherford	40.808434	-74.0199	GMT-4	4.0	22.48	67.0	23.393333333333334		17
6	14	14	MetLife Stadium	East Rutherford	40.808434	-74.0199	GMT-4	4.0	22.146666666666665	69.0	22.85333333333334		18
6	14	15	MetLife Stadium	East Rutherford	40.808434	-74.0199	GMT-4	4.0	21.91333333333333	70.33333333333333	22.433333333333334		19
6	14	16	MetLife Stadium	East Rutherford	40.808434	-74.0199	GMT-4	4.0	22.313333333333333	69.66666666666667	22.833333333333332		20
6	14	17	MetLife Stadium	East Rutherford	40.808434	-74.0199	GMT-4	4.0	22.413333333333334	69.2	22.706666666666667		21
6	14	18	MetLife Stadium	East Rutherford	40.808434	-74.0199	GMT-4	4.0	21.90666666666667	71.4	22.2		22
6	14	19	MetLife Stadium	East Rutherford	40.808434	-74.0199	GMT-4	4.0	21.1	74.06666666666666	21.36		23
6	14	20	MetLife Stadium	East Rutherford	40.808434	-74.0199	GMT-4	4.0	20.286666666666672	76.0	20.679999999999996		0
6	14	21	MetLife Stadium	East Rutherford	40.808434	-74.0199	GMT-4	4.0	19.72666666666667	76.6	20.14		1
6	14	22	MetLife Stadium	East Rutherford	40.808434	-74.0199	GMT-4	4.0	19.226666666666667	77.86666666666666	19.713333333333335		2
6	15	12	MetLife Stadium	East Rutherford	40.808434	-74.0199	GMT-4	4.0	23.206666666666667	53.86666666666667	23.353333333333335		16
6	15	13	MetLife Stadium	East Rutherford	40.808434	-74.0199	GMT-4	4.0	23.746666666666666	51.666666666666664	23.706666666666663		17
6	15	14	MetLife Stadium	East Rutherford	40.808434	-74.0199	GMT-4	4.0	24.12666666666667	50.333333333333336	23.826666666666668		18
6	15	15	MetLife Stadium	East Rutherford	40.808434	-74.0199	GMT-4	4.0	24.153333333333332	50.2	23.393333333333334		19
6	15	16	MetLife Stadium	East Rutherford	40.808434	-74.0199	GMT-4	4.0	24.133333333333336	50.06666666666667	23.046666666666667		20
6	15	17	MetLife Stadium	East Rutherford	40.808434	-74.0199	GMT-4	4.0	23.8	51.46666666666667	22.44		21
6	15	18	MetLife Stadium	East Rutherford	40.808434	-74.0199	GMT-4	4.0	23.213333333333328	54.333333333333336	21.953333333333333		22
6	15	19	MetLife Stadium	East Rutherford	40.808434	-74.0199	GMT-4	4.0	22.166666666666664	59.46666666666667	21.366666666666667		23
6	15	20	MetLife Stadium	East Rutherford	40.808434	-74.0199	GMT-4	4.0	20.933333333333334	64.53333333333333	20.5		0
6	15	21	MetLife Stadium	East Rutherford	40.808434	-74.0199	GMT-4	4.0	19.77333333333333	69.46666666666667	19.613333333333337		1
6	15	22	MetLife Stadium	East Rutherford	40.808434	-74.0199	GMT-4	4.0	18.966666666666665	72.13333333333334	18.773333333333333		2
6	16	12	MetLife Stadium	East Rutherford	40.808434	-74.0199	GMT-4	4.0	22.18	54.53333333333333	21.606666666666666		16
6	16	13	MetLife Stadium	East Rutherford	40.808434	-74.0199	GMT-4	4.0	22.35333333333333	55.53333333333333	21.906666666666663		17
6	16	14	MetLife Stadium	East Rutherford	40.808434	-74.0199	GMT-4	4.0	22.146666666666665	58.46666666666667	21.73333333333333		18
6	16	15	MetLife Stadium	East Rutherford	40.808434	-74.0199	GMT-4	4.0	21.759999999999998	61.266666666666666	21.233333333333334		19
6	16	16	MetLife Stadium	East Rutherford	40.808434	-74.0199	GMT-4	4.0	21.48	62.733333333333334	20.779999999999998		20
6	16	17	MetLife Stadium	East Rutherford	40.808434	-74.0199	GMT-4	4.0	21.226666666666674	63.86666666666667	20.326666666666668		21
6	16	18	MetLife Stadium	East Rutherford	40.808434	-74.0199	GMT-4	4.0	20.853333333333335	66.53333333333333	20.1		22
6	16	19	MetLife Stadium	East Rutherford	40.808434	-74.0199	GMT-4	4.0	20.240000000000002	69.53333333333333	19.706666666666663		23
6	16	20	MetLife Stadium	East Rutherford	40.808434	-74.0199	GMT-4	4.0	19.453333333333333	73.4	19.19333333333333		0
6	16	21	MetLife Stadium	East Rutherford	40.808434	-74.0199	GMT-4	4.0	18.733333333333338	76.46666666666667	18.540000000000003		1
6	16	22	MetLife Stadium	East Rutherford	40.808434	-74.0199	GMT-4	4.0	18.18	79.26666666666667	18.133333333333333		2
6	17	12	MetLife Stadium	East Rutherford	40.808434	-74.0199	GMT-4	4.0	24.686666666666667	54.266666666666666	24.933333333333337		16
6	17	13	MetLife Stadium	East Rutherford	40.808434	-74.0199	GMT-4	4.0	25.62	49.733333333333334	25.580000000000005		17
6	17	14	MetLife Stadium	East Rutherford	40.808434	-74.0199	GMT-4	4.0	25.993333333333332	48.266666666666666	25.660000000000004		18
6	17	15	MetLife Stadium	East Rutherford	40.808434	-74.0199	GMT-4	4.0	25.89333333333333	48.46666666666667	25.206666666666667		19
6	17	16	MetLife Stadium	East Rutherford	40.808434	-74.0199	GMT-4	4.0	25.439999999999998	49.53333333333333	24.346666666666668		20
6	17	17	MetLife Stadium	East Rutherford	40.808434	-74.0199	GMT-4	4.0	25.113333333333333	50.46666666666667	23.76		21
6	17	18	MetLife Stadium	East Rutherford	40.808434	-74.0199	GMT-4	4.0	24.600000000000005	52.53333333333333	23.306666666666665		22
6	17	19	MetLife Stadium	East Rutherford	40.808434	-74.0199	GMT-4	4.0	23.773333333333333	56.6	22.86		23
6	17	20	MetLife Stadium	East Rutherford	40.808434	-74.0199	GMT-4	4.0	22.593333333333337	61.46666666666667	22.09333333333333		0
6	17	21	MetLife Stadium	East Rutherford	40.808434	-74.0199	GMT-4	4.0	21.393333333333334	66.26666666666667	21.179999999999996		1
6	17	22	MetLife Stadium	East Rutherford	40.808434	-74.0199	GMT-4	4.0	20.39333333333333	69.86666666666666	20.306666666666665		2
6	18	12	MetLife Stadium	East Rutherford	40.808434	-74.0199	GMT-4	4.0	24.899999999999995	53.93333333333333	25.253333333333334		16
6	18	13	MetLife Stadium	East Rutherford	40.808434	-74.0199	GMT-4	4.0	25.673333333333332	51.333333333333336	26.000000000000004		17
6	18	14	MetLife Stadium	East Rutherford	40.808434	-74.0199	GMT-4	4.0	26.220000000000002	49.8	26.40666666666667		18
6	18	15	MetLife Stadium	East Rutherford	40.808434	-74.0199	GMT-4	4.0	26.21333333333333	50.666666666666664	26.14		19
6	18	16	MetLife Stadium	East Rutherford	40.808434	-74.0199	GMT-4	4.0	25.779999999999998	53.06666666666667	25.386666666666663		20
6	18	17	MetLife Stadium	East Rutherford	40.808434	-74.0199	GMT-4	4.0	24.82	56.93333333333333	24.293333333333333		21
6	18	18	MetLife Stadium	East Rutherford	40.808434	-74.0199	GMT-4	4.0	23.926666666666666	59.266666666666666	23.286666666666672		22
6	18	19	MetLife Stadium	East Rutherford	40.808434	-74.0199	GMT-4	4.0	23.046666666666663	61.86666666666667	22.666666666666668		23
6	18	20	MetLife Stadium	East Rutherford	40.808434	-74.0199	GMT-4	4.0	22.326666666666664	63.4	21.973333333333336		0
6	18	21	MetLife Stadium	East Rutherford	40.808434	-74.0199	GMT-4	4.0	21.553333333333335	66.0	21.433333333333337		1
6	18	22	MetLife Stadium	East Rutherford	40.808434	-74.0199	GMT-4	4.0	20.913333333333334	68.06666666666666	20.886666666666667		2
6	19	12	MetLife Stadium	East Rutherford	40.808434	-74.0199	GMT-4	4.0	26.660000000000004	53.4	28.53333333333334		16
6	19	13	MetLife Stadium	East Rutherford	40.808434	-74.0199	GMT-4	4.0	27.353333333333335	50.6	29.000000000000004		17
6	19	14	MetLife Stadium	East Rutherford	40.808434	-74.0199	GMT-4	4.0	27.680000000000003	48.733333333333334	28.740000000000002		18
6	19	15	MetLife Stadium	East Rutherford	40.808434	-74.0199	GMT-4	4.0	27.68666666666667	47.8	28.1		19
6	19	16	MetLife Stadium	East Rutherford	40.808434	-74.0199	GMT-4	4.0	27.353333333333335	48.0	27.199999999999996		20
6	19	17	MetLife Stadium	East Rutherford	40.808434	-74.0199	GMT-4	4.0	26.593333333333337	50.53333333333333	26.226666666666667		21
6	19	18	MetLife Stadium	East Rutherford	40.808434	-74.0199	GMT-4	4.0	25.379999999999995	54.86666666666667	24.90666666666667		22
6	19	19	MetLife Stadium	East Rutherford	40.808434	-74.0199	GMT-4	4.0	24.0	59.53333333333333	23.613333333333337		23
6	19	20	MetLife Stadium	East Rutherford	40.808434	-74.0199	GMT-4	4.0	22.673333333333332	63.86666666666667	22.38		0
6	19	21	MetLife Stadium	East Rutherford	40.808434	-74.0199	GMT-4	4.0	21.566666666666666	67.53333333333333	21.459999999999994		1
6	19	22	MetLife Stadium	East Rutherford	40.808434	-74.0199	GMT-4	4.0	20.84	70.26666666666667	20.699999999999996		2
6	20	12	MetLife Stadium	East Rutherford	40.808434	-74.0199	GMT-4	4.0	26.173333333333332	49.13333333333333	26.92		16
6	20	13	MetLife Stadium	East Rutherford	40.808434	-74.0199	GMT-4	4.0	27.206666666666663	46.2	28.073333333333334		17
6	20	14	MetLife Stadium	East Rutherford	40.808434	-74.0199	GMT-4	4.0	27.7	45.333333333333336	28.56		18
6	20	15	MetLife Stadium	East Rutherford	40.808434	-74.0199	GMT-4	4.0	27.733333333333334	45.93333333333333	28.313333333333336		19
6	20	16	MetLife Stadium	East Rutherford	40.808434	-74.0199	GMT-4	4.0	27.43333333333333	47.53333333333333	27.566666666666666		20
6	20	17	MetLife Stadium	East Rutherford	40.808434	-74.0199	GMT-4	4.0	26.89333333333333	49.46666666666667	26.7		21
6	20	18	MetLife Stadium	East Rutherford	40.808434	-74.0199	GMT-4	4.0	26.166666666666668	52.13333333333333	25.953333333333333		22
6	20	19	MetLife Stadium	East Rutherford	40.808434	-74.0199	GMT-4	4.0	25.119999999999997	55.8	25.113333333333333		23
6	20	20	MetLife Stadium	East Rutherford	40.808434	-74.0199	GMT-4	4.0	24.020000000000003	59.93333333333333	24.326666666666664		0
6	20	21	MetLife Stadium	East Rutherford	40.808434	-74.0199	GMT-4	4.0	23.006666666666668	64.26666666666667	23.62666666666667		1
6	20	22	MetLife Stadium	East Rutherford	40.808434	-74.0199	GMT-4	4.0	22.266666666666666	67.66666666666667	23.093333333333337		2
6	21	12	MetLife Stadium	East Rutherford	40.808434	-74.0199	GMT-4	4.0	27.039999999999996	53.0	28.56		16
6	21	13	MetLife Stadium	East Rutherford	40.808434	-74.0199	GMT-4	4.0	27.746666666666663	50.53333333333333	29.113333333333337		17
6	21	14	MetLife Stadium	East Rutherford	40.808434	-74.0199	GMT-4	4.0	28.266666666666662	48.733333333333334	29.40666666666667		18
6	21	15	MetLife Stadium	East Rutherford	40.808434	-74.0199	GMT-4	4.0	28.259999999999998	48.333333333333336	28.90666666666667		19
6	21	16	MetLife Stadium	East Rutherford	40.808434	-74.0199	GMT-4	4.0	27.606666666666666	50.8	28.0		20
6	21	17	MetLife Stadium	East Rutherford	40.808434	-74.0199	GMT-4	4.0	26.686666666666667	53.86666666666667	26.893333333333334		21
6	21	18	MetLife Stadium	East Rutherford	40.808434	-74.0199	GMT-4	4.0	25.786666666666658	57.733333333333334	26.113333333333333		22
6	21	19	MetLife Stadium	East Rutherford	40.808434	-74.0199	GMT-4	4.0	25.16	59.733333333333334	25.54666666666667		23
6	21	20	MetLife Stadium	East Rutherford	40.808434	-74.0199	GMT-4	4.0	24.386666666666667	63.266666666666666	24.993333333333336		0
6	21	21	MetLife Stadium	East Rutherford	40.808434	-74.0199	GMT-4	4.0	23.78666666666667	66.53333333333333	24.673333333333336		1
6	21	22	MetLife Stadium	East Rutherford	40.808434	-74.0199	GMT-4	4.0	23.140000000000004	70.06666666666666	24.16		2
6	22	12	MetLife Stadium	East Rutherford	40.808434	-74.0199	GMT-4	4.0	24.379999999999995	64.53333333333333	24.779999999999994		16
6	22	13	MetLife Stadium	East Rutherford	40.808434	-74.0199	GMT-4	4.0	24.826666666666664	62.86666666666667	25.16		17
6	22	14	MetLife Stadium	East Rutherford	40.808434	-74.0199	GMT-4	4.0	24.633333333333333	64.2	24.92		18
6	22	15	MetLife Stadium	East Rutherford	40.808434	-74.0199	GMT-4	4.0	24.32	66.4	24.613333333333333		19
6	22	16	MetLife Stadium	East Rutherford	40.808434	-74.0199	GMT-4	4.0	24.09333333333333	68.06666666666666	24.560000000000002		20
6	22	17	MetLife Stadium	East Rutherford	40.808434	-74.0199	GMT-4	4.0	23.88	69.53333333333333	24.446666666666665		21
6	22	18	MetLife Stadium	East Rutherford	40.808434	-74.0199	GMT-4	4.0	23.526666666666664	71.0	24.16		22
6	22	19	MetLife Stadium	East Rutherford	40.808434	-74.0199	GMT-4	4.0	23.14666666666666	72.46666666666667	23.880000000000003		23
6	22	20	MetLife Stadium	East Rutherford	40.808434	-74.0199	GMT-4	4.0	22.64666666666666	74.33333333333333	23.626666666666665		0
6	22	21	MetLife Stadium	East Rutherford	40.808434	-74.0199	GMT-4	4.0	22.066666666666666	76.66666666666667	23.3		1
6	22	22	MetLife Stadium	East Rutherford	40.808434	-74.0199	GMT-4	4.0	21.366666666666667	79.73333333333333	22.799999999999997		2
6	23	12	MetLife Stadium	East Rutherford	40.808434	-74.0199	GMT-4	4.0	26.779999999999998	55.13333333333333	28.25333333333333		16
6	23	13	MetLife Stadium	East Rutherford	40.808434	-74.0199	GMT-4	4.0	27.60666666666667	52.06666666666667	28.786666666666665		17
6	23	14	MetLife Stadium	East Rutherford	40.808434	-74.0199	GMT-4	4.0	28.046666666666667	50.93333333333333	28.813333333333333		18
6	23	15	MetLife Stadium	East Rutherford	40.808434	-74.0199	GMT-4	4.0	28.326666666666664	50.2	28.76		19
6	23	16	MetLife Stadium	East Rutherford	40.808434	-74.0199	GMT-4	4.0	28.333333333333332	50.6	28.573333333333334		20
6	23	17	MetLife Stadium	East Rutherford	40.808434	-74.0199	GMT-4	4.0	28.160000000000007	51.266666666666666	28.340000000000007		21
6	23	18	MetLife Stadium	East Rutherford	40.808434	-74.0199	GMT-4	4.0	27.58666666666667	53.733333333333334	27.866666666666674		22
6	23	19	MetLife Stadium	East Rutherford	40.808434	-74.0199	GMT-4	4.0	26.759999999999998	57.2	27.473333333333336		23
6	23	20	MetLife Stadium	East Rutherford	40.808434	-74.0199	GMT-4	4.0	25.36	64.0	26.553333333333338		0
6	23	21	MetLife Stadium	East Rutherford	40.808434	-74.0199	GMT-4	4.0	24.053333333333335	70.93333333333334	25.566666666666666		1
6	23	22	MetLife Stadium	East Rutherford	40.808434	-74.0199	GMT-4	4.0	23.080000000000002	76.33333333333333	24.779999999999998		2
6	24	12	MetLife Stadium	East Rutherford	40.808434	-74.0199	GMT-4	4.0	27.373333333333335	49.93333333333333	28.593333333333337		16
6	24	13	MetLife Stadium	East Rutherford	40.808434	-74.0199	GMT-4	4.0	27.740000000000002	48.46666666666667	28.5		17
6	24	14	MetLife Stadium	East Rutherford	40.808434	-74.0199	GMT-4	4.0	27.806666666666672	48.733333333333334	28.086666666666662		18
6	24	15	MetLife Stadium	East Rutherford	40.808434	-74.0199	GMT-4	4.0	27.506666666666668	49.93333333333333	27.173333333333332		19
6	24	16	MetLife Stadium	East Rutherford	40.808434	-74.0199	GMT-4	4.0	27.16	50.86666666666667	26.433333333333334		20
6	24	17	MetLife Stadium	East Rutherford	40.808434	-74.0199	GMT-4	4.0	26.586666666666666	52.46666666666667	25.613333333333333		21
6	24	18	MetLife Stadium	East Rutherford	40.808434	-74.0199	GMT-4	4.0	26.046666666666667	54.13333333333333	25.12666666666667		22
6	24	19	MetLife Stadium	East Rutherford	40.808434	-74.0199	GMT-4	4.0	25.380000000000003	57.666666666666664	24.87333333333333		23
6	24	20	MetLife Stadium	East Rutherford	40.808434	-74.0199	GMT-4	4.0	24.52	62.733333333333334	24.6		0
6	24	21	MetLife Stadium	East Rutherford	40.808434	-74.0199	GMT-4	4.0	23.846666666666668	66.73333333333333	24.44		1
6	24	22	MetLife Stadium	East Rutherford	40.808434	-74.0199	GMT-4	4.0	23.24	69.4	24.060000000000002		2
6	25	12	MetLife Stadium	East Rutherford	40.808434	-74.0199	GMT-4	4.0	29.393333333333334	45.86666666666667	32.09333333333334		16
6	25	13	MetLife Stadium	East Rutherford	40.808434	-74.0199	GMT-4	4.0	30.09333333333333	42.733333333333334	32.580000000000005		17
6	25	14	MetLife Stadium	East Rutherford	40.808434	-74.0199	GMT-4	4.0	30.546666666666667	41.2	32.57333333333333		18
6	25	15	MetLife Stadium	East Rutherford	40.808434	-74.0199	GMT-4	4.0	30.59333333333333	41.86666666666667	31.99333333333333		19
6	25	16	MetLife Stadium	East Rutherford	40.808434	-74.0199	GMT-4	4.0	30.106666666666666	45.13333333333333	30.866666666666667		20
6	25	17	MetLife Stadium	East Rutherford	40.808434	-74.0199	GMT-4	4.0	29.259999999999998	50.0	29.69333333333334		21
6	25	18	MetLife Stadium	East Rutherford	40.808434	-74.0199	GMT-4	4.0	28.133333333333336	55.53333333333333	28.64666666666667		22
6	25	19	MetLife Stadium	East Rutherford	40.808434	-74.0199	GMT-4	4.0	27.10666666666667	61.2	28.28666666666667		23
6	25	20	MetLife Stadium	East Rutherford	40.808434	-74.0199	GMT-4	4.0	25.866666666666667	65.4	27.32		0
6	25	21	MetLife Stadium	East Rutherford	40.808434	-74.0199	GMT-4	4.0	24.726666666666667	69.06666666666666	26.380000000000003		1
6	25	22	MetLife Stadium	East Rutherford	40.808434	-74.0199	GMT-4	4.0	23.986666666666668	70.53333333333333	25.513333333333335		2
6	26	12	MetLife Stadium	East Rutherford	40.808434	-74.0199	GMT-4	4.0	27.139999999999997	60.93333333333333	28.606666666666666		16
6	26	13	MetLife Stadium	East Rutherford	40.808434	-74.0199	GMT-4	4.0	27.806666666666665	59.733333333333334	29.526666666666667		17
6	26	14	MetLife Stadium	East Rutherford	40.808434	-74.0199	GMT-4	4.0	28.313333333333333	58.53333333333333	30.10666666666667		18
6	26	15	MetLife Stadium	East Rutherford	40.808434	-74.0199	GMT-4	4.0	28.419999999999998	57.46666666666667	29.826666666666668		19
6	26	16	MetLife Stadium	East Rutherford	40.808434	-74.0199	GMT-4	4.0	28.019999999999996	57.666666666666664	28.813333333333333		20
6	26	17	MetLife Stadium	East Rutherford	40.808434	-74.0199	GMT-4	4.0	27.199999999999996	60.333333333333336	27.626666666666665		21
6	26	18	MetLife Stadium	East Rutherford	40.808434	-74.0199	GMT-4	4.0	26.219999999999995	63.86666666666667	26.493333333333332		22
6	26	19	MetLife Stadium	East Rutherford	40.808434	-74.0199	GMT-4	4.0	25.54	66.2	25.866666666666664		23
6	26	20	MetLife Stadium	East Rutherford	40.808434	-74.0199	GMT-4	4.0	24.493333333333332	69.66666666666667	24.973333333333333		0
6	26	21	MetLife Stadium	East Rutherford	40.808434	-74.0199	GMT-4	4.0	23.513333333333332	73.53333333333333	24.173333333333332		1
6	26	22	MetLife Stadium	East Rutherford	40.808434	-74.0199	GMT-4	4.0	22.57333333333333	77.8	23.46		2
6	27	12	MetLife Stadium	East Rutherford	40.808434	-74.0199	GMT-4	4.0	24.526666666666667	68.4	26.126666666666665		16
6	27	13	MetLife Stadium	East Rutherford	40.808434	-74.0199	GMT-4	4.0	25.186666666666667	65.13333333333334	26.786666666666658		17
6	27	14	MetLife Stadium	East Rutherford	40.808434	-74.0199	GMT-4	4.0	25.64666666666667	62.733333333333334	27.173333333333332		18
6	27	15	MetLife Stadium	East Rutherford	40.808434	-74.0199	GMT-4	4.0	25.973333333333336	61.46666666666667	27.326666666666664		19
6	27	16	MetLife Stadium	East Rutherford	40.808434	-74.0199	GMT-4	4.0	26.053333333333338	61.06666666666667	27.079999999999995		20
6	27	17	MetLife Stadium	East Rutherford	40.808434	-74.0199	GMT-4	4.0	25.90666666666667	62.06666666666667	26.83333333333333		21
6	27	18	MetLife Stadium	East Rutherford	40.808434	-74.0199	GMT-4	4.0	25.466666666666672	63.733333333333334	26.359999999999996		22
6	27	19	MetLife Stadium	East Rutherford	40.808434	-74.0199	GMT-4	4.0	24.620000000000005	66.86666666666666	25.70666666666666		23
6	27	20	MetLife Stadium	East Rutherford	40.808434	-74.0199	GMT-4	4.0	23.62	69.2	24.739999999999995		0
6	27	21	MetLife Stadium	East Rutherford	40.808434	-74.0199	GMT-4	4.0	22.626666666666665	71.66666666666667	23.69333333333333		1
6	27	22	MetLife Stadium	East Rutherford	40.808434	-74.0199	GMT-4	4.0	21.766666666666666	73.66666666666667	22.666666666666664		2
6	11	13	NRG Stadium	Houston	29.70123	-95.42923	GMT-5	14.0	31.57333333333333	60.266666666666666	36.78666666666667		18
6	11	14	NRG Stadium	Houston	29.70123	-95.42923	GMT-5	14.0	32.333333333333336	56.733333333333334	37.49999999999999		19
6	11	15	NRG Stadium	Houston	29.70123	-95.42923	GMT-5	14.0	32.586666666666666	55.266666666666666	37.34		20
6	11	16	NRG Stadium	Houston	29.70123	-95.42923	GMT-5	14.0	32.50666666666667	55.13333333333333	36.693333333333335		21
6	11	17	NRG Stadium	Houston	29.70123	-95.42923	GMT-5	14.0	32.22	56.13333333333333	35.85333333333333		22
6	11	18	NRG Stadium	Houston	29.70123	-95.42923	GMT-5	14.0	31.513333333333332	59.333333333333336	35.02		23
6	11	19	NRG Stadium	Houston	29.70123	-95.42923	GMT-5	14.0	30.213333333333328	65.8	33.7		0
6	11	20	NRG Stadium	Houston	29.70123	-95.42923	GMT-5	14.0	28.573333333333327	73.66666666666667	32.21333333333334		1
6	11	21	NRG Stadium	Houston	29.70123	-95.42923	GMT-5	14.0	27.219999999999995	80.26666666666667	30.860000000000003		2
6	11	22	NRG Stadium	Houston	29.70123	-95.42923	GMT-5	14.0	26.266666666666666	85.0	30.066666666666666		3
6	11	23	NRG Stadium	Houston	29.70123	-95.42923	GMT-5	14.0	25.72666666666667	87.93333333333334	29.62666666666667		4
6	12	13	NRG Stadium	Houston	29.70123	-95.42923	GMT-5	14.0	31.046666666666663	64.2	36.45333333333333		18
6	12	14	NRG Stadium	Houston	29.70123	-95.42923	GMT-5	14.0	31.813333333333333	61.6	37.29999999999999		19
6	12	15	NRG Stadium	Houston	29.70123	-95.42923	GMT-5	14.0	32.19333333333333	60.266666666666666	37.326666666666675		20
6	12	16	NRG Stadium	Houston	29.70123	-95.42923	GMT-5	14.0	32.239999999999995	60.266666666666666	36.826666666666675		21
6	12	17	NRG Stadium	Houston	29.70123	-95.42923	GMT-5	14.0	31.95333333333333	60.8	35.96		22
6	12	18	NRG Stadium	Houston	29.70123	-95.42923	GMT-5	14.0	31.25333333333333	63.4	34.919999999999995		23
6	12	19	NRG Stadium	Houston	29.70123	-95.42923	GMT-5	14.0	29.939999999999998	68.13333333333334	33.52		0
6	12	20	NRG Stadium	Houston	29.70123	-95.42923	GMT-5	14.0	28.426666666666666	74.73333333333333	32.08666666666667		1
6	12	21	NRG Stadium	Houston	29.70123	-95.42923	GMT-5	14.0	27.14666666666667	80.53333333333333	31.013333333333332		2
6	12	22	NRG Stadium	Houston	29.70123	-95.42923	GMT-5	14.0	26.35333333333333	85.2	30.53333333333334		3
6	12	23	NRG Stadium	Houston	29.70123	-95.42923	GMT-5	14.0	25.72666666666667	88.8	30.120000000000005		4
6	13	13	NRG Stadium	Houston	29.70123	-95.42923	GMT-5	14.0	32.026666666666664	59.666666666666664	37.1		18
6	13	14	NRG Stadium	Houston	29.70123	-95.42923	GMT-5	14.0	32.48	57.8	37.55333333333333		19
6	13	15	NRG Stadium	Houston	29.70123	-95.42923	GMT-5	14.0	32.81333333333333	56.4	37.580000000000005		20
6	13	16	NRG Stadium	Houston	29.70123	-95.42923	GMT-5	14.0	32.7	56.666666666666664	36.88666666666666		21
6	13	17	NRG Stadium	Houston	29.70123	-95.42923	GMT-5	14.0	32.22	57.666666666666664	35.77333333333333		22
6	13	18	NRG Stadium	Houston	29.70123	-95.42923	GMT-5	14.0	31.026666666666667	62.8	34.466666666666676		23
6	13	19	NRG Stadium	Houston	29.70123	-95.42923	GMT-5	14.0	29.42666666666667	69.73333333333333	33.06		0
6	13	20	NRG Stadium	Houston	29.70123	-95.42923	GMT-5	14.0	27.946666666666665	77.26666666666667	31.986666666666668		1
6	13	21	NRG Stadium	Houston	29.70123	-95.42923	GMT-5	14.0	27.119999999999997	82.26666666666667	31.480000000000004		2
6	13	22	NRG Stadium	Houston	29.70123	-95.42923	GMT-5	14.0	26.739999999999995	85.73333333333333	31.326666666666664		3
6	13	23	NRG Stadium	Houston	29.70123	-95.42923	GMT-5	14.0	26.2	88.46666666666667	30.86		4
6	14	13	NRG Stadium	Houston	29.70123	-95.42923	GMT-5	14.0	32.33333333333333	55.93333333333333	36.75333333333333		18
6	14	14	NRG Stadium	Houston	29.70123	-95.42923	GMT-5	14.0	32.839999999999996	54.06666666666667	37.373333333333335		19
6	14	15	NRG Stadium	Houston	29.70123	-95.42923	GMT-5	14.0	33.00000000000001	53.86666666666667	37.373333333333335		20
6	14	16	NRG Stadium	Houston	29.70123	-95.42923	GMT-5	14.0	32.933333333333344	54.46666666666667	37.006666666666675		21
6	14	17	NRG Stadium	Houston	29.70123	-95.42923	GMT-5	14.0	32.693333333333335	55.06666666666667	36.28666666666667		22
6	14	18	NRG Stadium	Houston	29.70123	-95.42923	GMT-5	14.0	31.966666666666672	58.53333333333333	35.49333333333333		23
6	14	19	NRG Stadium	Houston	29.70123	-95.42923	GMT-5	14.0	30.860000000000007	64.26666666666667	34.586666666666666		0
6	14	20	NRG Stadium	Houston	29.70123	-95.42923	GMT-5	14.0	29.560000000000002	71.53333333333333	33.76		1
6	14	21	NRG Stadium	Houston	29.70123	-95.42923	GMT-5	14.0	28.506666666666664	77.4	32.93333333333333		2
6	14	22	NRG Stadium	Houston	29.70123	-95.42923	GMT-5	14.0	27.66	82.2	32.373333333333335		3
6	14	23	NRG Stadium	Houston	29.70123	-95.42923	GMT-5	14.0	26.88	86.4	31.72666666666667		4
6	15	13	NRG Stadium	Houston	29.70123	-95.42923	GMT-5	14.0	32.53333333333333	59.86666666666667	37.9		18
6	15	14	NRG Stadium	Houston	29.70123	-95.42923	GMT-5	14.0	33.11333333333333	56.733333333333334	38.17999999999999		19
6	15	15	NRG Stadium	Houston	29.70123	-95.42923	GMT-5	14.0	33.04	56.2	37.373333333333335		20
6	15	16	NRG Stadium	Houston	29.70123	-95.42923	GMT-5	14.0	32.62	57.46666666666667	36.4		21
6	15	17	NRG Stadium	Houston	29.70123	-95.42923	GMT-5	14.0	31.833333333333332	59.93333333333333	35.05333333333333		22
6	15	18	NRG Stadium	Houston	29.70123	-95.42923	GMT-5	14.0	30.686666666666667	63.8	33.77333333333333		23
6	15	19	NRG Stadium	Houston	29.70123	-95.42923	GMT-5	14.0	29.473333333333333	68.73333333333333	32.58		0
6	15	20	NRG Stadium	Houston	29.70123	-95.42923	GMT-5	14.0	28.08	75.33333333333333	31.586666666666666		1
6	15	21	NRG Stadium	Houston	29.70123	-95.42923	GMT-5	14.0	27.333333333333332	80.0	31.293333333333333		2
6	15	22	NRG Stadium	Houston	29.70123	-95.42923	GMT-5	14.0	26.56	84.33333333333333	30.806666666666665		3
6	15	23	NRG Stadium	Houston	29.70123	-95.42923	GMT-5	14.0	26.353333333333335	86.73333333333333	30.959999999999997		4
6	16	13	NRG Stadium	Houston	29.70123	-95.42923	GMT-5	14.0	32.486666666666665	57.0	37.86		18
6	16	14	NRG Stadium	Houston	29.70123	-95.42923	GMT-5	14.0	33.25333333333334	53.8	38.46666666666667		19
6	16	15	NRG Stadium	Houston	29.70123	-95.42923	GMT-5	14.0	33.306666666666665	53.333333333333336	38.019999999999996		20
6	16	16	NRG Stadium	Houston	29.70123	-95.42923	GMT-5	14.0	32.873333333333335	55.13333333333333	36.919999999999995		21
6	16	17	NRG Stadium	Houston	29.70123	-95.42923	GMT-5	14.0	32.28	57.333333333333336	35.70666666666667		22
6	16	18	NRG Stadium	Houston	29.70123	-95.42923	GMT-5	14.0	31.52	61.666666666666664	35.02666666666667		23
6	16	19	NRG Stadium	Houston	29.70123	-95.42923	GMT-5	14.0	30.66666666666667	66.13333333333334	34.50000000000001		0
6	16	20	NRG Stadium	Houston	29.70123	-95.42923	GMT-5	14.0	29.486666666666668	72.26666666666667	33.82000000000001		1
6	16	21	NRG Stadium	Houston	29.70123	-95.42923	GMT-5	14.0	28.640000000000004	76.06666666666666	33.13333333333334		2
6	16	22	NRG Stadium	Houston	29.70123	-95.42923	GMT-5	14.0	27.860000000000003	79.93333333333334	32.45333333333334		3
6	16	23	NRG Stadium	Houston	29.70123	-95.42923	GMT-5	14.0	26.840000000000007	84.53333333333333	31.480000000000004		4
6	17	13	NRG Stadium	Houston	29.70123	-95.42923	GMT-5	14.0	31.64	61.13333333333333	36.38666666666666		18
6	17	14	NRG Stadium	Houston	29.70123	-95.42923	GMT-5	14.0	32.00666666666667	59.53333333333333	36.51333333333333		19
6	17	15	NRG Stadium	Houston	29.70123	-95.42923	GMT-5	14.0	32.39333333333334	57.86666666666667	36.593333333333334		20
6	17	16	NRG Stadium	Houston	29.70123	-95.42923	GMT-5	14.0	32.68666666666666	56.13333333333333	36.419999999999995		21
6	17	17	NRG Stadium	Houston	29.70123	-95.42923	GMT-5	14.0	32.300000000000004	56.86666666666667	35.440000000000005		22
6	17	18	NRG Stadium	Houston	29.70123	-95.42923	GMT-5	14.0	31.533333333333342	60.266666666666666	34.58		23
6	17	19	NRG Stadium	Houston	29.70123	-95.42923	GMT-5	14.0	30.55333333333333	64.73333333333333	33.733333333333334		0
6	17	20	NRG Stadium	Houston	29.70123	-95.42923	GMT-5	14.0	29.506666666666668	69.26666666666667	32.986666666666665		1
6	17	21	NRG Stadium	Houston	29.70123	-95.42923	GMT-5	14.0	28.5	72.8	32.07333333333333		2
6	17	22	NRG Stadium	Houston	29.70123	-95.42923	GMT-5	14.0	27.64	76.2	31.38		3
6	17	23	NRG Stadium	Houston	29.70123	-95.42923	GMT-5	14.0	27.060000000000002	80.66666666666667	31.11333333333334		4
6	18	13	NRG Stadium	Houston	29.70123	-95.42923	GMT-5	14.0	31.62666666666667	58.2	35.86		18
6	18	14	NRG Stadium	Houston	29.70123	-95.42923	GMT-5	14.0	32.24666666666666	56.06666666666667	36.49333333333334		19
6	18	15	NRG Stadium	Houston	29.70123	-95.42923	GMT-5	14.0	32.86	53.333333333333336	36.68		20
6	18	16	NRG Stadium	Houston	29.70123	-95.42923	GMT-5	14.0	32.986666666666665	52.13333333333333	36.266666666666666		21
6	18	17	NRG Stadium	Houston	29.70123	-95.42923	GMT-5	14.0	32.66	52.13333333333333	35.153333333333336		22
6	18	18	NRG Stadium	Houston	29.70123	-95.42923	GMT-5	14.0	31.779999999999994	56.4	34.19333333333334		23
6	18	19	NRG Stadium	Houston	29.70123	-95.42923	GMT-5	14.0	30.733333333333334	61.6	33.58		0
6	18	20	NRG Stadium	Houston	29.70123	-95.42923	GMT-5	14.0	29.526666666666664	68.2	32.88666666666666		1
6	18	21	NRG Stadium	Houston	29.70123	-95.42923	GMT-5	14.0	28.52666666666666	72.53333333333333	32.05333333333333		2
6	18	22	NRG Stadium	Houston	29.70123	-95.42923	GMT-5	14.0	27.68	76.66666666666667	31.293333333333337		3
6	18	23	NRG Stadium	Houston	29.70123	-95.42923	GMT-5	14.0	27.04	79.6	30.833333333333336		4
6	19	13	NRG Stadium	Houston	29.70123	-95.42923	GMT-5	14.0	32.406666666666666	58.333333333333336	37.38666666666666		18
6	19	14	NRG Stadium	Houston	29.70123	-95.42923	GMT-5	14.0	33.13333333333333	55.266666666666666	37.85333333333333		19
6	19	15	NRG Stadium	Houston	29.70123	-95.42923	GMT-5	14.0	33.45333333333334	53.6	37.61333333333333		20
6	19	16	NRG Stadium	Houston	29.70123	-95.42923	GMT-5	14.0	33.379999999999995	53.333333333333336	36.74000000000001		21
6	19	17	NRG Stadium	Houston	29.70123	-95.42923	GMT-5	14.0	32.85333333333333	55.333333333333336	35.70666666666667		22
6	19	18	NRG Stadium	Houston	29.70123	-95.42923	GMT-5	14.0	31.813333333333333	60.333333333333336	34.586666666666666		23
6	19	19	NRG Stadium	Houston	29.70123	-95.42923	GMT-5	14.0	30.686666666666667	65.93333333333334	33.74666666666666		0
6	19	20	NRG Stadium	Houston	29.70123	-95.42923	GMT-5	14.0	29.5	71.4	32.93333333333333		1
6	19	21	NRG Stadium	Houston	29.70123	-95.42923	GMT-5	14.0	28.740000000000002	74.46666666666667	32.34		2
6	19	22	NRG Stadium	Houston	29.70123	-95.42923	GMT-5	14.0	28.1	77.2	31.926666666666666		3
6	19	23	NRG Stadium	Houston	29.70123	-95.42923	GMT-5	14.0	27.4	80.2	31.360000000000003		4
6	20	13	NRG Stadium	Houston	29.70123	-95.42923	GMT-5	14.0	32.20666666666666	61.8	37.15333333333333		18
6	20	14	NRG Stadium	Houston	29.70123	-95.42923	GMT-5	14.0	32.519999999999996	59.666666666666664	37.033333333333324		19
6	20	15	NRG Stadium	Houston	29.70123	-95.42923	GMT-5	14.0	32.946666666666665	58.46666666666667	37.29333333333333		20
6	20	16	NRG Stadium	Houston	29.70123	-95.42923	GMT-5	14.0	33.09333333333333	56.8	36.62		21
6	20	17	NRG Stadium	Houston	29.70123	-95.42923	GMT-5	14.0	32.82666666666667	57.46666666666667	35.74		22
6	20	18	NRG Stadium	Houston	29.70123	-95.42923	GMT-5	14.0	31.98666666666667	60.53333333333333	34.50666666666667		23
6	20	19	NRG Stadium	Houston	29.70123	-95.42923	GMT-5	14.0	30.66	67.0	33.580000000000005		0
6	20	20	NRG Stadium	Houston	29.70123	-95.42923	GMT-5	14.0	29.366666666666664	73.66666666666667	32.87333333333334		1
6	20	21	NRG Stadium	Houston	29.70123	-95.42923	GMT-5	14.0	28.293333333333333	79.33333333333333	32.39333333333334		2
6	20	22	NRG Stadium	Houston	29.70123	-95.42923	GMT-5	14.0	27.7	83.13333333333334	32.14		3
6	20	23	NRG Stadium	Houston	29.70123	-95.42923	GMT-5	14.0	27.333333333333336	84.0	31.733333333333334		4
6	21	13	NRG Stadium	Houston	29.70123	-95.42923	GMT-5	14.0	31.353333333333335	63.266666666666666	35.919999999999995		18
6	21	14	NRG Stadium	Houston	29.70123	-95.42923	GMT-5	14.0	31.886666666666667	60.733333333333334	36.37333333333333		19
6	21	15	NRG Stadium	Houston	29.70123	-95.42923	GMT-5	14.0	31.88	59.666666666666664	35.8		20
6	21	16	NRG Stadium	Houston	29.70123	-95.42923	GMT-5	14.0	31.773333333333333	59.2	35.166666666666664		21
6	21	17	NRG Stadium	Houston	29.70123	-95.42923	GMT-5	14.0	31.40666666666667	60.0	34.34		22
6	21	18	NRG Stadium	Houston	29.70123	-95.42923	GMT-5	14.0	30.92666666666667	62.86666666666667	33.846666666666664		23
6	21	19	NRG Stadium	Houston	29.70123	-95.42923	GMT-5	14.0	30.02	68.26666666666667	33.339999999999996		0
6	21	20	NRG Stadium	Houston	29.70123	-95.42923	GMT-5	14.0	28.826666666666668	75.46666666666667	32.733333333333334		1
6	21	21	NRG Stadium	Houston	29.70123	-95.42923	GMT-5	14.0	27.82	80.6	32.346666666666664		2
6	21	22	NRG Stadium	Houston	29.70123	-95.42923	GMT-5	14.0	27.040000000000003	84.26666666666667	31.860000000000003		3
6	21	23	NRG Stadium	Houston	29.70123	-95.42923	GMT-5	14.0	26.860000000000003	86.0	31.733333333333334		4
6	22	13	NRG Stadium	Houston	29.70123	-95.42923	GMT-5	14.0	31.54	61.2	36.78		18
6	22	14	NRG Stadium	Houston	29.70123	-95.42923	GMT-5	14.0	31.89333333333333	60.2	37.19333333333334		19
6	22	15	NRG Stadium	Houston	29.70123	-95.42923	GMT-5	14.0	31.806666666666665	61.2	36.82666666666667		20
6	22	16	NRG Stadium	Houston	29.70123	-95.42923	GMT-5	14.0	31.433333333333334	63.06666666666667	35.913333333333334		21
6	22	17	NRG Stadium	Houston	29.70123	-95.42923	GMT-5	14.0	30.693333333333328	65.93333333333334	34.699999999999996		22
6	22	18	NRG Stadium	Houston	29.70123	-95.42923	GMT-5	14.0	29.999999999999996	69.4	34.02666666666667		23
6	22	19	NRG Stadium	Houston	29.70123	-95.42923	GMT-5	14.0	29.319999999999997	72.86666666666666	33.61333333333334		0
6	22	20	NRG Stadium	Houston	29.70123	-95.42923	GMT-5	14.0	28.58666666666667	77.0	33.32000000000001		1
6	22	21	NRG Stadium	Houston	29.70123	-95.42923	GMT-5	14.0	28.080000000000002	79.2	33.040000000000006		2
6	22	22	NRG Stadium	Houston	29.70123	-95.42923	GMT-5	14.0	27.540000000000006	81.2	32.56666666666667		3
6	22	23	NRG Stadium	Houston	29.70123	-95.42923	GMT-5	14.0	26.913333333333338	83.8	31.81333333333333		4
6	23	13	NRG Stadium	Houston	29.70123	-95.42923	GMT-5	14.0	31.906666666666673	62.666666666666664	37.78666666666667		18
6	23	14	NRG Stadium	Houston	29.70123	-95.42923	GMT-5	14.0	32.39333333333334	60.53333333333333	38.18666666666668		19
6	23	15	NRG Stadium	Houston	29.70123	-95.42923	GMT-5	14.0	32.58	59.8	37.96000000000001		20
6	23	16	NRG Stadium	Houston	29.70123	-95.42923	GMT-5	14.0	32.54666666666667	59.6	37.306666666666665		21
6	23	17	NRG Stadium	Houston	29.70123	-95.42923	GMT-5	14.0	32.43333333333333	59.2	36.50666666666667		22
6	23	18	NRG Stadium	Houston	29.70123	-95.42923	GMT-5	14.0	31.92	60.53333333333333	35.45333333333333		23
6	23	19	NRG Stadium	Houston	29.70123	-95.42923	GMT-5	14.0	31.15333333333334	63.93333333333333	34.7		0
6	23	20	NRG Stadium	Houston	29.70123	-95.42923	GMT-5	14.0	30.026666666666667	68.86666666666666	33.74666666666666		1
6	23	21	NRG Stadium	Houston	29.70123	-95.42923	GMT-5	14.0	29.053333333333335	73.2	33.1		2
6	23	22	NRG Stadium	Houston	29.70123	-95.42923	GMT-5	14.0	28.3	76.86666666666666	32.66		3
6	23	23	NRG Stadium	Houston	29.70123	-95.42923	GMT-5	14.0	27.560000000000002	80.66666666666667	32.22		4
6	24	13	NRG Stadium	Houston	29.70123	-95.42923	GMT-5	14.0	32.75333333333334	57.46666666666667	38.059999999999995		18
6	24	14	NRG Stadium	Houston	29.70123	-95.42923	GMT-5	14.0	33.38	54.46666666666667	38.50666666666666		19
6	24	15	NRG Stadium	Houston	29.70123	-95.42923	GMT-5	14.0	33.56	53.333333333333336	38.15333333333333		20
6	24	16	NRG Stadium	Houston	29.70123	-95.42923	GMT-5	14.0	33.666666666666664	52.46666666666667	37.480000000000004		21
6	24	17	NRG Stadium	Houston	29.70123	-95.42923	GMT-5	14.0	33.31333333333333	53.6	36.48666666666667		22
6	24	18	NRG Stadium	Houston	29.70123	-95.42923	GMT-5	14.0	32.586666666666666	56.8	35.55333333333333		23
6	24	19	NRG Stadium	Houston	29.70123	-95.42923	GMT-5	14.0	31.42666666666667	62.266666666666666	34.63333333333333		0
6	24	20	NRG Stadium	Houston	29.70123	-95.42923	GMT-5	14.0	30.113333333333337	68.06666666666666	33.62		1
6	24	21	NRG Stadium	Houston	29.70123	-95.42923	GMT-5	14.0	28.799999999999997	74.33333333333333	32.56		2
6	24	22	NRG Stadium	Houston	29.70123	-95.42923	GMT-5	14.0	27.833333333333332	79.53333333333333	31.933333333333334		3
6	24	23	NRG Stadium	Houston	29.70123	-95.42923	GMT-5	14.0	27.266666666666666	83.46666666666667	31.833333333333336		4
6	25	13	NRG Stadium	Houston	29.70123	-95.42923	GMT-5	14.0	32.02666666666667	62.0	37.06666666666668		18
6	25	14	NRG Stadium	Houston	29.70123	-95.42923	GMT-5	14.0	32.64666666666667	59.0	37.42666666666666		19
6	25	15	NRG Stadium	Houston	29.70123	-95.42923	GMT-5	14.0	32.973333333333336	57.333333333333336	37.29333333333333		20
6	25	16	NRG Stadium	Houston	29.70123	-95.42923	GMT-5	14.0	32.9	57.6	36.66		21
6	25	17	NRG Stadium	Houston	29.70123	-95.42923	GMT-5	14.0	32.559999999999995	58.2	35.673333333333325		22
6	25	18	NRG Stadium	Houston	29.70123	-95.42923	GMT-5	14.0	32.019999999999996	60.46666666666667	34.986666666666665		23
6	25	19	NRG Stadium	Houston	29.70123	-95.42923	GMT-5	14.0	31.09333333333333	63.86666666666667	34.193333333333335		0
6	25	20	NRG Stadium	Houston	29.70123	-95.42923	GMT-5	14.0	29.96	68.66666666666667	33.38		1
6	25	21	NRG Stadium	Houston	29.70123	-95.42923	GMT-5	14.0	28.806666666666665	73.33333333333333	32.43333333333333		2
6	25	22	NRG Stadium	Houston	29.70123	-95.42923	GMT-5	14.0	27.893333333333334	77.93333333333334	31.779999999999998		3
6	25	23	NRG Stadium	Houston	29.70123	-95.42923	GMT-5	14.0	27.173333333333336	82.73333333333333	31.44		4
6	26	13	NRG Stadium	Houston	29.70123	-95.42923	GMT-5	14.0	32.839999999999996	56.266666666666666	38.486666666666665		18
6	26	14	NRG Stadium	Houston	29.70123	-95.42923	GMT-5	14.0	32.99333333333333	54.93333333333333	38.24666666666667		19
6	26	15	NRG Stadium	Houston	29.70123	-95.42923	GMT-5	14.0	32.900000000000006	55.0	37.54666666666667		20
6	26	16	NRG Stadium	Houston	29.70123	-95.42923	GMT-5	14.0	32.84666666666667	55.333333333333336	36.919999999999995		21
6	26	17	NRG Stadium	Houston	29.70123	-95.42923	GMT-5	14.0	32.666666666666664	56.333333333333336	36.18		22
6	26	18	NRG Stadium	Houston	29.70123	-95.42923	GMT-5	14.0	32.02	59.4	35.413333333333334		23
6	26	19	NRG Stadium	Houston	29.70123	-95.42923	GMT-5	14.0	30.860000000000003	64.66666666666667	34.46		0
6	26	20	NRG Stadium	Houston	29.70123	-95.42923	GMT-5	14.0	29.726666666666667	69.73333333333333	33.760000000000005		1
6	26	21	NRG Stadium	Houston	29.70123	-95.42923	GMT-5	14.0	28.746666666666666	73.93333333333334	32.78666666666667		2
6	26	22	NRG Stadium	Houston	29.70123	-95.42923	GMT-5	14.0	27.793333333333337	78.0	31.86666666666667		3
6	26	23	NRG Stadium	Houston	29.70123	-95.42923	GMT-5	14.0	27.113333333333337	81.8	31.28666666666667		4
6	27	13	NRG Stadium	Houston	29.70123	-95.42923	GMT-5	14.0	32.02666666666667	61.8	37.85333333333334		18
6	27	14	NRG Stadium	Houston	29.70123	-95.42923	GMT-5	14.0	32.63333333333333	59.2	38.47333333333333		19
6	27	15	NRG Stadium	Houston	29.70123	-95.42923	GMT-5	14.0	32.88	57.86666666666667	38.32000000000001		20
6	27	16	NRG Stadium	Houston	29.70123	-95.42923	GMT-5	14.0	32.84666666666667	57.2	37.49333333333334		21
6	27	17	NRG Stadium	Houston	29.70123	-95.42923	GMT-5	14.0	32.45333333333333	57.93333333333333	36.373333333333335		22
6	27	18	NRG Stadium	Houston	29.70123	-95.42923	GMT-5	14.0	31.673333333333332	60.93333333333333	35.29333333333334		23
6	27	19	NRG Stadium	Houston	29.70123	-95.42923	GMT-5	14.0	30.453333333333333	67.0	34.406666666666666		0
6	27	20	NRG Stadium	Houston	29.70123	-95.42923	GMT-5	14.0	28.919999999999998	74.46666666666667	33.16		1
6	27	21	NRG Stadium	Houston	29.70123	-95.42923	GMT-5	14.0	27.56	81.0	32.026666666666664		2
6	27	22	NRG Stadium	Houston	29.70123	-95.42923	GMT-5	14.0	26.65333333333333	85.2	31.14666666666667		3
6	27	23	NRG Stadium	Houston	29.70123	-95.42923	GMT-5	14.0	26.46666666666666	85.73333333333333	30.986666666666665		4
6	11	0	Estadio Akron	Zapopan	20.702986	-103.45453	GMT-6	1665.0	19.326666666666668	77.53333333333333	19.66		6
6	11	20	Estadio Akron	Zapopan	20.702986	-103.45453	GMT-6	1665.0	24.206666666666667	47.8	22.553333333333335		2
6	11	21	Estadio Akron	Zapopan	20.702986	-103.45453	GMT-6	1665.0	22.566666666666666	56.53333333333333	21.439999999999998		3
6	11	22	Estadio Akron	Zapopan	20.702986	-103.45453	GMT-6	1665.0	21.433333333333334	64.13333333333334	20.733333333333334		4
6	11	23	Estadio Akron	Zapopan	20.702986	-103.45453	GMT-6	1665.0	20.233333333333334	71.73333333333333	20.139999999999997		5
6	12	0	Estadio Akron	Zapopan	20.702986	-103.45453	GMT-6	1665.0	18.980000000000004	81.33333333333333	19.586666666666666		6
6	12	20	Estadio Akron	Zapopan	20.702986	-103.45453	GMT-6	1665.0	22.719999999999995	62.13333333333333	22.14		2
6	12	21	Estadio Akron	Zapopan	20.702986	-103.45453	GMT-6	1665.0	21.113333333333333	71.86666666666666	21.08666666666667		3
6	12	22	Estadio Akron	Zapopan	20.702986	-103.45453	GMT-6	1665.0	19.92666666666667	79.46666666666667	20.293333333333337		4
6	12	23	Estadio Akron	Zapopan	20.702986	-103.45453	GMT-6	1665.0	19.393333333333334	81.06666666666666	19.96		5
6	13	0	Estadio Akron	Zapopan	20.702986	-103.45453	GMT-6	1665.0	18.366666666666667	88.13333333333334	19.259999999999998		6
6	13	20	Estadio Akron	Zapopan	20.702986	-103.45453	GMT-6	1665.0	22.246666666666666	65.66666666666667	21.65333333333333		2
6	13	21	Estadio Akron	Zapopan	20.702986	-103.45453	GMT-6	1665.0	20.506666666666668	75.86666666666666	20.35333333333333		3
6	13	22	Estadio Akron	Zapopan	20.702986	-103.45453	GMT-6	1665.0	19.533333333333335	82.66666666666667	19.959999999999997		4
6	13	23	Estadio Akron	Zapopan	20.702986	-103.45453	GMT-6	1665.0	18.919999999999998	85.66666666666667	19.626666666666665		5
6	14	0	Estadio Akron	Zapopan	20.702986	-103.45453	GMT-6	1665.0	18.52	86.93333333333334	19.373333333333335		6
6	14	20	Estadio Akron	Zapopan	20.702986	-103.45453	GMT-6	1665.0	22.339999999999996	64.86666666666666	22.040000000000006		2
6	14	21	Estadio Akron	Zapopan	20.702986	-103.45453	GMT-6	1665.0	20.713333333333335	75.33333333333333	20.90666666666667		3
6	14	22	Estadio Akron	Zapopan	20.702986	-103.45453	GMT-6	1665.0	19.8	81.4	20.293333333333337		4
6	14	23	Estadio Akron	Zapopan	20.702986	-103.45453	GMT-6	1665.0	19.07333333333333	84.86666666666666	19.826666666666668		5
6	15	0	Estadio Akron	Zapopan	20.702986	-103.45453	GMT-6	1665.0	18.506666666666668	86.26666666666667	19.28666666666667		6
6	15	20	Estadio Akron	Zapopan	20.702986	-103.45453	GMT-6	1665.0	22.77333333333333	59.0	22.126666666666665		2
6	15	21	Estadio Akron	Zapopan	20.702986	-103.45453	GMT-6	1665.0	21.333333333333336	66.66666666666667	20.973333333333336		3
6	15	22	Estadio Akron	Zapopan	20.702986	-103.45453	GMT-6	1665.0	20.42	73.73333333333333	20.44666666666667		4
6	15	23	Estadio Akron	Zapopan	20.702986	-103.45453	GMT-6	1665.0	19.386666666666667	80.73333333333333	19.773333333333333		5
6	16	0	Estadio Akron	Zapopan	20.702986	-103.45453	GMT-6	1665.0	18.746666666666666	84.4	19.34		6
6	16	20	Estadio Akron	Zapopan	20.702986	-103.45453	GMT-6	1665.0	22.90666666666667	58.0	22.180000000000003		2
6	16	21	Estadio Akron	Zapopan	20.702986	-103.45453	GMT-6	1665.0	21.293333333333337	64.8	20.586666666666666		3
6	16	22	Estadio Akron	Zapopan	20.702986	-103.45453	GMT-6	1665.0	20.380000000000003	69.13333333333334	19.87333333333333		4
6	16	23	Estadio Akron	Zapopan	20.702986	-103.45453	GMT-6	1665.0	19.486666666666668	76.8	19.513333333333332		5
6	17	0	Estadio Akron	Zapopan	20.702986	-103.45453	GMT-6	1665.0	18.706666666666663	78.26666666666667	18.933333333333334		6
6	17	20	Estadio Akron	Zapopan	20.702986	-103.45453	GMT-6	1665.0	23.186666666666667	52.8	22.639999999999997		2
6	17	21	Estadio Akron	Zapopan	20.702986	-103.45453	GMT-6	1665.0	21.853333333333335	59.333333333333336	21.506666666666664		3
6	17	22	Estadio Akron	Zapopan	20.702986	-103.45453	GMT-6	1665.0	20.753333333333334	66.0	20.64666666666666		4
6	17	23	Estadio Akron	Zapopan	20.702986	-103.45453	GMT-6	1665.0	19.66	73.06666666666666	19.746666666666663		5
6	18	0	Estadio Akron	Zapopan	20.702986	-103.45453	GMT-6	1665.0	18.546666666666667	76.8	18.639999999999997		6
6	18	20	Estadio Akron	Zapopan	20.702986	-103.45453	GMT-6	1665.0	22.84666666666667	56.4	22.16666666666667		2
6	18	21	Estadio Akron	Zapopan	20.702986	-103.45453	GMT-6	1665.0	21.16	65.4	20.733333333333334		3
6	18	22	Estadio Akron	Zapopan	20.702986	-103.45453	GMT-6	1665.0	19.906666666666663	73.0	19.759999999999998		4
6	18	23	Estadio Akron	Zapopan	20.702986	-103.45453	GMT-6	1665.0	19.173333333333332	75.73333333333333	19.173333333333332		5
6	19	0	Estadio Akron	Zapopan	20.702986	-103.45453	GMT-6	1665.0	18.10666666666667	83.6	18.566666666666666		6
6	19	20	Estadio Akron	Zapopan	20.702986	-103.45453	GMT-6	1665.0	21.893333333333334	65.26666666666667	21.139999999999997		2
6	19	21	Estadio Akron	Zapopan	20.702986	-103.45453	GMT-6	1665.0	20.44	70.6	19.866666666666667		3
6	19	22	Estadio Akron	Zapopan	20.702986	-103.45453	GMT-6	1665.0	19.406666666666663	75.0	19.073333333333334		4
6	19	23	Estadio Akron	Zapopan	20.702986	-103.45453	GMT-6	1665.0	18.68	79.53333333333333	18.740000000000002		5
6	20	0	Estadio Akron	Zapopan	20.702986	-103.45453	GMT-6	1665.0	17.92666666666667	83.73333333333333	18.426666666666666		6
6	20	20	Estadio Akron	Zapopan	20.702986	-103.45453	GMT-6	1665.0	20.980000000000004	70.8	20.94666666666667		2
6	20	21	Estadio Akron	Zapopan	20.702986	-103.45453	GMT-6	1665.0	19.793333333333333	76.33333333333333	19.86666666666667		3
6	20	22	Estadio Akron	Zapopan	20.702986	-103.45453	GMT-6	1665.0	19.02	80.2	19.30666666666667		4
6	20	23	Estadio Akron	Zapopan	20.702986	-103.45453	GMT-6	1665.0	18.446666666666665	81.93333333333334	18.886666666666667		5
6	21	0	Estadio Akron	Zapopan	20.702986	-103.45453	GMT-6	1665.0	18.166666666666668	83.93333333333334	18.54		6
6	21	20	Estadio Akron	Zapopan	20.702986	-103.45453	GMT-6	1665.0	21.88	65.93333333333334	21.78666666666667		2
6	21	21	Estadio Akron	Zapopan	20.702986	-103.45453	GMT-6	1665.0	20.65333333333333	70.06666666666666	20.540000000000003		3
6	21	22	Estadio Akron	Zapopan	20.702986	-103.45453	GMT-6	1665.0	19.866666666666667	72.66666666666667	19.666666666666668		4
6	21	23	Estadio Akron	Zapopan	20.702986	-103.45453	GMT-6	1665.0	19.0	78.26666666666667	19.160000000000004		5
6	22	0	Estadio Akron	Zapopan	20.702986	-103.45453	GMT-6	1665.0	18.053333333333335	83.33333333333333	18.540000000000003		6
6	22	20	Estadio Akron	Zapopan	20.702986	-103.45453	GMT-6	1665.0	21.153333333333332	73.0	21.606666666666666		2
6	22	21	Estadio Akron	Zapopan	20.702986	-103.45453	GMT-6	1665.0	19.826666666666664	79.53333333333333	20.279999999999998		3
6	22	22	Estadio Akron	Zapopan	20.702986	-103.45453	GMT-6	1665.0	18.853333333333335	84.66666666666667	19.473333333333333		4
6	22	23	Estadio Akron	Zapopan	20.702986	-103.45453	GMT-6	1665.0	18.419999999999998	84.06666666666666	18.933333333333334		5
6	23	0	Estadio Akron	Zapopan	20.702986	-103.45453	GMT-6	1665.0	17.613333333333337	91.73333333333333	18.720000000000002		6
6	23	20	Estadio Akron	Zapopan	20.702986	-103.45453	GMT-6	1665.0	20.553333333333335	75.93333333333334	20.966666666666665		2
6	23	21	Estadio Akron	Zapopan	20.702986	-103.45453	GMT-6	1665.0	19.459999999999997	82.4	20.166666666666664		3
6	23	22	Estadio Akron	Zapopan	20.702986	-103.45453	GMT-6	1665.0	18.586666666666666	88.06666666666666	19.60666666666667		4
6	23	23	Estadio Akron	Zapopan	20.702986	-103.45453	GMT-6	1665.0	18.066666666666666	90.26666666666667	19.133333333333333		5
6	24	0	Estadio Akron	Zapopan	20.702986	-103.45453	GMT-6	1665.0	17.220000000000002	94.0	18.473333333333336		6
6	24	20	Estadio Akron	Zapopan	20.702986	-103.45453	GMT-6	1665.0	19.986666666666665	75.86666666666666	20.16		2
6	24	21	Estadio Akron	Zapopan	20.702986	-103.45453	GMT-6	1665.0	18.76666666666667	82.86666666666666	19.24		3
6	24	22	Estadio Akron	Zapopan	20.702986	-103.45453	GMT-6	1665.0	17.8	88.26666666666667	18.533333333333328		4
6	24	23	Estadio Akron	Zapopan	20.702986	-103.45453	GMT-6	1665.0	17.44	92.2	18.533333333333335		5
6	25	0	Estadio Akron	Zapopan	20.702986	-103.45453	GMT-6	1665.0	16.999999999999996	90.86666666666666	17.953333333333333		6
6	25	20	Estadio Akron	Zapopan	20.702986	-103.45453	GMT-6	1665.0	20.439999999999998	70.66666666666667	20.42		2
6	25	21	Estadio Akron	Zapopan	20.702986	-103.45453	GMT-6	1665.0	18.98	78.26666666666667	19.126666666666665		3
6	25	22	Estadio Akron	Zapopan	20.702986	-103.45453	GMT-6	1665.0	17.973333333333336	83.86666666666666	18.386666666666663		4
6	25	23	Estadio Akron	Zapopan	20.702986	-103.45453	GMT-6	1665.0	17.3	88.93333333333334	18.0		5
6	26	0	Estadio Akron	Zapopan	20.702986	-103.45453	GMT-6	1665.0	16.433333333333334	91.06666666666666	16.98		6
6	26	20	Estadio Akron	Zapopan	20.702986	-103.45453	GMT-6	1665.0	19.853333333333335	72.13333333333334	19.69333333333333		2
6	26	21	Estadio Akron	Zapopan	20.702986	-103.45453	GMT-6	1665.0	18.54666666666667	79.66666666666667	18.6		3
6	26	22	Estadio Akron	Zapopan	20.702986	-103.45453	GMT-6	1665.0	17.453333333333333	86.93333333333334	17.686666666666667		4
6	26	23	Estadio Akron	Zapopan	20.702986	-103.45453	GMT-6	1665.0	16.833333333333332	90.4	17.266666666666662		5
6	27	0	Estadio Akron	Zapopan	20.702986	-103.45453	GMT-6	1665.0	16.686666666666667	93.6	17.446666666666665		6
6	27	20	Estadio Akron	Zapopan	20.702986	-103.45453	GMT-6	1665.0	19.853333333333335	75.2	19.68		2
6	27	21	Estadio Akron	Zapopan	20.702986	-103.45453	GMT-6	1665.0	18.666666666666668	81.8	18.713333333333335		3
6	27	22	Estadio Akron	Zapopan	20.702986	-103.45453	GMT-6	1665.0	18.066666666666666	86.33333333333333	18.453333333333333		4
6	27	23	Estadio Akron	Zapopan	20.702986	-103.45453	GMT-6	1665.0	17.279999999999998	90.93333333333334	17.893333333333334		5
6	11	13	Arrowhead Stadium	Kansas City	39.050964	-94.44443	GMT-5	259.0	28.480000000000004	54.666666666666664	31.32		18
6	11	14	Arrowhead Stadium	Kansas City	39.050964	-94.44443	GMT-5	259.0	29.019999999999996	51.666666666666664	31.506666666666668		19
6	11	15	Arrowhead Stadium	Kansas City	39.050964	-94.44443	GMT-5	259.0	29.459999999999997	49.13333333333333	31.413333333333338		20
6	11	16	Arrowhead Stadium	Kansas City	39.050964	-94.44443	GMT-5	259.0	29.579999999999995	48.333333333333336	30.98		21
6	11	17	Arrowhead Stadium	Kansas City	39.050964	-94.44443	GMT-5	259.0	29.453333333333333	48.733333333333334	30.580000000000002		22
6	11	18	Arrowhead Stadium	Kansas City	39.050964	-94.44443	GMT-5	259.0	28.459999999999997	53.666666666666664	29.766666666666666		23
6	11	19	Arrowhead Stadium	Kansas City	39.050964	-94.44443	GMT-5	259.0	27.100000000000005	60.666666666666664	28.873333333333335		0
6	11	20	Arrowhead Stadium	Kansas City	39.050964	-94.44443	GMT-5	259.0	25.44	68.8	27.546666666666667		1
6	11	21	Arrowhead Stadium	Kansas City	39.050964	-94.44443	GMT-5	259.0	24.3	73.13333333333334	26.39333333333333		2
6	11	22	Arrowhead Stadium	Kansas City	39.050964	-94.44443	GMT-5	259.0	23.28666666666667	76.33333333333333	25.36		3
6	11	23	Arrowhead Stadium	Kansas City	39.050964	-94.44443	GMT-5	259.0	22.126666666666665	77.73333333333333	23.853333333333335		4
6	12	13	Arrowhead Stadium	Kansas City	39.050964	-94.44443	GMT-5	259.0	26.613333333333333	57.46666666666667	28.740000000000006		18
6	12	14	Arrowhead Stadium	Kansas City	39.050964	-94.44443	GMT-5	259.0	27.233333333333334	54.4	29.19333333333334		19
6	12	15	Arrowhead Stadium	Kansas City	39.050964	-94.44443	GMT-5	259.0	27.666666666666668	52.4	29.35333333333334		20
6	12	16	Arrowhead Stadium	Kansas City	39.050964	-94.44443	GMT-5	259.0	28.100000000000005	50.46666666666667	29.440000000000005		21
6	12	17	Arrowhead Stadium	Kansas City	39.050964	-94.44443	GMT-5	259.0	28.300000000000004	49.46666666666667	29.22666666666667		22
6	12	18	Arrowhead Stadium	Kansas City	39.050964	-94.44443	GMT-5	259.0	28.05333333333334	50.8	28.906666666666663		23
6	12	19	Arrowhead Stadium	Kansas City	39.050964	-94.44443	GMT-5	259.0	27.08666666666667	55.6	28.279999999999998		0
6	12	20	Arrowhead Stadium	Kansas City	39.050964	-94.44443	GMT-5	259.0	25.820000000000004	61.46666666666667	27.5		1
6	12	21	Arrowhead Stadium	Kansas City	39.050964	-94.44443	GMT-5	259.0	24.433333333333334	66.93333333333334	26.259999999999994		2
6	12	22	Arrowhead Stadium	Kansas City	39.050964	-94.44443	GMT-5	259.0	23.393333333333334	69.86666666666666	24.999999999999996		3
6	12	23	Arrowhead Stadium	Kansas City	39.050964	-94.44443	GMT-5	259.0	22.34	75.4	23.886666666666663		4
6	13	13	Arrowhead Stadium	Kansas City	39.050964	-94.44443	GMT-5	259.0	29.399999999999995	48.4	31.386666666666667		18
6	13	14	Arrowhead Stadium	Kansas City	39.050964	-94.44443	GMT-5	259.0	30.15333333333333	46.2	32.1		19
6	13	15	Arrowhead Stadium	Kansas City	39.050964	-94.44443	GMT-5	259.0	30.69333333333333	44.4	32.34		20
6	13	16	Arrowhead Stadium	Kansas City	39.050964	-94.44443	GMT-5	259.0	30.939999999999998	43.46666666666667	32.18666666666667		21
6	13	17	Arrowhead Stadium	Kansas City	39.050964	-94.44443	GMT-5	259.0	30.81333333333333	43.733333333333334	31.62666666666667		22
6	13	18	Arrowhead Stadium	Kansas City	39.050964	-94.44443	GMT-5	259.0	30.09999999999999	46.733333333333334	30.953333333333337		23
6	13	19	Arrowhead Stadium	Kansas City	39.050964	-94.44443	GMT-5	259.0	28.586666666666662	55.733333333333334	30.180000000000003		0
6	13	20	Arrowhead Stadium	Kansas City	39.050964	-94.44443	GMT-5	259.0	27.14	62.13333333333333	29.22000000000001		1
6	13	21	Arrowhead Stadium	Kansas City	39.050964	-94.44443	GMT-5	259.0	25.413333333333334	68.2	27.340000000000007		2
6	13	22	Arrowhead Stadium	Kansas City	39.050964	-94.44443	GMT-5	259.0	24.346666666666668	69.4	25.800000000000004		3
6	13	23	Arrowhead Stadium	Kansas City	39.050964	-94.44443	GMT-5	259.0	22.953333333333333	72.86666666666666	24.173333333333336		4
6	14	13	Arrowhead Stadium	Kansas City	39.050964	-94.44443	GMT-5	259.0	30.499999999999996	44.46666666666667	33.39333333333333		18
6	14	14	Arrowhead Stadium	Kansas City	39.050964	-94.44443	GMT-5	259.0	31.19333333333333	42.13333333333333	33.96		19
6	14	15	Arrowhead Stadium	Kansas City	39.050964	-94.44443	GMT-5	259.0	31.620000000000005	40.8	34.02		20
6	14	16	Arrowhead Stadium	Kansas City	39.050964	-94.44443	GMT-5	259.0	31.713333333333335	40.333333333333336	33.53333333333334		21
6	14	17	Arrowhead Stadium	Kansas City	39.050964	-94.44443	GMT-5	259.0	31.540000000000006	40.733333333333334	32.78		22
6	14	18	Arrowhead Stadium	Kansas City	39.050964	-94.44443	GMT-5	259.0	30.92	43.2	32.00666666666667		23
6	14	19	Arrowhead Stadium	Kansas City	39.050964	-94.44443	GMT-5	259.0	29.740000000000002	49.06666666666667	31.18		0
6	14	20	Arrowhead Stadium	Kansas City	39.050964	-94.44443	GMT-5	259.0	28.08	56.8	29.94		1
6	14	21	Arrowhead Stadium	Kansas City	39.050964	-94.44443	GMT-5	259.0	26.446666666666665	63.4	28.42		2
6	14	22	Arrowhead Stadium	Kansas City	39.050964	-94.44443	GMT-5	259.0	25.193333333333335	67.4	26.94		3
6	14	23	Arrowhead Stadium	Kansas City	39.050964	-94.44443	GMT-5	259.0	23.89333333333333	71.46666666666667	25.36		4
6	15	13	Arrowhead Stadium	Kansas City	39.050964	-94.44443	GMT-5	259.0	29.55333333333333	51.2	32.35333333333333		18
6	15	14	Arrowhead Stadium	Kansas City	39.050964	-94.44443	GMT-5	259.0	30.439999999999998	49.13333333333333	33.50666666666667		19
6	15	15	Arrowhead Stadium	Kansas City	39.050964	-94.44443	GMT-5	259.0	30.919999999999998	48.06666666666667	33.806666666666665		20
6	15	16	Arrowhead Stadium	Kansas City	39.050964	-94.44443	GMT-5	259.0	30.793333333333337	49.266666666666666	33.37333333333333		21
6	15	17	Arrowhead Stadium	Kansas City	39.050964	-94.44443	GMT-5	259.0	30.259999999999998	51.4	32.40666666666666		22
6	15	18	Arrowhead Stadium	Kansas City	39.050964	-94.44443	GMT-5	259.0	29.453333333333333	54.53333333333333	31.459999999999997		23
6	15	19	Arrowhead Stadium	Kansas City	39.050964	-94.44443	GMT-5	259.0	28.34666666666666	58.86666666666667	30.259999999999998		0
6	15	20	Arrowhead Stadium	Kansas City	39.050964	-94.44443	GMT-5	259.0	26.959999999999994	63.06666666666667	28.75333333333333		1
6	15	21	Arrowhead Stadium	Kansas City	39.050964	-94.44443	GMT-5	259.0	25.526666666666664	66.86666666666666	27.07999999999999		2
6	15	22	Arrowhead Stadium	Kansas City	39.050964	-94.44443	GMT-5	259.0	24.540000000000003	68.8	25.926666666666662		3
6	15	23	Arrowhead Stadium	Kansas City	39.050964	-94.44443	GMT-5	259.0	24.060000000000002	70.0	25.41333333333333		4
6	16	13	Arrowhead Stadium	Kansas City	39.050964	-94.44443	GMT-5	259.0	31.16666666666667	48.8	34.806666666666665		18
6	16	14	Arrowhead Stadium	Kansas City	39.050964	-94.44443	GMT-5	259.0	32.08	45.53333333333333	35.74		19
6	16	15	Arrowhead Stadium	Kansas City	39.050964	-94.44443	GMT-5	259.0	32.64666666666667	43.266666666666666	35.98		20
6	16	16	Arrowhead Stadium	Kansas City	39.050964	-94.44443	GMT-5	259.0	32.8	42.6	35.49999999999999		21
6	16	17	Arrowhead Stadium	Kansas City	39.050964	-94.44443	GMT-5	259.0	32.58	43.13333333333333	34.63999999999999		22
6	16	18	Arrowhead Stadium	Kansas City	39.050964	-94.44443	GMT-5	259.0	31.566666666666663	47.266666666666666	33.34		23
6	16	19	Arrowhead Stadium	Kansas City	39.050964	-94.44443	GMT-5	259.0	30.259999999999998	52.86666666666667	32.24666666666666		0
6	16	20	Arrowhead Stadium	Kansas City	39.050964	-94.44443	GMT-5	259.0	28.266666666666666	59.666666666666664	30.26		1
6	16	21	Arrowhead Stadium	Kansas City	39.050964	-94.44443	GMT-5	259.0	26.853333333333335	63.6	28.74666666666667		2
6	16	22	Arrowhead Stadium	Kansas City	39.050964	-94.44443	GMT-5	259.0	25.660000000000007	67.33333333333333	27.4		3
6	16	23	Arrowhead Stadium	Kansas City	39.050964	-94.44443	GMT-5	259.0	24.706666666666667	70.8	26.560000000000002		4
6	17	13	Arrowhead Stadium	Kansas City	39.050964	-94.44443	GMT-5	259.0	31.13333333333333	50.8	34.13333333333333		18
6	17	14	Arrowhead Stadium	Kansas City	39.050964	-94.44443	GMT-5	259.0	32.0	47.13333333333333	34.74		19
6	17	15	Arrowhead Stadium	Kansas City	39.050964	-94.44443	GMT-5	259.0	32.56666666666667	44.8	34.89333333333334		20
6	17	16	Arrowhead Stadium	Kansas City	39.050964	-94.44443	GMT-5	259.0	32.85333333333333	43.06666666666667	34.61333333333333		21
6	17	17	Arrowhead Stadium	Kansas City	39.050964	-94.44443	GMT-5	259.0	32.78	42.4	33.940000000000005		22
6	17	18	Arrowhead Stadium	Kansas City	39.050964	-94.44443	GMT-5	259.0	32.35333333333333	43.93333333333333	33.36666666666667		23
6	17	19	Arrowhead Stadium	Kansas City	39.050964	-94.44443	GMT-5	259.0	30.846666666666668	49.93333333333333	32.093333333333334		0
6	17	20	Arrowhead Stadium	Kansas City	39.050964	-94.44443	GMT-5	259.0	28.83333333333333	58.13333333333333	30.526666666666664		1
6	17	21	Arrowhead Stadium	Kansas City	39.050964	-94.44443	GMT-5	259.0	26.920000000000005	64.93333333333334	28.733333333333334		2
6	17	22	Arrowhead Stadium	Kansas City	39.050964	-94.44443	GMT-5	259.0	25.880000000000003	68.46666666666667	27.52		3
6	17	23	Arrowhead Stadium	Kansas City	39.050964	-94.44443	GMT-5	259.0	25.353333333333335	70.06666666666666	27.093333333333337		4
6	18	13	Arrowhead Stadium	Kansas City	39.050964	-94.44443	GMT-5	259.0	28.7	62.266666666666666	30.999999999999996		18
6	18	14	Arrowhead Stadium	Kansas City	39.050964	-94.44443	GMT-5	259.0	29.220000000000002	59.46666666666667	31.426666666666662		19
6	18	15	Arrowhead Stadium	Kansas City	39.050964	-94.44443	GMT-5	259.0	29.620000000000005	57.53333333333333	31.686666666666664		20
6	18	16	Arrowhead Stadium	Kansas City	39.050964	-94.44443	GMT-5	259.0	30.01333333333334	56.13333333333333	31.846666666666668		21
6	18	17	Arrowhead Stadium	Kansas City	39.050964	-94.44443	GMT-5	259.0	30.14	55.266666666666666	31.56		22
6	18	18	Arrowhead Stadium	Kansas City	39.050964	-94.44443	GMT-5	259.0	29.88	55.4	31.12666666666667		23
6	18	19	Arrowhead Stadium	Kansas City	39.050964	-94.44443	GMT-5	259.0	28.666666666666668	59.06666666666667	30.026666666666667		0
6	18	20	Arrowhead Stadium	Kansas City	39.050964	-94.44443	GMT-5	259.0	27.24666666666667	64.26666666666667	29.066666666666666		1
6	18	21	Arrowhead Stadium	Kansas City	39.050964	-94.44443	GMT-5	259.0	25.920000000000005	68.4	27.779999999999998		2
6	18	22	Arrowhead Stadium	Kansas City	39.050964	-94.44443	GMT-5	259.0	25.220000000000002	69.6	26.84		3
6	18	23	Arrowhead Stadium	Kansas City	39.050964	-94.44443	GMT-5	259.0	24.886666666666667	70.2	26.253333333333334		4
6	19	13	Arrowhead Stadium	Kansas City	39.050964	-94.44443	GMT-5	259.0	30.066666666666663	52.8	33.8		18
6	19	14	Arrowhead Stadium	Kansas City	39.050964	-94.44443	GMT-5	259.0	30.546666666666667	51.6	34.34666666666667		19
6	19	15	Arrowhead Stadium	Kansas City	39.050964	-94.44443	GMT-5	259.0	30.90666666666667	50.6	34.519999999999996		20
6	19	16	Arrowhead Stadium	Kansas City	39.050964	-94.44443	GMT-5	259.0	30.573333333333334	51.86666666666667	33.74		21
6	19	17	Arrowhead Stadium	Kansas City	39.050964	-94.44443	GMT-5	259.0	29.540000000000003	56.2	32.12666666666667		22
6	19	18	Arrowhead Stadium	Kansas City	39.050964	-94.44443	GMT-5	259.0	28.333333333333332	62.06666666666667	30.826666666666668		23
6	19	19	Arrowhead Stadium	Kansas City	39.050964	-94.44443	GMT-5	259.0	27.433333333333334	67.4	30.08666666666667		0
6	19	20	Arrowhead Stadium	Kansas City	39.050964	-94.44443	GMT-5	259.0	26.833333333333332	70.6	29.72666666666667		1
6	19	21	Arrowhead Stadium	Kansas City	39.050964	-94.44443	GMT-5	259.0	26.14	72.2	28.766666666666666		2
6	19	22	Arrowhead Stadium	Kansas City	39.050964	-94.44443	GMT-5	259.0	25.38	72.46666666666667	27.493333333333332		3
6	19	23	Arrowhead Stadium	Kansas City	39.050964	-94.44443	GMT-5	259.0	24.733333333333334	71.86666666666666	26.36		4
6	20	13	Arrowhead Stadium	Kansas City	39.050964	-94.44443	GMT-5	259.0	31.026666666666664	52.93333333333333	34.49333333333333		18
6	20	14	Arrowhead Stadium	Kansas City	39.050964	-94.44443	GMT-5	259.0	31.906666666666663	49.86666666666667	35.220000000000006		19
6	20	15	Arrowhead Stadium	Kansas City	39.050964	-94.44443	GMT-5	259.0	32.44666666666667	47.93333333333333	35.39333333333334		20
6	20	16	Arrowhead Stadium	Kansas City	39.050964	-94.44443	GMT-5	259.0	32.68	46.93333333333333	35.013333333333335		21
6	20	17	Arrowhead Stadium	Kansas City	39.050964	-94.44443	GMT-5	259.0	32.53333333333333	47.13333333333333	34.32000000000001		22
6	20	18	Arrowhead Stadium	Kansas City	39.050964	-94.44443	GMT-5	259.0	32.15333333333333	48.666666666666664	33.653333333333336		23
6	20	19	Arrowhead Stadium	Kansas City	39.050964	-94.44443	GMT-5	259.0	31.006666666666668	52.8	32.64666666666667		0
6	20	20	Arrowhead Stadium	Kansas City	39.050964	-94.44443	GMT-5	259.0	29.386666666666663	59.13333333333333	31.393333333333334		1
6	20	21	Arrowhead Stadium	Kansas City	39.050964	-94.44443	GMT-5	259.0	27.673333333333332	64.86666666666666	29.766666666666666		2
6	20	22	Arrowhead Stadium	Kansas City	39.050964	-94.44443	GMT-5	259.0	26.493333333333332	68.33333333333333	28.326666666666668		3
6	20	23	Arrowhead Stadium	Kansas City	39.050964	-94.44443	GMT-5	259.0	25.506666666666668	69.6	27.006666666666668		4
6	21	13	Arrowhead Stadium	Kansas City	39.050964	-94.44443	GMT-5	259.0	30.04	50.06666666666667	32.44666666666667		18
6	21	14	Arrowhead Stadium	Kansas City	39.050964	-94.44443	GMT-5	259.0	30.693333333333335	47.2	32.91333333333333		19
6	21	15	Arrowhead Stadium	Kansas City	39.050964	-94.44443	GMT-5	259.0	31.019999999999996	45.46666666666667	32.68666666666667		20
6	21	16	Arrowhead Stadium	Kansas City	39.050964	-94.44443	GMT-5	259.0	30.98	44.86666666666667	32.02		21
6	21	17	Arrowhead Stadium	Kansas City	39.050964	-94.44443	GMT-5	259.0	30.653333333333332	44.93333333333333	31.066666666666666		22
6	21	18	Arrowhead Stadium	Kansas City	39.050964	-94.44443	GMT-5	259.0	29.720000000000002	48.0	30.040000000000003		23
6	21	19	Arrowhead Stadium	Kansas City	39.050964	-94.44443	GMT-5	259.0	28.586666666666662	52.6	29.253333333333334		0
6	21	20	Arrowhead Stadium	Kansas City	39.050964	-94.44443	GMT-5	259.0	27.146666666666665	59.0	28.30666666666667		1
6	21	21	Arrowhead Stadium	Kansas City	39.050964	-94.44443	GMT-5	259.0	26.11333333333333	62.86666666666667	27.586666666666666		2
6	21	22	Arrowhead Stadium	Kansas City	39.050964	-94.44443	GMT-5	259.0	25.186666666666664	66.06666666666666	26.72666666666667		3
6	21	23	Arrowhead Stadium	Kansas City	39.050964	-94.44443	GMT-5	259.0	24.899999999999995	67.13333333333334	26.226666666666667		4
6	22	13	Arrowhead Stadium	Kansas City	39.050964	-94.44443	GMT-5	259.0	29.826666666666664	46.733333333333334	31.186666666666667		18
6	22	14	Arrowhead Stadium	Kansas City	39.050964	-94.44443	GMT-5	259.0	30.633333333333336	44.06666666666667	32.026666666666664		19
6	22	15	Arrowhead Stadium	Kansas City	39.050964	-94.44443	GMT-5	259.0	31.24666666666667	41.666666666666664	32.406666666666666		20
6	22	16	Arrowhead Stadium	Kansas City	39.050964	-94.44443	GMT-5	259.0	31.486666666666668	39.666666666666664	32.013333333333335		21
6	22	17	Arrowhead Stadium	Kansas City	39.050964	-94.44443	GMT-5	259.0	31.186666666666667	39.53333333333333	31.206666666666663		22
6	22	18	Arrowhead Stadium	Kansas City	39.050964	-94.44443	GMT-5	259.0	30.333333333333336	42.0	30.226666666666663		23
6	22	19	Arrowhead Stadium	Kansas City	39.050964	-94.44443	GMT-5	259.0	29.180000000000003	47.0	29.486666666666665		0
6	22	20	Arrowhead Stadium	Kansas City	39.050964	-94.44443	GMT-5	259.0	27.89333333333333	52.06666666666667	28.56		1
6	22	21	Arrowhead Stadium	Kansas City	39.050964	-94.44443	GMT-5	259.0	26.673333333333332	57.0	27.62		2
6	22	22	Arrowhead Stadium	Kansas City	39.050964	-94.44443	GMT-5	259.0	25.720000000000002	59.86666666666667	26.633333333333333		3
6	22	23	Arrowhead Stadium	Kansas City	39.050964	-94.44443	GMT-5	259.0	24.8	64.8	25.933333333333334		4
6	23	13	Arrowhead Stadium	Kansas City	39.050964	-94.44443	GMT-5	259.0	29.259999999999994	50.0	31.74666666666667		18
6	23	14	Arrowhead Stadium	Kansas City	39.050964	-94.44443	GMT-5	259.0	30.093333333333327	47.86666666666667	32.71333333333333		19
6	23	15	Arrowhead Stadium	Kansas City	39.050964	-94.44443	GMT-5	259.0	30.84666666666666	45.86666666666667	33.28666666666666		20
6	23	16	Arrowhead Stadium	Kansas City	39.050964	-94.44443	GMT-5	259.0	31.319999999999997	44.666666666666664	33.266666666666666		21
6	23	17	Arrowhead Stadium	Kansas City	39.050964	-94.44443	GMT-5	259.0	31.226666666666663	45.2	32.586666666666666		22
6	23	18	Arrowhead Stadium	Kansas City	39.050964	-94.44443	GMT-5	259.0	30.64666666666666	48.8	31.92		23
6	23	19	Arrowhead Stadium	Kansas City	39.050964	-94.44443	GMT-5	259.0	29.673333333333336	53.733333333333334	31.193333333333335		0
6	23	20	Arrowhead Stadium	Kansas City	39.050964	-94.44443	GMT-5	259.0	28.433333333333337	59.6	30.386666666666667		1
6	23	21	Arrowhead Stadium	Kansas City	39.050964	-94.44443	GMT-5	259.0	27.220000000000006	64.2	29.326666666666668		2
6	23	22	Arrowhead Stadium	Kansas City	39.050964	-94.44443	GMT-5	259.0	26.200000000000003	67.93333333333334	28.34		3
6	23	23	Arrowhead Stadium	Kansas City	39.050964	-94.44443	GMT-5	259.0	25.42666666666667	67.26666666666667	27.14		4
6	24	13	Arrowhead Stadium	Kansas City	39.050964	-94.44443	GMT-5	259.0	28.706666666666667	71.4	32.4		18
6	24	14	Arrowhead Stadium	Kansas City	39.050964	-94.44443	GMT-5	259.0	30.286666666666672	64.46666666666667	33.653333333333336		19
6	24	15	Arrowhead Stadium	Kansas City	39.050964	-94.44443	GMT-5	259.0	31.713333333333335	57.93333333333333	34.620000000000005		20
6	24	16	Arrowhead Stadium	Kansas City	39.050964	-94.44443	GMT-5	259.0	32.63333333333333	53.8	35.06000000000001		21
6	24	17	Arrowhead Stadium	Kansas City	39.050964	-94.44443	GMT-5	259.0	33.013333333333335	51.733333333333334	35.10666666666666		22
6	24	18	Arrowhead Stadium	Kansas City	39.050964	-94.44443	GMT-5	259.0	32.39333333333334	53.733333333333334	34.306666666666665		23
6	24	19	Arrowhead Stadium	Kansas City	39.050964	-94.44443	GMT-5	259.0	31.10666666666667	57.13333333333333	32.92666666666667		0
6	24	20	Arrowhead Stadium	Kansas City	39.050964	-94.44443	GMT-5	259.0	29.513333333333332	61.86666666666667	31.34666666666667		1
6	24	21	Arrowhead Stadium	Kansas City	39.050964	-94.44443	GMT-5	259.0	28.299999999999997	65.0	30.280000000000005		2
6	24	22	Arrowhead Stadium	Kansas City	39.050964	-94.44443	GMT-5	259.0	27.473333333333336	67.6	29.526666666666664		3
6	24	23	Arrowhead Stadium	Kansas City	39.050964	-94.44443	GMT-5	259.0	26.473333333333336	69.73333333333333	28.580000000000002		4
6	25	13	Arrowhead Stadium	Kansas City	39.050964	-94.44443	GMT-5	259.0	31.3	51.46666666666667	33.77333333333333		18
6	25	14	Arrowhead Stadium	Kansas City	39.050964	-94.44443	GMT-5	259.0	31.6	50.4	33.99333333333333		19
6	25	15	Arrowhead Stadium	Kansas City	39.050964	-94.44443	GMT-5	259.0	31.806666666666665	50.53333333333333	34.24		20
6	25	16	Arrowhead Stadium	Kansas City	39.050964	-94.44443	GMT-5	259.0	31.819999999999997	50.733333333333334	34.02666666666667		21
6	25	17	Arrowhead Stadium	Kansas City	39.050964	-94.44443	GMT-5	259.0	31.319999999999997	52.46666666666667	33.11333333333333		22
6	25	18	Arrowhead Stadium	Kansas City	39.050964	-94.44443	GMT-5	259.0	30.213333333333335	57.13333333333333	31.90666666666667		23
6	25	19	Arrowhead Stadium	Kansas City	39.050964	-94.44443	GMT-5	259.0	28.76	63.8	30.646666666666665		0
6	25	20	Arrowhead Stadium	Kansas City	39.050964	-94.44443	GMT-5	259.0	27.293333333333337	70.13333333333334	29.68		1
6	25	21	Arrowhead Stadium	Kansas City	39.050964	-94.44443	GMT-5	259.0	26.040000000000003	74.33333333333333	28.606666666666666		2
6	25	22	Arrowhead Stadium	Kansas City	39.050964	-94.44443	GMT-5	259.0	25.22666666666667	76.26666666666667	27.839999999999996		3
6	25	23	Arrowhead Stadium	Kansas City	39.050964	-94.44443	GMT-5	259.0	25.360000000000003	75.33333333333333	27.706666666666667		4
6	26	13	Arrowhead Stadium	Kansas City	39.050964	-94.44443	GMT-5	259.0	28.146666666666665	49.2	28.779999999999998		18
6	26	14	Arrowhead Stadium	Kansas City	39.050964	-94.44443	GMT-5	259.0	28.753333333333334	46.6	29.30666666666667		19
6	26	15	Arrowhead Stadium	Kansas City	39.050964	-94.44443	GMT-5	259.0	29.193333333333335	45.4	29.746666666666666		20
6	26	16	Arrowhead Stadium	Kansas City	39.050964	-94.44443	GMT-5	259.0	28.94666666666667	46.6	29.28666666666667		21
6	26	17	Arrowhead Stadium	Kansas City	39.050964	-94.44443	GMT-5	259.0	28.513333333333332	48.4	28.773333333333337		22
6	26	18	Arrowhead Stadium	Kansas City	39.050964	-94.44443	GMT-5	259.0	27.553333333333335	52.666666666666664	28.046666666666674		23
6	26	19	Arrowhead Stadium	Kansas City	39.050964	-94.44443	GMT-5	259.0	26.7	57.13333333333333	27.793333333333337		0
6	26	20	Arrowhead Stadium	Kansas City	39.050964	-94.44443	GMT-5	259.0	25.520000000000003	63.333333333333336	27.186666666666667		1
6	26	21	Arrowhead Stadium	Kansas City	39.050964	-94.44443	GMT-5	259.0	24.453333333333337	68.26666666666667	26.346666666666668		2
6	26	22	Arrowhead Stadium	Kansas City	39.050964	-94.44443	GMT-5	259.0	23.626666666666665	71.33333333333333	25.453333333333333		3
6	26	23	Arrowhead Stadium	Kansas City	39.050964	-94.44443	GMT-5	259.0	23.61333333333333	74.2	25.37333333333333		4
6	27	13	Arrowhead Stadium	Kansas City	39.050964	-94.44443	GMT-5	259.0	27.92	50.06666666666667	30.779999999999998		18
6	27	14	Arrowhead Stadium	Kansas City	39.050964	-94.44443	GMT-5	259.0	28.780000000000005	46.93333333333333	31.660000000000004		19
6	27	15	Arrowhead Stadium	Kansas City	39.050964	-94.44443	GMT-5	259.0	29.26666666666667	45.2	31.88		20
6	27	16	Arrowhead Stadium	Kansas City	39.050964	-94.44443	GMT-5	259.0	29.420000000000005	44.8	31.493333333333332		21
6	27	17	Arrowhead Stadium	Kansas City	39.050964	-94.44443	GMT-5	259.0	29.273333333333333	45.4	30.786666666666665		22
6	27	18	Arrowhead Stadium	Kansas City	39.050964	-94.44443	GMT-5	259.0	28.619999999999997	48.666666666666664	29.913333333333334		23
6	27	19	Arrowhead Stadium	Kansas City	39.050964	-94.44443	GMT-5	259.0	27.35333333333334	54.666666666666664	28.639999999999997		0
6	27	20	Arrowhead Stadium	Kansas City	39.050964	-94.44443	GMT-5	259.0	25.813333333333336	61.666666666666664	27.293333333333333		1
6	27	21	Arrowhead Stadium	Kansas City	39.050964	-94.44443	GMT-5	259.0	24.566666666666666	66.8	26.066666666666663		2
6	27	22	Arrowhead Stadium	Kansas City	39.050964	-94.44443	GMT-5	259.0	23.779999999999998	69.6	25.27333333333333		3
6	27	23	Arrowhead Stadium	Kansas City	39.050964	-94.44443	GMT-5	259.0	23.15333333333333	71.53333333333333	24.65333333333333		4
6	11	0	Estadio Azteca	Mexico City	19.29701	-99.08911	GMT-6	2251.0	16.14666666666667	69.53333333333333	15.360000000000003		6
6	11	13	Estadio Azteca	Mexico City	19.29701	-99.08911	GMT-6	2251.0	25.1	33.8	25.286666666666658		19
6	11	14	Estadio Azteca	Mexico City	19.29701	-99.08911	GMT-6	2251.0	25.673333333333336	32.266666666666666	25.306666666666665		20
6	11	15	Estadio Azteca	Mexico City	19.29701	-99.08911	GMT-6	2251.0	25.546666666666663	33.13333333333333	24.339999999999996		21
6	11	16	Estadio Azteca	Mexico City	19.29701	-99.08911	GMT-6	2251.0	24.76666666666667	35.4	22.799999999999994		22
6	11	17	Estadio Azteca	Mexico City	19.29701	-99.08911	GMT-6	2251.0	23.5	40.46666666666667	21.253333333333334		23
6	11	18	Estadio Azteca	Mexico City	19.29701	-99.08911	GMT-6	2251.0	22.233333333333338	45.266666666666666	20.16666666666667		0
6	11	19	Estadio Azteca	Mexico City	19.29701	-99.08911	GMT-6	2251.0	20.75333333333333	51.6	18.953333333333333		1
6	11	20	Estadio Azteca	Mexico City	19.29701	-99.08911	GMT-6	2251.0	19.446666666666662	56.2	17.973333333333336		2
6	11	21	Estadio Azteca	Mexico City	19.29701	-99.08911	GMT-6	2251.0	18.16	61.0	16.939999999999998		3
6	11	22	Estadio Azteca	Mexico City	19.29701	-99.08911	GMT-6	2251.0	17.426666666666666	63.46666666666667	16.406666666666666		4
6	11	23	Estadio Azteca	Mexico City	19.29701	-99.08911	GMT-6	2251.0	16.8	66.4	15.940000000000001		5
6	12	0	Estadio Azteca	Mexico City	19.29701	-99.08911	GMT-6	2251.0	15.833333333333334	71.2	15.086666666666668		6
6	12	13	Estadio Azteca	Mexico City	19.29701	-99.08911	GMT-6	2251.0	24.300000000000004	38.13333333333333	24.13333333333333		19
6	12	14	Estadio Azteca	Mexico City	19.29701	-99.08911	GMT-6	2251.0	24.966666666666665	35.733333333333334	24.293333333333337		20
6	12	15	Estadio Azteca	Mexico City	19.29701	-99.08911	GMT-6	2251.0	25.206666666666663	34.6	23.88		21
6	12	16	Estadio Azteca	Mexico City	19.29701	-99.08911	GMT-6	2251.0	24.793333333333337	36.2	22.646666666666665		22
6	12	17	Estadio Azteca	Mexico City	19.29701	-99.08911	GMT-6	2251.0	23.59333333333333	42.0	21.166666666666664		23
6	12	18	Estadio Azteca	Mexico City	19.29701	-99.08911	GMT-6	2251.0	22.10666666666667	48.266666666666666	19.66		0
6	12	19	Estadio Azteca	Mexico City	19.29701	-99.08911	GMT-6	2251.0	20.8	52.8	18.719999999999995		1
6	12	20	Estadio Azteca	Mexico City	19.29701	-99.08911	GMT-6	2251.0	19.586666666666666	56.266666666666666	17.813333333333333		2
6	12	21	Estadio Azteca	Mexico City	19.29701	-99.08911	GMT-6	2251.0	18.480000000000004	61.06666666666667	17.126666666666665		3
6	12	22	Estadio Azteca	Mexico City	19.29701	-99.08911	GMT-6	2251.0	17.3	66.33333333333333	16.366666666666667		4
6	12	23	Estadio Azteca	Mexico City	19.29701	-99.08911	GMT-6	2251.0	16.59333333333333	68.93333333333334	15.800000000000002		5
6	13	0	Estadio Azteca	Mexico City	19.29701	-99.08911	GMT-6	2251.0	16.626666666666665	69.26666666666667	15.919999999999998		6
6	13	13	Estadio Azteca	Mexico City	19.29701	-99.08911	GMT-6	2251.0	24.080000000000002	40.93333333333333	24.1		19
6	13	14	Estadio Azteca	Mexico City	19.29701	-99.08911	GMT-6	2251.0	24.58666666666667	39.4	24.24		20
6	13	15	Estadio Azteca	Mexico City	19.29701	-99.08911	GMT-6	2251.0	24.673333333333336	39.6	23.546666666666667		21
6	13	16	Estadio Azteca	Mexico City	19.29701	-99.08911	GMT-6	2251.0	24.76666666666667	39.733333333333334	23.06		22
6	13	17	Estadio Azteca	Mexico City	19.29701	-99.08911	GMT-6	2251.0	24.12666666666667	42.4	21.926666666666666		23
6	13	18	Estadio Azteca	Mexico City	19.29701	-99.08911	GMT-6	2251.0	22.833333333333336	47.2	20.673333333333336		0
6	13	19	Estadio Azteca	Mexico City	19.29701	-99.08911	GMT-6	2251.0	20.966666666666665	54.93333333333333	19.0		1
6	13	20	Estadio Azteca	Mexico City	19.29701	-99.08911	GMT-6	2251.0	19.16	63.2	17.666666666666668		2
6	13	21	Estadio Azteca	Mexico City	19.29701	-99.08911	GMT-6	2251.0	17.966666666666665	68.53333333333333	16.84666666666667		3
6	13	22	Estadio Azteca	Mexico City	19.29701	-99.08911	GMT-6	2251.0	17.28666666666667	71.2	16.453333333333337		4
6	13	23	Estadio Azteca	Mexico City	19.29701	-99.08911	GMT-6	2251.0	16.78666666666667	70.66666666666667	16.006666666666668		5
6	14	0	Estadio Azteca	Mexico City	19.29701	-99.08911	GMT-6	2251.0	16.313333333333336	75.2	15.859999999999998		6
6	14	13	Estadio Azteca	Mexico City	19.29701	-99.08911	GMT-6	2251.0	23.833333333333332	42.93333333333333	24.293333333333337		19
6	14	14	Estadio Azteca	Mexico City	19.29701	-99.08911	GMT-6	2251.0	24.660000000000004	41.4	24.799999999999997		20
6	14	15	Estadio Azteca	Mexico City	19.29701	-99.08911	GMT-6	2251.0	24.9	41.266666666666666	24.206666666666663		21
6	14	16	Estadio Azteca	Mexico City	19.29701	-99.08911	GMT-6	2251.0	24.313333333333333	43.0	22.733333333333334		22
6	14	17	Estadio Azteca	Mexico City	19.29701	-99.08911	GMT-6	2251.0	23.366666666666667	45.93333333333333	21.366666666666667		23
6	14	18	Estadio Azteca	Mexico City	19.29701	-99.08911	GMT-6	2251.0	21.639999999999997	53.266666666666666	19.860000000000003		0
6	14	19	Estadio Azteca	Mexico City	19.29701	-99.08911	GMT-6	2251.0	20.126666666666665	60.733333333333334	18.8		1
6	14	20	Estadio Azteca	Mexico City	19.29701	-99.08911	GMT-6	2251.0	18.506666666666664	69.53333333333333	17.813333333333336		2
6	14	21	Estadio Azteca	Mexico City	19.29701	-99.08911	GMT-6	2251.0	17.706666666666663	73.26666666666667	17.360000000000003		3
6	14	22	Estadio Azteca	Mexico City	19.29701	-99.08911	GMT-6	2251.0	17.093333333333337	76.06666666666666	16.87333333333333		4
6	14	23	Estadio Azteca	Mexico City	19.29701	-99.08911	GMT-6	2251.0	16.693333333333335	75.53333333333333	16.34		5
6	15	0	Estadio Azteca	Mexico City	19.29701	-99.08911	GMT-6	2251.0	16.2	77.93333333333334	15.766666666666671		6
6	15	13	Estadio Azteca	Mexico City	19.29701	-99.08911	GMT-6	2251.0	23.806666666666665	42.8	24.413333333333338		19
6	15	14	Estadio Azteca	Mexico City	19.29701	-99.08911	GMT-6	2251.0	24.233333333333334	42.06666666666667	24.166666666666668		20
6	15	15	Estadio Azteca	Mexico City	19.29701	-99.08911	GMT-6	2251.0	24.24666666666667	42.733333333333334	23.659999999999993		21
6	15	16	Estadio Azteca	Mexico City	19.29701	-99.08911	GMT-6	2251.0	23.75333333333333	45.2	22.466666666666665		22
6	15	17	Estadio Azteca	Mexico City	19.29701	-99.08911	GMT-6	2251.0	23.033333333333335	47.733333333333334	21.48		23
6	15	18	Estadio Azteca	Mexico City	19.29701	-99.08911	GMT-6	2251.0	21.91333333333333	51.666666666666664	20.346666666666668		0
6	15	19	Estadio Azteca	Mexico City	19.29701	-99.08911	GMT-6	2251.0	20.486666666666668	58.06666666666667	19.273333333333333		1
6	15	20	Estadio Azteca	Mexico City	19.29701	-99.08911	GMT-6	2251.0	18.90666666666667	65.13333333333334	17.913333333333338		2
6	15	21	Estadio Azteca	Mexico City	19.29701	-99.08911	GMT-6	2251.0	17.726666666666667	70.6	16.93333333333333		3
6	15	22	Estadio Azteca	Mexico City	19.29701	-99.08911	GMT-6	2251.0	17.079999999999995	72.86666666666666	16.466666666666665		4
6	15	23	Estadio Azteca	Mexico City	19.29701	-99.08911	GMT-6	2251.0	16.6	75.53333333333333	16.14		5
6	16	0	Estadio Azteca	Mexico City	19.29701	-99.08911	GMT-6	2251.0	15.973333333333334	75.4	15.506666666666664		6
6	16	13	Estadio Azteca	Mexico City	19.29701	-99.08911	GMT-6	2251.0	23.95333333333333	40.0	24.186666666666667		19
6	16	14	Estadio Azteca	Mexico City	19.29701	-99.08911	GMT-6	2251.0	24.513333333333332	37.53333333333333	24.040000000000003		20
6	16	15	Estadio Azteca	Mexico City	19.29701	-99.08911	GMT-6	2251.0	24.513333333333335	37.0	23.12666666666667		21
6	16	16	Estadio Azteca	Mexico City	19.29701	-99.08911	GMT-6	2251.0	24.206666666666663	36.86666666666667	21.913333333333338		22
6	16	17	Estadio Azteca	Mexico City	19.29701	-99.08911	GMT-6	2251.0	23.55333333333333	38.333333333333336	20.90666666666667		23
6	16	18	Estadio Azteca	Mexico City	19.29701	-99.08911	GMT-6	2251.0	22.413333333333334	42.13333333333333	19.973333333333333		0
6	16	19	Estadio Azteca	Mexico City	19.29701	-99.08911	GMT-6	2251.0	20.92	48.53333333333333	19.026666666666664		1
6	16	20	Estadio Azteca	Mexico City	19.29701	-99.08911	GMT-6	2251.0	19.360000000000003	55.733333333333334	17.986666666666668		2
6	16	21	Estadio Azteca	Mexico City	19.29701	-99.08911	GMT-6	2251.0	18.0	62.6	16.96		3
6	16	22	Estadio Azteca	Mexico City	19.29701	-99.08911	GMT-6	2251.0	17.10666666666667	67.33333333333333	16.279999999999998		4
6	16	23	Estadio Azteca	Mexico City	19.29701	-99.08911	GMT-6	2251.0	16.38666666666667	72.4	15.78		5
6	17	0	Estadio Azteca	Mexico City	19.29701	-99.08911	GMT-6	2251.0	15.419999999999998	72.46666666666667	14.48666666666667		6
6	17	13	Estadio Azteca	Mexico City	19.29701	-99.08911	GMT-6	2251.0	23.433333333333334	41.46666666666667	23.773333333333333		19
6	17	14	Estadio Azteca	Mexico City	19.29701	-99.08911	GMT-6	2251.0	24.193333333333335	38.2	23.959999999999997		20
6	17	15	Estadio Azteca	Mexico City	19.29701	-99.08911	GMT-6	2251.0	24.593333333333337	35.86666666666667	23.62666666666667		21
6	17	16	Estadio Azteca	Mexico City	19.29701	-99.08911	GMT-6	2251.0	24.286666666666665	36.4	22.513333333333335		22
6	17	17	Estadio Azteca	Mexico City	19.29701	-99.08911	GMT-6	2251.0	23.053333333333335	42.4	20.87333333333334		23
6	17	18	Estadio Azteca	Mexico City	19.29701	-99.08911	GMT-6	2251.0	21.533333333333328	49.46666666666667	19.44666666666667		0
6	17	19	Estadio Azteca	Mexico City	19.29701	-99.08911	GMT-6	2251.0	19.96	56.06666666666667	18.220000000000002		1
6	17	20	Estadio Azteca	Mexico City	19.29701	-99.08911	GMT-6	2251.0	18.86	59.733333333333334	17.453333333333333		2
6	17	21	Estadio Azteca	Mexico City	19.29701	-99.08911	GMT-6	2251.0	17.793333333333333	63.266666666666666	16.513333333333335		3
6	17	22	Estadio Azteca	Mexico City	19.29701	-99.08911	GMT-6	2251.0	16.966666666666665	66.06666666666666	15.746666666666668		4
6	17	23	Estadio Azteca	Mexico City	19.29701	-99.08911	GMT-6	2251.0	16.139999999999997	69.53333333333333	15.053333333333336		5
6	18	0	Estadio Azteca	Mexico City	19.29701	-99.08911	GMT-6	2251.0	15.593333333333332	70.06666666666666	14.526666666666669		6
6	18	13	Estadio Azteca	Mexico City	19.29701	-99.08911	GMT-6	2251.0	22.94666666666667	44.4	22.966666666666665		19
6	18	14	Estadio Azteca	Mexico City	19.29701	-99.08911	GMT-6	2251.0	23.473333333333336	43.4	23.100000000000005		20
6	18	15	Estadio Azteca	Mexico City	19.29701	-99.08911	GMT-6	2251.0	23.75333333333333	42.6	22.720000000000006		21
6	18	16	Estadio Azteca	Mexico City	19.29701	-99.08911	GMT-6	2251.0	23.75333333333333	42.53333333333333	22.053333333333338		22
6	18	17	Estadio Azteca	Mexico City	19.29701	-99.08911	GMT-6	2251.0	23.099999999999998	43.266666666666666	20.720000000000002		23
6	18	18	Estadio Azteca	Mexico City	19.29701	-99.08911	GMT-6	2251.0	21.526666666666664	48.86666666666667	19.113333333333333		0
6	18	19	Estadio Azteca	Mexico City	19.29701	-99.08911	GMT-6	2251.0	19.793333333333333	55.4	17.77333333333333		1
6	18	20	Estadio Azteca	Mexico City	19.29701	-99.08911	GMT-6	2251.0	18.259999999999998	63.4	16.926666666666666		2
6	18	21	Estadio Azteca	Mexico City	19.29701	-99.08911	GMT-6	2251.0	17.386666666666667	67.8	16.48		3
6	18	22	Estadio Azteca	Mexico City	19.29701	-99.08911	GMT-6	2251.0	16.686666666666664	70.93333333333334	15.953333333333331		4
6	18	23	Estadio Azteca	Mexico City	19.29701	-99.08911	GMT-6	2251.0	16.09333333333333	70.86666666666666	15.226666666666665		5
6	19	0	Estadio Azteca	Mexico City	19.29701	-99.08911	GMT-6	2251.0	15.586666666666666	73.6	14.799999999999999		6
6	19	13	Estadio Azteca	Mexico City	19.29701	-99.08911	GMT-6	2251.0	23.573333333333338	45.13333333333333	23.38666666666666		19
6	19	14	Estadio Azteca	Mexico City	19.29701	-99.08911	GMT-6	2251.0	24.22666666666667	42.2	23.44		20
6	19	15	Estadio Azteca	Mexico City	19.29701	-99.08911	GMT-6	2251.0	24.32	41.0	22.793333333333337		21
6	19	16	Estadio Azteca	Mexico City	19.29701	-99.08911	GMT-6	2251.0	23.826666666666664	42.4	21.686666666666667		22
6	19	17	Estadio Azteca	Mexico City	19.29701	-99.08911	GMT-6	2251.0	22.586666666666666	46.733333333333334	20.30666666666667		23
6	19	18	Estadio Azteca	Mexico City	19.29701	-99.08911	GMT-6	2251.0	20.87333333333333	55.53333333333333	19.006666666666668		0
6	19	19	Estadio Azteca	Mexico City	19.29701	-99.08911	GMT-6	2251.0	19.133333333333333	64.2	17.886666666666667		1
6	19	20	Estadio Azteca	Mexico City	19.29701	-99.08911	GMT-6	2251.0	17.813333333333333	70.66666666666667	17.1		2
6	19	21	Estadio Azteca	Mexico City	19.29701	-99.08911	GMT-6	2251.0	17.16	72.2	16.666666666666664		3
6	19	22	Estadio Azteca	Mexico City	19.29701	-99.08911	GMT-6	2251.0	16.61333333333333	74.13333333333334	16.220000000000002		4
6	19	23	Estadio Azteca	Mexico City	19.29701	-99.08911	GMT-6	2251.0	16.14	73.93333333333334	15.579999999999997		5
6	20	0	Estadio Azteca	Mexico City	19.29701	-99.08911	GMT-6	2251.0	16.179999999999996	75.93333333333334	15.700000000000001		6
6	20	13	Estadio Azteca	Mexico City	19.29701	-99.08911	GMT-6	2251.0	23.780000000000005	45.46666666666667	24.753333333333337		19
6	20	14	Estadio Azteca	Mexico City	19.29701	-99.08911	GMT-6	2251.0	24.180000000000003	43.333333333333336	24.560000000000002		20
6	20	15	Estadio Azteca	Mexico City	19.29701	-99.08911	GMT-6	2251.0	24.153333333333332	42.733333333333334	23.586666666666662		21
6	20	16	Estadio Azteca	Mexico City	19.29701	-99.08911	GMT-6	2251.0	23.680000000000003	44.93333333333333	22.473333333333333		22
6	20	17	Estadio Azteca	Mexico City	19.29701	-99.08911	GMT-6	2251.0	22.77333333333333	50.4	21.426666666666666		23
6	20	18	Estadio Azteca	Mexico City	19.29701	-99.08911	GMT-6	2251.0	21.426666666666666	57.666666666666664	20.46		0
6	20	19	Estadio Azteca	Mexico City	19.29701	-99.08911	GMT-6	2251.0	19.953333333333337	65.26666666666667	19.433333333333337		1
6	20	20	Estadio Azteca	Mexico City	19.29701	-99.08911	GMT-6	2251.0	18.44666666666667	71.66666666666667	18.053333333333335		2
6	20	21	Estadio Azteca	Mexico City	19.29701	-99.08911	GMT-6	2251.0	17.540000000000003	74.73333333333333	17.28666666666667		3
6	20	22	Estadio Azteca	Mexico City	19.29701	-99.08911	GMT-6	2251.0	17.1	75.6	16.893333333333334		4
6	20	23	Estadio Azteca	Mexico City	19.29701	-99.08911	GMT-6	2251.0	16.653333333333332	75.4	16.366666666666667		5
6	21	0	Estadio Azteca	Mexico City	19.29701	-99.08911	GMT-6	2251.0	15.646666666666665	77.4	15.086666666666668		6
6	21	13	Estadio Azteca	Mexico City	19.29701	-99.08911	GMT-6	2251.0	23.32	46.6	22.833333333333332		19
6	21	14	Estadio Azteca	Mexico City	19.29701	-99.08911	GMT-6	2251.0	23.833333333333332	45.53333333333333	22.979999999999997		20
6	21	15	Estadio Azteca	Mexico City	19.29701	-99.08911	GMT-6	2251.0	23.846666666666668	44.93333333333333	22.38		21
6	21	16	Estadio Azteca	Mexico City	19.29701	-99.08911	GMT-6	2251.0	23.326666666666668	47.333333333333336	21.44		22
6	21	17	Estadio Azteca	Mexico City	19.29701	-99.08911	GMT-6	2251.0	22.246666666666666	51.8	20.28666666666667		23
6	21	18	Estadio Azteca	Mexico City	19.29701	-99.08911	GMT-6	2251.0	21.133333333333336	56.0	19.453333333333337		0
6	21	19	Estadio Azteca	Mexico City	19.29701	-99.08911	GMT-6	2251.0	19.753333333333334	60.93333333333333	18.413333333333338		1
6	21	20	Estadio Azteca	Mexico City	19.29701	-99.08911	GMT-6	2251.0	18.406666666666663	65.93333333333334	17.413333333333334		2
6	21	21	Estadio Azteca	Mexico City	19.29701	-99.08911	GMT-6	2251.0	17.113333333333337	70.86666666666666	16.299999999999997		3
6	21	22	Estadio Azteca	Mexico City	19.29701	-99.08911	GMT-6	2251.0	16.366666666666667	73.06666666666666	15.58		4
6	21	23	Estadio Azteca	Mexico City	19.29701	-99.08911	GMT-6	2251.0	15.886666666666665	75.73333333333333	15.233333333333333		5
6	22	0	Estadio Azteca	Mexico City	19.29701	-99.08911	GMT-6	2251.0	15.94	73.66666666666667	15.313333333333333		6
6	22	13	Estadio Azteca	Mexico City	19.29701	-99.08911	GMT-6	2251.0	22.4	52.333333333333336	23.160000000000007		19
6	22	14	Estadio Azteca	Mexico City	19.29701	-99.08911	GMT-6	2251.0	22.913333333333338	50.266666666666666	23.10666666666667		20
6	22	15	Estadio Azteca	Mexico City	19.29701	-99.08911	GMT-6	2251.0	22.573333333333334	51.266666666666666	22.086666666666666		21
6	22	16	Estadio Azteca	Mexico City	19.29701	-99.08911	GMT-6	2251.0	21.39333333333333	56.93333333333333	20.373333333333335		22
6	22	17	Estadio Azteca	Mexico City	19.29701	-99.08911	GMT-6	2251.0	20.09333333333333	62.93333333333333	18.966666666666672		23
6	22	18	Estadio Azteca	Mexico City	19.29701	-99.08911	GMT-6	2251.0	18.933333333333334	68.0	17.84		0
6	22	19	Estadio Azteca	Mexico City	19.29701	-99.08911	GMT-6	2251.0	18.133333333333333	70.8	17.186666666666664		1
6	22	20	Estadio Azteca	Mexico City	19.29701	-99.08911	GMT-6	2251.0	17.339999999999996	73.6	16.653333333333332		2
6	22	21	Estadio Azteca	Mexico City	19.29701	-99.08911	GMT-6	2251.0	16.740000000000002	76.06666666666666	16.320000000000004		3
6	22	22	Estadio Azteca	Mexico City	19.29701	-99.08911	GMT-6	2251.0	16.273333333333333	77.6	15.98		4
6	22	23	Estadio Azteca	Mexico City	19.29701	-99.08911	GMT-6	2251.0	16.213333333333335	75.53333333333333	15.726666666666668		5
6	23	0	Estadio Azteca	Mexico City	19.29701	-99.08911	GMT-6	2251.0	15.52	78.4	15.3		6
6	23	13	Estadio Azteca	Mexico City	19.29701	-99.08911	GMT-6	2251.0	21.72666666666667	58.266666666666666	22.066666666666666		19
6	23	14	Estadio Azteca	Mexico City	19.29701	-99.08911	GMT-6	2251.0	21.82	56.8	21.646666666666665		20
6	23	15	Estadio Azteca	Mexico City	19.29701	-99.08911	GMT-6	2251.0	21.740000000000002	55.266666666666666	21.166666666666668		21
6	23	16	Estadio Azteca	Mexico City	19.29701	-99.08911	GMT-6	2251.0	21.773333333333326	53.266666666666666	20.85333333333333		22
6	23	17	Estadio Azteca	Mexico City	19.29701	-99.08911	GMT-6	2251.0	21.38666666666666	53.6	20.413333333333334		23
6	23	18	Estadio Azteca	Mexico City	19.29701	-99.08911	GMT-6	2251.0	20.35333333333333	57.733333333333334	19.366666666666664		0
6	23	19	Estadio Azteca	Mexico City	19.29701	-99.08911	GMT-6	2251.0	19.073333333333334	62.53333333333333	18.273333333333333		1
6	23	20	Estadio Azteca	Mexico City	19.29701	-99.08911	GMT-6	2251.0	17.866666666666667	68.13333333333334	17.073333333333334		2
6	23	21	Estadio Azteca	Mexico City	19.29701	-99.08911	GMT-6	2251.0	16.90666666666667	72.33333333333333	16.306666666666665		3
6	23	22	Estadio Azteca	Mexico City	19.29701	-99.08911	GMT-6	2251.0	16.12666666666667	76.13333333333334	15.653333333333334		4
6	23	23	Estadio Azteca	Mexico City	19.29701	-99.08911	GMT-6	2251.0	15.7	77.8	15.386666666666667		5
6	24	0	Estadio Azteca	Mexico City	19.29701	-99.08911	GMT-6	2251.0	15.24	79.46666666666667	14.986666666666666		6
6	24	13	Estadio Azteca	Mexico City	19.29701	-99.08911	GMT-6	2251.0	22.05333333333333	49.86666666666667	22.24666666666667		19
6	24	14	Estadio Azteca	Mexico City	19.29701	-99.08911	GMT-6	2251.0	22.673333333333336	46.86666666666667	22.28666666666667		20
6	24	15	Estadio Azteca	Mexico City	19.29701	-99.08911	GMT-6	2251.0	22.413333333333334	48.266666666666666	21.413333333333338		21
6	24	16	Estadio Azteca	Mexico City	19.29701	-99.08911	GMT-6	2251.0	21.619999999999997	51.46666666666667	20.086666666666666		22
6	24	17	Estadio Azteca	Mexico City	19.29701	-99.08911	GMT-6	2251.0	20.499999999999996	56.666666666666664	18.986666666666668		23
6	24	18	Estadio Azteca	Mexico City	19.29701	-99.08911	GMT-6	2251.0	19.77333333333333	60.06666666666667	18.72666666666667		0
6	24	19	Estadio Azteca	Mexico City	19.29701	-99.08911	GMT-6	2251.0	18.8	64.8	18.2		1
6	24	20	Estadio Azteca	Mexico City	19.29701	-99.08911	GMT-6	2251.0	17.58	71.73333333333333	17.186666666666667		2
6	24	21	Estadio Azteca	Mexico City	19.29701	-99.08911	GMT-6	2251.0	16.426666666666666	77.86666666666666	16.10666666666667		3
6	24	22	Estadio Azteca	Mexico City	19.29701	-99.08911	GMT-6	2251.0	15.719999999999999	82.2	15.54		4
6	24	23	Estadio Azteca	Mexico City	19.29701	-99.08911	GMT-6	2251.0	15.393333333333334	80.93333333333334	15.173333333333336		5
6	25	0	Estadio Azteca	Mexico City	19.29701	-99.08911	GMT-6	2251.0	14.986666666666666	84.33333333333333	14.96		6
6	25	13	Estadio Azteca	Mexico City	19.29701	-99.08911	GMT-6	2251.0	21.186666666666667	55.266666666666666	21.73333333333333		19
6	25	14	Estadio Azteca	Mexico City	19.29701	-99.08911	GMT-6	2251.0	21.639999999999997	52.53333333333333	21.853333333333335		20
6	25	15	Estadio Azteca	Mexico City	19.29701	-99.08911	GMT-6	2251.0	21.58	52.53333333333333	21.233333333333327		21
6	25	16	Estadio Azteca	Mexico City	19.29701	-99.08911	GMT-6	2251.0	20.973333333333326	54.6	20.066666666666666		22
6	25	17	Estadio Azteca	Mexico City	19.29701	-99.08911	GMT-6	2251.0	19.906666666666663	59.06666666666667	18.76		23
6	25	18	Estadio Azteca	Mexico City	19.29701	-99.08911	GMT-6	2251.0	18.62	64.93333333333334	17.693333333333335		0
6	25	19	Estadio Azteca	Mexico City	19.29701	-99.08911	GMT-6	2251.0	17.180000000000003	72.73333333333333	16.7		1
6	25	20	Estadio Azteca	Mexico City	19.29701	-99.08911	GMT-6	2251.0	15.866666666666669	80.26666666666667	15.533333333333331		2
6	25	21	Estadio Azteca	Mexico City	19.29701	-99.08911	GMT-6	2251.0	15.006666666666666	85.93333333333334	14.933333333333332		3
6	25	22	Estadio Azteca	Mexico City	19.29701	-99.08911	GMT-6	2251.0	14.813333333333333	87.06666666666666	14.826666666666664		4
6	25	23	Estadio Azteca	Mexico City	19.29701	-99.08911	GMT-6	2251.0	14.81333333333333	86.33333333333333	14.82		5
6	26	0	Estadio Azteca	Mexico City	19.29701	-99.08911	GMT-6	2251.0	14.453333333333337	84.2	14.233333333333336		6
6	26	13	Estadio Azteca	Mexico City	19.29701	-99.08911	GMT-6	2251.0	20.746666666666666	54.733333333333334	20.493333333333332		19
6	26	14	Estadio Azteca	Mexico City	19.29701	-99.08911	GMT-6	2251.0	20.94	53.4	20.533333333333335		20
6	26	15	Estadio Azteca	Mexico City	19.29701	-99.08911	GMT-6	2251.0	20.92	52.86666666666667	20.15333333333333		21
6	26	16	Estadio Azteca	Mexico City	19.29701	-99.08911	GMT-6	2251.0	20.56	53.93333333333333	19.459999999999994		22
6	26	17	Estadio Azteca	Mexico City	19.29701	-99.08911	GMT-6	2251.0	19.64	57.666666666666664	18.399999999999995		23
6	26	18	Estadio Azteca	Mexico City	19.29701	-99.08911	GMT-6	2251.0	18.473333333333333	63.266666666666666	17.42		0
6	26	19	Estadio Azteca	Mexico City	19.29701	-99.08911	GMT-6	2251.0	17.45333333333333	68.33333333333333	16.666666666666668		1
6	26	20	Estadio Azteca	Mexico City	19.29701	-99.08911	GMT-6	2251.0	16.366666666666667	73.6	15.733333333333333		2
6	26	21	Estadio Azteca	Mexico City	19.29701	-99.08911	GMT-6	2251.0	15.846666666666664	76.6	15.453333333333331		3
6	26	22	Estadio Azteca	Mexico City	19.29701	-99.08911	GMT-6	2251.0	15.333333333333334	80.0	15.073333333333332		4
6	26	23	Estadio Azteca	Mexico City	19.29701	-99.08911	GMT-6	2251.0	15.120000000000001	81.33333333333333	14.933333333333335		5
6	27	0	Estadio Azteca	Mexico City	19.29701	-99.08911	GMT-6	2251.0	14.673333333333336	86.06666666666666	14.780000000000001		6
6	27	13	Estadio Azteca	Mexico City	19.29701	-99.08911	GMT-6	2251.0	20.98	54.8	21.466666666666665		19
6	27	14	Estadio Azteca	Mexico City	19.29701	-99.08911	GMT-6	2251.0	21.14666666666666	54.13333333333333	21.4		20
6	27	15	Estadio Azteca	Mexico City	19.29701	-99.08911	GMT-6	2251.0	21.21333333333333	53.93333333333333	21.066666666666666		21
6	27	16	Estadio Azteca	Mexico City	19.29701	-99.08911	GMT-6	2251.0	20.586666666666666	56.53333333333333	20.213333333333335		22
6	27	17	Estadio Azteca	Mexico City	19.29701	-99.08911	GMT-6	2251.0	19.453333333333333	62.733333333333334	19.14		23
6	27	18	Estadio Azteca	Mexico City	19.29701	-99.08911	GMT-6	2251.0	18.086666666666666	70.0	17.84666666666667		0
6	27	19	Estadio Azteca	Mexico City	19.29701	-99.08911	GMT-6	2251.0	16.753333333333337	78.06666666666666	16.8		1
6	27	20	Estadio Azteca	Mexico City	19.29701	-99.08911	GMT-6	2251.0	15.893333333333334	82.86666666666666	15.939999999999998		2
6	27	21	Estadio Azteca	Mexico City	19.29701	-99.08911	GMT-6	2251.0	15.326666666666666	86.2	15.626666666666667		3
6	27	22	Estadio Azteca	Mexico City	19.29701	-99.08911	GMT-6	2251.0	15.153333333333332	87.33333333333333	15.553333333333335		4
6	27	23	Estadio Azteca	Mexico City	19.29701	-99.08911	GMT-6	2251.0	15.00666666666667	86.53333333333333	15.373333333333335		5
6	11	12	Gillette Stadium	Foxborough	42.07381	-71.239075	GMT-4	84.0	22.633333333333333	46.666666666666664	22.45333333333333		16
6	11	13	Gillette Stadium	Foxborough	42.07381	-71.239075	GMT-4	84.0	23.246666666666666	45.0	22.926666666666666		17
6	11	14	Gillette Stadium	Foxborough	42.07381	-71.239075	GMT-4	84.0	23.5	44.333333333333336	22.82666666666667		18
6	11	15	Gillette Stadium	Foxborough	42.07381	-71.239075	GMT-4	84.0	23.446666666666665	45.06666666666667	22.42		19
6	11	16	Gillette Stadium	Foxborough	42.07381	-71.239075	GMT-4	84.0	23.13333333333333	46.8	21.833333333333332		20
6	11	17	Gillette Stadium	Foxborough	42.07381	-71.239075	GMT-4	84.0	22.726666666666667	50.333333333333336	21.62		21
6	11	18	Gillette Stadium	Foxborough	42.07381	-71.239075	GMT-4	84.0	21.966666666666665	56.266666666666666	21.233333333333334		22
6	11	19	Gillette Stadium	Foxborough	42.07381	-71.239075	GMT-4	84.0	20.78666666666667	64.6	20.486666666666665		23
6	11	20	Gillette Stadium	Foxborough	42.07381	-71.239075	GMT-4	84.0	19.380000000000003	72.06666666666666	19.219999999999995		0
6	11	21	Gillette Stadium	Foxborough	42.07381	-71.239075	GMT-4	84.0	18.259999999999998	76.93333333333334	18.1		1
6	11	22	Gillette Stadium	Foxborough	42.07381	-71.239075	GMT-4	84.0	17.473333333333336	79.6	17.26		2
6	12	12	Gillette Stadium	Foxborough	42.07381	-71.239075	GMT-4	84.0	23.306666666666665	57.93333333333333	23.76666666666667		16
6	12	13	Gillette Stadium	Foxborough	42.07381	-71.239075	GMT-4	84.0	23.459999999999997	56.86666666666667	23.706666666666667		17
6	12	14	Gillette Stadium	Foxborough	42.07381	-71.239075	GMT-4	84.0	23.44666666666667	56.733333333333334	23.44666666666667		18
6	12	15	Gillette Stadium	Foxborough	42.07381	-71.239075	GMT-4	84.0	23.28666666666667	57.4	22.97333333333334		19
6	12	16	Gillette Stadium	Foxborough	42.07381	-71.239075	GMT-4	84.0	23.000000000000004	58.46666666666667	22.44666666666667		20
6	12	17	Gillette Stadium	Foxborough	42.07381	-71.239075	GMT-4	84.0	22.473333333333336	60.266666666666666	21.69333333333333		21
6	12	18	Gillette Stadium	Foxborough	42.07381	-71.239075	GMT-4	84.0	21.80666666666667	63.333333333333336	21.2		22
6	12	19	Gillette Stadium	Foxborough	42.07381	-71.239075	GMT-4	84.0	20.866666666666667	68.86666666666666	20.533333333333335		23
6	12	20	Gillette Stadium	Foxborough	42.07381	-71.239075	GMT-4	84.0	19.753333333333334	75.66666666666667	19.66		0
6	12	21	Gillette Stadium	Foxborough	42.07381	-71.239075	GMT-4	84.0	18.686666666666664	80.26666666666667	18.540000000000003		1
6	12	22	Gillette Stadium	Foxborough	42.07381	-71.239075	GMT-4	84.0	17.793333333333333	82.6	17.466666666666665		2
6	13	12	Gillette Stadium	Foxborough	42.07381	-71.239075	GMT-4	84.0	24.366666666666667	54.06666666666667	25.759999999999998		16
6	13	13	Gillette Stadium	Foxborough	42.07381	-71.239075	GMT-4	84.0	25.42	48.53333333333333	26.753333333333334		17
6	13	14	Gillette Stadium	Foxborough	42.07381	-71.239075	GMT-4	84.0	25.98	46.13333333333333	27.08666666666667		18
6	13	15	Gillette Stadium	Foxborough	42.07381	-71.239075	GMT-4	84.0	26.066666666666666	46.13333333333333	26.720000000000006		19
6	13	16	Gillette Stadium	Foxborough	42.07381	-71.239075	GMT-4	84.0	25.886666666666663	47.2	25.89333333333333		20
6	13	17	Gillette Stadium	Foxborough	42.07381	-71.239075	GMT-4	84.0	25.32666666666666	50.0	24.966666666666665		21
6	13	18	Gillette Stadium	Foxborough	42.07381	-71.239075	GMT-4	84.0	24.046666666666667	56.0	23.62		22
6	13	19	Gillette Stadium	Foxborough	42.07381	-71.239075	GMT-4	84.0	22.36	63.2	22.186666666666664		23
6	13	20	Gillette Stadium	Foxborough	42.07381	-71.239075	GMT-4	84.0	20.613333333333333	69.46666666666667	20.526666666666667		0
6	13	21	Gillette Stadium	Foxborough	42.07381	-71.239075	GMT-4	84.0	19.266666666666666	73.53333333333333	19.14		1
6	13	22	Gillette Stadium	Foxborough	42.07381	-71.239075	GMT-4	84.0	18.126666666666665	76.13333333333334	17.813333333333336		2
6	14	12	Gillette Stadium	Foxborough	42.07381	-71.239075	GMT-4	84.0	22.413333333333334	60.8	22.606666666666666		16
6	14	13	Gillette Stadium	Foxborough	42.07381	-71.239075	GMT-4	84.0	22.726666666666667	60.86666666666667	22.76		17
6	14	14	Gillette Stadium	Foxborough	42.07381	-71.239075	GMT-4	84.0	22.86666666666667	60.46666666666667	22.566666666666663		18
6	14	15	Gillette Stadium	Foxborough	42.07381	-71.239075	GMT-4	84.0	22.826666666666668	60.666666666666664	22.2		19
6	14	16	Gillette Stadium	Foxborough	42.07381	-71.239075	GMT-4	84.0	22.513333333333335	62.4	21.880000000000003		20
6	14	17	Gillette Stadium	Foxborough	42.07381	-71.239075	GMT-4	84.0	21.546666666666667	68.66666666666667	21.279999999999998		21
6	14	18	Gillette Stadium	Foxborough	42.07381	-71.239075	GMT-4	84.0	20.313333333333336	75.93333333333334	20.42666666666667		22
6	14	19	Gillette Stadium	Foxborough	42.07381	-71.239075	GMT-4	84.0	19.146666666666665	82.26666666666667	19.593333333333337		23
6	14	20	Gillette Stadium	Foxborough	42.07381	-71.239075	GMT-4	84.0	18.166666666666668	86.2	18.666666666666668		0
6	14	21	Gillette Stadium	Foxborough	42.07381	-71.239075	GMT-4	84.0	17.36	89.06666666666666	17.880000000000003		1
6	14	22	Gillette Stadium	Foxborough	42.07381	-71.239075	GMT-4	84.0	16.766666666666666	90.46666666666667	17.18		2
6	15	12	Gillette Stadium	Foxborough	42.07381	-71.239075	GMT-4	84.0	20.959999999999997	62.2	21.160000000000004		16
6	15	13	Gillette Stadium	Foxborough	42.07381	-71.239075	GMT-4	84.0	21.71333333333333	57.86666666666667	21.82		17
6	15	14	Gillette Stadium	Foxborough	42.07381	-71.239075	GMT-4	84.0	22.233333333333338	55.93333333333333	22.166666666666668		18
6	15	15	Gillette Stadium	Foxborough	42.07381	-71.239075	GMT-4	84.0	22.253333333333337	56.2	21.959999999999997		19
6	15	16	Gillette Stadium	Foxborough	42.07381	-71.239075	GMT-4	84.0	22.15333333333334	56.4	21.553333333333335		20
6	15	17	Gillette Stadium	Foxborough	42.07381	-71.239075	GMT-4	84.0	21.719999999999995	57.53333333333333	20.973333333333336		21
6	15	18	Gillette Stadium	Foxborough	42.07381	-71.239075	GMT-4	84.0	21.126666666666665	60.6	20.62		22
6	15	19	Gillette Stadium	Foxborough	42.07381	-71.239075	GMT-4	84.0	20.040000000000003	66.73333333333333	19.94		23
6	15	20	Gillette Stadium	Foxborough	42.07381	-71.239075	GMT-4	84.0	18.8	72.86666666666666	18.90666666666667		0
6	15	21	Gillette Stadium	Foxborough	42.07381	-71.239075	GMT-4	84.0	17.753333333333334	76.26666666666667	17.69333333333333		1
6	15	22	Gillette Stadium	Foxborough	42.07381	-71.239075	GMT-4	84.0	16.93333333333333	77.73333333333333	16.613333333333333		2
6	16	12	Gillette Stadium	Foxborough	42.07381	-71.239075	GMT-4	84.0	22.133333333333336	46.06666666666667	21.973333333333333		16
6	16	13	Gillette Stadium	Foxborough	42.07381	-71.239075	GMT-4	84.0	22.633333333333333	43.333333333333336	22.38		17
6	16	14	Gillette Stadium	Foxborough	42.07381	-71.239075	GMT-4	84.0	23.013333333333332	42.13333333333333	22.613333333333337		18
6	16	15	Gillette Stadium	Foxborough	42.07381	-71.239075	GMT-4	84.0	23.206666666666667	42.13333333333333	22.486666666666668		19
6	16	16	Gillette Stadium	Foxborough	42.07381	-71.239075	GMT-4	84.0	23.033333333333335	44.0	21.84666666666666		20
6	16	17	Gillette Stadium	Foxborough	42.07381	-71.239075	GMT-4	84.0	22.400000000000002	47.86666666666667	20.926666666666666		21
6	16	18	Gillette Stadium	Foxborough	42.07381	-71.239075	GMT-4	84.0	21.38	54.4	19.993333333333332		22
6	16	19	Gillette Stadium	Foxborough	42.07381	-71.239075	GMT-4	84.0	20.033333333333328	62.733333333333334	19.066666666666666		23
6	16	20	Gillette Stadium	Foxborough	42.07381	-71.239075	GMT-4	84.0	18.6	69.6	17.826666666666664		0
6	16	21	Gillette Stadium	Foxborough	42.07381	-71.239075	GMT-4	84.0	17.466666666666665	73.66666666666667	16.68666666666667		1
6	16	22	Gillette Stadium	Foxborough	42.07381	-71.239075	GMT-4	84.0	16.746666666666666	75.26666666666667	15.820000000000002		2
6	17	12	Gillette Stadium	Foxborough	42.07381	-71.239075	GMT-4	84.0	22.88666666666667	62.93333333333333	23.860000000000003		16
6	17	13	Gillette Stadium	Foxborough	42.07381	-71.239075	GMT-4	84.0	23.17333333333334	62.2	24.146666666666665		17
6	17	14	Gillette Stadium	Foxborough	42.07381	-71.239075	GMT-4	84.0	23.213333333333335	62.4	24.09333333333333		18
6	17	15	Gillette Stadium	Foxborough	42.07381	-71.239075	GMT-4	84.0	22.946666666666665	63.733333333333334	23.526666666666664		19
6	17	16	Gillette Stadium	Foxborough	42.07381	-71.239075	GMT-4	84.0	22.993333333333332	63.4	23.266666666666662		20
6	17	17	Gillette Stadium	Foxborough	42.07381	-71.239075	GMT-4	84.0	22.686666666666664	64.0	22.5		21
6	17	18	Gillette Stadium	Foxborough	42.07381	-71.239075	GMT-4	84.0	21.900000000000002	66.8	21.57333333333333		22
6	17	19	Gillette Stadium	Foxborough	42.07381	-71.239075	GMT-4	84.0	20.666666666666668	72.0	20.39333333333333		23
6	17	20	Gillette Stadium	Foxborough	42.07381	-71.239075	GMT-4	84.0	19.486666666666668	76.46666666666667	19.346666666666668		0
6	17	21	Gillette Stadium	Foxborough	42.07381	-71.239075	GMT-4	84.0	18.63333333333333	78.33333333333333	18.35333333333333		1
6	17	22	Gillette Stadium	Foxborough	42.07381	-71.239075	GMT-4	84.0	18.040000000000003	78.4	17.526666666666664		2
6	18	12	Gillette Stadium	Foxborough	42.07381	-71.239075	GMT-4	84.0	23.433333333333334	57.666666666666664	23.806666666666665		16
6	18	13	Gillette Stadium	Foxborough	42.07381	-71.239075	GMT-4	84.0	24.060000000000002	55.666666666666664	24.446666666666665		17
6	18	14	Gillette Stadium	Foxborough	42.07381	-71.239075	GMT-4	84.0	24.640000000000004	54.13333333333333	24.953333333333333		18
6	18	15	Gillette Stadium	Foxborough	42.07381	-71.239075	GMT-4	84.0	24.973333333333336	53.46666666666667	25.126666666666665		19
6	18	16	Gillette Stadium	Foxborough	42.07381	-71.239075	GMT-4	84.0	24.8	54.8	24.679999999999996		20
6	18	17	Gillette Stadium	Foxborough	42.07381	-71.239075	GMT-4	84.0	23.993333333333336	58.266666666666666	23.686666666666664		21
6	18	18	Gillette Stadium	Foxborough	42.07381	-71.239075	GMT-4	84.0	22.833333333333332	63.0	22.50666666666666		22
6	18	19	Gillette Stadium	Foxborough	42.07381	-71.239075	GMT-4	84.0	21.42666666666667	68.86666666666666	21.199999999999996		23
6	18	20	Gillette Stadium	Foxborough	42.07381	-71.239075	GMT-4	84.0	20.080000000000002	74.0	19.873333333333335		0
6	18	21	Gillette Stadium	Foxborough	42.07381	-71.239075	GMT-4	84.0	18.966666666666665	77.6	18.686666666666667		1
6	18	22	Gillette Stadium	Foxborough	42.07381	-71.239075	GMT-4	84.0	18.113333333333337	79.6	17.726666666666667		2
6	19	12	Gillette Stadium	Foxborough	42.07381	-71.239075	GMT-4	84.0	24.56	59.53333333333333	26.006666666666664		16
6	19	13	Gillette Stadium	Foxborough	42.07381	-71.239075	GMT-4	84.0	25.44666666666667	56.266666666666666	26.946666666666665		17
6	19	14	Gillette Stadium	Foxborough	42.07381	-71.239075	GMT-4	84.0	25.720000000000002	55.0	26.813333333333333		18
6	19	15	Gillette Stadium	Foxborough	42.07381	-71.239075	GMT-4	84.0	25.720000000000002	54.333333333333336	26.31333333333333		19
6	19	16	Gillette Stadium	Foxborough	42.07381	-71.239075	GMT-4	84.0	25.246666666666666	56.0	25.54		20
6	19	17	Gillette Stadium	Foxborough	42.07381	-71.239075	GMT-4	84.0	24.493333333333332	59.0	24.726666666666663		21
6	19	18	Gillette Stadium	Foxborough	42.07381	-71.239075	GMT-4	84.0	23.35333333333333	63.733333333333334	23.666666666666664		22
6	19	19	Gillette Stadium	Foxborough	42.07381	-71.239075	GMT-4	84.0	22.09333333333333	67.66666666666667	22.4		23
6	19	20	Gillette Stadium	Foxborough	42.07381	-71.239075	GMT-4	84.0	20.893333333333334	72.06666666666666	21.246666666666666		0
6	19	21	Gillette Stadium	Foxborough	42.07381	-71.239075	GMT-4	84.0	19.853333333333335	75.53333333333333	20.166666666666668		1
6	19	22	Gillette Stadium	Foxborough	42.07381	-71.239075	GMT-4	84.0	19.040000000000003	78.6	19.299999999999997		2
6	20	12	Gillette Stadium	Foxborough	42.07381	-71.239075	GMT-4	84.0	25.426666666666662	48.13333333333333	26.199999999999992		16
6	20	13	Gillette Stadium	Foxborough	42.07381	-71.239075	GMT-4	84.0	26.326666666666664	45.13333333333333	27.139999999999993		17
6	20	14	Gillette Stadium	Foxborough	42.07381	-71.239075	GMT-4	84.0	26.733333333333334	44.46666666666667	27.366666666666664		18
6	20	15	Gillette Stadium	Foxborough	42.07381	-71.239075	GMT-4	84.0	26.860000000000003	44.93333333333333	27.046666666666663		19
6	20	16	Gillette Stadium	Foxborough	42.07381	-71.239075	GMT-4	84.0	26.473333333333333	47.333333333333336	26.146666666666665		20
6	20	17	Gillette Stadium	Foxborough	42.07381	-71.239075	GMT-4	84.0	25.90666666666666	50.53333333333333	25.439999999999998		21
6	20	18	Gillette Stadium	Foxborough	42.07381	-71.239075	GMT-4	84.0	25.08	55.53333333333333	24.939999999999998		22
6	20	19	Gillette Stadium	Foxborough	42.07381	-71.239075	GMT-4	84.0	23.753333333333334	62.53333333333333	24.139999999999993		23
6	20	20	Gillette Stadium	Foxborough	42.07381	-71.239075	GMT-4	84.0	22.119999999999997	69.13333333333334	22.66		0
6	20	21	Gillette Stadium	Foxborough	42.07381	-71.239075	GMT-4	84.0	20.533333333333335	74.86666666666666	21.10666666666667		1
6	20	22	Gillette Stadium	Foxborough	42.07381	-71.239075	GMT-4	84.0	19.360000000000003	79.66666666666667	19.973333333333336		2
6	21	12	Gillette Stadium	Foxborough	42.07381	-71.239075	GMT-4	84.0	24.753333333333334	58.86666666666667	26.06		16
6	21	13	Gillette Stadium	Foxborough	42.07381	-71.239075	GMT-4	84.0	24.873333333333335	58.46666666666667	26.02		17
6	21	14	Gillette Stadium	Foxborough	42.07381	-71.239075	GMT-4	84.0	25.006666666666668	56.86666666666667	25.813333333333333		18
6	21	15	Gillette Stadium	Foxborough	42.07381	-71.239075	GMT-4	84.0	24.80666666666667	56.666666666666664	25.273333333333333		19
6	21	16	Gillette Stadium	Foxborough	42.07381	-71.239075	GMT-4	84.0	24.473333333333333	57.333333333333336	24.68666666666666		20
6	21	17	Gillette Stadium	Foxborough	42.07381	-71.239075	GMT-4	84.0	23.986666666666665	59.46666666666667	24.14		21
6	21	18	Gillette Stadium	Foxborough	42.07381	-71.239075	GMT-4	84.0	23.21333333333333	63.93333333333333	23.653333333333332		22
6	21	19	Gillette Stadium	Foxborough	42.07381	-71.239075	GMT-4	84.0	22.093333333333337	70.26666666666667	22.74666666666667		23
6	21	20	Gillette Stadium	Foxborough	42.07381	-71.239075	GMT-4	84.0	20.573333333333334	78.33333333333333	21.30666666666667		0
6	21	21	Gillette Stadium	Foxborough	42.07381	-71.239075	GMT-4	84.0	19.179999999999996	84.53333333333333	19.84		1
6	21	22	Gillette Stadium	Foxborough	42.07381	-71.239075	GMT-4	84.0	18.086666666666666	88.86666666666666	18.653333333333332		2
6	22	12	Gillette Stadium	Foxborough	42.07381	-71.239075	GMT-4	84.0	23.966666666666665	64.4	25.29333333333333		16
6	22	13	Gillette Stadium	Foxborough	42.07381	-71.239075	GMT-4	84.0	24.72666666666667	61.06666666666667	26.16		17
6	22	14	Gillette Stadium	Foxborough	42.07381	-71.239075	GMT-4	84.0	25.15333333333334	59.333333333333336	26.64		18
6	22	15	Gillette Stadium	Foxborough	42.07381	-71.239075	GMT-4	84.0	24.966666666666672	60.2	26.240000000000002		19
6	22	16	Gillette Stadium	Foxborough	42.07381	-71.239075	GMT-4	84.0	24.560000000000006	61.93333333333333	25.5		20
6	22	17	Gillette Stadium	Foxborough	42.07381	-71.239075	GMT-4	84.0	23.85333333333334	65.73333333333333	24.65333333333333		21
6	22	18	Gillette Stadium	Foxborough	42.07381	-71.239075	GMT-4	84.0	22.913333333333338	70.33333333333333	23.833333333333336		22
6	22	19	Gillette Stadium	Foxborough	42.07381	-71.239075	GMT-4	84.0	21.766666666666666	75.66666666666667	22.86666666666667		23
6	22	20	Gillette Stadium	Foxborough	42.07381	-71.239075	GMT-4	84.0	20.279999999999998	81.66666666666667	21.473333333333336		0
6	22	21	Gillette Stadium	Foxborough	42.07381	-71.239075	GMT-4	84.0	19.04666666666667	87.06666666666666	20.240000000000002		1
6	22	22	Gillette Stadium	Foxborough	42.07381	-71.239075	GMT-4	84.0	18.139999999999997	90.2	19.206666666666663		2
6	23	12	Gillette Stadium	Foxborough	42.07381	-71.239075	GMT-4	84.0	25.173333333333332	59.266666666666666	27.233333333333334		16
6	23	13	Gillette Stadium	Foxborough	42.07381	-71.239075	GMT-4	84.0	26.32	54.666666666666664	28.42666666666667		17
6	23	14	Gillette Stadium	Foxborough	42.07381	-71.239075	GMT-4	84.0	26.946666666666665	52.266666666666666	28.746666666666663		18
6	23	15	Gillette Stadium	Foxborough	42.07381	-71.239075	GMT-4	84.0	27.179999999999996	51.86666666666667	28.699999999999996		19
6	23	16	Gillette Stadium	Foxborough	42.07381	-71.239075	GMT-4	84.0	26.973333333333333	53.8	28.186666666666667		20
6	23	17	Gillette Stadium	Foxborough	42.07381	-71.239075	GMT-4	84.0	26.18666666666667	58.06666666666667	27.306666666666672		21
6	23	18	Gillette Stadium	Foxborough	42.07381	-71.239075	GMT-4	84.0	24.86666666666667	65.06666666666666	26.053333333333338		22
6	23	19	Gillette Stadium	Foxborough	42.07381	-71.239075	GMT-4	84.0	23.453333333333333	71.06666666666666	24.713333333333335		23
6	23	20	Gillette Stadium	Foxborough	42.07381	-71.239075	GMT-4	84.0	22.21333333333333	76.46666666666667	23.56		0
6	23	21	Gillette Stadium	Foxborough	42.07381	-71.239075	GMT-4	84.0	21.300000000000004	80.0	22.660000000000004		1
6	23	22	Gillette Stadium	Foxborough	42.07381	-71.239075	GMT-4	84.0	20.52	84.13333333333334	21.93333333333333		2
6	24	12	Gillette Stadium	Foxborough	42.07381	-71.239075	GMT-4	84.0	26.14	56.06666666666667	27.779999999999998		16
6	24	13	Gillette Stadium	Foxborough	42.07381	-71.239075	GMT-4	84.0	26.84666666666667	53.6	28.326666666666668		17
6	24	14	Gillette Stadium	Foxborough	42.07381	-71.239075	GMT-4	84.0	27.406666666666663	51.333333333333336	28.64666666666667		18
6	24	15	Gillette Stadium	Foxborough	42.07381	-71.239075	GMT-4	84.0	27.486666666666665	49.6	28.186666666666664		19
6	24	16	Gillette Stadium	Foxborough	42.07381	-71.239075	GMT-4	84.0	27.293333333333333	48.733333333333334	27.54666666666667		20
6	24	17	Gillette Stadium	Foxborough	42.07381	-71.239075	GMT-4	84.0	26.653333333333332	50.2	26.599999999999998		21
6	24	18	Gillette Stadium	Foxborough	42.07381	-71.239075	GMT-4	84.0	25.646666666666665	55.4	25.799999999999997		22
6	24	19	Gillette Stadium	Foxborough	42.07381	-71.239075	GMT-4	84.0	24.126666666666665	63.6	24.673333333333336		23
6	24	20	Gillette Stadium	Foxborough	42.07381	-71.239075	GMT-4	84.0	22.493333333333332	72.26666666666667	23.34666666666667		0
6	24	21	Gillette Stadium	Foxborough	42.07381	-71.239075	GMT-4	84.0	21.253333333333334	77.93333333333334	22.213333333333335		1
6	24	22	Gillette Stadium	Foxborough	42.07381	-71.239075	GMT-4	84.0	20.586666666666666	80.73333333333333	21.5		2
6	25	12	Gillette Stadium	Foxborough	42.07381	-71.239075	GMT-4	84.0	27.266666666666666	55.733333333333334	29.526666666666664		16
6	25	13	Gillette Stadium	Foxborough	42.07381	-71.239075	GMT-4	84.0	27.56	55.8	29.92666666666667		17
6	25	14	Gillette Stadium	Foxborough	42.07381	-71.239075	GMT-4	84.0	27.706666666666667	56.666666666666664	30.040000000000003		18
6	25	15	Gillette Stadium	Foxborough	42.07381	-71.239075	GMT-4	84.0	27.780000000000005	56.53333333333333	29.786666666666665		19
6	25	16	Gillette Stadium	Foxborough	42.07381	-71.239075	GMT-4	84.0	28.00666666666667	55.46666666666667	29.713333333333328		20
6	25	17	Gillette Stadium	Foxborough	42.07381	-71.239075	GMT-4	84.0	27.673333333333336	57.266666666666666	29.239999999999995		21
6	25	18	Gillette Stadium	Foxborough	42.07381	-71.239075	GMT-4	84.0	26.793333333333333	61.93333333333333	28.426666666666662		22
6	25	19	Gillette Stadium	Foxborough	42.07381	-71.239075	GMT-4	84.0	25.39333333333333	68.46666666666667	27.219999999999995		23
6	25	20	Gillette Stadium	Foxborough	42.07381	-71.239075	GMT-4	84.0	23.82	74.33333333333333	25.599999999999998		0
6	25	21	Gillette Stadium	Foxborough	42.07381	-71.239075	GMT-4	84.0	22.426666666666666	79.06666666666666	24.073333333333327		1
6	25	22	Gillette Stadium	Foxborough	42.07381	-71.239075	GMT-4	84.0	21.499999999999996	81.8	22.926666666666666		2
6	26	12	Gillette Stadium	Foxborough	42.07381	-71.239075	GMT-4	84.0	26.459999999999997	58.46666666666667	27.65333333333333		16
6	26	13	Gillette Stadium	Foxborough	42.07381	-71.239075	GMT-4	84.0	26.926666666666666	57.4	28.08666666666666		17
6	26	14	Gillette Stadium	Foxborough	42.07381	-71.239075	GMT-4	84.0	27.073333333333334	57.266666666666666	28.04		18
6	26	15	Gillette Stadium	Foxborough	42.07381	-71.239075	GMT-4	84.0	26.813333333333336	58.733333333333334	27.5		19
6	26	16	Gillette Stadium	Foxborough	42.07381	-71.239075	GMT-4	84.0	26.066666666666666	61.8	26.533333333333335		20
6	26	17	Gillette Stadium	Foxborough	42.07381	-71.239075	GMT-4	84.0	25.16666666666667	66.33333333333333	25.686666666666667		21
6	26	18	Gillette Stadium	Foxborough	42.07381	-71.239075	GMT-4	84.0	24.13333333333333	72.26666666666667	25.046666666666667		22
6	26	19	Gillette Stadium	Foxborough	42.07381	-71.239075	GMT-4	84.0	23.17333333333333	78.33333333333333	24.6		23
6	26	20	Gillette Stadium	Foxborough	42.07381	-71.239075	GMT-4	84.0	22.373333333333335	82.6	24.166666666666668		0
6	26	21	Gillette Stadium	Foxborough	42.07381	-71.239075	GMT-4	84.0	21.71333333333333	85.06666666666666	23.62		1
6	26	22	Gillette Stadium	Foxborough	42.07381	-71.239075	GMT-4	84.0	21.05333333333333	85.73333333333333	22.620000000000005		2
6	27	12	Gillette Stadium	Foxborough	42.07381	-71.239075	GMT-4	84.0	24.393333333333327	66.86666666666666	25.359999999999996		16
6	27	13	Gillette Stadium	Foxborough	42.07381	-71.239075	GMT-4	84.0	24.719999999999995	66.33333333333333	25.866666666666667		17
6	27	14	Gillette Stadium	Foxborough	42.07381	-71.239075	GMT-4	84.0	24.880000000000003	66.13333333333334	25.953333333333333		18
6	27	15	Gillette Stadium	Foxborough	42.07381	-71.239075	GMT-4	84.0	25.060000000000002	65.33333333333333	25.89333333333333		19
6	27	16	Gillette Stadium	Foxborough	42.07381	-71.239075	GMT-4	84.0	24.88	66.2	25.419999999999998		20
6	27	17	Gillette Stadium	Foxborough	42.07381	-71.239075	GMT-4	84.0	24.506666666666664	68.26666666666667	25.013333333333332		21
6	27	18	Gillette Stadium	Foxborough	42.07381	-71.239075	GMT-4	84.0	23.686666666666664	72.06666666666666	24.26		22
6	27	19	Gillette Stadium	Foxborough	42.07381	-71.239075	GMT-4	84.0	22.74	75.33333333333333	23.44		23
6	27	20	Gillette Stadium	Foxborough	42.07381	-71.239075	GMT-4	84.0	21.766666666666662	77.86666666666666	22.48		0
6	27	21	Gillette Stadium	Foxborough	42.07381	-71.239075	GMT-4	84.0	20.919999999999998	79.13333333333334	21.493333333333332		1
6	27	22	Gillette Stadium	Foxborough	42.07381	-71.239075	GMT-4	84.0	20.16	79.26666666666667	20.473333333333333		2
6	11	12	Lincoln Financial Field	Philadelphia	39.89455	-75.18826	GMT-4	1.0	24.053333333333335	50.2	24.113333333333333		16
6	11	13	Lincoln Financial Field	Philadelphia	39.89455	-75.18826	GMT-4	1.0	24.386666666666667	49.2	24.246666666666666		17
6	11	14	Lincoln Financial Field	Philadelphia	39.89455	-75.18826	GMT-4	1.0	24.526666666666667	49.06666666666667	24.206666666666667		18
6	11	15	Lincoln Financial Field	Philadelphia	39.89455	-75.18826	GMT-4	1.0	24.726666666666674	48.8	24.313333333333336		19
6	11	16	Lincoln Financial Field	Philadelphia	39.89455	-75.18826	GMT-4	1.0	24.833333333333336	48.266666666666666	24.24666666666667		20
6	11	17	Lincoln Financial Field	Philadelphia	39.89455	-75.18826	GMT-4	1.0	24.8	48.06666666666667	24.09333333333334		21
6	11	18	Lincoln Financial Field	Philadelphia	39.89455	-75.18826	GMT-4	1.0	24.439999999999998	49.46666666666667	23.826666666666668		22
6	11	19	Lincoln Financial Field	Philadelphia	39.89455	-75.18826	GMT-4	1.0	23.70666666666666	53.333333333333336	23.320000000000004		23
6	11	20	Lincoln Financial Field	Philadelphia	39.89455	-75.18826	GMT-4	1.0	22.506666666666664	59.8	22.34		0
6	11	21	Lincoln Financial Field	Philadelphia	39.89455	-75.18826	GMT-4	1.0	21.173333333333332	67.33333333333333	21.173333333333332		1
6	11	22	Lincoln Financial Field	Philadelphia	39.89455	-75.18826	GMT-4	1.0	20.013333333333332	73.93333333333334	20.14666666666666		2
6	12	12	Lincoln Financial Field	Philadelphia	39.89455	-75.18826	GMT-4	1.0	25.64666666666667	55.86666666666667	26.546666666666667		16
6	12	13	Lincoln Financial Field	Philadelphia	39.89455	-75.18826	GMT-4	1.0	26.740000000000002	51.53333333333333	27.75333333333333		17
6	12	14	Lincoln Financial Field	Philadelphia	39.89455	-75.18826	GMT-4	1.0	27.466666666666672	48.6	28.36		18
6	12	15	Lincoln Financial Field	Philadelphia	39.89455	-75.18826	GMT-4	1.0	27.80666666666667	47.4	28.333333333333332		19
6	12	16	Lincoln Financial Field	Philadelphia	39.89455	-75.18826	GMT-4	1.0	27.333333333333336	50.0	27.493333333333332		20
6	12	17	Lincoln Financial Field	Philadelphia	39.89455	-75.18826	GMT-4	1.0	26.58	53.86666666666667	26.453333333333333		21
6	12	18	Lincoln Financial Field	Philadelphia	39.89455	-75.18826	GMT-4	1.0	25.679999999999996	58.53333333333333	25.7		22
6	12	19	Lincoln Financial Field	Philadelphia	39.89455	-75.18826	GMT-4	1.0	24.919999999999998	61.46666666666667	25.246666666666666		23
6	12	20	Lincoln Financial Field	Philadelphia	39.89455	-75.18826	GMT-4	1.0	23.8	65.73333333333333	24.606666666666666		0
6	12	21	Lincoln Financial Field	Philadelphia	39.89455	-75.18826	GMT-4	1.0	22.633333333333333	69.46666666666667	23.546666666666667		1
6	12	22	Lincoln Financial Field	Philadelphia	39.89455	-75.18826	GMT-4	1.0	21.493333333333332	73.06666666666666	22.286666666666665		2
6	13	12	Lincoln Financial Field	Philadelphia	39.89455	-75.18826	GMT-4	1.0	27.02	47.733333333333334	28.153333333333332		16
6	13	13	Lincoln Financial Field	Philadelphia	39.89455	-75.18826	GMT-4	1.0	27.85333333333334	44.733333333333334	28.680000000000003		17
6	13	14	Lincoln Financial Field	Philadelphia	39.89455	-75.18826	GMT-4	1.0	28.26666666666667	43.13333333333333	28.58		18
6	13	15	Lincoln Financial Field	Philadelphia	39.89455	-75.18826	GMT-4	1.0	28.473333333333336	42.6	28.366666666666667		19
6	13	16	Lincoln Financial Field	Philadelphia	39.89455	-75.18826	GMT-4	1.0	28.44	43.266666666666666	28.220000000000002		20
6	13	17	Lincoln Financial Field	Philadelphia	39.89455	-75.18826	GMT-4	1.0	28.200000000000003	44.733333333333334	27.86666666666667		21
6	13	18	Lincoln Financial Field	Philadelphia	39.89455	-75.18826	GMT-4	1.0	27.433333333333334	47.86666666666667	27.080000000000002		22
6	13	19	Lincoln Financial Field	Philadelphia	39.89455	-75.18826	GMT-4	1.0	26.279999999999998	52.0	26.1		23
6	13	20	Lincoln Financial Field	Philadelphia	39.89455	-75.18826	GMT-4	1.0	24.613333333333337	57.266666666666666	24.68		0
6	13	21	Lincoln Financial Field	Philadelphia	39.89455	-75.18826	GMT-4	1.0	23.113333333333333	62.13333333333333	23.439999999999998		1
6	13	22	Lincoln Financial Field	Philadelphia	39.89455	-75.18826	GMT-4	1.0	21.933333333333334	66.93333333333334	22.433333333333334		2
6	14	12	Lincoln Financial Field	Philadelphia	39.89455	-75.18826	GMT-4	1.0	24.506666666666668	62.266666666666666	25.626666666666665		16
6	14	13	Lincoln Financial Field	Philadelphia	39.89455	-75.18826	GMT-4	1.0	25.026666666666667	60.53333333333333	26.133333333333333		17
6	14	14	Lincoln Financial Field	Philadelphia	39.89455	-75.18826	GMT-4	1.0	25.46	58.93333333333333	26.62666666666666		18
6	14	15	Lincoln Financial Field	Philadelphia	39.89455	-75.18826	GMT-4	1.0	25.97333333333334	56.733333333333334	27.07333333333333		19
6	14	16	Lincoln Financial Field	Philadelphia	39.89455	-75.18826	GMT-4	1.0	26.540000000000003	53.6	27.44666666666667		20
6	14	17	Lincoln Financial Field	Philadelphia	39.89455	-75.18826	GMT-4	1.0	26.666666666666668	52.333333333333336	27.093333333333337		21
6	14	18	Lincoln Financial Field	Philadelphia	39.89455	-75.18826	GMT-4	1.0	25.839999999999996	55.266666666666666	25.866666666666667		22
6	14	19	Lincoln Financial Field	Philadelphia	39.89455	-75.18826	GMT-4	1.0	24.44	61.86666666666667	24.673333333333336		23
6	14	20	Lincoln Financial Field	Philadelphia	39.89455	-75.18826	GMT-4	1.0	22.71333333333333	68.2	23.160000000000004		0
6	14	21	Lincoln Financial Field	Philadelphia	39.89455	-75.18826	GMT-4	1.0	21.48	72.2	22.18666666666667		1
6	14	22	Lincoln Financial Field	Philadelphia	39.89455	-75.18826	GMT-4	1.0	20.426666666666666	75.06666666666666	21.133333333333333		2
6	15	12	Lincoln Financial Field	Philadelphia	39.89455	-75.18826	GMT-4	1.0	24.94666666666667	48.2	25.473333333333336		16
6	15	13	Lincoln Financial Field	Philadelphia	39.89455	-75.18826	GMT-4	1.0	25.720000000000002	45.266666666666666	26.086666666666666		17
6	15	14	Lincoln Financial Field	Philadelphia	39.89455	-75.18826	GMT-4	1.0	26.21333333333333	43.46666666666667	26.2		18
6	15	15	Lincoln Financial Field	Philadelphia	39.89455	-75.18826	GMT-4	1.0	26.48	42.46666666666667	26.113333333333337		19
6	15	16	Lincoln Financial Field	Philadelphia	39.89455	-75.18826	GMT-4	1.0	26.546666666666667	42.06666666666667	25.733333333333338		20
6	15	17	Lincoln Financial Field	Philadelphia	39.89455	-75.18826	GMT-4	1.0	26.34666666666666	42.733333333333334	25.213333333333335		21
6	15	18	Lincoln Financial Field	Philadelphia	39.89455	-75.18826	GMT-4	1.0	25.613333333333333	45.0	24.24		22
6	15	19	Lincoln Financial Field	Philadelphia	39.89455	-75.18826	GMT-4	1.0	24.313333333333336	49.8	23.19333333333333		23
6	15	20	Lincoln Financial Field	Philadelphia	39.89455	-75.18826	GMT-4	1.0	22.586666666666666	56.2	21.88		0
6	15	21	Lincoln Financial Field	Philadelphia	39.89455	-75.18826	GMT-4	1.0	20.993333333333332	63.0	20.673333333333332		1
6	15	22	Lincoln Financial Field	Philadelphia	39.89455	-75.18826	GMT-4	1.0	19.68	68.53333333333333	19.533333333333328		2
6	16	12	Lincoln Financial Field	Philadelphia	39.89455	-75.18826	GMT-4	1.0	23.153333333333332	59.06666666666667	23.46		16
6	16	13	Lincoln Financial Field	Philadelphia	39.89455	-75.18826	GMT-4	1.0	23.66	58.733333333333334	24.299999999999997		17
6	16	14	Lincoln Financial Field	Philadelphia	39.89455	-75.18826	GMT-4	1.0	24.139999999999997	58.2	24.69333333333333		18
6	16	15	Lincoln Financial Field	Philadelphia	39.89455	-75.18826	GMT-4	1.0	24.606666666666666	57.333333333333336	25.060000000000006		19
6	16	16	Lincoln Financial Field	Philadelphia	39.89455	-75.18826	GMT-4	1.0	24.95333333333333	56.13333333333333	25.139999999999997		20
6	16	17	Lincoln Financial Field	Philadelphia	39.89455	-75.18826	GMT-4	1.0	24.87333333333333	55.86666666666667	24.87333333333333		21
6	16	18	Lincoln Financial Field	Philadelphia	39.89455	-75.18826	GMT-4	1.0	24.186666666666664	58.266666666666666	24.04		22
6	16	19	Lincoln Financial Field	Philadelphia	39.89455	-75.18826	GMT-4	1.0	23.15333333333333	61.266666666666666	23.026666666666664		23
6	16	20	Lincoln Financial Field	Philadelphia	39.89455	-75.18826	GMT-4	1.0	21.933333333333334	65.26666666666667	21.92666666666667		0
6	16	21	Lincoln Financial Field	Philadelphia	39.89455	-75.18826	GMT-4	1.0	20.866666666666667	68.93333333333334	20.960000000000004		1
6	16	22	Lincoln Financial Field	Philadelphia	39.89455	-75.18826	GMT-4	1.0	19.819999999999997	73.93333333333334	20.000000000000007		2
6	17	12	Lincoln Financial Field	Philadelphia	39.89455	-75.18826	GMT-4	1.0	26.36	48.93333333333333	26.71333333333333		16
6	17	13	Lincoln Financial Field	Philadelphia	39.89455	-75.18826	GMT-4	1.0	27.213333333333328	45.333333333333336	27.326666666666664		17
6	17	14	Lincoln Financial Field	Philadelphia	39.89455	-75.18826	GMT-4	1.0	27.759999999999998	43.46666666666667	27.626666666666665		18
6	17	15	Lincoln Financial Field	Philadelphia	39.89455	-75.18826	GMT-4	1.0	27.973333333333333	43.0	27.64666666666667		19
6	17	16	Lincoln Financial Field	Philadelphia	39.89455	-75.18826	GMT-4	1.0	28.059999999999995	42.666666666666664	27.53333333333334		20
6	17	17	Lincoln Financial Field	Philadelphia	39.89455	-75.18826	GMT-4	1.0	27.859999999999996	43.13333333333333	27.133333333333336		21
6	17	18	Lincoln Financial Field	Philadelphia	39.89455	-75.18826	GMT-4	1.0	27.266666666666666	44.666666666666664	26.453333333333333		22
6	17	19	Lincoln Financial Field	Philadelphia	39.89455	-75.18826	GMT-4	1.0	26.160000000000004	48.266666666666666	25.580000000000002		23
6	17	20	Lincoln Financial Field	Philadelphia	39.89455	-75.18826	GMT-4	1.0	24.66666666666667	53.06666666666667	24.32		0
6	17	21	Lincoln Financial Field	Philadelphia	39.89455	-75.18826	GMT-4	1.0	23.213333333333335	58.53333333333333	23.14		1
6	17	22	Lincoln Financial Field	Philadelphia	39.89455	-75.18826	GMT-4	1.0	21.913333333333334	64.53333333333333	22.02		2
6	18	12	Lincoln Financial Field	Philadelphia	39.89455	-75.18826	GMT-4	1.0	26.85333333333333	48.53333333333333	27.653333333333332		16
6	18	13	Lincoln Financial Field	Philadelphia	39.89455	-75.18826	GMT-4	1.0	27.713333333333328	45.8	28.486666666666665		17
6	18	14	Lincoln Financial Field	Philadelphia	39.89455	-75.18826	GMT-4	1.0	28.07333333333333	45.13333333333333	28.55333333333333		18
6	18	15	Lincoln Financial Field	Philadelphia	39.89455	-75.18826	GMT-4	1.0	28.220000000000002	44.8	28.266666666666666		19
6	18	16	Lincoln Financial Field	Philadelphia	39.89455	-75.18826	GMT-4	1.0	28.146666666666665	44.86666666666667	27.826666666666668		20
6	18	17	Lincoln Financial Field	Philadelphia	39.89455	-75.18826	GMT-4	1.0	27.77333333333333	45.8	27.206666666666667		21
6	18	18	Lincoln Financial Field	Philadelphia	39.89455	-75.18826	GMT-4	1.0	27.053333333333335	48.13333333333333	26.533333333333335		22
6	18	19	Lincoln Financial Field	Philadelphia	39.89455	-75.18826	GMT-4	1.0	25.759999999999998	52.13333333333333	25.48666666666667		23
6	18	20	Lincoln Financial Field	Philadelphia	39.89455	-75.18826	GMT-4	1.0	24.40666666666666	56.266666666666666	24.433333333333334		0
6	18	21	Lincoln Financial Field	Philadelphia	39.89455	-75.18826	GMT-4	1.0	23.060000000000002	60.2	23.186666666666667		1
6	18	22	Lincoln Financial Field	Philadelphia	39.89455	-75.18826	GMT-4	1.0	22.113333333333333	63.2	22.206666666666663		2
6	19	12	Lincoln Financial Field	Philadelphia	39.89455	-75.18826	GMT-4	1.0	27.706666666666667	48.733333333333334	29.64666666666667		16
6	19	13	Lincoln Financial Field	Philadelphia	39.89455	-75.18826	GMT-4	1.0	28.54666666666667	45.93333333333333	30.34666666666667		17
6	19	14	Lincoln Financial Field	Philadelphia	39.89455	-75.18826	GMT-4	1.0	29.34	43.266666666666666	30.813333333333336		18
6	19	15	Lincoln Financial Field	Philadelphia	39.89455	-75.18826	GMT-4	1.0	29.566666666666666	42.93333333333333	30.540000000000003		19
6	19	16	Lincoln Financial Field	Philadelphia	39.89455	-75.18826	GMT-4	1.0	29.10666666666667	45.0	29.5		20
6	19	17	Lincoln Financial Field	Philadelphia	39.89455	-75.18826	GMT-4	1.0	28.053333333333335	48.86666666666667	28.01333333333333		21
6	19	18	Lincoln Financial Field	Philadelphia	39.89455	-75.18826	GMT-4	1.0	26.913333333333334	52.13333333333333	26.733333333333334		22
6	19	19	Lincoln Financial Field	Philadelphia	39.89455	-75.18826	GMT-4	1.0	25.63333333333333	56.266666666666666	25.64		23
6	19	20	Lincoln Financial Field	Philadelphia	39.89455	-75.18826	GMT-4	1.0	24.14	61.266666666666666	24.4		0
6	19	21	Lincoln Financial Field	Philadelphia	39.89455	-75.18826	GMT-4	1.0	22.740000000000002	65.8	23.106666666666673		1
6	19	22	Lincoln Financial Field	Philadelphia	39.89455	-75.18826	GMT-4	1.0	21.64666666666667	68.6	22.006666666666668		2
6	20	12	Lincoln Financial Field	Philadelphia	39.89455	-75.18826	GMT-4	1.0	26.566666666666663	50.8	27.720000000000002		16
6	20	13	Lincoln Financial Field	Philadelphia	39.89455	-75.18826	GMT-4	1.0	27.560000000000002	47.333333333333336	28.833333333333332		17
6	20	14	Lincoln Financial Field	Philadelphia	39.89455	-75.18826	GMT-4	1.0	28.426666666666666	44.2	29.60666666666667		18
6	20	15	Lincoln Financial Field	Philadelphia	39.89455	-75.18826	GMT-4	1.0	29.019999999999996	42.2	29.84		19
6	20	16	Lincoln Financial Field	Philadelphia	39.89455	-75.18826	GMT-4	1.0	29.259999999999998	41.46666666666667	29.56666666666667		20
6	20	17	Lincoln Financial Field	Philadelphia	39.89455	-75.18826	GMT-4	1.0	29.079999999999995	42.46666666666667	29.026666666666674		21
6	20	18	Lincoln Financial Field	Philadelphia	39.89455	-75.18826	GMT-4	1.0	28.486666666666668	46.333333333333336	28.573333333333334		22
6	20	19	Lincoln Financial Field	Philadelphia	39.89455	-75.18826	GMT-4	1.0	27.159999999999993	52.2	27.566666666666663		23
6	20	20	Lincoln Financial Field	Philadelphia	39.89455	-75.18826	GMT-4	1.0	25.413333333333334	59.46666666666667	26.086666666666662		0
6	20	21	Lincoln Financial Field	Philadelphia	39.89455	-75.18826	GMT-4	1.0	23.720000000000002	65.13333333333334	24.473333333333333		1
6	20	22	Lincoln Financial Field	Philadelphia	39.89455	-75.18826	GMT-4	1.0	22.586666666666666	69.06666666666666	23.38		2
6	21	12	Lincoln Financial Field	Philadelphia	39.89455	-75.18826	GMT-4	1.0	27.233333333333334	53.46666666666667	28.593333333333337		16
6	21	13	Lincoln Financial Field	Philadelphia	39.89455	-75.18826	GMT-4	1.0	28.013333333333335	50.4	29.346666666666668		17
6	21	14	Lincoln Financial Field	Philadelphia	39.89455	-75.18826	GMT-4	1.0	28.48	49.2	29.713333333333335		18
6	21	15	Lincoln Financial Field	Philadelphia	39.89455	-75.18826	GMT-4	1.0	28.713333333333335	48.93333333333333	29.673333333333336		19
6	21	16	Lincoln Financial Field	Philadelphia	39.89455	-75.18826	GMT-4	1.0	28.65333333333334	49.53333333333333	29.173333333333336		20
6	21	17	Lincoln Financial Field	Philadelphia	39.89455	-75.18826	GMT-4	1.0	28.346666666666668	50.93333333333333	28.600000000000005		21
6	21	18	Lincoln Financial Field	Philadelphia	39.89455	-75.18826	GMT-4	1.0	27.713333333333328	53.93333333333333	27.986666666666668		22
6	21	19	Lincoln Financial Field	Philadelphia	39.89455	-75.18826	GMT-4	1.0	26.52	59.6	27.113333333333333		23
6	21	20	Lincoln Financial Field	Philadelphia	39.89455	-75.18826	GMT-4	1.0	25.206666666666667	65.06666666666666	26.10666666666667		0
6	21	21	Lincoln Financial Field	Philadelphia	39.89455	-75.18826	GMT-4	1.0	23.980000000000004	69.8	25.02		1
6	21	22	Lincoln Financial Field	Philadelphia	39.89455	-75.18826	GMT-4	1.0	23.106666666666666	72.8	24.179999999999996		2
6	22	12	Lincoln Financial Field	Philadelphia	39.89455	-75.18826	GMT-4	1.0	26.54	62.733333333333334	27.81333333333333		16
6	22	13	Lincoln Financial Field	Philadelphia	39.89455	-75.18826	GMT-4	1.0	26.866666666666667	61.666666666666664	27.933333333333334		17
6	22	14	Lincoln Financial Field	Philadelphia	39.89455	-75.18826	GMT-4	1.0	27.026666666666667	61.266666666666666	27.906666666666663		18
6	22	15	Lincoln Financial Field	Philadelphia	39.89455	-75.18826	GMT-4	1.0	26.986666666666668	60.666666666666664	27.733333333333334		19
6	22	16	Lincoln Financial Field	Philadelphia	39.89455	-75.18826	GMT-4	1.0	26.88666666666667	60.6	27.553333333333335		20
6	22	17	Lincoln Financial Field	Philadelphia	39.89455	-75.18826	GMT-4	1.0	26.6	61.333333333333336	27.25333333333333		21
6	22	18	Lincoln Financial Field	Philadelphia	39.89455	-75.18826	GMT-4	1.0	26.16	62.86666666666667	26.83333333333333		22
6	22	19	Lincoln Financial Field	Philadelphia	39.89455	-75.18826	GMT-4	1.0	25.266666666666666	66.0	26.16		23
6	22	20	Lincoln Financial Field	Philadelphia	39.89455	-75.18826	GMT-4	1.0	24.10666666666667	70.73333333333333	25.333333333333332		0
6	22	21	Lincoln Financial Field	Philadelphia	39.89455	-75.18826	GMT-4	1.0	22.966666666666665	75.8	24.540000000000003		1
6	22	22	Lincoln Financial Field	Philadelphia	39.89455	-75.18826	GMT-4	1.0	21.92	80.4	23.65333333333333		2
6	23	12	Lincoln Financial Field	Philadelphia	39.89455	-75.18826	GMT-4	1.0	26.773333333333333	59.53333333333333	29.080000000000002		16
6	23	13	Lincoln Financial Field	Philadelphia	39.89455	-75.18826	GMT-4	1.0	27.813333333333333	56.2	30.153333333333332		17
6	23	14	Lincoln Financial Field	Philadelphia	39.89455	-75.18826	GMT-4	1.0	28.68	52.93333333333333	30.740000000000002		18
6	23	15	Lincoln Financial Field	Philadelphia	39.89455	-75.18826	GMT-4	1.0	29.133333333333333	50.6	30.866666666666664		19
6	23	16	Lincoln Financial Field	Philadelphia	39.89455	-75.18826	GMT-4	1.0	29.113333333333333	49.93333333333333	30.366666666666664		20
6	23	17	Lincoln Financial Field	Philadelphia	39.89455	-75.18826	GMT-4	1.0	28.853333333333335	50.2	29.85333333333333		21
6	23	18	Lincoln Financial Field	Philadelphia	39.89455	-75.18826	GMT-4	1.0	28.579999999999995	51.2	29.500000000000004		22
6	23	19	Lincoln Financial Field	Philadelphia	39.89455	-75.18826	GMT-4	1.0	27.64	55.6	28.913333333333338		23
6	23	20	Lincoln Financial Field	Philadelphia	39.89455	-75.18826	GMT-4	1.0	25.9	64.4	27.60666666666667		0
6	23	21	Lincoln Financial Field	Philadelphia	39.89455	-75.18826	GMT-4	1.0	24.199999999999996	72.46666666666667	26.213333333333335		1
6	23	22	Lincoln Financial Field	Philadelphia	39.89455	-75.18826	GMT-4	1.0	23.019999999999996	78.0	25.106666666666673		2
6	24	12	Lincoln Financial Field	Philadelphia	39.89455	-75.18826	GMT-4	1.0	27.75333333333333	50.06666666666667	29.373333333333328		16
6	24	13	Lincoln Financial Field	Philadelphia	39.89455	-75.18826	GMT-4	1.0	28.653333333333332	46.733333333333334	30.35333333333333		17
6	24	14	Lincoln Financial Field	Philadelphia	39.89455	-75.18826	GMT-4	1.0	29.38	44.266666666666666	30.93333333333333		18
6	24	15	Lincoln Financial Field	Philadelphia	39.89455	-75.18826	GMT-4	1.0	29.713333333333335	42.733333333333334	30.660000000000004		19
6	24	16	Lincoln Financial Field	Philadelphia	39.89455	-75.18826	GMT-4	1.0	29.71333333333333	41.93333333333333	29.98		20
6	24	17	Lincoln Financial Field	Philadelphia	39.89455	-75.18826	GMT-4	1.0	29.40666666666667	41.86666666666667	29.04		21
6	24	18	Lincoln Financial Field	Philadelphia	39.89455	-75.18826	GMT-4	1.0	28.886666666666667	42.8	28.299999999999997		22
6	24	19	Lincoln Financial Field	Philadelphia	39.89455	-75.18826	GMT-4	1.0	27.826666666666664	46.2	27.399999999999995		23
6	24	20	Lincoln Financial Field	Philadelphia	39.89455	-75.18826	GMT-4	1.0	26.266666666666666	52.333333333333336	26.32666666666666		0
6	24	21	Lincoln Financial Field	Philadelphia	39.89455	-75.18826	GMT-4	1.0	24.606666666666666	59.46666666666667	25.173333333333332		1
6	24	22	Lincoln Financial Field	Philadelphia	39.89455	-75.18826	GMT-4	1.0	23.273333333333333	65.6	24.18		2
6	25	12	Lincoln Financial Field	Philadelphia	39.89455	-75.18826	GMT-4	1.0	29.973333333333336	42.93333333333333	32.49333333333333		16
6	25	13	Lincoln Financial Field	Philadelphia	39.89455	-75.18826	GMT-4	1.0	30.92	39.13333333333333	33.21333333333333		17
6	25	14	Lincoln Financial Field	Philadelphia	39.89455	-75.18826	GMT-4	1.0	31.339999999999996	37.666666666666664	33.14		18
6	25	15	Lincoln Financial Field	Philadelphia	39.89455	-75.18826	GMT-4	1.0	31.31333333333333	38.2	32.57333333333334		19
6	25	16	Lincoln Financial Field	Philadelphia	39.89455	-75.18826	GMT-4	1.0	30.726666666666667	41.06666666666667	31.480000000000004		20
6	25	17	Lincoln Financial Field	Philadelphia	39.89455	-75.18826	GMT-4	1.0	30.119999999999997	44.4	30.720000000000006		21
6	25	18	Lincoln Financial Field	Philadelphia	39.89455	-75.18826	GMT-4	1.0	29.46666666666666	47.93333333333333	30.12666666666667		22
6	25	19	Lincoln Financial Field	Philadelphia	39.89455	-75.18826	GMT-4	1.0	28.5	53.06666666666667	29.65333333333333		23
6	25	20	Lincoln Financial Field	Philadelphia	39.89455	-75.18826	GMT-4	1.0	27.14666666666667	59.53333333333333	28.8		0
6	25	21	Lincoln Financial Field	Philadelphia	39.89455	-75.18826	GMT-4	1.0	25.686666666666667	66.73333333333333	27.75333333333333		1
6	25	22	Lincoln Financial Field	Philadelphia	39.89455	-75.18826	GMT-4	1.0	24.613333333333337	72.26666666666667	26.8		2
6	26	12	Lincoln Financial Field	Philadelphia	39.89455	-75.18826	GMT-4	1.0	30.32	56.2	33.586666666666666		16
6	26	13	Lincoln Financial Field	Philadelphia	39.89455	-75.18826	GMT-4	1.0	31.040000000000003	52.733333333333334	34.1		17
6	26	14	Lincoln Financial Field	Philadelphia	39.89455	-75.18826	GMT-4	1.0	31.06666666666667	52.6	33.8		18
6	26	15	Lincoln Financial Field	Philadelphia	39.89455	-75.18826	GMT-4	1.0	30.560000000000002	54.8	32.96		19
6	26	16	Lincoln Financial Field	Philadelphia	39.89455	-75.18826	GMT-4	1.0	29.880000000000003	57.333333333333336	31.866666666666667		20
6	26	17	Lincoln Financial Field	Philadelphia	39.89455	-75.18826	GMT-4	1.0	29.32	59.266666666666666	31.040000000000003		21
6	26	18	Lincoln Financial Field	Philadelphia	39.89455	-75.18826	GMT-4	1.0	28.68	61.666666666666664	30.279999999999998		22
6	26	19	Lincoln Financial Field	Philadelphia	39.89455	-75.18826	GMT-4	1.0	27.74	64.53333333333333	29.579999999999995		23
6	26	20	Lincoln Financial Field	Philadelphia	39.89455	-75.18826	GMT-4	1.0	26.266666666666666	69.26666666666667	28.199999999999996		0
6	26	21	Lincoln Financial Field	Philadelphia	39.89455	-75.18826	GMT-4	1.0	24.886666666666667	73.46666666666667	26.84666666666666		1
6	26	22	Lincoln Financial Field	Philadelphia	39.89455	-75.18826	GMT-4	1.0	23.866666666666667	76.66666666666667	25.733333333333334		2
6	27	12	Lincoln Financial Field	Philadelphia	39.89455	-75.18826	GMT-4	1.0	26.08	67.93333333333334	28.720000000000002		16
6	27	13	Lincoln Financial Field	Philadelphia	39.89455	-75.18826	GMT-4	1.0	27.42	62.93333333333333	30.21333333333333		17
6	27	14	Lincoln Financial Field	Philadelphia	39.89455	-75.18826	GMT-4	1.0	28.173333333333332	60.0	30.58		18
6	27	15	Lincoln Financial Field	Philadelphia	39.89455	-75.18826	GMT-4	1.0	28.153333333333332	60.46666666666667	30.006666666666664		19
6	27	16	Lincoln Financial Field	Philadelphia	39.89455	-75.18826	GMT-4	1.0	27.7	62.46666666666667	29.09999999999999		20
6	27	17	Lincoln Financial Field	Philadelphia	39.89455	-75.18826	GMT-4	1.0	26.993333333333336	65.26666666666667	28.246666666666663		21
6	27	18	Lincoln Financial Field	Philadelphia	39.89455	-75.18826	GMT-4	1.0	26.49333333333334	66.26666666666667	27.92666666666667		22
6	27	19	Lincoln Financial Field	Philadelphia	39.89455	-75.18826	GMT-4	1.0	25.753333333333334	68.13333333333334	27.393333333333338		23
6	27	20	Lincoln Financial Field	Philadelphia	39.89455	-75.18826	GMT-4	1.0	24.8	71.13333333333334	26.66666666666667		0
6	27	21	Lincoln Financial Field	Philadelphia	39.89455	-75.18826	GMT-4	1.0	23.846666666666668	74.46666666666667	25.773333333333333		1
6	27	22	Lincoln Financial Field	Philadelphia	39.89455	-75.18826	GMT-4	1.0	22.89333333333333	77.73333333333333	24.746666666666666		2
6	11	0	BC Place	Vancouver	49.244286	-123.133575	GMT-7	18.0	13.526666666666669	83.86666666666666	12.806666666666667		7
6	11	15	BC Place	Vancouver	49.244286	-123.133575	GMT-7	18.0	16.793333333333337	65.2	15.246666666666666		22
6	11	16	BC Place	Vancouver	49.244286	-123.133575	GMT-7	18.0	16.959999999999997	64.46666666666667	15.286666666666665		23
6	11	17	BC Place	Vancouver	49.244286	-123.133575	GMT-7	18.0	17.000000000000004	65.0	15.319999999999999		0
6	11	18	BC Place	Vancouver	49.244286	-123.133575	GMT-7	18.0	16.793333333333333	66.06666666666666	15.179999999999998		1
6	11	19	BC Place	Vancouver	49.244286	-123.133575	GMT-7	18.0	16.333333333333332	68.6	15.019999999999998		2
6	11	20	BC Place	Vancouver	49.244286	-123.133575	GMT-7	18.0	15.78	71.6	14.833333333333332		3
6	11	21	BC Place	Vancouver	49.244286	-123.133575	GMT-7	18.0	15.133333333333331	75.53333333333333	14.45333333333333		4
6	11	22	BC Place	Vancouver	49.244286	-123.133575	GMT-7	18.0	14.573333333333332	78.86666666666666	14.01333333333333		5
6	11	23	BC Place	Vancouver	49.244286	-123.133575	GMT-7	18.0	13.973333333333334	82.0	13.346666666666666		6
6	12	0	BC Place	Vancouver	49.244286	-123.133575	GMT-7	18.0	13.419999999999996	83.26666666666667	12.700000000000001		7
6	12	15	BC Place	Vancouver	49.244286	-123.133575	GMT-7	18.0	17.233333333333334	64.93333333333334	16.96		22
6	12	16	BC Place	Vancouver	49.244286	-123.133575	GMT-7	18.0	17.393333333333334	63.13333333333333	16.7		23
6	12	17	BC Place	Vancouver	49.244286	-123.133575	GMT-7	18.0	17.14666666666667	63.266666666666666	15.88		0
6	12	18	BC Place	Vancouver	49.244286	-123.133575	GMT-7	18.0	16.706666666666667	64.66666666666667	15.200000000000001		1
6	12	19	BC Place	Vancouver	49.244286	-123.133575	GMT-7	18.0	16.16	67.13333333333334	14.740000000000002		2
6	12	20	BC Place	Vancouver	49.244286	-123.133575	GMT-7	18.0	15.43333333333333	71.33333333333333	14.313333333333334		3
6	12	21	BC Place	Vancouver	49.244286	-123.133575	GMT-7	18.0	14.646666666666667	75.46666666666667	13.753333333333334		4
6	12	22	BC Place	Vancouver	49.244286	-123.133575	GMT-7	18.0	13.966666666666665	79.53333333333333	13.333333333333336		5
6	12	23	BC Place	Vancouver	49.244286	-123.133575	GMT-7	18.0	13.666666666666664	81.46666666666667	13.013333333333334		6
6	13	0	BC Place	Vancouver	49.244286	-123.133575	GMT-7	18.0	13.113333333333335	83.2	12.286666666666667		7
6	13	15	BC Place	Vancouver	49.244286	-123.133575	GMT-7	18.0	16.886666666666667	63.53333333333333	15.493333333333332		22
6	13	16	BC Place	Vancouver	49.244286	-123.133575	GMT-7	18.0	16.866666666666667	63.86666666666667	15.266666666666667		23
6	13	17	BC Place	Vancouver	49.244286	-123.133575	GMT-7	18.0	16.466666666666665	66.46666666666667	14.793333333333333		0
6	13	18	BC Place	Vancouver	49.244286	-123.133575	GMT-7	18.0	15.953333333333331	68.8	14.459999999999999		1
6	13	19	BC Place	Vancouver	49.244286	-123.133575	GMT-7	18.0	15.5	69.73333333333333	14.013333333333332		2
6	13	20	BC Place	Vancouver	49.244286	-123.133575	GMT-7	18.0	15.006666666666666	71.46666666666667	13.506666666666664		3
6	13	21	BC Place	Vancouver	49.244286	-123.133575	GMT-7	18.0	14.306666666666667	74.6	12.626666666666665		4
6	13	22	BC Place	Vancouver	49.244286	-123.133575	GMT-7	18.0	13.626666666666665	78.46666666666667	12.006666666666664		5
6	13	23	BC Place	Vancouver	49.244286	-123.133575	GMT-7	18.0	13.393333333333334	80.33333333333333	12.226666666666665		6
6	14	0	BC Place	Vancouver	49.244286	-123.133575	GMT-7	18.0	12.520000000000001	82.46666666666667	11.033333333333331		7
6	14	15	BC Place	Vancouver	49.244286	-123.133575	GMT-7	18.0	16.413333333333334	62.4	15.346666666666668		22
6	14	16	BC Place	Vancouver	49.244286	-123.133575	GMT-7	18.0	16.553333333333335	61.86666666666667	15.400000000000002		23
6	14	17	BC Place	Vancouver	49.244286	-123.133575	GMT-7	18.0	16.326666666666668	62.13333333333333	14.740000000000002		0
6	14	18	BC Place	Vancouver	49.244286	-123.133575	GMT-7	18.0	15.979999999999999	62.333333333333336	14.18666666666667		1
6	14	19	BC Place	Vancouver	49.244286	-123.133575	GMT-7	18.0	15.62	63.6	13.873333333333333		2
6	14	20	BC Place	Vancouver	49.244286	-123.133575	GMT-7	18.0	15.086666666666666	68.4	13.679999999999998		3
6	14	21	BC Place	Vancouver	49.244286	-123.133575	GMT-7	18.0	14.306666666666667	74.26666666666667	13.126666666666665		4
6	14	22	BC Place	Vancouver	49.244286	-123.133575	GMT-7	18.0	13.42	79.53333333333333	12.266666666666664		5
6	14	23	BC Place	Vancouver	49.244286	-123.133575	GMT-7	18.0	12.860000000000001	81.6	11.546666666666665		6
6	15	0	BC Place	Vancouver	49.244286	-123.133575	GMT-7	18.0	12.106666666666666	85.26666666666667	10.62		7
6	15	15	BC Place	Vancouver	49.244286	-123.133575	GMT-7	18.0	15.99333333333333	64.2	15.3		22
6	15	16	BC Place	Vancouver	49.244286	-123.133575	GMT-7	18.0	16.18	63.13333333333333	15.240000000000002		23
6	15	17	BC Place	Vancouver	49.244286	-123.133575	GMT-7	18.0	16.21333333333333	62.333333333333336	14.893333333333336		0
6	15	18	BC Place	Vancouver	49.244286	-123.133575	GMT-7	18.0	16.146666666666665	62.333333333333336	14.660000000000002		1
6	15	19	BC Place	Vancouver	49.244286	-123.133575	GMT-7	18.0	15.8	63.86666666666667	14.42		2
6	15	20	BC Place	Vancouver	49.244286	-123.133575	GMT-7	18.0	15.226666666666667	67.66666666666667	14.166666666666666		3
6	15	21	BC Place	Vancouver	49.244286	-123.133575	GMT-7	18.0	14.54	72.06666666666666	13.780000000000001		4
6	15	22	BC Place	Vancouver	49.244286	-123.133575	GMT-7	18.0	13.919999999999998	76.93333333333334	13.346666666666668		5
6	15	23	BC Place	Vancouver	49.244286	-123.133575	GMT-7	18.0	13.013333333333332	81.2	12.0		6
6	16	0	BC Place	Vancouver	49.244286	-123.133575	GMT-7	18.0	12.746666666666666	86.06666666666666	11.960000000000003		7
6	16	15	BC Place	Vancouver	49.244286	-123.133575	GMT-7	18.0	16.673333333333332	68.2	16.153333333333332		22
6	16	16	BC Place	Vancouver	49.244286	-123.133575	GMT-7	18.0	16.98	64.73333333333333	16.053333333333335		23
6	16	17	BC Place	Vancouver	49.244286	-123.133575	GMT-7	18.0	16.986666666666668	62.06666666666667	15.553333333333335		0
6	16	18	BC Place	Vancouver	49.244286	-123.133575	GMT-7	18.0	16.70666666666667	61.06666666666667	14.886666666666667		1
6	16	19	BC Place	Vancouver	49.244286	-123.133575	GMT-7	18.0	16.28666666666667	62.4	14.6		2
6	16	20	BC Place	Vancouver	49.244286	-123.133575	GMT-7	18.0	15.626666666666667	66.93333333333334	14.333333333333334		3
6	16	21	BC Place	Vancouver	49.244286	-123.133575	GMT-7	18.0	14.839999999999998	71.93333333333334	13.806666666666667		4
6	16	22	BC Place	Vancouver	49.244286	-123.133575	GMT-7	18.0	14.013333333333332	77.4	13.086666666666668		5
6	16	23	BC Place	Vancouver	49.244286	-123.133575	GMT-7	18.0	13.293333333333331	82.13333333333334	12.473333333333334		6
6	17	0	BC Place	Vancouver	49.244286	-123.133575	GMT-7	18.0	13.153333333333334	81.06666666666666	12.06		7
6	17	15	BC Place	Vancouver	49.244286	-123.133575	GMT-7	18.0	17.19333333333333	63.46666666666667	16.466666666666665		22
6	17	16	BC Place	Vancouver	49.244286	-123.133575	GMT-7	18.0	17.40666666666667	62.733333333333334	16.406666666666666		23
6	17	17	BC Place	Vancouver	49.244286	-123.133575	GMT-7	18.0	17.413333333333334	62.06666666666667	16.04		0
6	17	18	BC Place	Vancouver	49.244286	-123.133575	GMT-7	18.0	17.220000000000002	61.733333333333334	15.673333333333336		1
6	17	19	BC Place	Vancouver	49.244286	-123.133575	GMT-7	18.0	16.753333333333337	62.4	15.206666666666669		2
6	17	20	BC Place	Vancouver	49.244286	-123.133575	GMT-7	18.0	16.1	64.66666666666667	14.719999999999999		3
6	17	21	BC Place	Vancouver	49.244286	-123.133575	GMT-7	18.0	15.353333333333333	67.8	14.033333333333333		4
6	17	22	BC Place	Vancouver	49.244286	-123.133575	GMT-7	18.0	14.566666666666668	71.73333333333333	13.306666666666667		5
6	17	23	BC Place	Vancouver	49.244286	-123.133575	GMT-7	18.0	13.82666666666667	76.6	12.646666666666667		6
6	18	0	BC Place	Vancouver	49.244286	-123.133575	GMT-7	18.0	13.120000000000003	80.2	11.82		7
6	18	15	BC Place	Vancouver	49.244286	-123.133575	GMT-7	18.0	16.846666666666668	63.13333333333333	16.073333333333334		22
6	18	16	BC Place	Vancouver	49.244286	-123.133575	GMT-7	18.0	16.8	62.333333333333336	15.706666666666667		23
6	18	17	BC Place	Vancouver	49.244286	-123.133575	GMT-7	18.0	16.560000000000002	62.0	15.120000000000003		0
6	18	18	BC Place	Vancouver	49.244286	-123.133575	GMT-7	18.0	16.28666666666667	61.86666666666667	14.593333333333334		1
6	18	19	BC Place	Vancouver	49.244286	-123.133575	GMT-7	18.0	15.813333333333334	63.46666666666667	14.113333333333333		2
6	18	20	BC Place	Vancouver	49.244286	-123.133575	GMT-7	18.0	15.173333333333334	68.0	13.84		3
6	18	21	BC Place	Vancouver	49.244286	-123.133575	GMT-7	18.0	14.466666666666667	72.26666666666667	13.433333333333332		4
6	18	22	BC Place	Vancouver	49.244286	-123.133575	GMT-7	18.0	13.700000000000001	77.06666666666666	12.826666666666666		5
6	18	23	BC Place	Vancouver	49.244286	-123.133575	GMT-7	18.0	13.393333333333336	78.33333333333333	12.286666666666667		6
6	19	0	BC Place	Vancouver	49.244286	-123.133575	GMT-7	18.0	12.540000000000003	84.73333333333333	11.433333333333335		7
6	19	15	BC Place	Vancouver	49.244286	-123.133575	GMT-7	18.0	17.040000000000003	64.13333333333334	16.533333333333335		22
6	19	16	BC Place	Vancouver	49.244286	-123.133575	GMT-7	18.0	16.993333333333332	64.6	16.10666666666667		23
6	19	17	BC Place	Vancouver	49.244286	-123.133575	GMT-7	18.0	16.82	65.6	15.593333333333337		0
6	19	18	BC Place	Vancouver	49.244286	-123.133575	GMT-7	18.0	16.62	66.66666666666667	15.206666666666669		1
6	19	19	BC Place	Vancouver	49.244286	-123.133575	GMT-7	18.0	16.313333333333336	67.8	14.88		2
6	19	20	BC Place	Vancouver	49.244286	-123.133575	GMT-7	18.0	15.639999999999999	71.66666666666667	14.373333333333333		3
6	19	21	BC Place	Vancouver	49.244286	-123.133575	GMT-7	18.0	14.806666666666668	76.6	13.706666666666667		4
6	19	22	BC Place	Vancouver	49.244286	-123.133575	GMT-7	18.0	14.026666666666669	81.26666666666667	13.066666666666668		5
6	19	23	BC Place	Vancouver	49.244286	-123.133575	GMT-7	18.0	13.213333333333336	83.46666666666667	12.22		6
6	20	0	BC Place	Vancouver	49.244286	-123.133575	GMT-7	18.0	13.653333333333334	83.4	12.860000000000001		7
6	20	15	BC Place	Vancouver	49.244286	-123.133575	GMT-7	18.0	18.313333333333333	67.66666666666667	17.87333333333333		22
6	20	16	BC Place	Vancouver	49.244286	-123.133575	GMT-7	18.0	18.580000000000002	66.2	18.013333333333335		23
6	20	17	BC Place	Vancouver	49.244286	-123.133575	GMT-7	18.0	18.626666666666665	66.0	17.89333333333333		0
6	20	18	BC Place	Vancouver	49.244286	-123.133575	GMT-7	18.0	18.406666666666663	66.73333333333333	17.62		1
6	20	19	BC Place	Vancouver	49.244286	-123.133575	GMT-7	18.0	17.87333333333333	69.26666666666667	17.173333333333332		2
6	20	20	BC Place	Vancouver	49.244286	-123.133575	GMT-7	18.0	17.166666666666668	72.66666666666667	16.753333333333334		3
6	20	21	BC Place	Vancouver	49.244286	-123.133575	GMT-7	18.0	16.393333333333334	76.33333333333333	16.166666666666668		4
6	20	22	BC Place	Vancouver	49.244286	-123.133575	GMT-7	18.0	15.726666666666667	79.13333333333334	15.493333333333336		5
6	20	23	BC Place	Vancouver	49.244286	-123.133575	GMT-7	18.0	14.653333333333334	81.66666666666667	14.120000000000001		6
6	21	0	BC Place	Vancouver	49.244286	-123.133575	GMT-7	18.0	15.040000000000001	82.2	14.52		7
6	21	15	BC Place	Vancouver	49.244286	-123.133575	GMT-7	18.0	19.186666666666667	68.8	19.613333333333337		22
6	21	16	BC Place	Vancouver	49.244286	-123.133575	GMT-7	18.0	19.373333333333335	68.4	19.639999999999997		23
6	21	17	BC Place	Vancouver	49.244286	-123.133575	GMT-7	18.0	19.27333333333333	69.06666666666666	19.379999999999995		0
6	21	18	BC Place	Vancouver	49.244286	-123.133575	GMT-7	18.0	19.040000000000003	69.73333333333333	18.939999999999998		1
6	21	19	BC Place	Vancouver	49.244286	-123.133575	GMT-7	18.0	18.69333333333333	70.93333333333334	18.58		2
6	21	20	BC Place	Vancouver	49.244286	-123.133575	GMT-7	18.0	18.106666666666666	74.26666666666667	18.086666666666666		3
6	21	21	BC Place	Vancouver	49.244286	-123.133575	GMT-7	18.0	17.21333333333333	79.13333333333334	17.30666666666667		4
6	21	22	BC Place	Vancouver	49.244286	-123.133575	GMT-7	18.0	16.346666666666668	83.86666666666666	16.53333333333333		5
6	21	23	BC Place	Vancouver	49.244286	-123.133575	GMT-7	18.0	15.673333333333336	83.2	15.559999999999999		6
6	22	0	BC Place	Vancouver	49.244286	-123.133575	GMT-7	18.0	15.026666666666666	89.2	14.873333333333333		7
6	22	15	BC Place	Vancouver	49.244286	-123.133575	GMT-7	18.0	19.586666666666666	63.93333333333333	19.793333333333333		22
6	22	16	BC Place	Vancouver	49.244286	-123.133575	GMT-7	18.0	19.753333333333334	63.4	19.67333333333333		23
6	22	17	BC Place	Vancouver	49.244286	-123.133575	GMT-7	18.0	19.39333333333333	64.53333333333333	18.90666666666667		0
6	22	18	BC Place	Vancouver	49.244286	-123.133575	GMT-7	18.0	19.013333333333332	65.6	18.27333333333333		1
6	22	19	BC Place	Vancouver	49.244286	-123.133575	GMT-7	18.0	18.360000000000003	68.33333333333333	17.693333333333335		2
6	22	20	BC Place	Vancouver	49.244286	-123.133575	GMT-7	18.0	17.69333333333333	73.13333333333334	17.313333333333333		3
6	22	21	BC Place	Vancouver	49.244286	-123.133575	GMT-7	18.0	16.76	78.86666666666666	16.506666666666668		4
6	22	22	BC Place	Vancouver	49.244286	-123.133575	GMT-7	18.0	15.873333333333331	83.6	15.560000000000002		5
6	22	23	BC Place	Vancouver	49.244286	-123.133575	GMT-7	18.0	15.393333333333329	86.73333333333333	15.139999999999999		6
6	23	0	BC Place	Vancouver	49.244286	-123.133575	GMT-7	18.0	14.746666666666666	85.6	14.093333333333334		7
6	23	15	BC Place	Vancouver	49.244286	-123.133575	GMT-7	18.0	18.313333333333333	66.6	18.366666666666667		22
6	23	16	BC Place	Vancouver	49.244286	-123.133575	GMT-7	18.0	18.386666666666663	64.86666666666666	18.2		23
6	23	17	BC Place	Vancouver	49.244286	-123.133575	GMT-7	18.0	18.28666666666667	63.733333333333334	17.646666666666665		0
6	23	18	BC Place	Vancouver	49.244286	-123.133575	GMT-7	18.0	18.1	62.93333333333333	17.3		1
6	23	19	BC Place	Vancouver	49.244286	-123.133575	GMT-7	18.0	17.873333333333335	64.53333333333333	17.12666666666667		2
6	23	20	BC Place	Vancouver	49.244286	-123.133575	GMT-7	18.0	17.386666666666667	69.0	16.92		3
6	23	21	BC Place	Vancouver	49.244286	-123.133575	GMT-7	18.0	16.62666666666667	75.06666666666666	16.286666666666665		4
6	23	22	BC Place	Vancouver	49.244286	-123.133575	GMT-7	18.0	15.706666666666669	81.33333333333333	15.466666666666667		5
6	23	23	BC Place	Vancouver	49.244286	-123.133575	GMT-7	18.0	15.08	84.6	14.666666666666664		6
6	24	0	BC Place	Vancouver	49.244286	-123.133575	GMT-7	18.0	14.719999999999999	85.13333333333334	14.540000000000001		7
6	24	15	BC Place	Vancouver	49.244286	-123.133575	GMT-7	18.0	19.94666666666667	61.8	20.766666666666666		22
6	24	16	BC Place	Vancouver	49.244286	-123.133575	GMT-7	18.0	19.92	60.86666666666667	20.16666666666667		23
6	24	17	BC Place	Vancouver	49.244286	-123.133575	GMT-7	18.0	19.66	61.333333333333336	19.333333333333332		0
6	24	18	BC Place	Vancouver	49.244286	-123.133575	GMT-7	18.0	19.206666666666667	62.93333333333333	18.540000000000003		1
6	24	19	BC Place	Vancouver	49.244286	-123.133575	GMT-7	18.0	18.820000000000004	64.73333333333333	18.27333333333333		2
6	24	20	BC Place	Vancouver	49.244286	-123.133575	GMT-7	18.0	18.206666666666667	68.4	18.013333333333332		3
6	24	21	BC Place	Vancouver	49.244286	-123.133575	GMT-7	18.0	17.42	74.13333333333334	17.619999999999997		4
6	24	22	BC Place	Vancouver	49.244286	-123.133575	GMT-7	18.0	16.673333333333336	79.4	17.080000000000002		5
6	24	23	BC Place	Vancouver	49.244286	-123.133575	GMT-7	18.0	15.633333333333333	83.46666666666667	15.82666666666667		6
6	25	0	BC Place	Vancouver	49.244286	-123.133575	GMT-7	18.0	16.2	82.46666666666667	16.106666666666666		7
6	25	15	BC Place	Vancouver	49.244286	-123.133575	GMT-7	18.0	21.52	61.8	21.966666666666672		22
6	25	16	BC Place	Vancouver	49.244286	-123.133575	GMT-7	18.0	21.933333333333334	59.6	21.993333333333332		23
6	25	17	BC Place	Vancouver	49.244286	-123.133575	GMT-7	18.0	21.953333333333333	58.666666666666664	21.540000000000003		0
6	25	18	BC Place	Vancouver	49.244286	-123.133575	GMT-7	18.0	21.64	59.06666666666667	20.906666666666663		1
6	25	19	BC Place	Vancouver	49.244286	-123.133575	GMT-7	18.0	21.04666666666667	61.2	20.320000000000004		2
6	25	20	BC Place	Vancouver	49.244286	-123.133575	GMT-7	18.0	20.266666666666662	65.73333333333333	19.893333333333338		3
6	25	21	BC Place	Vancouver	49.244286	-123.133575	GMT-7	18.0	19.34666666666666	71.33333333333333	19.326666666666668		4
6	25	22	BC Place	Vancouver	49.244286	-123.133575	GMT-7	18.0	18.439999999999998	76.0	18.566666666666666		5
6	25	23	BC Place	Vancouver	49.244286	-123.133575	GMT-7	18.0	17.279999999999998	79.6	17.319999999999997		6
6	26	0	BC Place	Vancouver	49.244286	-123.133575	GMT-7	18.0	17.27333333333333	80.73333333333333	17.306666666666665		7
6	26	15	BC Place	Vancouver	49.244286	-123.133575	GMT-7	18.0	21.21333333333333	68.46666666666667	22.386666666666663		22
6	26	16	BC Place	Vancouver	49.244286	-123.133575	GMT-7	18.0	21.619999999999997	66.33333333333333	22.48		23
6	26	17	BC Place	Vancouver	49.244286	-123.133575	GMT-7	18.0	21.726666666666667	64.93333333333334	22.219999999999995		0
6	26	18	BC Place	Vancouver	49.244286	-123.133575	GMT-7	18.0	21.57333333333333	64.4	21.746666666666666		1
6	26	19	BC Place	Vancouver	49.244286	-123.133575	GMT-7	18.0	21.120000000000005	66.2	21.246666666666666		2
6	26	20	BC Place	Vancouver	49.244286	-123.133575	GMT-7	18.0	20.46	69.4	20.68		3
6	26	21	BC Place	Vancouver	49.244286	-123.133575	GMT-7	18.0	19.64666666666666	73.13333333333334	19.90666666666667		4
6	26	22	BC Place	Vancouver	49.244286	-123.133575	GMT-7	18.0	18.813333333333333	76.13333333333334	19.03333333333334		5
6	26	23	BC Place	Vancouver	49.244286	-123.133575	GMT-7	18.0	17.98	78.53333333333333	18.106666666666666		6
6	27	0	BC Place	Vancouver	49.244286	-123.133575	GMT-7	18.0	18.153333333333332	75.73333333333333	18.086666666666666		7
6	27	15	BC Place	Vancouver	49.244286	-123.133575	GMT-7	18.0	22.666666666666668	60.266666666666666	23.92666666666667		22
6	27	16	BC Place	Vancouver	49.244286	-123.133575	GMT-7	18.0	22.839999999999996	59.4	23.853333333333335		23
6	27	17	BC Place	Vancouver	49.244286	-123.133575	GMT-7	18.0	22.50666666666666	61.4	23.3		0
6	27	18	BC Place	Vancouver	49.244286	-123.133575	GMT-7	18.0	21.83333333333333	64.8	22.493333333333332		1
6	27	19	BC Place	Vancouver	49.244286	-123.133575	GMT-7	18.0	21.006666666666664	68.26666666666667	21.56		2
6	27	20	BC Place	Vancouver	49.244286	-123.133575	GMT-7	18.0	20.32	69.86666666666666	20.673333333333336		3
6	27	21	BC Place	Vancouver	49.244286	-123.133575	GMT-7	18.0	19.880000000000003	70.0	20.0		4
6	27	22	BC Place	Vancouver	49.244286	-123.133575	GMT-7	18.0	19.453333333333333	70.8	19.433333333333337		5
6	27	23	BC Place	Vancouver	49.244286	-123.133575	GMT-7	18.0	18.793333333333333	73.06666666666666	18.74666666666667		6
6	11	13	AT&T Stadium	Dallas	32.724075	-97.14285	GMT-5	193.0	29.95333333333333	65.0	33.8		18
6	11	14	AT&T Stadium	Dallas	32.724075	-97.14285	GMT-5	193.0	30.519999999999996	62.06666666666667	34.11333333333333		19
6	11	15	AT&T Stadium	Dallas	32.724075	-97.14285	GMT-5	193.0	30.939999999999998	59.86666666666667	34.20666666666667		20
6	11	16	AT&T Stadium	Dallas	32.724075	-97.14285	GMT-5	193.0	31.239999999999995	58.4	33.986666666666665		21
6	11	17	AT&T Stadium	Dallas	32.724075	-97.14285	GMT-5	193.0	30.566666666666663	60.8	32.92		22
6	11	18	AT&T Stadium	Dallas	32.724075	-97.14285	GMT-5	193.0	29.513333333333332	66.93333333333334	32.093333333333334		23
6	11	19	AT&T Stadium	Dallas	32.724075	-97.14285	GMT-5	193.0	28.160000000000004	72.4	30.913333333333334		0
6	11	20	AT&T Stadium	Dallas	32.724075	-97.14285	GMT-5	193.0	27.18	76.0	30.073333333333338		1
6	11	21	AT&T Stadium	Dallas	32.724075	-97.14285	GMT-5	193.0	26.393333333333334	76.73333333333333	29.040000000000006		2
6	11	22	AT&T Stadium	Dallas	32.724075	-97.14285	GMT-5	193.0	25.759999999999998	78.8	28.513333333333335		3
6	11	23	AT&T Stadium	Dallas	32.724075	-97.14285	GMT-5	193.0	25.32	80.86666666666666	28.433333333333334		4
6	12	13	AT&T Stadium	Dallas	32.724075	-97.14285	GMT-5	193.0	29.946666666666665	62.4	34.28666666666667		18
6	12	14	AT&T Stadium	Dallas	32.724075	-97.14285	GMT-5	193.0	31.173333333333332	57.13333333333333	35.62666666666667		19
6	12	15	AT&T Stadium	Dallas	32.724075	-97.14285	GMT-5	193.0	31.873333333333328	54.06666666666667	35.94666666666667		20
6	12	16	AT&T Stadium	Dallas	32.724075	-97.14285	GMT-5	193.0	32.19999999999999	52.46666666666667	35.85333333333333		21
6	12	17	AT&T Stadium	Dallas	32.724075	-97.14285	GMT-5	193.0	32.21333333333333	52.266666666666666	35.22		22
6	12	18	AT&T Stadium	Dallas	32.724075	-97.14285	GMT-5	193.0	31.63333333333333	54.266666666666666	34.266666666666666		23
6	12	19	AT&T Stadium	Dallas	32.724075	-97.14285	GMT-5	193.0	30.42	59.733333333333334	33.12666666666667		0
6	12	20	AT&T Stadium	Dallas	32.724075	-97.14285	GMT-5	193.0	28.880000000000003	65.66666666666667	31.66		1
6	12	21	AT&T Stadium	Dallas	32.724075	-97.14285	GMT-5	193.0	27.580000000000002	70.6	30.34666666666666		2
6	12	22	AT&T Stadium	Dallas	32.724075	-97.14285	GMT-5	193.0	26.726666666666667	72.86666666666666	29.31333333333333		3
6	12	23	AT&T Stadium	Dallas	32.724075	-97.14285	GMT-5	193.0	25.92	76.46666666666667	28.55333333333333		4
6	13	13	AT&T Stadium	Dallas	32.724075	-97.14285	GMT-5	193.0	30.946666666666662	60.4	35.65333333333333		18
6	13	14	AT&T Stadium	Dallas	32.724075	-97.14285	GMT-5	193.0	31.720000000000002	57.13333333333333	36.406666666666666		19
6	13	15	AT&T Stadium	Dallas	32.724075	-97.14285	GMT-5	193.0	32.239999999999995	55.2	36.75999999999999		20
6	13	16	AT&T Stadium	Dallas	32.724075	-97.14285	GMT-5	193.0	32.54	54.266666666666666	36.593333333333334		21
6	13	17	AT&T Stadium	Dallas	32.724075	-97.14285	GMT-5	193.0	32.62666666666667	53.46666666666667	35.906666666666666		22
6	13	18	AT&T Stadium	Dallas	32.724075	-97.14285	GMT-5	193.0	32.11333333333334	54.86666666666667	35.02		23
6	13	19	AT&T Stadium	Dallas	32.724075	-97.14285	GMT-5	193.0	30.960000000000004	60.333333333333336	34.080000000000005		0
6	13	20	AT&T Stadium	Dallas	32.724075	-97.14285	GMT-5	193.0	29.5	66.66666666666667	32.906666666666666		1
6	13	21	AT&T Stadium	Dallas	32.724075	-97.14285	GMT-5	193.0	28.240000000000002	71.93333333333334	31.7		2
6	13	22	AT&T Stadium	Dallas	32.724075	-97.14285	GMT-5	193.0	27.37333333333333	73.73333333333333	30.486666666666665		3
6	13	23	AT&T Stadium	Dallas	32.724075	-97.14285	GMT-5	193.0	26.500000000000004	75.6	29.413333333333334		4
6	14	13	AT&T Stadium	Dallas	32.724075	-97.14285	GMT-5	193.0	30.633333333333333	61.86666666666667	34.733333333333334		18
6	14	14	AT&T Stadium	Dallas	32.724075	-97.14285	GMT-5	193.0	31.10666666666667	60.0	35.20666666666667		19
6	14	15	AT&T Stadium	Dallas	32.724075	-97.14285	GMT-5	193.0	31.246666666666666	59.733333333333334	35.026666666666664		20
6	14	16	AT&T Stadium	Dallas	32.724075	-97.14285	GMT-5	193.0	31.34666666666667	59.2	34.8		21
6	14	17	AT&T Stadium	Dallas	32.724075	-97.14285	GMT-5	193.0	31.453333333333337	58.8	34.50000000000001		22
6	14	18	AT&T Stadium	Dallas	32.724075	-97.14285	GMT-5	193.0	31.28666666666667	59.06666666666667	34.28		23
6	14	19	AT&T Stadium	Dallas	32.724075	-97.14285	GMT-5	193.0	30.293333333333337	62.06666666666667	33.080000000000005		0
6	14	20	AT&T Stadium	Dallas	32.724075	-97.14285	GMT-5	193.0	28.860000000000003	66.4	31.62666666666667		1
6	14	21	AT&T Stadium	Dallas	32.724075	-97.14285	GMT-5	193.0	27.806666666666672	69.33333333333333	30.47333333333334		2
6	14	22	AT&T Stadium	Dallas	32.724075	-97.14285	GMT-5	193.0	27.03333333333334	72.13333333333334	29.64666666666667		3
6	14	23	AT&T Stadium	Dallas	32.724075	-97.14285	GMT-5	193.0	26.60666666666667	74.46666666666667	29.240000000000002		4
6	15	13	AT&T Stadium	Dallas	32.724075	-97.14285	GMT-5	193.0	31.120000000000005	59.333333333333336	35.29333333333333		18
6	15	14	AT&T Stadium	Dallas	32.724075	-97.14285	GMT-5	193.0	31.846666666666668	56.86666666666667	36.02666666666667		19
6	15	15	AT&T Stadium	Dallas	32.724075	-97.14285	GMT-5	193.0	32.38666666666667	54.93333333333333	36.366666666666674		20
6	15	16	AT&T Stadium	Dallas	32.724075	-97.14285	GMT-5	193.0	32.74666666666667	53.266666666666666	36.11333333333334		21
6	15	17	AT&T Stadium	Dallas	32.724075	-97.14285	GMT-5	193.0	32.29333333333334	53.93333333333333	34.86666666666667		22
6	15	18	AT&T Stadium	Dallas	32.724075	-97.14285	GMT-5	193.0	31.626666666666665	56.86666666666667	34.14666666666667		23
6	15	19	AT&T Stadium	Dallas	32.724075	-97.14285	GMT-5	193.0	29.919999999999998	63.4	32.60666666666667		0
6	15	20	AT&T Stadium	Dallas	32.724075	-97.14285	GMT-5	193.0	28.639999999999997	68.2	31.613333333333337		1
6	15	21	AT&T Stadium	Dallas	32.724075	-97.14285	GMT-5	193.0	27.313333333333333	71.8	30.02		2
6	15	22	AT&T Stadium	Dallas	32.724075	-97.14285	GMT-5	193.0	26.946666666666665	72.0	29.453333333333333		3
6	15	23	AT&T Stadium	Dallas	32.724075	-97.14285	GMT-5	193.0	26.40666666666667	74.33333333333333	28.95333333333333		4
6	16	13	AT&T Stadium	Dallas	32.724075	-97.14285	GMT-5	193.0	32.62666666666667	51.0	37.11333333333334		18
6	16	14	AT&T Stadium	Dallas	32.724075	-97.14285	GMT-5	193.0	33.580000000000005	47.13333333333333	38.23333333333334		19
6	16	15	AT&T Stadium	Dallas	32.724075	-97.14285	GMT-5	193.0	34.226666666666674	44.0	38.66000000000001		20
6	16	16	AT&T Stadium	Dallas	32.724075	-97.14285	GMT-5	193.0	34.56666666666667	42.333333333333336	38.54		21
6	16	17	AT&T Stadium	Dallas	32.724075	-97.14285	GMT-5	193.0	34.45333333333334	42.46666666666667	37.480000000000004		22
6	16	18	AT&T Stadium	Dallas	32.724075	-97.14285	GMT-5	193.0	33.906666666666666	44.733333333333334	36.32000000000001		23
6	16	19	AT&T Stadium	Dallas	32.724075	-97.14285	GMT-5	193.0	32.47333333333333	51.4	34.86666666666667		0
6	16	20	AT&T Stadium	Dallas	32.724075	-97.14285	GMT-5	193.0	30.879999999999995	57.8	33.59333333333333		1
6	16	21	AT&T Stadium	Dallas	32.724075	-97.14285	GMT-5	193.0	29.40666666666667	63.06666666666667	32.24		2
6	16	22	AT&T Stadium	Dallas	32.724075	-97.14285	GMT-5	193.0	28.566666666666666	64.66666666666667	31.146666666666665		3
6	16	23	AT&T Stadium	Dallas	32.724075	-97.14285	GMT-5	193.0	27.78666666666667	66.66666666666667	30.16		4
6	17	13	AT&T Stadium	Dallas	32.724075	-97.14285	GMT-5	193.0	32.62666666666666	51.8	36.61333333333334		18
6	17	14	AT&T Stadium	Dallas	32.724075	-97.14285	GMT-5	193.0	33.013333333333335	50.06666666666667	36.72		19
6	17	15	AT&T Stadium	Dallas	32.724075	-97.14285	GMT-5	193.0	33.22	49.333333333333336	36.43999999999999		20
6	17	16	AT&T Stadium	Dallas	32.724075	-97.14285	GMT-5	193.0	33.1	50.46666666666667	35.70666666666667		21
6	17	17	AT&T Stadium	Dallas	32.724075	-97.14285	GMT-5	193.0	32.67333333333333	52.733333333333334	34.96		22
6	17	18	AT&T Stadium	Dallas	32.724075	-97.14285	GMT-5	193.0	32.28666666666666	53.53333333333333	34.13999999999999		23
6	17	19	AT&T Stadium	Dallas	32.724075	-97.14285	GMT-5	193.0	31.733333333333334	54.13333333333333	33.45333333333333		0
6	17	20	AT&T Stadium	Dallas	32.724075	-97.14285	GMT-5	193.0	31.04000000000001	55.666666666666664	32.64		1
6	17	21	AT&T Stadium	Dallas	32.724075	-97.14285	GMT-5	193.0	29.893333333333338	61.0	31.800000000000004		2
6	17	22	AT&T Stadium	Dallas	32.724075	-97.14285	GMT-5	193.0	28.84	66.26666666666667	30.866666666666674		3
6	17	23	AT&T Stadium	Dallas	32.724075	-97.14285	GMT-5	193.0	27.959999999999997	68.53333333333333	30.126666666666672		4
6	18	13	AT&T Stadium	Dallas	32.724075	-97.14285	GMT-5	193.0	30.92	57.733333333333334	34.986666666666665		18
6	18	14	AT&T Stadium	Dallas	32.724075	-97.14285	GMT-5	193.0	31.95333333333333	53.333333333333336	36.1		19
6	18	15	AT&T Stadium	Dallas	32.724075	-97.14285	GMT-5	193.0	32.693333333333335	50.06666666666667	36.62		20
6	18	16	AT&T Stadium	Dallas	32.724075	-97.14285	GMT-5	193.0	33.16	47.86666666666667	36.45333333333333		21
6	18	17	AT&T Stadium	Dallas	32.724075	-97.14285	GMT-5	193.0	33.233333333333334	46.93333333333333	35.699999999999996		22
6	18	18	AT&T Stadium	Dallas	32.724075	-97.14285	GMT-5	193.0	32.913333333333334	47.0	34.813333333333325		23
6	18	19	AT&T Stadium	Dallas	32.724075	-97.14285	GMT-5	193.0	32.06666666666667	50.53333333333333	34.16		0
6	18	20	AT&T Stadium	Dallas	32.724075	-97.14285	GMT-5	193.0	30.706666666666667	56.266666666666666	33.18		1
6	18	21	AT&T Stadium	Dallas	32.724075	-97.14285	GMT-5	193.0	29.42666666666667	62.666666666666664	32.28		2
6	18	22	AT&T Stadium	Dallas	32.724075	-97.14285	GMT-5	193.0	28.28666666666667	67.46666666666667	31.12666666666667		3
6	18	23	AT&T Stadium	Dallas	32.724075	-97.14285	GMT-5	193.0	27.706666666666663	70.46666666666667	30.240000000000002		4
6	19	13	AT&T Stadium	Dallas	32.724075	-97.14285	GMT-5	193.0	31.826666666666668	54.53333333333333	36.50666666666667		18
6	19	14	AT&T Stadium	Dallas	32.724075	-97.14285	GMT-5	193.0	32.57333333333334	52.0	37.126666666666665		19
6	19	15	AT&T Stadium	Dallas	32.724075	-97.14285	GMT-5	193.0	33.053333333333335	50.13333333333333	37.24000000000001		20
6	19	16	AT&T Stadium	Dallas	32.724075	-97.14285	GMT-5	193.0	33.440000000000005	48.13333333333333	36.986666666666665		21
6	19	17	AT&T Stadium	Dallas	32.724075	-97.14285	GMT-5	193.0	33.419999999999995	47.53333333333333	36.2		22
6	19	18	AT&T Stadium	Dallas	32.724075	-97.14285	GMT-5	193.0	32.653333333333336	49.53333333333333	34.90666666666666		23
6	19	19	AT&T Stadium	Dallas	32.724075	-97.14285	GMT-5	193.0	31.360000000000003	55.2	33.78666666666666		0
6	19	20	AT&T Stadium	Dallas	32.724075	-97.14285	GMT-5	193.0	29.940000000000005	61.46666666666667	32.9		1
6	19	21	AT&T Stadium	Dallas	32.724075	-97.14285	GMT-5	193.0	29.15333333333334	65.6	32.59333333333333		2
6	19	22	AT&T Stadium	Dallas	32.724075	-97.14285	GMT-5	193.0	28.600000000000005	68.13333333333334	31.986666666666665		3
6	19	23	AT&T Stadium	Dallas	32.724075	-97.14285	GMT-5	193.0	27.72666666666667	70.73333333333333	30.779999999999998		4
6	20	13	AT&T Stadium	Dallas	32.724075	-97.14285	GMT-5	193.0	33.440000000000005	49.333333333333336	37.07333333333334		18
6	20	14	AT&T Stadium	Dallas	32.724075	-97.14285	GMT-5	193.0	34.25333333333333	46.6	37.7		19
6	20	15	AT&T Stadium	Dallas	32.724075	-97.14285	GMT-5	193.0	34.86000000000001	44.2	37.933333333333344		20
6	20	16	AT&T Stadium	Dallas	32.724075	-97.14285	GMT-5	193.0	35.28666666666666	42.2	37.8		21
6	20	17	AT&T Stadium	Dallas	32.724075	-97.14285	GMT-5	193.0	35.38	41.06666666666667	37.24000000000001		22
6	20	18	AT&T Stadium	Dallas	32.724075	-97.14285	GMT-5	193.0	34.96666666666667	42.6	36.53333333333333		23
6	20	19	AT&T Stadium	Dallas	32.724075	-97.14285	GMT-5	193.0	33.92	47.2	35.779999999999994		0
6	20	20	AT&T Stadium	Dallas	32.724075	-97.14285	GMT-5	193.0	32.57333333333333	53.46666666666667	35.07333333333333		1
6	20	21	AT&T Stadium	Dallas	32.724075	-97.14285	GMT-5	193.0	31.293333333333333	58.8	34.26		2
6	20	22	AT&T Stadium	Dallas	32.724075	-97.14285	GMT-5	193.0	30.319999999999997	62.733333333333334	33.35333333333334		3
6	20	23	AT&T Stadium	Dallas	32.724075	-97.14285	GMT-5	193.0	28.85333333333333	68.06666666666666	31.720000000000006		4
6	21	13	AT&T Stadium	Dallas	32.724075	-97.14285	GMT-5	193.0	32.32	56.2	36.43999999999999		18
6	21	14	AT&T Stadium	Dallas	32.724075	-97.14285	GMT-5	193.0	32.70666666666667	54.53333333333333	36.58		19
6	21	15	AT&T Stadium	Dallas	32.724075	-97.14285	GMT-5	193.0	33.28666666666666	52.266666666666666	36.88666666666666		20
6	21	16	AT&T Stadium	Dallas	32.724075	-97.14285	GMT-5	193.0	33.68666666666667	50.266666666666666	36.68		21
6	21	17	AT&T Stadium	Dallas	32.724075	-97.14285	GMT-5	193.0	33.75333333333334	49.266666666666666	36.06666666666668		22
6	21	18	AT&T Stadium	Dallas	32.724075	-97.14285	GMT-5	193.0	32.84	51.06666666666667	34.593333333333334		23
6	21	19	AT&T Stadium	Dallas	32.724075	-97.14285	GMT-5	193.0	31.49333333333334	55.06666666666667	33.10666666666667		0
6	21	20	AT&T Stadium	Dallas	32.724075	-97.14285	GMT-5	193.0	29.860000000000003	60.333333333333336	31.64		1
6	21	21	AT&T Stadium	Dallas	32.724075	-97.14285	GMT-5	193.0	28.833333333333336	63.333333333333336	30.90666666666667		2
6	21	22	AT&T Stadium	Dallas	32.724075	-97.14285	GMT-5	193.0	27.953333333333337	66.0	30.14		3
6	21	23	AT&T Stadium	Dallas	32.724075	-97.14285	GMT-5	193.0	28.026666666666667	67.46666666666667	30.5		4
6	22	13	AT&T Stadium	Dallas	32.724075	-97.14285	GMT-5	193.0	31.499999999999996	51.13333333333333	34.980000000000004		18
6	22	14	AT&T Stadium	Dallas	32.724075	-97.14285	GMT-5	193.0	32.12	49.13333333333333	35.526666666666664		19
6	22	15	AT&T Stadium	Dallas	32.724075	-97.14285	GMT-5	193.0	32.67333333333333	47.2	35.82666666666667		20
6	22	16	AT&T Stadium	Dallas	32.724075	-97.14285	GMT-5	193.0	32.900000000000006	46.266666666666666	35.56000000000001		21
6	22	17	AT&T Stadium	Dallas	32.724075	-97.14285	GMT-5	193.0	32.9	45.86666666666667	35.02666666666667		22
6	22	18	AT&T Stadium	Dallas	32.724075	-97.14285	GMT-5	193.0	32.36666666666667	47.8	34.186666666666675		23
6	22	19	AT&T Stadium	Dallas	32.724075	-97.14285	GMT-5	193.0	31.506666666666664	51.4	33.346666666666664		0
6	22	20	AT&T Stadium	Dallas	32.724075	-97.14285	GMT-5	193.0	30.139999999999997	57.4	32.29333333333333		1
6	22	21	AT&T Stadium	Dallas	32.724075	-97.14285	GMT-5	193.0	28.986666666666668	62.06666666666667	31.373333333333335		2
6	22	22	AT&T Stadium	Dallas	32.724075	-97.14285	GMT-5	193.0	28.113333333333337	65.93333333333334	30.646666666666665		3
6	22	23	AT&T Stadium	Dallas	32.724075	-97.14285	GMT-5	193.0	27.493333333333336	67.86666666666666	29.946666666666665		4
6	23	13	AT&T Stadium	Dallas	32.724075	-97.14285	GMT-5	193.0	33.059999999999995	50.0	36.72		18
6	23	14	AT&T Stadium	Dallas	32.724075	-97.14285	GMT-5	193.0	33.89333333333333	46.666666666666664	37.60666666666666		19
6	23	15	AT&T Stadium	Dallas	32.724075	-97.14285	GMT-5	193.0	34.46666666666667	44.4	37.946666666666665		20
6	23	16	AT&T Stadium	Dallas	32.724075	-97.14285	GMT-5	193.0	34.79999999999999	42.53333333333333	37.62		21
6	23	17	AT&T Stadium	Dallas	32.724075	-97.14285	GMT-5	193.0	34.813333333333325	42.2	36.9		22
6	23	18	AT&T Stadium	Dallas	32.724075	-97.14285	GMT-5	193.0	34.04666666666667	45.0	35.90666666666667		23
6	23	19	AT&T Stadium	Dallas	32.724075	-97.14285	GMT-5	193.0	32.9	50.733333333333334	35.186666666666675		0
6	23	20	AT&T Stadium	Dallas	32.724075	-97.14285	GMT-5	193.0	31.46	56.13333333333333	34.21333333333334		1
6	23	21	AT&T Stadium	Dallas	32.724075	-97.14285	GMT-5	193.0	30.4	60.6	33.31333333333334		2
6	23	22	AT&T Stadium	Dallas	32.724075	-97.14285	GMT-5	193.0	29.58	63.13333333333333	32.34666666666667		3
6	23	23	AT&T Stadium	Dallas	32.724075	-97.14285	GMT-5	193.0	28.59333333333333	66.53333333333333	31.3		4
6	24	13	AT&T Stadium	Dallas	32.724075	-97.14285	GMT-5	193.0	34.513333333333335	43.4	37.72666666666667		18
6	24	14	AT&T Stadium	Dallas	32.724075	-97.14285	GMT-5	193.0	35.32000000000001	40.6	38.39333333333333		19
6	24	15	AT&T Stadium	Dallas	32.724075	-97.14285	GMT-5	193.0	35.82666666666667	39.13333333333333	38.566666666666656		20
6	24	16	AT&T Stadium	Dallas	32.724075	-97.14285	GMT-5	193.0	35.919999999999995	39.0	38.22		21
6	24	17	AT&T Stadium	Dallas	32.724075	-97.14285	GMT-5	193.0	35.779999999999994	39.4	37.47333333333333		22
6	24	18	AT&T Stadium	Dallas	32.724075	-97.14285	GMT-5	193.0	35.29333333333333	40.93333333333333	36.73333333333333		23
6	24	19	AT&T Stadium	Dallas	32.724075	-97.14285	GMT-5	193.0	34.39333333333333	43.93333333333333	35.86666666666667		0
6	24	20	AT&T Stadium	Dallas	32.724075	-97.14285	GMT-5	193.0	33.093333333333334	48.46666666666667	34.84666666666667		1
6	24	21	AT&T Stadium	Dallas	32.724075	-97.14285	GMT-5	193.0	31.673333333333336	53.666666666666664	33.559999999999995		2
6	24	22	AT&T Stadium	Dallas	32.724075	-97.14285	GMT-5	193.0	30.519999999999992	58.06666666666667	32.48		3
6	24	23	AT&T Stadium	Dallas	32.724075	-97.14285	GMT-5	193.0	29.473333333333326	62.86666666666667	31.713333333333328		4
6	25	13	AT&T Stadium	Dallas	32.724075	-97.14285	GMT-5	193.0	34.14	48.2	38.33333333333333		18
6	25	14	AT&T Stadium	Dallas	32.724075	-97.14285	GMT-5	193.0	34.973333333333336	44.8	39.01333333333333		19
6	25	15	AT&T Stadium	Dallas	32.724075	-97.14285	GMT-5	193.0	35.519999999999996	42.46666666666667	39.10666666666667		20
6	25	16	AT&T Stadium	Dallas	32.724075	-97.14285	GMT-5	193.0	35.81333333333334	40.666666666666664	38.66666666666667		21
6	25	17	AT&T Stadium	Dallas	32.724075	-97.14285	GMT-5	193.0	35.78666666666666	39.8	37.78000000000001		22
6	25	18	AT&T Stadium	Dallas	32.724075	-97.14285	GMT-5	193.0	35.19333333333334	41.6	36.74		23
6	25	19	AT&T Stadium	Dallas	32.724075	-97.14285	GMT-5	193.0	34.13999999999999	45.666666666666664	35.84666666666667		0
6	25	20	AT&T Stadium	Dallas	32.724075	-97.14285	GMT-5	193.0	32.72666666666667	50.6	34.76		1
6	25	21	AT&T Stadium	Dallas	32.724075	-97.14285	GMT-5	193.0	31.526666666666664	53.93333333333333	33.58		2
6	25	22	AT&T Stadium	Dallas	32.724075	-97.14285	GMT-5	193.0	30.553333333333335	56.6	32.42		3
6	25	23	AT&T Stadium	Dallas	32.724075	-97.14285	GMT-5	193.0	29.813333333333333	59.93333333333333	31.74666666666667		4
6	26	13	AT&T Stadium	Dallas	32.724075	-97.14285	GMT-5	193.0	34.559999999999995	45.733333333333334	38.466666666666676		18
6	26	14	AT&T Stadium	Dallas	32.724075	-97.14285	GMT-5	193.0	35.27333333333333	43.266666666666666	39.333333333333336		19
6	26	15	AT&T Stadium	Dallas	32.724075	-97.14285	GMT-5	193.0	35.819999999999986	41.13333333333333	39.53999999999999		20
6	26	16	AT&T Stadium	Dallas	32.724075	-97.14285	GMT-5	193.0	36.22	39.13333333333333	39.17333333333333		21
6	26	17	AT&T Stadium	Dallas	32.724075	-97.14285	GMT-5	193.0	36.153333333333336	38.666666666666664	38.17333333333333		22
6	26	18	AT&T Stadium	Dallas	32.724075	-97.14285	GMT-5	193.0	35.586666666666666	40.53333333333333	37.27333333333333		23
6	26	19	AT&T Stadium	Dallas	32.724075	-97.14285	GMT-5	193.0	34.31333333333334	45.2	36.099999999999994		0
6	26	20	AT&T Stadium	Dallas	32.724075	-97.14285	GMT-5	193.0	32.913333333333334	50.2	35.14		1
6	26	21	AT&T Stadium	Dallas	32.724075	-97.14285	GMT-5	193.0	31.40666666666667	56.333333333333336	33.86		2
6	26	22	AT&T Stadium	Dallas	32.724075	-97.14285	GMT-5	193.0	30.333333333333336	60.86666666666667	32.98		3
6	26	23	AT&T Stadium	Dallas	32.724075	-97.14285	GMT-5	193.0	29.67333333333334	62.86666666666667	32.11333333333333		4
6	27	13	AT&T Stadium	Dallas	32.724075	-97.14285	GMT-5	193.0	33.086666666666666	50.13333333333333	37.44666666666667		18
6	27	14	AT&T Stadium	Dallas	32.724075	-97.14285	GMT-5	193.0	33.96	47.46666666666667	38.306666666666665		19
6	27	15	AT&T Stadium	Dallas	32.724075	-97.14285	GMT-5	193.0	34.44666666666667	46.6	38.38666666666666		20
6	27	16	AT&T Stadium	Dallas	32.724075	-97.14285	GMT-5	193.0	34.44000000000001	46.93333333333333	37.71333333333333		21
6	27	17	AT&T Stadium	Dallas	32.724075	-97.14285	GMT-5	193.0	34.18666666666666	47.4	36.65999999999999		22
6	27	18	AT&T Stadium	Dallas	32.724075	-97.14285	GMT-5	193.0	33.54	49.8	35.79333333333333		23
6	27	19	AT&T Stadium	Dallas	32.724075	-97.14285	GMT-5	193.0	32.626666666666665	53.93333333333333	35.1		0
6	27	20	AT&T Stadium	Dallas	32.724075	-97.14285	GMT-5	193.0	31.19333333333333	59.93333333333333	34.00666666666667		1
6	27	21	AT&T Stadium	Dallas	32.724075	-97.14285	GMT-5	193.0	29.946666666666665	64.2	32.826666666666675		2
6	27	22	AT&T Stadium	Dallas	32.724075	-97.14285	GMT-5	193.0	28.98	66.73333333333333	31.680000000000003		3
6	27	23	AT&T Stadium	Dallas	32.724075	-97.14285	GMT-5	193.0	28.719999999999995	67.26666666666667	31.3		4
6	11	0	Estadio BBVA	Guadalupe	25.694199	-100.28293	GMT-6	494.0	26.733333333333338	69.33333333333333	30.08		6
6	11	20	Estadio BBVA	Guadalupe	25.694199	-100.28293	GMT-6	494.0	30.77333333333333	48.86666666666667	32.540000000000006		2
6	11	21	Estadio BBVA	Guadalupe	25.694199	-100.28293	GMT-6	494.0	29.55333333333333	54.13333333333333	31.67333333333334		3
6	11	22	Estadio BBVA	Guadalupe	25.694199	-100.28293	GMT-6	494.0	28.453333333333333	59.733333333333334	30.80666666666667		4
6	11	23	Estadio BBVA	Guadalupe	25.694199	-100.28293	GMT-6	494.0	27.506666666666664	64.93333333333334	30.32		5
6	12	0	Estadio BBVA	Guadalupe	25.694199	-100.28293	GMT-6	494.0	26.713333333333328	67.6	29.193333333333328		6
6	12	20	Estadio BBVA	Guadalupe	25.694199	-100.28293	GMT-6	494.0	31.513333333333332	45.46666666666667	32.8		2
6	12	21	Estadio BBVA	Guadalupe	25.694199	-100.28293	GMT-6	494.0	30.27333333333333	50.4	31.780000000000005		3
6	12	22	Estadio BBVA	Guadalupe	25.694199	-100.28293	GMT-6	494.0	29.186666666666664	54.666666666666664	30.759999999999998		4
6	12	23	Estadio BBVA	Guadalupe	25.694199	-100.28293	GMT-6	494.0	27.946666666666665	60.733333333333334	29.88		5
6	13	0	Estadio BBVA	Guadalupe	25.694199	-100.28293	GMT-6	494.0	26.773333333333326	65.06666666666666	28.986666666666665		6
6	13	20	Estadio BBVA	Guadalupe	25.694199	-100.28293	GMT-6	494.0	31.493333333333336	42.266666666666666	32.08		2
6	13	21	Estadio BBVA	Guadalupe	25.694199	-100.28293	GMT-6	494.0	30.093333333333337	47.93333333333333	31.04		3
6	13	22	Estadio BBVA	Guadalupe	25.694199	-100.28293	GMT-6	494.0	28.899999999999995	53.666666666666664	30.24		4
6	13	23	Estadio BBVA	Guadalupe	25.694199	-100.28293	GMT-6	494.0	27.766666666666662	59.93333333333333	29.55333333333333		5
6	14	0	Estadio BBVA	Guadalupe	25.694199	-100.28293	GMT-6	494.0	27.006666666666668	61.8	28.91333333333333		6
6	14	20	Estadio BBVA	Guadalupe	25.694199	-100.28293	GMT-6	494.0	30.96666666666666	44.53333333333333	31.486666666666668		2
6	14	21	Estadio BBVA	Guadalupe	25.694199	-100.28293	GMT-6	494.0	29.793333333333333	49.666666666666664	30.74666666666667		3
6	14	22	Estadio BBVA	Guadalupe	25.694199	-100.28293	GMT-6	494.0	28.94	53.53333333333333	30.073333333333334		4
6	14	23	Estadio BBVA	Guadalupe	25.694199	-100.28293	GMT-6	494.0	27.966666666666665	57.86666666666667	29.533333333333328		5
6	15	0	Estadio BBVA	Guadalupe	25.694199	-100.28293	GMT-6	494.0	26.953333333333333	63.8	28.813333333333333		6
6	15	20	Estadio BBVA	Guadalupe	25.694199	-100.28293	GMT-6	494.0	31.01333333333333	40.666666666666664	31.180000000000003		2
6	15	21	Estadio BBVA	Guadalupe	25.694199	-100.28293	GMT-6	494.0	29.87333333333333	45.6	30.46		3
6	15	22	Estadio BBVA	Guadalupe	25.694199	-100.28293	GMT-6	494.0	28.993333333333332	49.86666666666667	29.8		4
6	15	23	Estadio BBVA	Guadalupe	25.694199	-100.28293	GMT-6	494.0	27.940000000000005	56.8	29.226666666666667		5
6	16	0	Estadio BBVA	Guadalupe	25.694199	-100.28293	GMT-6	494.0	26.326666666666668	63.8	28.08666666666667		6
6	16	20	Estadio BBVA	Guadalupe	25.694199	-100.28293	GMT-6	494.0	30.146666666666665	44.0	30.220000000000002		2
6	16	21	Estadio BBVA	Guadalupe	25.694199	-100.28293	GMT-6	494.0	28.533333333333335	50.6	29.15333333333333		3
6	16	22	Estadio BBVA	Guadalupe	25.694199	-100.28293	GMT-6	494.0	27.319999999999997	57.06666666666667	28.526666666666664		4
6	16	23	Estadio BBVA	Guadalupe	25.694199	-100.28293	GMT-6	494.0	26.80666666666667	60.266666666666666	28.219999999999995		5
6	17	0	Estadio BBVA	Guadalupe	25.694199	-100.28293	GMT-6	494.0	25.56	70.8	27.90666666666667		6
6	17	20	Estadio BBVA	Guadalupe	25.694199	-100.28293	GMT-6	494.0	30.62666666666667	44.733333333333334	30.919999999999998		2
6	17	21	Estadio BBVA	Guadalupe	25.694199	-100.28293	GMT-6	494.0	29.24666666666667	50.666666666666664	29.93333333333333		3
6	17	22	Estadio BBVA	Guadalupe	25.694199	-100.28293	GMT-6	494.0	27.94	57.733333333333334	29.113333333333333		4
6	17	23	Estadio BBVA	Guadalupe	25.694199	-100.28293	GMT-6	494.0	26.673333333333332	64.46666666666667	28.433333333333337		5
6	18	0	Estadio BBVA	Guadalupe	25.694199	-100.28293	GMT-6	494.0	25.86	69.8	28.133333333333333		6
6	18	20	Estadio BBVA	Guadalupe	25.694199	-100.28293	GMT-6	494.0	30.706666666666667	43.666666666666664	31.019999999999996		2
6	18	21	Estadio BBVA	Guadalupe	25.694199	-100.28293	GMT-6	494.0	29.526666666666667	48.46666666666667	30.180000000000003		3
6	18	22	Estadio BBVA	Guadalupe	25.694199	-100.28293	GMT-6	494.0	28.42	53.6	29.433333333333337		4
6	18	23	Estadio BBVA	Guadalupe	25.694199	-100.28293	GMT-6	494.0	27.040000000000003	62.6	28.70666666666667		5
6	19	0	Estadio BBVA	Guadalupe	25.694199	-100.28293	GMT-6	494.0	26.113333333333337	64.0	27.933333333333334		6
6	19	20	Estadio BBVA	Guadalupe	25.694199	-100.28293	GMT-6	494.0	28.48	57.53333333333333	29.51333333333334		2
6	19	21	Estadio BBVA	Guadalupe	25.694199	-100.28293	GMT-6	494.0	27.546666666666667	60.86666666666667	28.833333333333336		3
6	19	22	Estadio BBVA	Guadalupe	25.694199	-100.28293	GMT-6	494.0	26.826666666666664	63.46666666666667	28.420000000000005		4
6	19	23	Estadio BBVA	Guadalupe	25.694199	-100.28293	GMT-6	494.0	26.366666666666667	64.6	28.17333333333334		5
6	20	0	Estadio BBVA	Guadalupe	25.694199	-100.28293	GMT-6	494.0	25.846666666666668	68.66666666666667	27.846666666666668		6
6	20	20	Estadio BBVA	Guadalupe	25.694199	-100.28293	GMT-6	494.0	28.606666666666666	59.53333333333333	29.90666666666667		2
6	20	21	Estadio BBVA	Guadalupe	25.694199	-100.28293	GMT-6	494.0	27.62	64.26666666666667	29.49333333333334		3
6	20	22	Estadio BBVA	Guadalupe	25.694199	-100.28293	GMT-6	494.0	27.0	67.0	29.08666666666667		4
6	20	23	Estadio BBVA	Guadalupe	25.694199	-100.28293	GMT-6	494.0	26.42	68.4	28.540000000000003		5
6	21	0	Estadio BBVA	Guadalupe	25.694199	-100.28293	GMT-6	494.0	25.573333333333334	72.73333333333333	27.826666666666668		6
6	21	20	Estadio BBVA	Guadalupe	25.694199	-100.28293	GMT-6	494.0	28.019999999999996	65.2	30.253333333333337		2
6	21	21	Estadio BBVA	Guadalupe	25.694199	-100.28293	GMT-6	494.0	27.173333333333332	69.13333333333334	29.62666666666667		3
6	21	22	Estadio BBVA	Guadalupe	25.694199	-100.28293	GMT-6	494.0	26.373333333333335	72.8	28.80666666666667		4
6	21	23	Estadio BBVA	Guadalupe	25.694199	-100.28293	GMT-6	494.0	26.0	72.53333333333333	28.220000000000002		5
6	22	0	Estadio BBVA	Guadalupe	25.694199	-100.28293	GMT-6	494.0	24.646666666666665	79.93333333333334	27.599999999999998		6
6	22	20	Estadio BBVA	Guadalupe	25.694199	-100.28293	GMT-6	494.0	27.613333333333337	63.6	29.62		2
6	22	21	Estadio BBVA	Guadalupe	25.694199	-100.28293	GMT-6	494.0	26.673333333333336	68.26666666666667	28.993333333333336		3
6	22	22	Estadio BBVA	Guadalupe	25.694199	-100.28293	GMT-6	494.0	25.873333333333335	72.6	28.439999999999998		4
6	22	23	Estadio BBVA	Guadalupe	25.694199	-100.28293	GMT-6	494.0	25.259999999999998	76.0	27.96		5
6	23	0	Estadio BBVA	Guadalupe	25.694199	-100.28293	GMT-6	494.0	24.44666666666667	80.4	27.486666666666665		6
6	23	20	Estadio BBVA	Guadalupe	25.694199	-100.28293	GMT-6	494.0	28.160000000000004	61.333333333333336	29.553333333333338		2
6	23	21	Estadio BBVA	Guadalupe	25.694199	-100.28293	GMT-6	494.0	26.98	66.6	28.81333333333334		3
6	23	22	Estadio BBVA	Guadalupe	25.694199	-100.28293	GMT-6	494.0	25.9	71.6	28.073333333333338		4
6	23	23	Estadio BBVA	Guadalupe	25.694199	-100.28293	GMT-6	494.0	25.1	76.2	27.720000000000002		5
6	24	0	Estadio BBVA	Guadalupe	25.694199	-100.28293	GMT-6	494.0	24.560000000000002	78.93333333333334	27.279999999999994		6
6	24	20	Estadio BBVA	Guadalupe	25.694199	-100.28293	GMT-6	494.0	29.633333333333336	53.93333333333333	30.59333333333333		2
6	24	21	Estadio BBVA	Guadalupe	25.694199	-100.28293	GMT-6	494.0	28.226666666666667	60.46666666666667	29.526666666666664		3
6	24	22	Estadio BBVA	Guadalupe	25.694199	-100.28293	GMT-6	494.0	27.019999999999996	66.8	28.813333333333333		4
6	24	23	Estadio BBVA	Guadalupe	25.694199	-100.28293	GMT-6	494.0	25.64666666666666	73.93333333333334	27.993333333333332		5
6	25	0	Estadio BBVA	Guadalupe	25.694199	-100.28293	GMT-6	494.0	25.36666666666667	74.73333333333333	27.973333333333336		6
6	25	20	Estadio BBVA	Guadalupe	25.694199	-100.28293	GMT-6	494.0	30.226666666666663	50.06666666666667	31.033333333333335		2
6	25	21	Estadio BBVA	Guadalupe	25.694199	-100.28293	GMT-6	494.0	28.759999999999994	56.06666666666667	29.906666666666663		3
6	25	22	Estadio BBVA	Guadalupe	25.694199	-100.28293	GMT-6	494.0	27.526666666666664	62.06666666666667	29.106666666666666		4
6	25	23	Estadio BBVA	Guadalupe	25.694199	-100.28293	GMT-6	494.0	26.393333333333334	68.46666666666667	28.419999999999998		5
6	26	0	Estadio BBVA	Guadalupe	25.694199	-100.28293	GMT-6	494.0	25.65333333333334	69.6	27.853333333333335		6
6	26	20	Estadio BBVA	Guadalupe	25.694199	-100.28293	GMT-6	494.0	29.8	46.666666666666664	30.0		2
6	26	21	Estadio BBVA	Guadalupe	25.694199	-100.28293	GMT-6	494.0	28.573333333333334	51.06666666666667	29.12666666666667		3
6	26	22	Estadio BBVA	Guadalupe	25.694199	-100.28293	GMT-6	494.0	27.480000000000004	56.0	28.386666666666667		4
6	26	23	Estadio BBVA	Guadalupe	25.694199	-100.28293	GMT-6	494.0	26.526666666666667	62.733333333333334	28.086666666666666		5
6	27	0	Estadio BBVA	Guadalupe	25.694199	-100.28293	GMT-6	494.0	25.259999999999998	71.8	27.57333333333333		6
6	27	20	Estadio BBVA	Guadalupe	25.694199	-100.28293	GMT-6	494.0	28.646666666666665	55.4	29.60666666666667		2
6	27	21	Estadio BBVA	Guadalupe	25.694199	-100.28293	GMT-6	494.0	27.38	61.46666666666667	28.7		3
6	27	22	Estadio BBVA	Guadalupe	25.694199	-100.28293	GMT-6	494.0	26.433333333333334	67.0	28.24666666666667		4
6	27	23	Estadio BBVA	Guadalupe	25.694199	-100.28293	GMT-6	494.0	25.833333333333332	69.46666666666667	27.9		5
6	11	0	Lumen Field	Seattle	47.627415	-122.32291	GMT-7	10.0	13.833333333333336	81.73333333333333	12.826666666666666		7
6	11	15	Lumen Field	Seattle	47.627415	-122.32291	GMT-7	10.0	19.160000000000004	58.266666666666666	17.933333333333334		22
6	11	16	Lumen Field	Seattle	47.627415	-122.32291	GMT-7	10.0	19.21333333333333	58.06666666666667	18.09333333333333		23
6	11	17	Lumen Field	Seattle	47.627415	-122.32291	GMT-7	10.0	18.76	60.13333333333333	17.506666666666664		0
6	11	18	Lumen Field	Seattle	47.627415	-122.32291	GMT-7	10.0	17.966666666666665	63.13333333333333	16.54		1
6	11	19	Lumen Field	Seattle	47.627415	-122.32291	GMT-7	10.0	17.08	67.26666666666667	15.466666666666663		2
6	11	20	Lumen Field	Seattle	47.627415	-122.32291	GMT-7	10.0	16.013333333333332	70.86666666666666	14.366666666666667		3
6	11	21	Lumen Field	Seattle	47.627415	-122.32291	GMT-7	10.0	14.913333333333332	74.0	13.360000000000001		4
6	11	22	Lumen Field	Seattle	47.627415	-122.32291	GMT-7	10.0	13.993333333333334	76.86666666666666	12.546666666666665		5
6	11	23	Lumen Field	Seattle	47.627415	-122.32291	GMT-7	10.0	13.780000000000001	79.6	12.620000000000001		6
6	12	0	Lumen Field	Seattle	47.627415	-122.32291	GMT-7	10.0	13.300000000000004	80.26666666666667	11.96		7
6	12	15	Lumen Field	Seattle	47.627415	-122.32291	GMT-7	10.0	18.793333333333333	54.93333333333333	18.38		22
6	12	16	Lumen Field	Seattle	47.627415	-122.32291	GMT-7	10.0	19.373333333333335	52.4	18.64666666666667		23
6	12	17	Lumen Field	Seattle	47.627415	-122.32291	GMT-7	10.0	19.353333333333335	52.53333333333333	18.279999999999998		0
6	12	18	Lumen Field	Seattle	47.627415	-122.32291	GMT-7	10.0	19.006666666666664	54.666666666666664	17.746666666666666		1
6	12	19	Lumen Field	Seattle	47.627415	-122.32291	GMT-7	10.0	18.219999999999995	59.333333333333336	16.96		2
6	12	20	Lumen Field	Seattle	47.627415	-122.32291	GMT-7	10.0	17.306666666666665	63.0	15.88		3
6	12	21	Lumen Field	Seattle	47.627415	-122.32291	GMT-7	10.0	16.213333333333335	66.6	14.593333333333334		4
6	12	22	Lumen Field	Seattle	47.627415	-122.32291	GMT-7	10.0	15.126666666666667	70.53333333333333	13.42		5
6	12	23	Lumen Field	Seattle	47.627415	-122.32291	GMT-7	10.0	14.113333333333335	75.8	12.586666666666668		6
6	13	0	Lumen Field	Seattle	47.627415	-122.32291	GMT-7	10.0	13.206666666666669	80.8	11.786666666666665		7
6	13	15	Lumen Field	Seattle	47.627415	-122.32291	GMT-7	10.0	17.9	59.86666666666667	16.8		22
6	13	16	Lumen Field	Seattle	47.627415	-122.32291	GMT-7	10.0	17.59333333333333	62.06666666666667	16.513333333333332		23
6	13	17	Lumen Field	Seattle	47.627415	-122.32291	GMT-7	10.0	17.046666666666663	65.06666666666666	15.926666666666668		0
6	13	18	Lumen Field	Seattle	47.627415	-122.32291	GMT-7	10.0	16.566666666666666	67.66666666666667	15.226666666666665		1
6	13	19	Lumen Field	Seattle	47.627415	-122.32291	GMT-7	10.0	16.113333333333333	70.33333333333333	14.673333333333334		2
6	13	20	Lumen Field	Seattle	47.627415	-122.32291	GMT-7	10.0	15.446666666666667	73.4	13.826666666666666		3
6	13	21	Lumen Field	Seattle	47.627415	-122.32291	GMT-7	10.0	14.626666666666667	75.93333333333334	12.926666666666668		4
6	13	22	Lumen Field	Seattle	47.627415	-122.32291	GMT-7	10.0	13.833333333333334	77.06666666666666	11.993333333333332		5
6	13	23	Lumen Field	Seattle	47.627415	-122.32291	GMT-7	10.0	13.433333333333334	79.13333333333334	11.773333333333333		6
6	14	0	Lumen Field	Seattle	47.627415	-122.32291	GMT-7	10.0	12.8	78.6	10.879999999999997		7
6	14	15	Lumen Field	Seattle	47.627415	-122.32291	GMT-7	10.0	18.119999999999997	52.86666666666667	16.52		22
6	14	16	Lumen Field	Seattle	47.627415	-122.32291	GMT-7	10.0	18.1	54.8	16.46		23
6	14	17	Lumen Field	Seattle	47.627415	-122.32291	GMT-7	10.0	17.68	58.06666666666667	16.020000000000003		0
6	14	18	Lumen Field	Seattle	47.627415	-122.32291	GMT-7	10.0	17.086666666666662	61.666666666666664	15.533333333333335		1
6	14	19	Lumen Field	Seattle	47.627415	-122.32291	GMT-7	10.0	16.619999999999997	64.13333333333334	15.173333333333334		2
6	14	20	Lumen Field	Seattle	47.627415	-122.32291	GMT-7	10.0	15.919999999999998	68.4	14.526666666666667		3
6	14	21	Lumen Field	Seattle	47.627415	-122.32291	GMT-7	10.0	15.08	73.0	13.646666666666667		4
6	14	22	Lumen Field	Seattle	47.627415	-122.32291	GMT-7	10.0	14.22	76.8	12.686666666666667		5
6	14	23	Lumen Field	Seattle	47.627415	-122.32291	GMT-7	10.0	13.506666666666666	77.46666666666667	11.733333333333333		6
6	15	0	Lumen Field	Seattle	47.627415	-122.32291	GMT-7	10.0	12.946666666666665	77.66666666666667	11.066666666666666		7
6	15	15	Lumen Field	Seattle	47.627415	-122.32291	GMT-7	10.0	17.55333333333333	56.4	16.206666666666667		22
6	15	16	Lumen Field	Seattle	47.627415	-122.32291	GMT-7	10.0	17.619999999999997	56.266666666666666	15.986666666666668		23
6	15	17	Lumen Field	Seattle	47.627415	-122.32291	GMT-7	10.0	17.36	57.8	15.56		0
6	15	18	Lumen Field	Seattle	47.627415	-122.32291	GMT-7	10.0	17.186666666666667	58.733333333333334	15.406666666666666		1
6	15	19	Lumen Field	Seattle	47.627415	-122.32291	GMT-7	10.0	16.833333333333336	60.8	15.099999999999998		2
6	15	20	Lumen Field	Seattle	47.627415	-122.32291	GMT-7	10.0	16.046666666666667	64.26666666666667	14.273333333333333		3
6	15	21	Lumen Field	Seattle	47.627415	-122.32291	GMT-7	10.0	15.033333333333331	68.6	13.253333333333332		4
6	15	22	Lumen Field	Seattle	47.627415	-122.32291	GMT-7	10.0	13.919999999999998	73.0	12.0		5
6	15	23	Lumen Field	Seattle	47.627415	-122.32291	GMT-7	10.0	13.359999999999998	75.8	11.473333333333333		6
6	16	0	Lumen Field	Seattle	47.627415	-122.32291	GMT-7	10.0	13.060000000000002	78.33333333333333	11.460000000000003		7
6	16	15	Lumen Field	Seattle	47.627415	-122.32291	GMT-7	10.0	18.993333333333332	53.266666666666666	18.113333333333333		22
6	16	16	Lumen Field	Seattle	47.627415	-122.32291	GMT-7	10.0	19.160000000000004	51.266666666666666	17.839999999999996		23
6	16	17	Lumen Field	Seattle	47.627415	-122.32291	GMT-7	10.0	18.980000000000004	51.53333333333333	17.186666666666664		0
6	16	18	Lumen Field	Seattle	47.627415	-122.32291	GMT-7	10.0	18.386666666666667	54.86666666666667	16.386666666666667		1
6	16	19	Lumen Field	Seattle	47.627415	-122.32291	GMT-7	10.0	17.433333333333334	60.46666666666667	15.593333333333334		2
6	16	20	Lumen Field	Seattle	47.627415	-122.32291	GMT-7	10.0	16.32	66.6	14.66		3
6	16	21	Lumen Field	Seattle	47.627415	-122.32291	GMT-7	10.0	15.266666666666671	71.46666666666667	13.793333333333333		4
6	16	22	Lumen Field	Seattle	47.627415	-122.32291	GMT-7	10.0	14.386666666666667	74.86666666666666	12.94		5
6	16	23	Lumen Field	Seattle	47.627415	-122.32291	GMT-7	10.0	13.639999999999999	76.8	12.086666666666668		6
6	17	0	Lumen Field	Seattle	47.627415	-122.32291	GMT-7	10.0	13.406666666666666	76.86666666666666	11.713333333333335		7
6	17	15	Lumen Field	Seattle	47.627415	-122.32291	GMT-7	10.0	18.70666666666667	56.93333333333333	17.69333333333333		22
6	17	16	Lumen Field	Seattle	47.627415	-122.32291	GMT-7	10.0	18.513333333333335	58.46666666666667	17.206666666666667		23
6	17	17	Lumen Field	Seattle	47.627415	-122.32291	GMT-7	10.0	18.14666666666667	60.266666666666666	16.466666666666672		0
6	17	18	Lumen Field	Seattle	47.627415	-122.32291	GMT-7	10.0	17.486666666666665	63.06666666666667	15.560000000000002		1
6	17	19	Lumen Field	Seattle	47.627415	-122.32291	GMT-7	10.0	16.89333333333333	65.26666666666667	14.879999999999999		2
6	17	20	Lumen Field	Seattle	47.627415	-122.32291	GMT-7	10.0	16.046666666666667	68.13333333333334	14.039999999999997		3
6	17	21	Lumen Field	Seattle	47.627415	-122.32291	GMT-7	10.0	15.193333333333333	70.13333333333334	13.206666666666667		4
6	17	22	Lumen Field	Seattle	47.627415	-122.32291	GMT-7	10.0	14.48	71.26666666666667	12.453333333333335		5
6	17	23	Lumen Field	Seattle	47.627415	-122.32291	GMT-7	10.0	13.88	74.06666666666666	12.020000000000001		6
6	18	0	Lumen Field	Seattle	47.627415	-122.32291	GMT-7	10.0	13.08666666666667	76.86666666666666	11.139999999999999		7
6	18	15	Lumen Field	Seattle	47.627415	-122.32291	GMT-7	10.0	17.313333333333336	59.13333333333333	16.026666666666664		22
6	18	16	Lumen Field	Seattle	47.627415	-122.32291	GMT-7	10.0	17.42	58.53333333333333	16.066666666666666		23
6	18	17	Lumen Field	Seattle	47.627415	-122.32291	GMT-7	10.0	17.273333333333333	58.46666666666667	15.813333333333333		0
6	18	18	Lumen Field	Seattle	47.627415	-122.32291	GMT-7	10.0	16.746666666666666	60.86666666666667	15.18		1
6	18	19	Lumen Field	Seattle	47.627415	-122.32291	GMT-7	10.0	16.05333333333333	63.53333333333333	14.346666666666666		2
6	18	20	Lumen Field	Seattle	47.627415	-122.32291	GMT-7	10.0	15.106666666666666	68.66666666666667	13.426666666666668		3
6	18	21	Lumen Field	Seattle	47.627415	-122.32291	GMT-7	10.0	14.18	73.2	12.513333333333337		4
6	18	22	Lumen Field	Seattle	47.627415	-122.32291	GMT-7	10.0	13.353333333333333	76.8	11.693333333333335		5
6	18	23	Lumen Field	Seattle	47.627415	-122.32291	GMT-7	10.0	13.2	76.66666666666667	11.353333333333333		6
6	19	0	Lumen Field	Seattle	47.627415	-122.32291	GMT-7	10.0	12.893333333333336	78.13333333333334	11.113333333333335		7
6	19	15	Lumen Field	Seattle	47.627415	-122.32291	GMT-7	10.0	19.32	50.733333333333334	18.473333333333333		22
6	19	16	Lumen Field	Seattle	47.627415	-122.32291	GMT-7	10.0	19.526666666666664	49.93333333333333	18.166666666666668		23
6	19	17	Lumen Field	Seattle	47.627415	-122.32291	GMT-7	10.0	19.5	49.93333333333333	17.84666666666666		0
6	19	18	Lumen Field	Seattle	47.627415	-122.32291	GMT-7	10.0	19.13333333333333	51.733333333333334	17.3		1
6	19	19	Lumen Field	Seattle	47.627415	-122.32291	GMT-7	10.0	18.473333333333333	55.6	16.633333333333336		2
6	19	20	Lumen Field	Seattle	47.627415	-122.32291	GMT-7	10.0	17.499999999999996	60.733333333333334	15.766666666666667		3
6	19	21	Lumen Field	Seattle	47.627415	-122.32291	GMT-7	10.0	16.39333333333333	66.0	14.74		4
6	19	22	Lumen Field	Seattle	47.627415	-122.32291	GMT-7	10.0	15.473333333333333	69.4	13.706666666666667		5
6	19	23	Lumen Field	Seattle	47.627415	-122.32291	GMT-7	10.0	14.1	74.06666666666666	12.3		6
6	20	0	Lumen Field	Seattle	47.627415	-122.32291	GMT-7	10.0	14.253333333333332	74.8	12.713333333333336		7
6	20	15	Lumen Field	Seattle	47.627415	-122.32291	GMT-7	10.0	19.313333333333333	56.733333333333334	18.273333333333333		22
6	20	16	Lumen Field	Seattle	47.627415	-122.32291	GMT-7	10.0	19.466666666666665	56.266666666666666	18.19333333333333		23
6	20	17	Lumen Field	Seattle	47.627415	-122.32291	GMT-7	10.0	19.21333333333333	57.8	17.706666666666667		0
6	20	18	Lumen Field	Seattle	47.627415	-122.32291	GMT-7	10.0	18.813333333333333	60.2	17.30666666666667		1
6	20	19	Lumen Field	Seattle	47.627415	-122.32291	GMT-7	10.0	18.226666666666667	61.93333333333333	16.786666666666665		2
6	20	20	Lumen Field	Seattle	47.627415	-122.32291	GMT-7	10.0	17.526666666666664	63.6	16.186666666666664		3
6	20	21	Lumen Field	Seattle	47.627415	-122.32291	GMT-7	10.0	16.633333333333333	66.2	15.319999999999999		4
6	20	22	Lumen Field	Seattle	47.627415	-122.32291	GMT-7	10.0	15.713333333333333	69.73333333333333	14.393333333333336		5
6	20	23	Lumen Field	Seattle	47.627415	-122.32291	GMT-7	10.0	14.893333333333333	72.46666666666667	13.446666666666667		6
6	21	0	Lumen Field	Seattle	47.627415	-122.32291	GMT-7	10.0	14.519999999999998	76.93333333333334	13.306666666666665		7
6	21	15	Lumen Field	Seattle	47.627415	-122.32291	GMT-7	10.0	21.826666666666664	55.266666666666666	22.320000000000004		22
6	21	16	Lumen Field	Seattle	47.627415	-122.32291	GMT-7	10.0	22.279999999999998	53.666666666666664	22.339999999999996		23
6	21	17	Lumen Field	Seattle	47.627415	-122.32291	GMT-7	10.0	22.28666666666667	53.2	21.76		0
6	21	18	Lumen Field	Seattle	47.627415	-122.32291	GMT-7	10.0	21.959999999999997	54.266666666666666	21.10666666666667		1
6	21	19	Lumen Field	Seattle	47.627415	-122.32291	GMT-7	10.0	21.12666666666667	57.0	20.093333333333337		2
6	21	20	Lumen Field	Seattle	47.627415	-122.32291	GMT-7	10.0	19.813333333333333	61.0	18.653333333333332		3
6	21	21	Lumen Field	Seattle	47.627415	-122.32291	GMT-7	10.0	18.273333333333333	66.0	16.96		4
6	21	22	Lumen Field	Seattle	47.627415	-122.32291	GMT-7	10.0	16.89333333333333	70.93333333333334	15.679999999999998		5
6	21	23	Lumen Field	Seattle	47.627415	-122.32291	GMT-7	10.0	15.666666666666664	74.46666666666667	14.513333333333332		6
6	22	0	Lumen Field	Seattle	47.627415	-122.32291	GMT-7	10.0	15.04	80.06666666666666	14.526666666666666		7
6	22	15	Lumen Field	Seattle	47.627415	-122.32291	GMT-7	10.0	20.899999999999995	55.53333333333333	21.12666666666667		22
6	22	16	Lumen Field	Seattle	47.627415	-122.32291	GMT-7	10.0	21.253333333333334	55.53333333333333	21.43333333333333		23
6	22	17	Lumen Field	Seattle	47.627415	-122.32291	GMT-7	10.0	21.46	56.666666666666664	21.246666666666666		0
6	22	18	Lumen Field	Seattle	47.627415	-122.32291	GMT-7	10.0	21.15333333333334	59.46666666666667	20.59333333333333		1
6	22	19	Lumen Field	Seattle	47.627415	-122.32291	GMT-7	10.0	20.393333333333334	62.666666666666664	19.533333333333328		2
6	22	20	Lumen Field	Seattle	47.627415	-122.32291	GMT-7	10.0	18.966666666666665	66.6	17.89333333333333		3
6	22	21	Lumen Field	Seattle	47.627415	-122.32291	GMT-7	10.0	17.519999999999996	70.46666666666667	16.366666666666664		4
6	22	22	Lumen Field	Seattle	47.627415	-122.32291	GMT-7	10.0	16.4	73.8	15.359999999999998		5
6	22	23	Lumen Field	Seattle	47.627415	-122.32291	GMT-7	10.0	15.62	77.33333333333333	14.893333333333334		6
6	23	0	Lumen Field	Seattle	47.627415	-122.32291	GMT-7	10.0	15.106666666666666	76.13333333333334	14.04		7
6	23	15	Lumen Field	Seattle	47.627415	-122.32291	GMT-7	10.0	21.166666666666668	51.2	21.580000000000002		22
6	23	16	Lumen Field	Seattle	47.627415	-122.32291	GMT-7	10.0	21.586666666666666	48.8	21.46666666666666		23
6	23	17	Lumen Field	Seattle	47.627415	-122.32291	GMT-7	10.0	21.54666666666667	48.6	20.84		0
6	23	18	Lumen Field	Seattle	47.627415	-122.32291	GMT-7	10.0	21.133333333333333	50.06666666666667	19.90666666666667		1
6	23	19	Lumen Field	Seattle	47.627415	-122.32291	GMT-7	10.0	20.36	53.93333333333333	19.033333333333335		2
6	23	20	Lumen Field	Seattle	47.627415	-122.32291	GMT-7	10.0	19.166666666666664	59.06666666666667	17.846666666666668		3
6	23	21	Lumen Field	Seattle	47.627415	-122.32291	GMT-7	10.0	17.75333333333333	65.26666666666667	16.586666666666666		4
6	23	22	Lumen Field	Seattle	47.627415	-122.32291	GMT-7	10.0	16.48	69.73333333333333	15.340000000000002		5
6	23	23	Lumen Field	Seattle	47.627415	-122.32291	GMT-7	10.0	15.68	73.73333333333333	14.693333333333333		6
6	24	0	Lumen Field	Seattle	47.627415	-122.32291	GMT-7	10.0	14.693333333333333	75.46666666666667	13.413333333333334		7
6	24	15	Lumen Field	Seattle	47.627415	-122.32291	GMT-7	10.0	21.913333333333338	50.06666666666667	21.733333333333338		22
6	24	16	Lumen Field	Seattle	47.627415	-122.32291	GMT-7	10.0	22.3	48.666666666666664	21.466666666666665		23
6	24	17	Lumen Field	Seattle	47.627415	-122.32291	GMT-7	10.0	22.293333333333333	48.46666666666667	20.933333333333334		0
6	24	18	Lumen Field	Seattle	47.627415	-122.32291	GMT-7	10.0	21.846666666666668	50.0	20.240000000000006		1
6	24	19	Lumen Field	Seattle	47.627415	-122.32291	GMT-7	10.0	20.88	53.06666666666667	19.133333333333336		2
6	24	20	Lumen Field	Seattle	47.627415	-122.32291	GMT-7	10.0	19.46666666666666	57.666666666666664	17.626666666666665		3
6	24	21	Lumen Field	Seattle	47.627415	-122.32291	GMT-7	10.0	17.89333333333333	62.8	15.993333333333334		4
6	24	22	Lumen Field	Seattle	47.627415	-122.32291	GMT-7	10.0	16.546666666666667	67.66666666666667	14.806666666666667		5
6	24	23	Lumen Field	Seattle	47.627415	-122.32291	GMT-7	10.0	15.493333333333334	71.86666666666666	13.966666666666667		6
6	25	0	Lumen Field	Seattle	47.627415	-122.32291	GMT-7	10.0	15.819999999999999	72.2	14.82		7
6	25	15	Lumen Field	Seattle	47.627415	-122.32291	GMT-7	10.0	23.533333333333335	51.46666666666667	23.29333333333334		22
6	25	16	Lumen Field	Seattle	47.627415	-122.32291	GMT-7	10.0	23.95333333333333	49.86666666666667	23.31333333333334		23
6	25	17	Lumen Field	Seattle	47.627415	-122.32291	GMT-7	10.0	24.073333333333334	49.0	22.980000000000004		0
6	25	18	Lumen Field	Seattle	47.627415	-122.32291	GMT-7	10.0	23.873333333333335	49.13333333333333	22.53333333333334		1
6	25	19	Lumen Field	Seattle	47.627415	-122.32291	GMT-7	10.0	23.080000000000002	50.733333333333334	21.620000000000005		2
6	25	20	Lumen Field	Seattle	47.627415	-122.32291	GMT-7	10.0	21.753333333333337	54.333333333333336	20.413333333333334		3
6	25	21	Lumen Field	Seattle	47.627415	-122.32291	GMT-7	10.0	20.16	58.733333333333334	19.02		4
6	25	22	Lumen Field	Seattle	47.627415	-122.32291	GMT-7	10.0	18.633333333333333	63.46666666666667	17.706666666666667		5
6	25	23	Lumen Field	Seattle	47.627415	-122.32291	GMT-7	10.0	17.046666666666667	68.2	16.10666666666667		6
6	26	0	Lumen Field	Seattle	47.627415	-122.32291	GMT-7	10.0	16.62	73.0	16.033333333333335		7
6	26	15	Lumen Field	Seattle	47.627415	-122.32291	GMT-7	10.0	24.306666666666672	51.53333333333333	24.053333333333335		22
6	26	16	Lumen Field	Seattle	47.627415	-122.32291	GMT-7	10.0	24.453333333333337	51.13333333333333	23.9		23
6	26	17	Lumen Field	Seattle	47.627415	-122.32291	GMT-7	10.0	24.026666666666667	53.86666666666667	23.346666666666668		0
6	26	18	Lumen Field	Seattle	47.627415	-122.32291	GMT-7	10.0	23.220000000000002	58.0	22.553333333333335		1
6	26	19	Lumen Field	Seattle	47.627415	-122.32291	GMT-7	10.0	22.13333333333333	62.53333333333333	21.579999999999995		2
6	26	20	Lumen Field	Seattle	47.627415	-122.32291	GMT-7	10.0	20.98	65.26666666666667	20.326666666666664		3
6	26	21	Lumen Field	Seattle	47.627415	-122.32291	GMT-7	10.0	19.759999999999998	67.73333333333333	19.0		4
6	26	22	Lumen Field	Seattle	47.627415	-122.32291	GMT-7	10.0	18.57333333333333	70.46666666666667	17.846666666666668		5
6	26	23	Lumen Field	Seattle	47.627415	-122.32291	GMT-7	10.0	17.519999999999996	71.73333333333333	16.853333333333335		6
6	27	0	Lumen Field	Seattle	47.627415	-122.32291	GMT-7	10.0	17.060000000000002	75.93333333333334	16.493333333333332		7
6	27	15	Lumen Field	Seattle	47.627415	-122.32291	GMT-7	10.0	24.279999999999994	55.8	25.086666666666662		22
6	27	16	Lumen Field	Seattle	47.627415	-122.32291	GMT-7	10.0	24.853333333333335	53.733333333333334	25.24		23
6	27	17	Lumen Field	Seattle	47.627415	-122.32291	GMT-7	10.0	24.713333333333335	54.4	24.833333333333332		0
6	27	18	Lumen Field	Seattle	47.627415	-122.32291	GMT-7	10.0	24.15333333333333	56.46666666666667	24.126666666666665		1
6	27	19	Lumen Field	Seattle	47.627415	-122.32291	GMT-7	10.0	23.240000000000002	58.4	23.026666666666667		2
6	27	20	Lumen Field	Seattle	47.627415	-122.32291	GMT-7	10.0	22.160000000000007	60.333333333333336	21.753333333333334		3
6	27	21	Lumen Field	Seattle	47.627415	-122.32291	GMT-7	10.0	20.740000000000002	63.86666666666667	20.206666666666667		4
6	27	22	Lumen Field	Seattle	47.627415	-122.32291	GMT-7	10.0	19.346666666666668	68.6	18.80666666666667		5
6	27	23	Lumen Field	Seattle	47.627415	-122.32291	GMT-7	10.0	18.053333333333335	72.73333333333333	17.553333333333338		6
6	11	12	Mercedes-Benz Stadium	Atlanta	33.778557	-84.402985	GMT-4	316.0	26.38	61.733333333333334	28.980000000000008		16
6	11	13	Mercedes-Benz Stadium	Atlanta	33.778557	-84.402985	GMT-4	316.0	27.333333333333332	58.46666666666667	30.300000000000008		17
6	11	14	Mercedes-Benz Stadium	Atlanta	33.778557	-84.402985	GMT-4	316.0	28.033333333333335	55.93333333333333	31.03333333333334		18
6	11	15	Mercedes-Benz Stadium	Atlanta	33.778557	-84.402985	GMT-4	316.0	28.54	53.733333333333334	31.3		19
6	11	16	Mercedes-Benz Stadium	Atlanta	33.778557	-84.402985	GMT-4	316.0	28.346666666666668	54.53333333333333	30.55333333333333		20
6	11	17	Mercedes-Benz Stadium	Atlanta	33.778557	-84.402985	GMT-4	316.0	27.91333333333333	56.6	29.84666666666666		21
6	11	18	Mercedes-Benz Stadium	Atlanta	33.778557	-84.402985	GMT-4	316.0	27.3	59.266666666666666	28.93333333333333		22
6	11	19	Mercedes-Benz Stadium	Atlanta	33.778557	-84.402985	GMT-4	316.0	26.693333333333335	62.733333333333334	28.5		23
6	11	20	Mercedes-Benz Stadium	Atlanta	33.778557	-84.402985	GMT-4	316.0	25.686666666666667	67.4	27.493333333333336		0
6	11	21	Mercedes-Benz Stadium	Atlanta	33.778557	-84.402985	GMT-4	316.0	24.46666666666666	72.73333333333333	26.31333333333333		1
6	11	22	Mercedes-Benz Stadium	Atlanta	33.778557	-84.402985	GMT-4	316.0	23.353333333333335	76.53333333333333	25.019999999999996		2
6	12	12	Mercedes-Benz Stadium	Atlanta	33.778557	-84.402985	GMT-4	316.0	27.473333333333336	64.46666666666667	30.56		16
6	12	13	Mercedes-Benz Stadium	Atlanta	33.778557	-84.402985	GMT-4	316.0	28.146666666666665	61.13333333333333	31.113333333333333		17
6	12	14	Mercedes-Benz Stadium	Atlanta	33.778557	-84.402985	GMT-4	316.0	28.580000000000002	58.733333333333334	31.233333333333334		18
6	12	15	Mercedes-Benz Stadium	Atlanta	33.778557	-84.402985	GMT-4	316.0	28.833333333333336	57.2	31.233333333333334		19
6	12	16	Mercedes-Benz Stadium	Atlanta	33.778557	-84.402985	GMT-4	316.0	29.313333333333336	54.8	31.473333333333333		20
6	12	17	Mercedes-Benz Stadium	Atlanta	33.778557	-84.402985	GMT-4	316.0	29.426666666666666	53.733333333333334	31.393333333333334		21
6	12	18	Mercedes-Benz Stadium	Atlanta	33.778557	-84.402985	GMT-4	316.0	29.15333333333333	54.06666666666667	30.92		22
6	12	19	Mercedes-Benz Stadium	Atlanta	33.778557	-84.402985	GMT-4	316.0	28.12666666666667	58.733333333333334	30.00666666666667		23
6	12	20	Mercedes-Benz Stadium	Atlanta	33.778557	-84.402985	GMT-4	316.0	26.72666666666667	64.66666666666667	28.900000000000002		0
6	12	21	Mercedes-Benz Stadium	Atlanta	33.778557	-84.402985	GMT-4	316.0	25.186666666666664	71.53333333333333	27.566666666666666		1
6	12	22	Mercedes-Benz Stadium	Atlanta	33.778557	-84.402985	GMT-4	316.0	24.119999999999997	74.93333333333334	26.459999999999997		2
6	13	12	Mercedes-Benz Stadium	Atlanta	33.778557	-84.402985	GMT-4	316.0	26.959999999999997	63.6	29.79333333333333		16
6	13	13	Mercedes-Benz Stadium	Atlanta	33.778557	-84.402985	GMT-4	316.0	28.153333333333332	59.06666666666667	31.27333333333333		17
6	13	14	Mercedes-Benz Stadium	Atlanta	33.778557	-84.402985	GMT-4	316.0	29.046666666666667	55.46666666666667	31.979999999999997		18
6	13	15	Mercedes-Benz Stadium	Atlanta	33.778557	-84.402985	GMT-4	316.0	29.633333333333326	53.266666666666666	32.306666666666665		19
6	13	16	Mercedes-Benz Stadium	Atlanta	33.778557	-84.402985	GMT-4	316.0	29.74666666666666	52.733333333333334	31.993333333333332		20
6	13	17	Mercedes-Benz Stadium	Atlanta	33.778557	-84.402985	GMT-4	316.0	29.59333333333333	53.666666666666664	31.71333333333333		21
6	13	18	Mercedes-Benz Stadium	Atlanta	33.778557	-84.402985	GMT-4	316.0	29.0	56.333333333333336	31.006666666666668		22
6	13	19	Mercedes-Benz Stadium	Atlanta	33.778557	-84.402985	GMT-4	316.0	27.92666666666667	62.0	30.26666666666667		23
6	13	20	Mercedes-Benz Stadium	Atlanta	33.778557	-84.402985	GMT-4	316.0	26.313333333333333	69.6	28.9		0
6	13	21	Mercedes-Benz Stadium	Atlanta	33.778557	-84.402985	GMT-4	316.0	24.826666666666664	76.6	27.66		1
6	13	22	Mercedes-Benz Stadium	Atlanta	33.778557	-84.402985	GMT-4	316.0	23.806666666666665	80.6	26.58		2
6	14	12	Mercedes-Benz Stadium	Atlanta	33.778557	-84.402985	GMT-4	316.0	27.813333333333333	67.6	31.45333333333333		16
6	14	13	Mercedes-Benz Stadium	Atlanta	33.778557	-84.402985	GMT-4	316.0	28.74666666666667	63.53333333333333	32.39333333333333		17
6	14	14	Mercedes-Benz Stadium	Atlanta	33.778557	-84.402985	GMT-4	316.0	29.16	61.53333333333333	32.51333333333333		18
6	14	15	Mercedes-Benz Stadium	Atlanta	33.778557	-84.402985	GMT-4	316.0	29.240000000000002	60.8	32.16		19
6	14	16	Mercedes-Benz Stadium	Atlanta	33.778557	-84.402985	GMT-4	316.0	29.006666666666668	60.86666666666667	31.319999999999997		20
6	14	17	Mercedes-Benz Stadium	Atlanta	33.778557	-84.402985	GMT-4	316.0	29.02	60.2	30.92666666666667		21
6	14	18	Mercedes-Benz Stadium	Atlanta	33.778557	-84.402985	GMT-4	316.0	28.946666666666665	60.0	30.833333333333332		22
6	14	19	Mercedes-Benz Stadium	Atlanta	33.778557	-84.402985	GMT-4	316.0	28.4	62.733333333333334	30.593333333333337		23
6	14	20	Mercedes-Benz Stadium	Atlanta	33.778557	-84.402985	GMT-4	316.0	27.059999999999995	68.93333333333334	29.693333333333328		0
6	14	21	Mercedes-Benz Stadium	Atlanta	33.778557	-84.402985	GMT-4	316.0	25.533333333333328	76.6	28.55333333333333		1
6	14	22	Mercedes-Benz Stadium	Atlanta	33.778557	-84.402985	GMT-4	316.0	24.34	82.66666666666667	27.486666666666665		2
6	15	12	Mercedes-Benz Stadium	Atlanta	33.778557	-84.402985	GMT-4	316.0	29.46	57.13333333333333	32.77333333333334		16
6	15	13	Mercedes-Benz Stadium	Atlanta	33.778557	-84.402985	GMT-4	316.0	30.54666666666667	52.53333333333333	34.220000000000006		17
6	15	14	Mercedes-Benz Stadium	Atlanta	33.778557	-84.402985	GMT-4	316.0	31.193333333333335	49.6	34.79333333333334		18
6	15	15	Mercedes-Benz Stadium	Atlanta	33.778557	-84.402985	GMT-4	316.0	31.466666666666665	47.93333333333333	34.5		19
6	15	16	Mercedes-Benz Stadium	Atlanta	33.778557	-84.402985	GMT-4	316.0	31.21333333333333	47.86666666666667	33.4		20
6	15	17	Mercedes-Benz Stadium	Atlanta	33.778557	-84.402985	GMT-4	316.0	29.94	52.266666666666666	31.493333333333332		21
6	15	18	Mercedes-Benz Stadium	Atlanta	33.778557	-84.402985	GMT-4	316.0	28.62	57.2	30.106666666666673		22
6	15	19	Mercedes-Benz Stadium	Atlanta	33.778557	-84.402985	GMT-4	316.0	27.293333333333333	62.53333333333333	29.16		23
6	15	20	Mercedes-Benz Stadium	Atlanta	33.778557	-84.402985	GMT-4	316.0	26.486666666666668	66.2	28.853333333333335		0
6	15	21	Mercedes-Benz Stadium	Atlanta	33.778557	-84.402985	GMT-4	316.0	25.333333333333336	71.06666666666666	27.85333333333333		1
6	15	22	Mercedes-Benz Stadium	Atlanta	33.778557	-84.402985	GMT-4	316.0	24.3	75.93333333333334	26.95333333333333		2
6	16	12	Mercedes-Benz Stadium	Atlanta	33.778557	-84.402985	GMT-4	316.0	29.166666666666668	54.53333333333333	32.266666666666666		16
6	16	13	Mercedes-Benz Stadium	Atlanta	33.778557	-84.402985	GMT-4	316.0	30.066666666666666	50.733333333333334	33.35333333333333		17
6	16	14	Mercedes-Benz Stadium	Atlanta	33.778557	-84.402985	GMT-4	316.0	30.706666666666667	47.46666666666667	33.766666666666666		18
6	16	15	Mercedes-Benz Stadium	Atlanta	33.778557	-84.402985	GMT-4	316.0	31.2	44.8	33.85333333333333		19
6	16	16	Mercedes-Benz Stadium	Atlanta	33.778557	-84.402985	GMT-4	316.0	31.44	43.2	33.64666666666667		20
6	16	17	Mercedes-Benz Stadium	Atlanta	33.778557	-84.402985	GMT-4	316.0	31.53333333333334	42.2	33.18		21
6	16	18	Mercedes-Benz Stadium	Atlanta	33.778557	-84.402985	GMT-4	316.0	31.17333333333334	42.93333333333333	32.260000000000005		22
6	16	19	Mercedes-Benz Stadium	Atlanta	33.778557	-84.402985	GMT-4	316.0	29.87333333333334	48.13333333333333	30.859999999999996		23
6	16	20	Mercedes-Benz Stadium	Atlanta	33.778557	-84.402985	GMT-4	316.0	28.220000000000002	55.06666666666667	29.519999999999996		0
6	16	21	Mercedes-Benz Stadium	Atlanta	33.778557	-84.402985	GMT-4	316.0	26.45333333333333	62.2	27.89333333333333		1
6	16	22	Mercedes-Benz Stadium	Atlanta	33.778557	-84.402985	GMT-4	316.0	25.30666666666667	65.8	26.573333333333334		2
6	17	12	Mercedes-Benz Stadium	Atlanta	33.778557	-84.402985	GMT-4	316.0	29.326666666666664	53.53333333333333	32.406666666666666		16
6	17	13	Mercedes-Benz Stadium	Atlanta	33.778557	-84.402985	GMT-4	316.0	30.506666666666664	47.333333333333336	33.54		17
6	17	14	Mercedes-Benz Stadium	Atlanta	33.778557	-84.402985	GMT-4	316.0	31.31333333333333	43.4	34.040000000000006		18
6	17	15	Mercedes-Benz Stadium	Atlanta	33.778557	-84.402985	GMT-4	316.0	31.493333333333332	42.86666666666667	33.933333333333344		19
6	17	16	Mercedes-Benz Stadium	Atlanta	33.778557	-84.402985	GMT-4	316.0	31.513333333333332	42.8	33.540000000000006		20
6	17	17	Mercedes-Benz Stadium	Atlanta	33.778557	-84.402985	GMT-4	316.0	31.24666666666667	43.4	32.76666666666667		21
6	17	18	Mercedes-Benz Stadium	Atlanta	33.778557	-84.402985	GMT-4	316.0	30.886666666666667	44.333333333333336	31.959999999999997		22
6	17	19	Mercedes-Benz Stadium	Atlanta	33.778557	-84.402985	GMT-4	316.0	29.913333333333334	48.06666666666667	30.980000000000004		23
6	17	20	Mercedes-Benz Stadium	Atlanta	33.778557	-84.402985	GMT-4	316.0	28.273333333333333	54.266666666666666	29.553333333333335		0
6	17	21	Mercedes-Benz Stadium	Atlanta	33.778557	-84.402985	GMT-4	316.0	26.500000000000004	60.46666666666667	27.913333333333338		1
6	17	22	Mercedes-Benz Stadium	Atlanta	33.778557	-84.402985	GMT-4	316.0	25.013333333333335	65.33333333333333	26.326666666666664		2
6	18	12	Mercedes-Benz Stadium	Atlanta	33.778557	-84.402985	GMT-4	316.0	29.153333333333332	50.93333333333333	31.093333333333337		16
6	18	13	Mercedes-Benz Stadium	Atlanta	33.778557	-84.402985	GMT-4	316.0	30.24	46.333333333333336	32.019999999999996		17
6	18	14	Mercedes-Benz Stadium	Atlanta	33.778557	-84.402985	GMT-4	316.0	30.986666666666665	43.13333333333333	32.406666666666666		18
6	18	15	Mercedes-Benz Stadium	Atlanta	33.778557	-84.402985	GMT-4	316.0	31.506666666666664	40.333333333333336	32.473333333333336		19
6	18	16	Mercedes-Benz Stadium	Atlanta	33.778557	-84.402985	GMT-4	316.0	31.426666666666666	39.6	31.78666666666667		20
6	18	17	Mercedes-Benz Stadium	Atlanta	33.778557	-84.402985	GMT-4	316.0	31.173333333333332	39.733333333333334	31.08		21
6	18	18	Mercedes-Benz Stadium	Atlanta	33.778557	-84.402985	GMT-4	316.0	30.659999999999993	41.0	30.313333333333333		22
6	18	19	Mercedes-Benz Stadium	Atlanta	33.778557	-84.402985	GMT-4	316.0	29.74	44.8	29.733333333333334		23
6	18	20	Mercedes-Benz Stadium	Atlanta	33.778557	-84.402985	GMT-4	316.0	28.026666666666664	52.13333333333333	28.553333333333335		0
6	18	21	Mercedes-Benz Stadium	Atlanta	33.778557	-84.402985	GMT-4	316.0	26.226666666666667	59.6	27.21333333333333		1
6	18	22	Mercedes-Benz Stadium	Atlanta	33.778557	-84.402985	GMT-4	316.0	24.953333333333333	64.2	26.006666666666668		2
6	19	12	Mercedes-Benz Stadium	Atlanta	33.778557	-84.402985	GMT-4	316.0	25.106666666666673	65.86666666666666	25.959999999999997		16
6	19	13	Mercedes-Benz Stadium	Atlanta	33.778557	-84.402985	GMT-4	316.0	25.87333333333333	64.33333333333333	27.233333333333334		17
6	19	14	Mercedes-Benz Stadium	Atlanta	33.778557	-84.402985	GMT-4	316.0	26.746666666666666	61.93333333333333	28.493333333333336		18
6	19	15	Mercedes-Benz Stadium	Atlanta	33.778557	-84.402985	GMT-4	316.0	27.199999999999996	61.0	28.973333333333336		19
6	19	16	Mercedes-Benz Stadium	Atlanta	33.778557	-84.402985	GMT-4	316.0	27.38	60.13333333333333	28.86		20
6	19	17	Mercedes-Benz Stadium	Atlanta	33.778557	-84.402985	GMT-4	316.0	27.366666666666667	59.733333333333334	28.373333333333335		21
6	19	18	Mercedes-Benz Stadium	Atlanta	33.778557	-84.402985	GMT-4	316.0	27.380000000000003	58.86666666666667	27.913333333333334		22
6	19	19	Mercedes-Benz Stadium	Atlanta	33.778557	-84.402985	GMT-4	316.0	26.71333333333333	61.46666666666667	27.22666666666667		23
6	19	20	Mercedes-Benz Stadium	Atlanta	33.778557	-84.402985	GMT-4	316.0	25.373333333333335	65.66666666666667	25.993333333333332		0
6	19	21	Mercedes-Benz Stadium	Atlanta	33.778557	-84.402985	GMT-4	316.0	23.98666666666667	69.93333333333334	24.74666666666667		1
6	19	22	Mercedes-Benz Stadium	Atlanta	33.778557	-84.402985	GMT-4	316.0	22.86666666666667	72.8	23.453333333333333		2
6	20	12	Mercedes-Benz Stadium	Atlanta	33.778557	-84.402985	GMT-4	316.0	26.679999999999996	64.4	29.7		16
6	20	13	Mercedes-Benz Stadium	Atlanta	33.778557	-84.402985	GMT-4	316.0	27.74	58.93333333333333	30.740000000000006		17
6	20	14	Mercedes-Benz Stadium	Atlanta	33.778557	-84.402985	GMT-4	316.0	28.28666666666667	56.46666666666667	31.040000000000006		18
6	20	15	Mercedes-Benz Stadium	Atlanta	33.778557	-84.402985	GMT-4	316.0	28.62	55.0	31.066666666666674		19
6	20	16	Mercedes-Benz Stadium	Atlanta	33.778557	-84.402985	GMT-4	316.0	28.826666666666664	53.6	30.90000000000001		20
6	20	17	Mercedes-Benz Stadium	Atlanta	33.778557	-84.402985	GMT-4	316.0	28.99333333333333	51.86666666666667	30.560000000000002		21
6	20	18	Mercedes-Benz Stadium	Atlanta	33.778557	-84.402985	GMT-4	316.0	28.85333333333333	51.666666666666664	30.07333333333333		22
6	20	19	Mercedes-Benz Stadium	Atlanta	33.778557	-84.402985	GMT-4	316.0	28.220000000000002	56.0	29.686666666666664		23
6	20	20	Mercedes-Benz Stadium	Atlanta	33.778557	-84.402985	GMT-4	316.0	27.013333333333332	62.13333333333333	28.773333333333333		0
6	20	21	Mercedes-Benz Stadium	Atlanta	33.778557	-84.402985	GMT-4	316.0	25.660000000000007	67.26666666666667	27.566666666666666		1
6	20	22	Mercedes-Benz Stadium	Atlanta	33.778557	-84.402985	GMT-4	316.0	24.38666666666667	69.66666666666667	26.02		2
6	21	12	Mercedes-Benz Stadium	Atlanta	33.778557	-84.402985	GMT-4	316.0	27.57333333333333	62.46666666666667	30.00666666666667		16
6	21	13	Mercedes-Benz Stadium	Atlanta	33.778557	-84.402985	GMT-4	316.0	28.293333333333333	59.666666666666664	30.913333333333345		17
6	21	14	Mercedes-Benz Stadium	Atlanta	33.778557	-84.402985	GMT-4	316.0	29.040000000000003	57.06666666666667	31.820000000000004		18
6	21	15	Mercedes-Benz Stadium	Atlanta	33.778557	-84.402985	GMT-4	316.0	29.520000000000003	54.733333333333334	32.07333333333333		19
6	21	16	Mercedes-Benz Stadium	Atlanta	33.778557	-84.402985	GMT-4	316.0	29.76666666666667	53.266666666666666	31.806666666666665		20
6	21	17	Mercedes-Benz Stadium	Atlanta	33.778557	-84.402985	GMT-4	316.0	29.766666666666666	52.4	31.219999999999995		21
6	21	18	Mercedes-Benz Stadium	Atlanta	33.778557	-84.402985	GMT-4	316.0	29.426666666666666	53.733333333333334	30.55333333333333		22
6	21	19	Mercedes-Benz Stadium	Atlanta	33.778557	-84.402985	GMT-4	316.0	28.746666666666663	56.0	29.833333333333332		23
6	21	20	Mercedes-Benz Stadium	Atlanta	33.778557	-84.402985	GMT-4	316.0	27.366666666666667	60.13333333333333	28.493333333333336		0
6	21	21	Mercedes-Benz Stadium	Atlanta	33.778557	-84.402985	GMT-4	316.0	25.793333333333333	64.86666666666666	26.973333333333336		1
6	21	22	Mercedes-Benz Stadium	Atlanta	33.778557	-84.402985	GMT-4	316.0	24.36	69.33333333333333	25.486666666666668		2
6	22	12	Mercedes-Benz Stadium	Atlanta	33.778557	-84.402985	GMT-4	316.0	27.92666666666667	61.8	30.82		16
6	22	13	Mercedes-Benz Stadium	Atlanta	33.778557	-84.402985	GMT-4	316.0	29.14	56.0	32.14666666666667		17
6	22	14	Mercedes-Benz Stadium	Atlanta	33.778557	-84.402985	GMT-4	316.0	30.113333333333337	50.8	32.980000000000004		18
6	22	15	Mercedes-Benz Stadium	Atlanta	33.778557	-84.402985	GMT-4	316.0	30.84	47.0	33.28		19
6	22	16	Mercedes-Benz Stadium	Atlanta	33.778557	-84.402985	GMT-4	316.0	31.093333333333337	45.333333333333336	32.96		20
6	22	17	Mercedes-Benz Stadium	Atlanta	33.778557	-84.402985	GMT-4	316.0	30.92666666666667	45.06666666666667	32.10666666666667		21
6	22	18	Mercedes-Benz Stadium	Atlanta	33.778557	-84.402985	GMT-4	316.0	30.44	46.733333333333334	31.35333333333334		22
6	22	19	Mercedes-Benz Stadium	Atlanta	33.778557	-84.402985	GMT-4	316.0	29.360000000000003	51.13333333333333	30.439999999999998		23
6	22	20	Mercedes-Benz Stadium	Atlanta	33.778557	-84.402985	GMT-4	316.0	27.913333333333334	57.0	29.386666666666663		0
6	22	21	Mercedes-Benz Stadium	Atlanta	33.778557	-84.402985	GMT-4	316.0	26.33333333333333	63.333333333333336	28.179999999999996		1
6	22	22	Mercedes-Benz Stadium	Atlanta	33.778557	-84.402985	GMT-4	316.0	25.09333333333333	67.93333333333334	27.073333333333334		2
6	23	12	Mercedes-Benz Stadium	Atlanta	33.778557	-84.402985	GMT-4	316.0	29.433333333333334	55.2	32.64		16
6	23	13	Mercedes-Benz Stadium	Atlanta	33.778557	-84.402985	GMT-4	316.0	30.38666666666667	50.86666666666667	33.67333333333333		17
6	23	14	Mercedes-Benz Stadium	Atlanta	33.778557	-84.402985	GMT-4	316.0	30.98666666666667	47.53333333333333	33.99333333333333		18
6	23	15	Mercedes-Benz Stadium	Atlanta	33.778557	-84.402985	GMT-4	316.0	31.43333333333333	44.86666666666667	34.08		19
6	23	16	Mercedes-Benz Stadium	Atlanta	33.778557	-84.402985	GMT-4	316.0	31.68	43.46666666666667	33.85333333333333		20
6	23	17	Mercedes-Benz Stadium	Atlanta	33.778557	-84.402985	GMT-4	316.0	31.626666666666665	43.13333333333333	33.266666666666666		21
6	23	18	Mercedes-Benz Stadium	Atlanta	33.778557	-84.402985	GMT-4	316.0	31.09333333333333	44.666666666666664	32.38666666666666		22
6	23	19	Mercedes-Benz Stadium	Atlanta	33.778557	-84.402985	GMT-4	316.0	30.1	50.0	31.566666666666666		23
6	23	20	Mercedes-Benz Stadium	Atlanta	33.778557	-84.402985	GMT-4	316.0	28.666666666666664	55.86666666666667	30.439999999999998		0
6	23	21	Mercedes-Benz Stadium	Atlanta	33.778557	-84.402985	GMT-4	316.0	27.20666666666666	61.46666666666667	29.11333333333333		1
6	23	22	Mercedes-Benz Stadium	Atlanta	33.778557	-84.402985	GMT-4	316.0	25.813333333333333	64.46666666666667	27.493333333333332		2
6	24	12	Mercedes-Benz Stadium	Atlanta	33.778557	-84.402985	GMT-4	316.0	29.240000000000002	56.46666666666667	31.406666666666663		16
6	24	13	Mercedes-Benz Stadium	Atlanta	33.778557	-84.402985	GMT-4	316.0	30.40666666666667	51.0	32.64		17
6	24	14	Mercedes-Benz Stadium	Atlanta	33.778557	-84.402985	GMT-4	316.0	31.09333333333333	48.06666666666667	33.32		18
6	24	15	Mercedes-Benz Stadium	Atlanta	33.778557	-84.402985	GMT-4	316.0	31.519999999999996	46.53333333333333	33.593333333333334		19
6	24	16	Mercedes-Benz Stadium	Atlanta	33.778557	-84.402985	GMT-4	316.0	31.706666666666663	45.4	33.346666666666664		20
6	24	17	Mercedes-Benz Stadium	Atlanta	33.778557	-84.402985	GMT-4	316.0	31.766666666666662	44.6	32.946666666666665		21
6	24	18	Mercedes-Benz Stadium	Atlanta	33.778557	-84.402985	GMT-4	316.0	31.4	44.733333333333334	32.20666666666666		22
6	24	19	Mercedes-Benz Stadium	Atlanta	33.778557	-84.402985	GMT-4	316.0	29.9	52.0	31.06666666666667		23
6	24	20	Mercedes-Benz Stadium	Atlanta	33.778557	-84.402985	GMT-4	316.0	28.24	59.266666666666666	29.893333333333334		0
6	24	21	Mercedes-Benz Stadium	Atlanta	33.778557	-84.402985	GMT-4	316.0	26.62666666666666	66.73333333333333	28.753333333333334		1
6	24	22	Mercedes-Benz Stadium	Atlanta	33.778557	-84.402985	GMT-4	316.0	25.806666666666665	68.33333333333333	27.886666666666663		2
6	25	12	Mercedes-Benz Stadium	Atlanta	33.778557	-84.402985	GMT-4	316.0	29.773333333333337	50.6	32.22666666666667		16
6	25	13	Mercedes-Benz Stadium	Atlanta	33.778557	-84.402985	GMT-4	316.0	31.06666666666667	44.86666666666667	33.79333333333333		17
6	25	14	Mercedes-Benz Stadium	Atlanta	33.778557	-84.402985	GMT-4	316.0	32.126666666666665	41.06666666666667	35.026666666666664		18
6	25	15	Mercedes-Benz Stadium	Atlanta	33.778557	-84.402985	GMT-4	316.0	32.42666666666667	40.06666666666667	35.04666666666667		19
6	25	16	Mercedes-Benz Stadium	Atlanta	33.778557	-84.402985	GMT-4	316.0	31.926666666666666	42.46666666666667	33.96		20
6	25	17	Mercedes-Benz Stadium	Atlanta	33.778557	-84.402985	GMT-4	316.0	31.38	44.53333333333333	32.85333333333334		21
6	25	18	Mercedes-Benz Stadium	Atlanta	33.778557	-84.402985	GMT-4	316.0	30.986666666666668	46.733333333333334	32.406666666666666		22
6	25	19	Mercedes-Benz Stadium	Atlanta	33.778557	-84.402985	GMT-4	316.0	30.073333333333334	51.46666666666667	31.80666666666667		23
6	25	20	Mercedes-Benz Stadium	Atlanta	33.778557	-84.402985	GMT-4	316.0	28.593333333333337	57.46666666666667	30.58		0
6	25	21	Mercedes-Benz Stadium	Atlanta	33.778557	-84.402985	GMT-4	316.0	26.82666666666667	64.26666666666667	29.066666666666666		1
6	25	22	Mercedes-Benz Stadium	Atlanta	33.778557	-84.402985	GMT-4	316.0	25.92	65.8	27.986666666666668		2
6	26	12	Mercedes-Benz Stadium	Atlanta	33.778557	-84.402985	GMT-4	316.0	29.21333333333333	56.333333333333336	32.07333333333334		16
6	26	13	Mercedes-Benz Stadium	Atlanta	33.778557	-84.402985	GMT-4	316.0	30.426666666666666	51.333333333333336	33.39333333333334		17
6	26	14	Mercedes-Benz Stadium	Atlanta	33.778557	-84.402985	GMT-4	316.0	31.48	46.86666666666667	34.513333333333335		18
6	26	15	Mercedes-Benz Stadium	Atlanta	33.778557	-84.402985	GMT-4	316.0	32.26	43.46666666666667	35.086666666666666		19
6	26	16	Mercedes-Benz Stadium	Atlanta	33.778557	-84.402985	GMT-4	316.0	32.36666666666667	42.93333333333333	34.63333333333333		20
6	26	17	Mercedes-Benz Stadium	Atlanta	33.778557	-84.402985	GMT-4	316.0	31.76666666666667	45.666666666666664	33.413333333333334		21
6	26	18	Mercedes-Benz Stadium	Atlanta	33.778557	-84.402985	GMT-4	316.0	30.713333333333335	50.13333333333333	32.02666666666667		22
6	26	19	Mercedes-Benz Stadium	Atlanta	33.778557	-84.402985	GMT-4	316.0	29.513333333333335	56.2	31.266666666666666		23
6	26	20	Mercedes-Benz Stadium	Atlanta	33.778557	-84.402985	GMT-4	316.0	28.040000000000003	63.06666666666667	30.113333333333333		0
6	26	21	Mercedes-Benz Stadium	Atlanta	33.778557	-84.402985	GMT-4	316.0	26.23333333333333	71.73333333333333	28.566666666666666		1
6	26	22	Mercedes-Benz Stadium	Atlanta	33.778557	-84.402985	GMT-4	316.0	24.69333333333333	78.86666666666666	27.253333333333334		2
6	27	12	Mercedes-Benz Stadium	Atlanta	33.778557	-84.402985	GMT-4	316.0	27.680000000000003	66.06666666666666	31.393333333333338		16
6	27	13	Mercedes-Benz Stadium	Atlanta	33.778557	-84.402985	GMT-4	316.0	28.433333333333337	62.8	32.37333333333334		17
6	27	14	Mercedes-Benz Stadium	Atlanta	33.778557	-84.402985	GMT-4	316.0	29.226666666666667	59.333333333333336	33.333333333333336		18
6	27	15	Mercedes-Benz Stadium	Atlanta	33.778557	-84.402985	GMT-4	316.0	30.026666666666664	55.93333333333333	34.026666666666664		19
6	27	16	Mercedes-Benz Stadium	Atlanta	33.778557	-84.402985	GMT-4	316.0	29.8	56.8	33.13333333333333		20
6	27	17	Mercedes-Benz Stadium	Atlanta	33.778557	-84.402985	GMT-4	316.0	29.10666666666667	59.666666666666664	31.779999999999998		21
6	27	18	Mercedes-Benz Stadium	Atlanta	33.778557	-84.402985	GMT-4	316.0	27.96	64.53333333333333	30.399999999999995		22
6	27	19	Mercedes-Benz Stadium	Atlanta	33.778557	-84.402985	GMT-4	316.0	27.13333333333333	68.2	29.9		23
6	27	20	Mercedes-Benz Stadium	Atlanta	33.778557	-84.402985	GMT-4	316.0	26.066666666666663	72.93333333333334	29.146666666666665		0
6	27	21	Mercedes-Benz Stadium	Atlanta	33.778557	-84.402985	GMT-4	316.0	25.013333333333332	77.8	28.18666666666667		1
6	27	22	Mercedes-Benz Stadium	Atlanta	33.778557	-84.402985	GMT-4	316.0	24.053333333333335	82.33333333333333	27.253333333333334		2
6	11	12	Hard Rock Stadium	Miami Gardens	25.975393	-80.2623	GMT-4	5.0	28.766666666666666	71.66666666666667	33.4		16
6	11	13	Hard Rock Stadium	Miami Gardens	25.975393	-80.2623	GMT-4	5.0	29.12	70.2	33.973333333333336		17
6	11	14	Hard Rock Stadium	Miami Gardens	25.975393	-80.2623	GMT-4	5.0	29.086666666666662	70.33333333333333	33.720000000000006		18
6	11	15	Hard Rock Stadium	Miami Gardens	25.975393	-80.2623	GMT-4	5.0	28.88	71.26666666666667	33.233333333333334		19
6	11	16	Hard Rock Stadium	Miami Gardens	25.975393	-80.2623	GMT-4	5.0	28.813333333333333	71.53333333333333	32.92		20
6	11	17	Hard Rock Stadium	Miami Gardens	25.975393	-80.2623	GMT-4	5.0	28.753333333333334	71.6	32.74666666666666		21
6	11	18	Hard Rock Stadium	Miami Gardens	25.975393	-80.2623	GMT-4	5.0	28.439999999999998	73.0	32.38666666666667		22
6	11	19	Hard Rock Stadium	Miami Gardens	25.975393	-80.2623	GMT-4	5.0	27.839999999999996	76.4	31.986666666666668		23
6	11	20	Hard Rock Stadium	Miami Gardens	25.975393	-80.2623	GMT-4	5.0	27.060000000000002	81.13333333333334	31.44666666666667		0
6	11	21	Hard Rock Stadium	Miami Gardens	25.975393	-80.2623	GMT-4	5.0	26.193333333333335	85.06666666666666	30.65333333333334		1
6	11	22	Hard Rock Stadium	Miami Gardens	25.975393	-80.2623	GMT-4	5.0	25.433333333333334	87.33333333333333	29.700000000000003		2
6	12	12	Hard Rock Stadium	Miami Gardens	25.975393	-80.2623	GMT-4	5.0	29.14666666666667	71.73333333333333	33.900000000000006		16
6	12	13	Hard Rock Stadium	Miami Gardens	25.975393	-80.2623	GMT-4	5.0	29.62	69.8	34.513333333333335		17
6	12	14	Hard Rock Stadium	Miami Gardens	25.975393	-80.2623	GMT-4	5.0	29.94	68.26666666666667	34.88666666666667		18
6	12	15	Hard Rock Stadium	Miami Gardens	25.975393	-80.2623	GMT-4	5.0	29.66	68.86666666666666	34.153333333333336		19
6	12	16	Hard Rock Stadium	Miami Gardens	25.975393	-80.2623	GMT-4	5.0	29.193333333333335	70.2	33.38		20
6	12	17	Hard Rock Stadium	Miami Gardens	25.975393	-80.2623	GMT-4	5.0	28.48	72.93333333333334	32.43333333333333		21
6	12	18	Hard Rock Stadium	Miami Gardens	25.975393	-80.2623	GMT-4	5.0	27.826666666666664	75.73333333333333	31.8		22
6	12	19	Hard Rock Stadium	Miami Gardens	25.975393	-80.2623	GMT-4	5.0	26.899999999999995	80.2	30.98		23
6	12	20	Hard Rock Stadium	Miami Gardens	25.975393	-80.2623	GMT-4	5.0	25.913333333333334	84.46666666666667	30.126666666666665		0
6	12	21	Hard Rock Stadium	Miami Gardens	25.975393	-80.2623	GMT-4	5.0	25.373333333333328	87.0	29.686666666666664		1
6	12	22	Hard Rock Stadium	Miami Gardens	25.975393	-80.2623	GMT-4	5.0	25.146666666666665	87.46666666666667	29.413333333333334		2
6	13	12	Hard Rock Stadium	Miami Gardens	25.975393	-80.2623	GMT-4	5.0	30.279999999999998	67.73333333333333	35.68666666666666		16
6	13	13	Hard Rock Stadium	Miami Gardens	25.975393	-80.2623	GMT-4	5.0	30.506666666666664	66.53333333333333	35.96000000000001		17
6	13	14	Hard Rock Stadium	Miami Gardens	25.975393	-80.2623	GMT-4	5.0	30.31333333333333	66.6	35.49333333333333		18
6	13	15	Hard Rock Stadium	Miami Gardens	25.975393	-80.2623	GMT-4	5.0	30.133333333333333	66.86666666666666	34.96		19
6	13	16	Hard Rock Stadium	Miami Gardens	25.975393	-80.2623	GMT-4	5.0	29.88	67.4	34.26		20
6	13	17	Hard Rock Stadium	Miami Gardens	25.975393	-80.2623	GMT-4	5.0	29.71333333333333	68.46666666666667	33.946666666666665		21
6	13	18	Hard Rock Stadium	Miami Gardens	25.975393	-80.2623	GMT-4	5.0	29.266666666666662	70.0	33.28666666666666		22
6	13	19	Hard Rock Stadium	Miami Gardens	25.975393	-80.2623	GMT-4	5.0	28.493333333333336	74.93333333333334	32.94		23
6	13	20	Hard Rock Stadium	Miami Gardens	25.975393	-80.2623	GMT-4	5.0	27.68	79.6	32.58		0
6	13	21	Hard Rock Stadium	Miami Gardens	25.975393	-80.2623	GMT-4	5.0	26.85333333333333	84.86666666666666	32.18		1
6	13	22	Hard Rock Stadium	Miami Gardens	25.975393	-80.2623	GMT-4	5.0	26.299999999999997	87.4	31.62		2
6	14	12	Hard Rock Stadium	Miami Gardens	25.975393	-80.2623	GMT-4	5.0	28.766666666666666	73.8	33.71333333333333		16
6	14	13	Hard Rock Stadium	Miami Gardens	25.975393	-80.2623	GMT-4	5.0	29.219999999999995	71.66666666666667	34.17999999999999		17
6	14	14	Hard Rock Stadium	Miami Gardens	25.975393	-80.2623	GMT-4	5.0	29.273333333333326	71.06666666666666	34.03333333333333		18
6	14	15	Hard Rock Stadium	Miami Gardens	25.975393	-80.2623	GMT-4	5.0	29.059999999999995	71.33333333333333	33.53333333333334		19
6	14	16	Hard Rock Stadium	Miami Gardens	25.975393	-80.2623	GMT-4	5.0	28.866666666666664	72.0	33.093333333333334		20
6	14	17	Hard Rock Stadium	Miami Gardens	25.975393	-80.2623	GMT-4	5.0	28.573333333333334	72.86666666666666	32.553333333333335		21
6	14	18	Hard Rock Stadium	Miami Gardens	25.975393	-80.2623	GMT-4	5.0	28.333333333333336	74.13333333333334	32.34666666666667		22
6	14	19	Hard Rock Stadium	Miami Gardens	25.975393	-80.2623	GMT-4	5.0	27.806666666666672	77.26666666666667	32.16666666666667		23
6	14	20	Hard Rock Stadium	Miami Gardens	25.975393	-80.2623	GMT-4	5.0	26.90666666666667	82.13333333333334	31.546666666666663		0
6	14	21	Hard Rock Stadium	Miami Gardens	25.975393	-80.2623	GMT-4	5.0	26.02	86.06666666666666	30.81333333333333		1
6	14	22	Hard Rock Stadium	Miami Gardens	25.975393	-80.2623	GMT-4	5.0	25.48666666666667	87.66666666666667	30.233333333333334		2
6	15	12	Hard Rock Stadium	Miami Gardens	25.975393	-80.2623	GMT-4	5.0	30.093333333333337	65.26666666666667	34.86		16
6	15	13	Hard Rock Stadium	Miami Gardens	25.975393	-80.2623	GMT-4	5.0	30.086666666666666	64.8	34.686666666666675		17
6	15	14	Hard Rock Stadium	Miami Gardens	25.975393	-80.2623	GMT-4	5.0	29.693333333333335	66.8	34.27333333333333		18
6	15	15	Hard Rock Stadium	Miami Gardens	25.975393	-80.2623	GMT-4	5.0	29.58	67.4	33.97333333333333		19
6	15	16	Hard Rock Stadium	Miami Gardens	25.975393	-80.2623	GMT-4	5.0	29.419999999999998	68.26666666666667	33.559999999999995		20
6	15	17	Hard Rock Stadium	Miami Gardens	25.975393	-80.2623	GMT-4	5.0	29.23333333333333	69.6	33.20666666666667		21
6	15	18	Hard Rock Stadium	Miami Gardens	25.975393	-80.2623	GMT-4	5.0	28.739999999999995	72.13333333333334	32.66		22
6	15	19	Hard Rock Stadium	Miami Gardens	25.975393	-80.2623	GMT-4	5.0	27.953333333333333	76.2	32.2		23
6	15	20	Hard Rock Stadium	Miami Gardens	25.975393	-80.2623	GMT-4	5.0	27.14666666666666	80.0	31.653333333333332		0
6	15	21	Hard Rock Stadium	Miami Gardens	25.975393	-80.2623	GMT-4	5.0	26.473333333333326	82.93333333333334	31.160000000000004		1
6	15	22	Hard Rock Stadium	Miami Gardens	25.975393	-80.2623	GMT-4	5.0	26.086666666666666	84.2	30.74666666666667		2
6	16	12	Hard Rock Stadium	Miami Gardens	25.975393	-80.2623	GMT-4	5.0	30.57333333333333	63.733333333333334	34.973333333333336		16
6	16	13	Hard Rock Stadium	Miami Gardens	25.975393	-80.2623	GMT-4	5.0	30.939999999999998	62.13333333333333	35.379999999999995		17
6	16	14	Hard Rock Stadium	Miami Gardens	25.975393	-80.2623	GMT-4	5.0	30.913333333333334	61.93333333333333	35.28666666666666		18
6	16	15	Hard Rock Stadium	Miami Gardens	25.975393	-80.2623	GMT-4	5.0	30.746666666666663	62.53333333333333	34.88		19
6	16	16	Hard Rock Stadium	Miami Gardens	25.975393	-80.2623	GMT-4	5.0	30.393333333333334	63.46666666666667	34.233333333333334		20
6	16	17	Hard Rock Stadium	Miami Gardens	25.975393	-80.2623	GMT-4	5.0	29.986666666666668	64.86666666666666	33.56666666666666		21
6	16	18	Hard Rock Stadium	Miami Gardens	25.975393	-80.2623	GMT-4	5.0	28.86	69.86666666666666	32.41333333333333		22
6	16	19	Hard Rock Stadium	Miami Gardens	25.975393	-80.2623	GMT-4	5.0	27.986666666666665	74.06666666666666	31.68		23
6	16	20	Hard Rock Stadium	Miami Gardens	25.975393	-80.2623	GMT-4	5.0	26.873333333333335	79.26666666666667	30.913333333333338		0
6	16	21	Hard Rock Stadium	Miami Gardens	25.975393	-80.2623	GMT-4	5.0	26.353333333333335	81.66666666666667	30.500000000000004		1
6	16	22	Hard Rock Stadium	Miami Gardens	25.975393	-80.2623	GMT-4	5.0	25.58	85.06666666666666	29.83333333333334		2
6	17	12	Hard Rock Stadium	Miami Gardens	25.975393	-80.2623	GMT-4	5.0	29.726666666666667	66.8	34.15333333333333		16
6	17	13	Hard Rock Stadium	Miami Gardens	25.975393	-80.2623	GMT-4	5.0	29.779999999999998	65.46666666666667	34.166666666666664		17
6	17	14	Hard Rock Stadium	Miami Gardens	25.975393	-80.2623	GMT-4	5.0	29.706666666666667	65.53333333333333	33.86000000000001		18
6	17	15	Hard Rock Stadium	Miami Gardens	25.975393	-80.2623	GMT-4	5.0	29.879999999999995	64.86666666666666	33.86666666666667		19
6	17	16	Hard Rock Stadium	Miami Gardens	25.975393	-80.2623	GMT-4	5.0	29.826666666666664	64.8	33.38666666666667		20
6	17	17	Hard Rock Stadium	Miami Gardens	25.975393	-80.2623	GMT-4	5.0	29.513333333333332	65.66666666666667	32.739999999999995		21
6	17	18	Hard Rock Stadium	Miami Gardens	25.975393	-80.2623	GMT-4	5.0	28.94	68.26666666666667	32.11333333333333		22
6	17	19	Hard Rock Stadium	Miami Gardens	25.975393	-80.2623	GMT-4	5.0	28.04	72.06666666666666	31.346666666666668		23
6	17	20	Hard Rock Stadium	Miami Gardens	25.975393	-80.2623	GMT-4	5.0	27.226666666666667	76.13333333333334	30.853333333333335		0
6	17	21	Hard Rock Stadium	Miami Gardens	25.975393	-80.2623	GMT-4	5.0	26.45333333333333	79.46666666666667	30.266666666666666		1
6	17	22	Hard Rock Stadium	Miami Gardens	25.975393	-80.2623	GMT-4	5.0	26.006666666666664	81.86666666666666	29.933333333333337		2
6	18	12	Hard Rock Stadium	Miami Gardens	25.975393	-80.2623	GMT-4	5.0	30.366666666666664	64.93333333333334	35.05333333333333		16
6	18	13	Hard Rock Stadium	Miami Gardens	25.975393	-80.2623	GMT-4	5.0	30.733333333333334	63.46666666666667	35.67333333333333		17
6	18	14	Hard Rock Stadium	Miami Gardens	25.975393	-80.2623	GMT-4	5.0	30.819999999999997	62.666666666666664	35.61333333333334		18
6	18	15	Hard Rock Stadium	Miami Gardens	25.975393	-80.2623	GMT-4	5.0	30.56	63.53333333333333	35.13333333333334		19
6	18	16	Hard Rock Stadium	Miami Gardens	25.975393	-80.2623	GMT-4	5.0	30.153333333333332	65.06666666666666	34.24		20
6	18	17	Hard Rock Stadium	Miami Gardens	25.975393	-80.2623	GMT-4	5.0	29.20666666666666	68.73333333333333	32.92		21
6	18	18	Hard Rock Stadium	Miami Gardens	25.975393	-80.2623	GMT-4	5.0	28.65333333333333	70.93333333333334	32.30666666666667		22
6	18	19	Hard Rock Stadium	Miami Gardens	25.975393	-80.2623	GMT-4	5.0	27.619999999999997	75.46666666666667	31.52		23
6	18	20	Hard Rock Stadium	Miami Gardens	25.975393	-80.2623	GMT-4	5.0	26.92	79.66666666666667	31.246666666666663		0
6	18	21	Hard Rock Stadium	Miami Gardens	25.975393	-80.2623	GMT-4	5.0	26.08666666666667	83.86666666666666	30.399999999999995		1
6	18	22	Hard Rock Stadium	Miami Gardens	25.975393	-80.2623	GMT-4	5.0	25.686666666666667	85.93333333333334	29.880000000000003		2
6	19	12	Hard Rock Stadium	Miami Gardens	25.975393	-80.2623	GMT-4	5.0	30.386666666666667	64.46666666666667	35.28		16
6	19	13	Hard Rock Stadium	Miami Gardens	25.975393	-80.2623	GMT-4	5.0	30.706666666666663	62.53333333333333	35.77333333333333		17
6	19	14	Hard Rock Stadium	Miami Gardens	25.975393	-80.2623	GMT-4	5.0	30.319999999999997	63.13333333333333	35.093333333333334		18
6	19	15	Hard Rock Stadium	Miami Gardens	25.975393	-80.2623	GMT-4	5.0	29.519999999999996	66.33333333333333	34.019999999999996		19
6	19	16	Hard Rock Stadium	Miami Gardens	25.975393	-80.2623	GMT-4	5.0	28.89333333333333	68.86666666666666	32.97333333333332		20
6	19	17	Hard Rock Stadium	Miami Gardens	25.975393	-80.2623	GMT-4	5.0	28.486666666666665	71.33333333333333	32.519999999999996		21
6	19	18	Hard Rock Stadium	Miami Gardens	25.975393	-80.2623	GMT-4	5.0	28.14666666666667	73.4	32.173333333333325		22
6	19	19	Hard Rock Stadium	Miami Gardens	25.975393	-80.2623	GMT-4	5.0	27.273333333333337	78.4	31.57333333333333		23
6	19	20	Hard Rock Stadium	Miami Gardens	25.975393	-80.2623	GMT-4	5.0	26.54666666666667	82.93333333333334	31.09333333333333		0
6	19	21	Hard Rock Stadium	Miami Gardens	25.975393	-80.2623	GMT-4	5.0	26.026666666666667	86.33333333333333	30.85333333333333		1
6	19	22	Hard Rock Stadium	Miami Gardens	25.975393	-80.2623	GMT-4	5.0	25.733333333333334	88.06666666666666	30.65333333333333		2
6	20	12	Hard Rock Stadium	Miami Gardens	25.975393	-80.2623	GMT-4	5.0	30.1	67.6	35.40666666666666		16
6	20	13	Hard Rock Stadium	Miami Gardens	25.975393	-80.2623	GMT-4	5.0	30.466666666666672	65.8	35.986666666666665		17
6	20	14	Hard Rock Stadium	Miami Gardens	25.975393	-80.2623	GMT-4	5.0	30.280000000000005	66.33333333333333	35.61333333333334		18
6	20	15	Hard Rock Stadium	Miami Gardens	25.975393	-80.2623	GMT-4	5.0	29.826666666666668	67.13333333333334	34.66666666666667		19
6	20	16	Hard Rock Stadium	Miami Gardens	25.975393	-80.2623	GMT-4	5.0	29.266666666666666	68.8	33.653333333333336		20
6	20	17	Hard Rock Stadium	Miami Gardens	25.975393	-80.2623	GMT-4	5.0	29.013333333333332	69.06666666666666	33.1		21
6	20	18	Hard Rock Stadium	Miami Gardens	25.975393	-80.2623	GMT-4	5.0	28.68	71.0	32.726666666666674		22
6	20	19	Hard Rock Stadium	Miami Gardens	25.975393	-80.2623	GMT-4	5.0	27.773333333333333	74.86666666666666	31.840000000000007		23
6	20	20	Hard Rock Stadium	Miami Gardens	25.975393	-80.2623	GMT-4	5.0	26.84666666666666	79.0	31.00666666666667		0
6	20	21	Hard Rock Stadium	Miami Gardens	25.975393	-80.2623	GMT-4	5.0	25.999999999999996	82.33333333333333	30.213333333333335		1
6	20	22	Hard Rock Stadium	Miami Gardens	25.975393	-80.2623	GMT-4	5.0	25.65333333333334	84.46666666666667	29.919999999999998		2
6	21	12	Hard Rock Stadium	Miami Gardens	25.975393	-80.2623	GMT-4	5.0	29.833333333333332	66.2	34.333333333333336		16
6	21	13	Hard Rock Stadium	Miami Gardens	25.975393	-80.2623	GMT-4	5.0	30.013333333333332	65.73333333333333	34.473333333333336		17
6	21	14	Hard Rock Stadium	Miami Gardens	25.975393	-80.2623	GMT-4	5.0	30.06	65.46666666666667	34.36		18
6	21	15	Hard Rock Stadium	Miami Gardens	25.975393	-80.2623	GMT-4	5.0	30.186666666666664	64.8	34.333333333333336		19
6	21	16	Hard Rock Stadium	Miami Gardens	25.975393	-80.2623	GMT-4	5.0	30.066666666666666	64.13333333333334	33.76		20
6	21	17	Hard Rock Stadium	Miami Gardens	25.975393	-80.2623	GMT-4	5.0	29.77333333333333	64.66666666666667	33.07333333333333		21
6	21	18	Hard Rock Stadium	Miami Gardens	25.975393	-80.2623	GMT-4	5.0	29.333333333333332	66.0	32.459999999999994		22
6	21	19	Hard Rock Stadium	Miami Gardens	25.975393	-80.2623	GMT-4	5.0	28.673333333333336	69.86666666666666	32.14666666666666		23
6	21	20	Hard Rock Stadium	Miami Gardens	25.975393	-80.2623	GMT-4	5.0	27.78666666666667	75.06666666666666	31.699999999999992		0
6	21	21	Hard Rock Stadium	Miami Gardens	25.975393	-80.2623	GMT-4	5.0	26.92	80.86666666666666	31.213333333333328		1
6	21	22	Hard Rock Stadium	Miami Gardens	25.975393	-80.2623	GMT-4	5.0	26.113333333333333	84.93333333333334	30.459999999999994		2
6	22	12	Hard Rock Stadium	Miami Gardens	25.975393	-80.2623	GMT-4	5.0	29.186666666666664	69.26666666666667	33.20666666666666		16
6	22	13	Hard Rock Stadium	Miami Gardens	25.975393	-80.2623	GMT-4	5.0	29.473333333333326	67.66666666666667	33.49999999999999		17
6	22	14	Hard Rock Stadium	Miami Gardens	25.975393	-80.2623	GMT-4	5.0	29.37333333333333	67.66666666666667	33.28666666666666		18
6	22	15	Hard Rock Stadium	Miami Gardens	25.975393	-80.2623	GMT-4	5.0	29.106666666666662	69.06666666666666	33.00000000000001		19
6	22	16	Hard Rock Stadium	Miami Gardens	25.975393	-80.2623	GMT-4	5.0	28.653333333333332	71.0	32.413333333333334		20
6	22	17	Hard Rock Stadium	Miami Gardens	25.975393	-80.2623	GMT-4	5.0	28.246666666666666	72.66666666666667	32.00666666666667		21
6	22	18	Hard Rock Stadium	Miami Gardens	25.975393	-80.2623	GMT-4	5.0	27.720000000000002	74.33333333333333	31.36		22
6	22	19	Hard Rock Stadium	Miami Gardens	25.975393	-80.2623	GMT-4	5.0	27.10666666666667	77.66666666666667	31.0		23
6	22	20	Hard Rock Stadium	Miami Gardens	25.975393	-80.2623	GMT-4	5.0	26.620000000000005	81.13333333333334	30.886666666666667		0
6	22	21	Hard Rock Stadium	Miami Gardens	25.975393	-80.2623	GMT-4	5.0	26.260000000000005	84.33333333333333	31.013333333333332		1
6	22	22	Hard Rock Stadium	Miami Gardens	25.975393	-80.2623	GMT-4	5.0	25.89333333333333	86.53333333333333	30.759999999999998		2
6	23	12	Hard Rock Stadium	Miami Gardens	25.975393	-80.2623	GMT-4	5.0	29.826666666666668	65.73333333333333	34.70666666666667		16
6	23	13	Hard Rock Stadium	Miami Gardens	25.975393	-80.2623	GMT-4	5.0	30.34666666666667	62.93333333333333	35.38666666666667		17
6	23	14	Hard Rock Stadium	Miami Gardens	25.975393	-80.2623	GMT-4	5.0	30.58	61.4	35.60666666666666		18
6	23	15	Hard Rock Stadium	Miami Gardens	25.975393	-80.2623	GMT-4	5.0	30.540000000000003	61.06666666666667	35.313333333333325		19
6	23	16	Hard Rock Stadium	Miami Gardens	25.975393	-80.2623	GMT-4	5.0	30.28666666666667	62.4	34.61333333333334		20
6	23	17	Hard Rock Stadium	Miami Gardens	25.975393	-80.2623	GMT-4	5.0	29.77333333333333	65.4	33.68666666666666		21
6	23	18	Hard Rock Stadium	Miami Gardens	25.975393	-80.2623	GMT-4	5.0	29.126666666666665	69.06666666666666	32.9		22
6	23	19	Hard Rock Stadium	Miami Gardens	25.975393	-80.2623	GMT-4	5.0	28.0	74.0	31.726666666666663		23
6	23	20	Hard Rock Stadium	Miami Gardens	25.975393	-80.2623	GMT-4	5.0	26.88	78.86666666666666	30.719999999999995		0
6	23	21	Hard Rock Stadium	Miami Gardens	25.975393	-80.2623	GMT-4	5.0	25.92666666666667	82.86666666666666	29.873333333333335		1
6	23	22	Hard Rock Stadium	Miami Gardens	25.975393	-80.2623	GMT-4	5.0	25.459999999999997	85.46666666666667	29.666666666666668		2
6	24	12	Hard Rock Stadium	Miami Gardens	25.975393	-80.2623	GMT-4	5.0	29.4	70.46666666666667	34.66666666666666		16
6	24	13	Hard Rock Stadium	Miami Gardens	25.975393	-80.2623	GMT-4	5.0	29.58	70.06666666666666	34.88666666666666		17
6	24	14	Hard Rock Stadium	Miami Gardens	25.975393	-80.2623	GMT-4	5.0	29.479999999999997	70.66666666666667	34.72666666666667		18
6	24	15	Hard Rock Stadium	Miami Gardens	25.975393	-80.2623	GMT-4	5.0	29.559999999999995	70.46666666666667	34.779999999999994		19
6	24	16	Hard Rock Stadium	Miami Gardens	25.975393	-80.2623	GMT-4	5.0	29.306666666666665	70.4	34.1		20
6	24	17	Hard Rock Stadium	Miami Gardens	25.975393	-80.2623	GMT-4	5.0	28.806666666666665	71.13333333333334	33.10666666666667		21
6	24	18	Hard Rock Stadium	Miami Gardens	25.975393	-80.2623	GMT-4	5.0	27.84	74.06666666666666	31.773333333333333		22
6	24	19	Hard Rock Stadium	Miami Gardens	25.975393	-80.2623	GMT-4	5.0	27.053333333333338	78.06666666666666	31.160000000000004		23
6	24	20	Hard Rock Stadium	Miami Gardens	25.975393	-80.2623	GMT-4	5.0	26.213333333333335	82.33333333333333	30.44666666666667		0
6	24	21	Hard Rock Stadium	Miami Gardens	25.975393	-80.2623	GMT-4	5.0	25.733333333333338	85.4	30.240000000000002		1
6	24	22	Hard Rock Stadium	Miami Gardens	25.975393	-80.2623	GMT-4	5.0	25.18666666666667	87.66666666666667	29.71333333333333		2
6	25	12	Hard Rock Stadium	Miami Gardens	25.975393	-80.2623	GMT-4	5.0	29.333333333333332	71.6	34.766666666666666		16
6	25	13	Hard Rock Stadium	Miami Gardens	25.975393	-80.2623	GMT-4	5.0	28.8	72.53333333333333	33.946666666666665		17
6	25	14	Hard Rock Stadium	Miami Gardens	25.975393	-80.2623	GMT-4	5.0	28.179999999999996	74.53333333333333	32.95333333333333		18
6	25	15	Hard Rock Stadium	Miami Gardens	25.975393	-80.2623	GMT-4	5.0	27.526666666666664	77.13333333333334	31.95333333333333		19
6	25	16	Hard Rock Stadium	Miami Gardens	25.975393	-80.2623	GMT-4	5.0	27.40666666666667	78.2	31.69333333333333		20
6	25	17	Hard Rock Stadium	Miami Gardens	25.975393	-80.2623	GMT-4	5.0	27.18	79.13333333333334	31.393333333333334		21
6	25	18	Hard Rock Stadium	Miami Gardens	25.975393	-80.2623	GMT-4	5.0	26.973333333333336	79.86666666666666	31.17333333333334		22
6	25	19	Hard Rock Stadium	Miami Gardens	25.975393	-80.2623	GMT-4	5.0	26.540000000000003	82.6	31.033333333333342		23
6	25	20	Hard Rock Stadium	Miami Gardens	25.975393	-80.2623	GMT-4	5.0	26.013333333333335	86.4	30.880000000000003		0
6	25	21	Hard Rock Stadium	Miami Gardens	25.975393	-80.2623	GMT-4	5.0	25.46	90.2	30.633333333333336		1
6	25	22	Hard Rock Stadium	Miami Gardens	25.975393	-80.2623	GMT-4	5.0	24.93333333333333	92.8	30.14		2
6	26	12	Hard Rock Stadium	Miami Gardens	25.975393	-80.2623	GMT-4	5.0	28.986666666666665	72.93333333333334	34.559999999999995		16
6	26	13	Hard Rock Stadium	Miami Gardens	25.975393	-80.2623	GMT-4	5.0	29.19333333333333	72.2	34.93333333333332		17
6	26	14	Hard Rock Stadium	Miami Gardens	25.975393	-80.2623	GMT-4	5.0	28.95333333333333	73.2	34.60666666666667		18
6	26	15	Hard Rock Stadium	Miami Gardens	25.975393	-80.2623	GMT-4	5.0	28.546666666666663	74.53333333333333	33.839999999999996		19
6	26	16	Hard Rock Stadium	Miami Gardens	25.975393	-80.2623	GMT-4	5.0	28.099999999999998	76.53333333333333	33.093333333333334		20
6	26	17	Hard Rock Stadium	Miami Gardens	25.975393	-80.2623	GMT-4	5.0	27.61333333333333	77.93333333333334	32.166666666666664		21
6	26	18	Hard Rock Stadium	Miami Gardens	25.975393	-80.2623	GMT-4	5.0	27.366666666666664	78.6	31.873333333333335		22
6	26	19	Hard Rock Stadium	Miami Gardens	25.975393	-80.2623	GMT-4	5.0	26.92	81.66666666666667	31.64666666666667		23
6	26	20	Hard Rock Stadium	Miami Gardens	25.975393	-80.2623	GMT-4	5.0	26.393333333333338	85.4	31.3		0
6	26	21	Hard Rock Stadium	Miami Gardens	25.975393	-80.2623	GMT-4	5.0	25.753333333333334	89.66666666666667	30.82		1
6	26	22	Hard Rock Stadium	Miami Gardens	25.975393	-80.2623	GMT-4	5.0	25.186666666666667	91.66666666666667	30.14		2
6	27	12	Hard Rock Stadium	Miami Gardens	25.975393	-80.2623	GMT-4	5.0	29.85333333333333	67.4	35.34		16
6	27	13	Hard Rock Stadium	Miami Gardens	25.975393	-80.2623	GMT-4	5.0	30.133333333333333	65.8	35.733333333333334		17
6	27	14	Hard Rock Stadium	Miami Gardens	25.975393	-80.2623	GMT-4	5.0	30.06	66.0	35.68666666666666		18
6	27	15	Hard Rock Stadium	Miami Gardens	25.975393	-80.2623	GMT-4	5.0	29.819999999999997	67.06666666666666	35.153333333333336		19
6	27	16	Hard Rock Stadium	Miami Gardens	25.975393	-80.2623	GMT-4	5.0	29.31333333333333	69.6	34.29333333333334		20
6	27	17	Hard Rock Stadium	Miami Gardens	25.975393	-80.2623	GMT-4	5.0	28.839999999999996	71.86666666666666	33.28666666666667		21
6	27	18	Hard Rock Stadium	Miami Gardens	25.975393	-80.2623	GMT-4	5.0	28.39333333333333	73.93333333333334	32.62666666666667		22
6	27	19	Hard Rock Stadium	Miami Gardens	25.975393	-80.2623	GMT-4	5.0	27.54666666666667	77.73333333333333	31.81333333333333		23
6	27	20	Hard Rock Stadium	Miami Gardens	25.975393	-80.2623	GMT-4	5.0	26.286666666666665	83.53333333333333	30.726666666666667		0
6	27	21	Hard Rock Stadium	Miami Gardens	25.975393	-80.2623	GMT-4	5.0	25.23333333333333	88.73333333333333	29.933333333333334		1
6	27	22	Hard Rock Stadium	Miami Gardens	25.975393	-80.2623	GMT-4	5.0	24.666666666666668	91.93333333333334	29.459999999999997		2
6	11	0	Levi's Stadium	Santa Clara	37.434093	-121.95479	GMT-7	3.0	15.333333333333332	76.86666666666666	14.780000000000001		7
6	11	15	Levi's Stadium	Santa Clara	37.434093	-121.95479	GMT-7	3.0	26.02	37.6	25.240000000000002		22
6	11	16	Levi's Stadium	Santa Clara	37.434093	-121.95479	GMT-7	3.0	25.613333333333333	39.266666666666666	24.213333333333335		23
6	11	17	Levi's Stadium	Santa Clara	37.434093	-121.95479	GMT-7	3.0	24.800000000000004	42.4	22.946666666666665		0
6	11	18	Levi's Stadium	Santa Clara	37.434093	-121.95479	GMT-7	3.0	23.573333333333338	47.06666666666667	21.6		1
6	11	19	Levi's Stadium	Santa Clara	37.434093	-121.95479	GMT-7	3.0	21.933333333333334	52.93333333333333	20.153333333333332		2
6	11	20	Levi's Stadium	Santa Clara	37.434093	-121.95479	GMT-7	3.0	20.16666666666667	58.8	18.706666666666663		3
6	11	21	Levi's Stadium	Santa Clara	37.434093	-121.95479	GMT-7	3.0	18.66	63.93333333333333	17.453333333333333		4
6	11	22	Levi's Stadium	Santa Clara	37.434093	-121.95479	GMT-7	3.0	17.526666666666664	68.26666666666667	16.426666666666666		5
6	11	23	Levi's Stadium	Santa Clara	37.434093	-121.95479	GMT-7	3.0	16.326666666666664	72.86666666666666	15.486666666666666		6
6	12	0	Levi's Stadium	Santa Clara	37.434093	-121.95479	GMT-7	3.0	15.813333333333334	75.73333333333333	15.006666666666666		7
6	12	15	Levi's Stadium	Santa Clara	37.434093	-121.95479	GMT-7	3.0	26.11333333333333	42.333333333333336	26.293333333333337		22
6	12	16	Levi's Stadium	Santa Clara	37.434093	-121.95479	GMT-7	3.0	25.513333333333332	43.93333333333333	24.813333333333333		23
6	12	17	Levi's Stadium	Santa Clara	37.434093	-121.95479	GMT-7	3.0	24.2	48.0	22.84		0
6	12	18	Levi's Stadium	Santa Clara	37.434093	-121.95479	GMT-7	3.0	22.58	52.13333333333333	20.85333333333334		1
6	12	19	Levi's Stadium	Santa Clara	37.434093	-121.95479	GMT-7	3.0	20.98	55.93333333333333	19.233333333333334		2
6	12	20	Levi's Stadium	Santa Clara	37.434093	-121.95479	GMT-7	3.0	19.439999999999998	59.733333333333334	17.88		3
6	12	21	Levi's Stadium	Santa Clara	37.434093	-121.95479	GMT-7	3.0	18.020000000000003	64.53333333333333	16.70666666666667		4
6	12	22	Levi's Stadium	Santa Clara	37.434093	-121.95479	GMT-7	3.0	16.913333333333334	69.2	15.900000000000002		5
6	12	23	Levi's Stadium	Santa Clara	37.434093	-121.95479	GMT-7	3.0	16.273333333333333	72.66666666666667	15.400000000000002		6
6	13	0	Levi's Stadium	Santa Clara	37.434093	-121.95479	GMT-7	3.0	15.493333333333334	74.06666666666666	14.726666666666667		7
6	13	15	Levi's Stadium	Santa Clara	37.434093	-121.95479	GMT-7	3.0	24.83333333333333	39.666666666666664	23.646666666666665		22
6	13	16	Levi's Stadium	Santa Clara	37.434093	-121.95479	GMT-7	3.0	24.246666666666666	40.8	22.359999999999996		23
6	13	17	Levi's Stadium	Santa Clara	37.434093	-121.95479	GMT-7	3.0	23.113333333333326	43.666666666666664	20.64		0
6	13	18	Levi's Stadium	Santa Clara	37.434093	-121.95479	GMT-7	3.0	21.719999999999995	47.4	19.046666666666667		1
6	13	19	Levi's Stadium	Santa Clara	37.434093	-121.95479	GMT-7	3.0	20.166666666666668	52.06666666666667	17.56		2
6	13	20	Levi's Stadium	Santa Clara	37.434093	-121.95479	GMT-7	3.0	18.706666666666667	57.06666666666667	16.513333333333332		3
6	13	21	Levi's Stadium	Santa Clara	37.434093	-121.95479	GMT-7	3.0	17.439999999999998	62.13333333333333	15.7		4
6	13	22	Levi's Stadium	Santa Clara	37.434093	-121.95479	GMT-7	3.0	16.5	66.8	15.213333333333333		5
6	13	23	Levi's Stadium	Santa Clara	37.434093	-121.95479	GMT-7	3.0	15.946666666666667	70.73333333333333	14.993333333333336		6
6	14	0	Levi's Stadium	Santa Clara	37.434093	-121.95479	GMT-7	3.0	15.493333333333334	72.33333333333333	14.913333333333334		7
6	14	15	Levi's Stadium	Santa Clara	37.434093	-121.95479	GMT-7	3.0	25.333333333333332	35.266666666666666	23.759999999999998		22
6	14	16	Levi's Stadium	Santa Clara	37.434093	-121.95479	GMT-7	3.0	24.84	35.733333333333334	22.613333333333333		23
6	14	17	Levi's Stadium	Santa Clara	37.434093	-121.95479	GMT-7	3.0	23.92	37.6	21.079999999999995		0
6	14	18	Levi's Stadium	Santa Clara	37.434093	-121.95479	GMT-7	3.0	22.660000000000004	41.333333333333336	19.62666666666666		1
6	14	19	Levi's Stadium	Santa Clara	37.434093	-121.95479	GMT-7	3.0	21.033333333333335	46.86666666666667	18.19333333333333		2
6	14	20	Levi's Stadium	Santa Clara	37.434093	-121.95479	GMT-7	3.0	19.28666666666667	53.8	17.02		3
6	14	21	Levi's Stadium	Santa Clara	37.434093	-121.95479	GMT-7	3.0	17.846666666666668	60.13333333333333	16.14		4
6	14	22	Levi's Stadium	Santa Clara	37.434093	-121.95479	GMT-7	3.0	16.82	64.86666666666666	15.580000000000002		5
6	14	23	Levi's Stadium	Santa Clara	37.434093	-121.95479	GMT-7	3.0	16.06	69.0	15.18666666666667		6
6	15	0	Levi's Stadium	Santa Clara	37.434093	-121.95479	GMT-7	3.0	15.180000000000001	72.66666666666667	14.366666666666667		7
6	15	15	Levi's Stadium	Santa Clara	37.434093	-121.95479	GMT-7	3.0	25.726666666666667	32.8	23.993333333333336		22
6	15	16	Levi's Stadium	Santa Clara	37.434093	-121.95479	GMT-7	3.0	24.94	35.2	22.699999999999996		23
6	15	17	Levi's Stadium	Santa Clara	37.434093	-121.95479	GMT-7	3.0	23.826666666666668	38.666666666666664	21.133333333333333		0
6	15	18	Levi's Stadium	Santa Clara	37.434093	-121.95479	GMT-7	3.0	22.160000000000004	44.13333333333333	19.34666666666667		1
6	15	19	Levi's Stadium	Santa Clara	37.434093	-121.95479	GMT-7	3.0	20.44	50.2	17.826666666666668		2
6	15	20	Levi's Stadium	Santa Clara	37.434093	-121.95479	GMT-7	3.0	18.52	57.333333333333336	16.366666666666667		3
6	15	21	Levi's Stadium	Santa Clara	37.434093	-121.95479	GMT-7	3.0	17.046666666666667	63.333333333333336	15.326666666666666		4
6	15	22	Levi's Stadium	Santa Clara	37.434093	-121.95479	GMT-7	3.0	16.026666666666667	67.8	14.72		5
6	15	23	Levi's Stadium	Santa Clara	37.434093	-121.95479	GMT-7	3.0	15.573333333333332	70.2	14.58		6
6	16	0	Levi's Stadium	Santa Clara	37.434093	-121.95479	GMT-7	3.0	15.253333333333334	71.66666666666667	14.42		7
6	16	15	Levi's Stadium	Santa Clara	37.434093	-121.95479	GMT-7	3.0	25.613333333333333	31.933333333333334	23.65333333333334		22
6	16	16	Levi's Stadium	Santa Clara	37.434093	-121.95479	GMT-7	3.0	24.886666666666663	33.4	22.366666666666664		23
6	16	17	Levi's Stadium	Santa Clara	37.434093	-121.95479	GMT-7	3.0	23.76666666666667	36.46666666666667	20.8		0
6	16	18	Levi's Stadium	Santa Clara	37.434093	-121.95479	GMT-7	3.0	22.319999999999997	41.266666666666666	19.3		1
6	16	19	Levi's Stadium	Santa Clara	37.434093	-121.95479	GMT-7	3.0	20.713333333333335	46.666666666666664	17.926666666666666		2
6	16	20	Levi's Stadium	Santa Clara	37.434093	-121.95479	GMT-7	3.0	19.053333333333338	52.733333333333334	16.76		3
6	16	21	Levi's Stadium	Santa Clara	37.434093	-121.95479	GMT-7	3.0	17.720000000000002	58.13333333333333	15.860000000000001		4
6	16	22	Levi's Stadium	Santa Clara	37.434093	-121.95479	GMT-7	3.0	16.846666666666668	62.2	15.32666666666667		5
6	16	23	Levi's Stadium	Santa Clara	37.434093	-121.95479	GMT-7	3.0	15.986666666666668	67.13333333333334	14.833333333333336		6
6	17	0	Levi's Stadium	Santa Clara	37.434093	-121.95479	GMT-7	3.0	16.33333333333333	67.06666666666666	15.526666666666667		7
6	17	15	Levi's Stadium	Santa Clara	37.434093	-121.95479	GMT-7	3.0	26.82	30.066666666666666	24.893333333333334		22
6	17	16	Levi's Stadium	Santa Clara	37.434093	-121.95479	GMT-7	3.0	26.320000000000004	31.2	23.8		23
6	17	17	Levi's Stadium	Santa Clara	37.434093	-121.95479	GMT-7	3.0	25.59333333333333	33.733333333333334	22.726666666666663		0
6	17	18	Levi's Stadium	Santa Clara	37.434093	-121.95479	GMT-7	3.0	24.45333333333333	37.2	21.506666666666664		1
6	17	19	Levi's Stadium	Santa Clara	37.434093	-121.95479	GMT-7	3.0	23.206666666666667	41.13333333333333	20.506666666666668		2
6	17	20	Levi's Stadium	Santa Clara	37.434093	-121.95479	GMT-7	3.0	21.613333333333333	46.266666666666666	19.32		3
6	17	21	Levi's Stadium	Santa Clara	37.434093	-121.95479	GMT-7	3.0	20.05333333333333	51.93333333333333	18.20666666666667		4
6	17	22	Levi's Stadium	Santa Clara	37.434093	-121.95479	GMT-7	3.0	18.786666666666665	57.53333333333333	17.42		5
6	17	23	Levi's Stadium	Santa Clara	37.434093	-121.95479	GMT-7	3.0	17.439999999999994	62.53333333333333	16.37333333333333		6
6	18	0	Levi's Stadium	Santa Clara	37.434093	-121.95479	GMT-7	3.0	16.873333333333335	63.53333333333333	16.006666666666668		7
6	18	15	Levi's Stadium	Santa Clara	37.434093	-121.95479	GMT-7	3.0	27.726666666666667	27.8	25.553333333333338		22
6	18	16	Levi's Stadium	Santa Clara	37.434093	-121.95479	GMT-7	3.0	26.89333333333333	29.466666666666665	24.146666666666665		23
6	18	17	Levi's Stadium	Santa Clara	37.434093	-121.95479	GMT-7	3.0	25.853333333333335	31.733333333333334	22.660000000000004		0
6	18	18	Levi's Stadium	Santa Clara	37.434093	-121.95479	GMT-7	3.0	24.453333333333333	34.8	21.186666666666667		1
6	18	19	Levi's Stadium	Santa Clara	37.434093	-121.95479	GMT-7	3.0	22.720000000000006	38.53333333333333	19.62666666666667		2
6	18	20	Levi's Stadium	Santa Clara	37.434093	-121.95479	GMT-7	3.0	20.673333333333336	43.93333333333333	18.06		3
6	18	21	Levi's Stadium	Santa Clara	37.434093	-121.95479	GMT-7	3.0	18.986666666666668	49.93333333333333	16.886666666666663		4
6	18	22	Levi's Stadium	Santa Clara	37.434093	-121.95479	GMT-7	3.0	17.740000000000002	55.266666666666666	16.033333333333335		5
6	18	23	Levi's Stadium	Santa Clara	37.434093	-121.95479	GMT-7	3.0	17.206666666666667	60.06666666666667	15.98666666666667		6
6	19	0	Levi's Stadium	Santa Clara	37.434093	-121.95479	GMT-7	3.0	15.499999999999998	67.4	14.5		7
6	19	15	Levi's Stadium	Santa Clara	37.434093	-121.95479	GMT-7	3.0	24.680000000000003	35.333333333333336	22.8		22
6	19	16	Levi's Stadium	Santa Clara	37.434093	-121.95479	GMT-7	3.0	23.946666666666662	37.8	21.586666666666666		23
6	19	17	Levi's Stadium	Santa Clara	37.434093	-121.95479	GMT-7	3.0	22.799999999999997	41.13333333333333	20.006666666666668		0
6	19	18	Levi's Stadium	Santa Clara	37.434093	-121.95479	GMT-7	3.0	21.333333333333332	45.333333333333336	18.42666666666667		1
6	19	19	Levi's Stadium	Santa Clara	37.434093	-121.95479	GMT-7	3.0	19.77333333333333	50.266666666666666	17.02		2
6	19	20	Levi's Stadium	Santa Clara	37.434093	-121.95479	GMT-7	3.0	18.139999999999997	56.93333333333333	15.826666666666666		3
6	19	21	Levi's Stadium	Santa Clara	37.434093	-121.95479	GMT-7	3.0	16.753333333333334	63.733333333333334	14.900000000000002		4
6	19	22	Levi's Stadium	Santa Clara	37.434093	-121.95479	GMT-7	3.0	15.746666666666668	69.06666666666666	14.3		5
6	19	23	Levi's Stadium	Santa Clara	37.434093	-121.95479	GMT-7	3.0	15.58	68.53333333333333	14.44		6
6	20	0	Levi's Stadium	Santa Clara	37.434093	-121.95479	GMT-7	3.0	14.780000000000001	74.66666666666667	13.979999999999999		7
6	20	15	Levi's Stadium	Santa Clara	37.434093	-121.95479	GMT-7	3.0	24.59333333333333	35.0	22.61333333333333		22
6	20	16	Levi's Stadium	Santa Clara	37.434093	-121.95479	GMT-7	3.0	24.12	36.666666666666664	21.62666666666667		23
6	20	17	Levi's Stadium	Santa Clara	37.434093	-121.95479	GMT-7	3.0	23.206666666666663	39.666666666666664	20.2		0
6	20	18	Levi's Stadium	Santa Clara	37.434093	-121.95479	GMT-7	3.0	21.866666666666667	44.46666666666667	18.76		1
6	20	19	Levi's Stadium	Santa Clara	37.434093	-121.95479	GMT-7	3.0	20.146666666666665	50.733333333333334	17.279999999999998		2
6	20	20	Levi's Stadium	Santa Clara	37.434093	-121.95479	GMT-7	3.0	18.37333333333333	58.266666666666666	16.133333333333336		3
6	20	21	Levi's Stadium	Santa Clara	37.434093	-121.95479	GMT-7	3.0	16.986666666666668	64.53333333333333	15.286666666666667		4
6	20	22	Levi's Stadium	Santa Clara	37.434093	-121.95479	GMT-7	3.0	16.046666666666667	69.33333333333333	14.793333333333333		5
6	20	23	Levi's Stadium	Santa Clara	37.434093	-121.95479	GMT-7	3.0	15.373333333333335	72.13333333333334	14.4		6
6	21	0	Levi's Stadium	Santa Clara	37.434093	-121.95479	GMT-7	3.0	15.96	72.33333333333333	15.446666666666665		7
6	21	15	Levi's Stadium	Santa Clara	37.434093	-121.95479	GMT-7	3.0	27.553333333333335	29.466666666666665	26.599999999999998		22
6	21	16	Levi's Stadium	Santa Clara	37.434093	-121.95479	GMT-7	3.0	27.053333333333335	31.933333333333334	25.306666666666665		23
6	21	17	Levi's Stadium	Santa Clara	37.434093	-121.95479	GMT-7	3.0	26.046666666666667	35.8	23.506666666666664		0
6	21	18	Levi's Stadium	Santa Clara	37.434093	-121.95479	GMT-7	3.0	24.486666666666668	41.0	21.55333333333333		1
6	21	19	Levi's Stadium	Santa Clara	37.434093	-121.95479	GMT-7	3.0	22.7	46.733333333333334	19.906666666666663		2
6	21	20	Levi's Stadium	Santa Clara	37.434093	-121.95479	GMT-7	3.0	20.83333333333333	53.266666666666666	18.619999999999997		3
6	21	21	Levi's Stadium	Santa Clara	37.434093	-121.95479	GMT-7	3.0	19.39333333333333	59.0	17.84		4
6	21	22	Levi's Stadium	Santa Clara	37.434093	-121.95479	GMT-7	3.0	18.433333333333334	62.733333333333334	17.39333333333333		5
6	21	23	Levi's Stadium	Santa Clara	37.434093	-121.95479	GMT-7	3.0	17.1	67.93333333333334	16.4		6
6	22	0	Levi's Stadium	Santa Clara	37.434093	-121.95479	GMT-7	3.0	17.113333333333337	66.2	16.353333333333335		7
6	22	15	Levi's Stadium	Santa Clara	37.434093	-121.95479	GMT-7	3.0	28.65333333333333	28.266666666666666	27.459999999999997		22
6	22	16	Levi's Stadium	Santa Clara	37.434093	-121.95479	GMT-7	3.0	27.586666666666662	31.733333333333334	25.966666666666672		23
6	22	17	Levi's Stadium	Santa Clara	37.434093	-121.95479	GMT-7	3.0	25.96666666666666	36.733333333333334	23.986666666666668		0
6	22	18	Levi's Stadium	Santa Clara	37.434093	-121.95479	GMT-7	3.0	24.12666666666667	41.93333333333333	21.866666666666667		1
6	22	19	Levi's Stadium	Santa Clara	37.434093	-121.95479	GMT-7	3.0	22.759999999999998	45.6	20.526666666666664		2
6	22	20	Levi's Stadium	Santa Clara	37.434093	-121.95479	GMT-7	3.0	21.319999999999997	50.06666666666667	19.413333333333334		3
6	22	21	Levi's Stadium	Santa Clara	37.434093	-121.95479	GMT-7	3.0	20.0	55.4	18.633333333333333		4
6	22	22	Levi's Stadium	Santa Clara	37.434093	-121.95479	GMT-7	3.0	18.86666666666667	60.4	17.926666666666666		5
6	22	23	Levi's Stadium	Santa Clara	37.434093	-121.95479	GMT-7	3.0	17.926666666666666	63.86666666666667	17.193333333333335		6
6	23	0	Levi's Stadium	Santa Clara	37.434093	-121.95479	GMT-7	3.0	16.759999999999998	69.4	16.046666666666667		7
6	23	15	Levi's Stadium	Santa Clara	37.434093	-121.95479	GMT-7	3.0	27.020000000000003	35.8	25.866666666666667		22
6	23	16	Levi's Stadium	Santa Clara	37.434093	-121.95479	GMT-7	3.0	26.220000000000002	38.06666666666667	24.226666666666667		23
6	23	17	Levi's Stadium	Santa Clara	37.434093	-121.95479	GMT-7	3.0	25.04666666666667	41.0	22.40666666666667		0
6	23	18	Levi's Stadium	Santa Clara	37.434093	-121.95479	GMT-7	3.0	23.66	44.4	20.84		1
6	23	19	Levi's Stadium	Santa Clara	37.434093	-121.95479	GMT-7	3.0	21.98	48.733333333333334	19.299999999999997		2
6	23	20	Levi's Stadium	Santa Clara	37.434093	-121.95479	GMT-7	3.0	20.086666666666662	54.6	17.89333333333333		3
6	23	21	Levi's Stadium	Santa Clara	37.434093	-121.95479	GMT-7	3.0	18.5	60.666666666666664	16.76		4
6	23	22	Levi's Stadium	Santa Clara	37.434093	-121.95479	GMT-7	3.0	17.35333333333333	65.73333333333333	15.973333333333333		5
6	23	23	Levi's Stadium	Santa Clara	37.434093	-121.95479	GMT-7	3.0	16.999999999999996	67.8	15.993333333333332		6
6	24	0	Levi's Stadium	Santa Clara	37.434093	-121.95479	GMT-7	3.0	15.633333333333333	73.86666666666666	14.773333333333333		7
6	24	15	Levi's Stadium	Santa Clara	37.434093	-121.95479	GMT-7	3.0	25.586666666666666	40.2	24.166666666666668		22
6	24	16	Levi's Stadium	Santa Clara	37.434093	-121.95479	GMT-7	3.0	24.940000000000005	41.8	22.90666666666667		23
6	24	17	Levi's Stadium	Santa Clara	37.434093	-121.95479	GMT-7	3.0	23.86	44.6	21.360000000000003		0
6	24	18	Levi's Stadium	Santa Clara	37.434093	-121.95479	GMT-7	3.0	22.40666666666667	48.86666666666667	19.793333333333337		1
6	24	19	Levi's Stadium	Santa Clara	37.434093	-121.95479	GMT-7	3.0	20.846666666666668	53.666666666666664	18.420000000000005		2
6	24	20	Levi's Stadium	Santa Clara	37.434093	-121.95479	GMT-7	3.0	19.14	59.666666666666664	17.09333333333333		3
6	24	21	Levi's Stadium	Santa Clara	37.434093	-121.95479	GMT-7	3.0	17.62	65.6	15.873333333333333		4
6	24	22	Levi's Stadium	Santa Clara	37.434093	-121.95479	GMT-7	3.0	16.426666666666666	70.33333333333333	14.9		5
6	24	23	Levi's Stadium	Santa Clara	37.434093	-121.95479	GMT-7	3.0	15.919999999999996	72.4	14.733333333333333		6
6	25	0	Levi's Stadium	Santa Clara	37.434093	-121.95479	GMT-7	3.0	15.059999999999999	75.86666666666666	14.046666666666665		7
6	25	15	Levi's Stadium	Santa Clara	37.434093	-121.95479	GMT-7	3.0	25.646666666666665	39.2	24.76666666666666		22
6	25	16	Levi's Stadium	Santa Clara	37.434093	-121.95479	GMT-7	3.0	25.2	40.6	23.66		23
6	25	17	Levi's Stadium	Santa Clara	37.434093	-121.95479	GMT-7	3.0	24.293333333333333	43.2	22.046666666666667		0
6	25	18	Levi's Stadium	Santa Clara	37.434093	-121.95479	GMT-7	3.0	22.75333333333333	48.0	20.18666666666667		1
6	25	19	Levi's Stadium	Santa Clara	37.434093	-121.95479	GMT-7	3.0	20.859999999999996	54.46666666666667	18.360000000000003		2
6	25	20	Levi's Stadium	Santa Clara	37.434093	-121.95479	GMT-7	3.0	18.860000000000003	61.86666666666667	16.82		3
6	25	21	Levi's Stadium	Santa Clara	37.434093	-121.95479	GMT-7	3.0	17.386666666666667	67.4	15.72		4
6	25	22	Levi's Stadium	Santa Clara	37.434093	-121.95479	GMT-7	3.0	16.393333333333334	71.26666666666667	15.02		5
6	25	23	Levi's Stadium	Santa Clara	37.434093	-121.95479	GMT-7	3.0	15.673333333333334	73.66666666666667	14.466666666666665		6
6	26	0	Levi's Stadium	Santa Clara	37.434093	-121.95479	GMT-7	3.0	15.033333333333333	79.13333333333334	14.326666666666664		7
6	26	15	Levi's Stadium	Santa Clara	37.434093	-121.95479	GMT-7	3.0	24.526666666666667	43.13333333333333	23.76		22
6	26	16	Levi's Stadium	Santa Clara	37.434093	-121.95479	GMT-7	3.0	24.253333333333334	43.733333333333334	22.926666666666666		23
6	26	17	Levi's Stadium	Santa Clara	37.434093	-121.95479	GMT-7	3.0	23.553333333333335	45.86666666666667	21.68		0
6	26	18	Levi's Stadium	Santa Clara	37.434093	-121.95479	GMT-7	3.0	22.413333333333334	49.4	20.266666666666666		1
6	26	19	Levi's Stadium	Santa Clara	37.434093	-121.95479	GMT-7	3.0	20.753333333333334	54.86666666666667	18.62		2
6	26	20	Levi's Stadium	Santa Clara	37.434093	-121.95479	GMT-7	3.0	18.92	61.6	17.12		3
6	26	21	Levi's Stadium	Santa Clara	37.434093	-121.95479	GMT-7	3.0	17.373333333333335	67.86666666666666	15.919999999999998		4
6	26	22	Levi's Stadium	Santa Clara	37.434093	-121.95479	GMT-7	3.0	16.279999999999998	72.53333333333333	15.133333333333331		5
6	26	23	Levi's Stadium	Santa Clara	37.434093	-121.95479	GMT-7	3.0	15.57333333333333	76.0	14.62		6
6	27	0	Levi's Stadium	Santa Clara	37.434093	-121.95479	GMT-7	3.0	15.039999999999997	78.86666666666666	14.459999999999999		7
6	27	15	Levi's Stadium	Santa Clara	37.434093	-121.95479	GMT-7	3.0	25.68	40.2	24.926666666666666		22
6	27	16	Levi's Stadium	Santa Clara	37.434093	-121.95479	GMT-7	3.0	25.09333333333333	41.666666666666664	23.7		23
6	27	17	Levi's Stadium	Santa Clara	37.434093	-121.95479	GMT-7	3.0	24.073333333333334	44.46666666666667	22.14		0
6	27	18	Levi's Stadium	Santa Clara	37.434093	-121.95479	GMT-7	3.0	22.666666666666668	48.8	20.513333333333335		1
6	27	19	Levi's Stadium	Santa Clara	37.434093	-121.95479	GMT-7	3.0	20.993333333333336	54.53333333333333	18.933333333333334		2
6	27	20	Levi's Stadium	Santa Clara	37.434093	-121.95479	GMT-7	3.0	19.173333333333336	61.333333333333336	17.433333333333334		3
6	27	21	Levi's Stadium	Santa Clara	37.434093	-121.95479	GMT-7	3.0	17.633333333333333	67.6	16.2		4
6	27	22	Levi's Stadium	Santa Clara	37.434093	-121.95479	GMT-7	3.0	16.493333333333332	72.46666666666667	15.366666666666667		5
6	27	23	Levi's Stadium	Santa Clara	37.434093	-121.95479	GMT-7	3.0	15.686666666666667	76.06666666666666	14.833333333333332		6
6	11	0	SoFi Stadium	Inglewood	33.989452	-118.314606	GMT-7	38.0	16.606666666666666	82.06666666666666	17.05333333333333		7
6	11	15	SoFi Stadium	Inglewood	33.989452	-118.314606	GMT-7	38.0	23.37333333333334	52.333333333333336	22.613333333333333		22
6	11	16	SoFi Stadium	Inglewood	33.989452	-118.314606	GMT-7	38.0	22.786666666666672	54.2	21.68		23
6	11	17	SoFi Stadium	Inglewood	33.989452	-118.314606	GMT-7	38.0	21.92	56.8	20.526666666666664		0
6	11	18	SoFi Stadium	Inglewood	33.989452	-118.314606	GMT-7	38.0	20.71333333333333	61.333333333333336	19.38		1
6	11	19	SoFi Stadium	Inglewood	33.989452	-118.314606	GMT-7	38.0	19.453333333333333	66.8	18.413333333333334		2
6	11	20	SoFi Stadium	Inglewood	33.989452	-118.314606	GMT-7	38.0	18.360000000000003	72.53333333333333	17.826666666666668		3
6	11	21	SoFi Stadium	Inglewood	33.989452	-118.314606	GMT-7	38.0	17.626666666666665	77.0	17.560000000000002		4
6	11	22	SoFi Stadium	Inglewood	33.989452	-118.314606	GMT-7	38.0	17.3	79.13333333333334	17.513333333333335		5
6	11	23	SoFi Stadium	Inglewood	33.989452	-118.314606	GMT-7	38.0	16.98	80.66666666666667	17.34666666666667		6
6	12	0	SoFi Stadium	Inglewood	33.989452	-118.314606	GMT-7	38.0	16.86	81.2	17.16666666666667		7
6	12	15	SoFi Stadium	Inglewood	33.989452	-118.314606	GMT-7	38.0	24.293333333333337	48.4	23.653333333333332		22
6	12	16	SoFi Stadium	Inglewood	33.989452	-118.314606	GMT-7	38.0	23.493333333333336	50.733333333333334	22.346666666666668		23
6	12	17	SoFi Stadium	Inglewood	33.989452	-118.314606	GMT-7	38.0	22.44666666666667	54.733333333333334	20.933333333333334		0
6	12	18	SoFi Stadium	Inglewood	33.989452	-118.314606	GMT-7	38.0	21.166666666666668	60.4	19.6		1
6	12	19	SoFi Stadium	Inglewood	33.989452	-118.314606	GMT-7	38.0	19.8	66.93333333333334	18.5		2
6	12	20	SoFi Stadium	Inglewood	33.989452	-118.314606	GMT-7	38.0	18.686666666666664	72.93333333333334	17.873333333333335		3
6	12	21	SoFi Stadium	Inglewood	33.989452	-118.314606	GMT-7	38.0	17.9	77.2	17.60666666666667		4
6	12	22	SoFi Stadium	Inglewood	33.989452	-118.314606	GMT-7	38.0	17.5	79.26666666666667	17.56		5
6	12	23	SoFi Stadium	Inglewood	33.989452	-118.314606	GMT-7	38.0	17.166666666666668	80.26666666666667	17.44		6
6	13	0	SoFi Stadium	Inglewood	33.989452	-118.314606	GMT-7	38.0	16.826666666666668	83.33333333333333	17.119999999999997		7
6	13	15	SoFi Stadium	Inglewood	33.989452	-118.314606	GMT-7	38.0	23.993333333333332	51.333333333333336	23.39333333333333		22
6	13	16	SoFi Stadium	Inglewood	33.989452	-118.314606	GMT-7	38.0	23.39333333333333	52.86666666666667	22.30666666666667		23
6	13	17	SoFi Stadium	Inglewood	33.989452	-118.314606	GMT-7	38.0	22.54666666666667	55.6	21.09333333333333		0
6	13	18	SoFi Stadium	Inglewood	33.989452	-118.314606	GMT-7	38.0	21.3	61.333333333333336	19.839999999999996		1
6	13	19	SoFi Stadium	Inglewood	33.989452	-118.314606	GMT-7	38.0	19.926666666666666	68.06666666666666	18.806666666666665		2
6	13	20	SoFi Stadium	Inglewood	33.989452	-118.314606	GMT-7	38.0	18.726666666666667	74.66666666666667	18.2		3
6	13	21	SoFi Stadium	Inglewood	33.989452	-118.314606	GMT-7	38.0	17.893333333333334	79.2	17.906666666666663		4
6	13	22	SoFi Stadium	Inglewood	33.989452	-118.314606	GMT-7	38.0	17.419999999999998	82.0	17.726666666666667		5
6	13	23	SoFi Stadium	Inglewood	33.989452	-118.314606	GMT-7	38.0	17.12666666666667	82.4	17.459999999999997		6
6	14	0	SoFi Stadium	Inglewood	33.989452	-118.314606	GMT-7	38.0	17.153333333333332	84.93333333333334	17.886666666666667		7
6	14	15	SoFi Stadium	Inglewood	33.989452	-118.314606	GMT-7	38.0	24.913333333333338	49.8	24.513333333333332		22
6	14	16	SoFi Stadium	Inglewood	33.989452	-118.314606	GMT-7	38.0	24.400000000000002	51.13333333333333	23.540000000000003		23
6	14	17	SoFi Stadium	Inglewood	33.989452	-118.314606	GMT-7	38.0	23.586666666666666	54.46666666666667	22.459999999999997		0
6	14	18	SoFi Stadium	Inglewood	33.989452	-118.314606	GMT-7	38.0	22.360000000000003	59.46666666666667	21.333333333333332		1
6	14	19	SoFi Stadium	Inglewood	33.989452	-118.314606	GMT-7	38.0	20.96	66.0	20.353333333333335		2
6	14	20	SoFi Stadium	Inglewood	33.989452	-118.314606	GMT-7	38.0	19.680000000000003	72.2	19.626666666666672		3
6	14	21	SoFi Stadium	Inglewood	33.989452	-118.314606	GMT-7	38.0	18.786666666666665	76.86666666666666	19.240000000000002		4
6	14	22	SoFi Stadium	Inglewood	33.989452	-118.314606	GMT-7	38.0	18.313333333333333	79.33333333333333	19.10666666666667		5
6	14	23	SoFi Stadium	Inglewood	33.989452	-118.314606	GMT-7	38.0	17.706666666666667	82.26666666666667	18.500000000000004		6
6	15	0	SoFi Stadium	Inglewood	33.989452	-118.314606	GMT-7	38.0	18.113333333333337	79.6	18.939999999999998		7
6	15	15	SoFi Stadium	Inglewood	33.989452	-118.314606	GMT-7	38.0	26.333333333333332	45.2	25.906666666666673		22
6	15	16	SoFi Stadium	Inglewood	33.989452	-118.314606	GMT-7	38.0	25.513333333333335	47.266666666666666	24.7		23
6	15	17	SoFi Stadium	Inglewood	33.989452	-118.314606	GMT-7	38.0	24.486666666666665	50.733333333333334	23.44		0
6	15	18	SoFi Stadium	Inglewood	33.989452	-118.314606	GMT-7	38.0	23.386666666666667	55.13333333333333	22.493333333333336		1
6	15	19	SoFi Stadium	Inglewood	33.989452	-118.314606	GMT-7	38.0	22.259999999999998	59.733333333333334	21.7		2
6	15	20	SoFi Stadium	Inglewood	33.989452	-118.314606	GMT-7	38.0	21.033333333333335	64.46666666666667	20.766666666666666		3
6	15	21	SoFi Stadium	Inglewood	33.989452	-118.314606	GMT-7	38.0	20.080000000000002	68.33333333333333	20.106666666666666		4
6	15	22	SoFi Stadium	Inglewood	33.989452	-118.314606	GMT-7	38.0	19.533333333333335	71.13333333333334	19.68		5
6	15	23	SoFi Stadium	Inglewood	33.989452	-118.314606	GMT-7	38.0	18.779999999999998	75.33333333333333	19.306666666666665		6
6	16	0	SoFi Stadium	Inglewood	33.989452	-118.314606	GMT-7	38.0	18.806666666666665	78.0	19.206666666666667		7
6	16	15	SoFi Stadium	Inglewood	33.989452	-118.314606	GMT-7	38.0	26.826666666666668	44.733333333333334	26.86		22
6	16	16	SoFi Stadium	Inglewood	33.989452	-118.314606	GMT-7	38.0	26.0	47.8	25.513333333333332		23
6	16	17	SoFi Stadium	Inglewood	33.989452	-118.314606	GMT-7	38.0	24.893333333333334	52.13333333333333	24.113333333333337		0
6	16	18	SoFi Stadium	Inglewood	33.989452	-118.314606	GMT-7	38.0	23.453333333333333	57.93333333333333	22.66		1
6	16	19	SoFi Stadium	Inglewood	33.989452	-118.314606	GMT-7	38.0	22.013333333333335	63.46666666666667	21.493333333333332		2
6	16	20	SoFi Stadium	Inglewood	33.989452	-118.314606	GMT-7	38.0	20.699999999999996	69.2	20.546666666666663		3
6	16	21	SoFi Stadium	Inglewood	33.989452	-118.314606	GMT-7	38.0	19.813333333333333	73.53333333333333	20.033333333333335		4
6	16	22	SoFi Stadium	Inglewood	33.989452	-118.314606	GMT-7	38.0	19.266666666666666	76.46666666666667	19.673333333333332		5
6	16	23	SoFi Stadium	Inglewood	33.989452	-118.314606	GMT-7	38.0	19.05333333333333	77.13333333333334	19.493333333333332		6
6	17	0	SoFi Stadium	Inglewood	33.989452	-118.314606	GMT-7	38.0	18.526666666666664	77.46666666666667	18.973333333333333		7
6	17	15	SoFi Stadium	Inglewood	33.989452	-118.314606	GMT-7	38.0	26.100000000000005	47.4	26.040000000000003		22
6	17	16	SoFi Stadium	Inglewood	33.989452	-118.314606	GMT-7	38.0	25.3	49.46666666666667	24.766666666666666		23
6	17	17	SoFi Stadium	Inglewood	33.989452	-118.314606	GMT-7	38.0	24.160000000000004	53.13333333333333	23.319999999999997		0
6	17	18	SoFi Stadium	Inglewood	33.989452	-118.314606	GMT-7	38.0	22.85333333333333	57.6	21.94		1
6	17	19	SoFi Stadium	Inglewood	33.989452	-118.314606	GMT-7	38.0	21.753333333333334	61.333333333333336	21.033333333333335		2
6	17	20	SoFi Stadium	Inglewood	33.989452	-118.314606	GMT-7	38.0	20.9	64.13333333333334	20.433333333333334		3
6	17	21	SoFi Stadium	Inglewood	33.989452	-118.314606	GMT-7	38.0	20.14	67.33333333333333	19.87333333333333		4
6	17	22	SoFi Stadium	Inglewood	33.989452	-118.314606	GMT-7	38.0	19.473333333333336	70.93333333333334	19.433333333333334		5
6	17	23	SoFi Stadium	Inglewood	33.989452	-118.314606	GMT-7	38.0	18.953333333333333	74.8	19.16		6
6	18	0	SoFi Stadium	Inglewood	33.989452	-118.314606	GMT-7	38.0	18.10666666666667	78.86666666666666	18.693333333333335		7
6	18	15	SoFi Stadium	Inglewood	33.989452	-118.314606	GMT-7	38.0	24.973333333333333	48.46666666666667	24.65333333333333		22
6	18	16	SoFi Stadium	Inglewood	33.989452	-118.314606	GMT-7	38.0	24.006666666666668	51.13333333333333	23.113333333333333		23
6	18	17	SoFi Stadium	Inglewood	33.989452	-118.314606	GMT-7	38.0	23.07333333333333	55.0	21.920000000000005		0
6	18	18	SoFi Stadium	Inglewood	33.989452	-118.314606	GMT-7	38.0	21.94666666666667	60.266666666666666	20.853333333333335		1
6	18	19	SoFi Stadium	Inglewood	33.989452	-118.314606	GMT-7	38.0	20.833333333333332	65.86666666666666	20.033333333333335		2
6	18	20	SoFi Stadium	Inglewood	33.989452	-118.314606	GMT-7	38.0	19.85333333333333	70.86666666666666	19.493333333333332		3
6	18	21	SoFi Stadium	Inglewood	33.989452	-118.314606	GMT-7	38.0	19.106666666666666	74.8	19.279999999999998		4
6	18	22	SoFi Stadium	Inglewood	33.989452	-118.314606	GMT-7	38.0	18.65333333333333	77.06666666666666	19.246666666666666		5
6	18	23	SoFi Stadium	Inglewood	33.989452	-118.314606	GMT-7	38.0	18.386666666666667	78.06666666666666	19.053333333333335		6
6	19	0	SoFi Stadium	Inglewood	33.989452	-118.314606	GMT-7	38.0	17.633333333333333	81.26666666666667	18.30666666666667		7
6	19	15	SoFi Stadium	Inglewood	33.989452	-118.314606	GMT-7	38.0	24.399999999999995	49.86666666666667	23.613333333333333		22
6	19	16	SoFi Stadium	Inglewood	33.989452	-118.314606	GMT-7	38.0	23.553333333333335	53.2	22.446666666666665		23
6	19	17	SoFi Stadium	Inglewood	33.989452	-118.314606	GMT-7	38.0	22.44	58.0	21.126666666666665		0
6	19	18	SoFi Stadium	Inglewood	33.989452	-118.314606	GMT-7	38.0	21.10666666666667	63.93333333333333	19.880000000000003		1
6	19	19	SoFi Stadium	Inglewood	33.989452	-118.314606	GMT-7	38.0	19.920000000000005	69.4	19.040000000000003		2
6	19	20	SoFi Stadium	Inglewood	33.989452	-118.314606	GMT-7	38.0	18.9	74.26666666666667	18.573333333333334		3
6	19	21	SoFi Stadium	Inglewood	33.989452	-118.314606	GMT-7	38.0	18.200000000000003	77.73333333333333	18.46		4
6	19	22	SoFi Stadium	Inglewood	33.989452	-118.314606	GMT-7	38.0	17.780000000000005	79.66666666666667	18.40666666666667		5
6	19	23	SoFi Stadium	Inglewood	33.989452	-118.314606	GMT-7	38.0	17.706666666666663	80.4	18.446666666666665		6
6	20	0	SoFi Stadium	Inglewood	33.989452	-118.314606	GMT-7	38.0	17.280000000000005	81.13333333333334	17.833333333333332		7
6	20	15	SoFi Stadium	Inglewood	33.989452	-118.314606	GMT-7	38.0	25.466666666666672	46.666666666666664	24.646666666666665		22
6	20	16	SoFi Stadium	Inglewood	33.989452	-118.314606	GMT-7	38.0	24.86	47.53333333333333	23.50666666666666		23
6	20	17	SoFi Stadium	Inglewood	33.989452	-118.314606	GMT-7	38.0	23.866666666666667	50.46666666666667	22.18		0
6	20	18	SoFi Stadium	Inglewood	33.989452	-118.314606	GMT-7	38.0	22.546666666666667	55.0	20.893333333333327		1
6	20	19	SoFi Stadium	Inglewood	33.989452	-118.314606	GMT-7	38.0	21.066666666666666	61.2	19.866666666666667		2
6	20	20	SoFi Stadium	Inglewood	33.989452	-118.314606	GMT-7	38.0	19.80666666666667	66.66666666666667	19.206666666666663		3
6	20	21	SoFi Stadium	Inglewood	33.989452	-118.314606	GMT-7	38.0	18.913333333333334	71.0	18.826666666666664		4
6	20	22	SoFi Stadium	Inglewood	33.989452	-118.314606	GMT-7	38.0	18.4	74.06666666666666	18.619999999999997		5
6	20	23	SoFi Stadium	Inglewood	33.989452	-118.314606	GMT-7	38.0	17.866666666666667	77.4	18.28666666666667		6
6	21	0	SoFi Stadium	Inglewood	33.989452	-118.314606	GMT-7	38.0	17.34	81.33333333333333	17.839999999999996		7
6	21	15	SoFi Stadium	Inglewood	33.989452	-118.314606	GMT-7	38.0	25.36666666666667	45.2	24.693333333333335		22
6	21	16	SoFi Stadium	Inglewood	33.989452	-118.314606	GMT-7	38.0	24.386666666666667	48.333333333333336	23.206666666666663		23
6	21	17	SoFi Stadium	Inglewood	33.989452	-118.314606	GMT-7	38.0	23.440000000000005	50.86666666666667	21.866666666666667		0
6	21	18	SoFi Stadium	Inglewood	33.989452	-118.314606	GMT-7	38.0	22.26666666666667	54.4	20.586666666666662		1
6	21	19	SoFi Stadium	Inglewood	33.989452	-118.314606	GMT-7	38.0	20.886666666666667	60.266666666666666	19.506666666666664		2
6	21	20	SoFi Stadium	Inglewood	33.989452	-118.314606	GMT-7	38.0	19.533333333333335	67.66666666666667	18.766666666666662		3
6	21	21	SoFi Stadium	Inglewood	33.989452	-118.314606	GMT-7	38.0	18.6	73.86666666666666	18.52		4
6	21	22	SoFi Stadium	Inglewood	33.989452	-118.314606	GMT-7	38.0	18.12666666666667	77.86666666666666	18.533333333333335		5
6	21	23	SoFi Stadium	Inglewood	33.989452	-118.314606	GMT-7	38.0	17.793333333333337	79.53333333333333	18.326666666666664		6
6	22	0	SoFi Stadium	Inglewood	33.989452	-118.314606	GMT-7	38.0	17.48	81.8	17.833333333333332		7
6	22	15	SoFi Stadium	Inglewood	33.989452	-118.314606	GMT-7	38.0	24.83333333333333	50.86666666666667	24.533333333333335		22
6	22	16	SoFi Stadium	Inglewood	33.989452	-118.314606	GMT-7	38.0	24.459999999999997	51.13333333333333	23.546666666666667		23
6	22	17	SoFi Stadium	Inglewood	33.989452	-118.314606	GMT-7	38.0	23.98	52.6	22.77333333333333		0
6	22	18	SoFi Stadium	Inglewood	33.989452	-118.314606	GMT-7	38.0	22.900000000000002	56.666666666666664	21.59333333333333		1
6	22	19	SoFi Stadium	Inglewood	33.989452	-118.314606	GMT-7	38.0	21.080000000000002	64.26666666666667	20.006666666666668		2
6	22	20	SoFi Stadium	Inglewood	33.989452	-118.314606	GMT-7	38.0	19.54	71.13333333333334	18.84		3
6	22	21	SoFi Stadium	Inglewood	33.989452	-118.314606	GMT-7	38.0	18.793333333333333	74.53333333333333	18.533333333333335		4
6	22	22	SoFi Stadium	Inglewood	33.989452	-118.314606	GMT-7	38.0	18.46666666666666	76.33333333333333	18.426666666666666		5
6	22	23	SoFi Stadium	Inglewood	33.989452	-118.314606	GMT-7	38.0	18.033333333333335	78.66666666666667	18.24		6
6	23	0	SoFi Stadium	Inglewood	33.989452	-118.314606	GMT-7	38.0	17.720000000000002	81.53333333333333	18.226666666666667		7
6	23	15	SoFi Stadium	Inglewood	33.989452	-118.314606	GMT-7	38.0	24.793333333333337	47.46666666666667	23.773333333333333		22
6	23	16	SoFi Stadium	Inglewood	33.989452	-118.314606	GMT-7	38.0	23.9	50.733333333333334	22.466666666666665		23
6	23	17	SoFi Stadium	Inglewood	33.989452	-118.314606	GMT-7	38.0	23.160000000000004	53.06666666666667	21.446666666666662		0
6	23	18	SoFi Stadium	Inglewood	33.989452	-118.314606	GMT-7	38.0	22.053333333333335	57.2	20.4		1
6	23	19	SoFi Stadium	Inglewood	33.989452	-118.314606	GMT-7	38.0	20.913333333333334	61.8	19.560000000000002		2
6	23	20	SoFi Stadium	Inglewood	33.989452	-118.314606	GMT-7	38.0	19.60666666666667	68.46666666666667	18.806666666666665		3
6	23	21	SoFi Stadium	Inglewood	33.989452	-118.314606	GMT-7	38.0	18.833333333333332	73.2	18.613333333333333		4
6	23	22	SoFi Stadium	Inglewood	33.989452	-118.314606	GMT-7	38.0	18.406666666666663	76.53333333333333	18.639999999999997		5
6	23	23	SoFi Stadium	Inglewood	33.989452	-118.314606	GMT-7	38.0	18.1	78.8	18.566666666666666		6
6	24	0	SoFi Stadium	Inglewood	33.989452	-118.314606	GMT-7	38.0	17.493333333333332	81.73333333333333	18.146666666666665		7
6	24	15	SoFi Stadium	Inglewood	33.989452	-118.314606	GMT-7	38.0	24.426666666666673	47.93333333333333	23.64		22
6	24	16	SoFi Stadium	Inglewood	33.989452	-118.314606	GMT-7	38.0	23.660000000000007	50.2	22.313333333333336		23
6	24	17	SoFi Stadium	Inglewood	33.989452	-118.314606	GMT-7	38.0	22.60666666666667	54.53333333333333	20.986666666666668		0
6	24	18	SoFi Stadium	Inglewood	33.989452	-118.314606	GMT-7	38.0	21.33333333333333	60.666666666666664	19.80666666666667		1
6	24	19	SoFi Stadium	Inglewood	33.989452	-118.314606	GMT-7	38.0	20.12	66.8	19.08		2
6	24	20	SoFi Stadium	Inglewood	33.989452	-118.314606	GMT-7	38.0	19.100000000000005	72.6	18.66		3
6	24	21	SoFi Stadium	Inglewood	33.989452	-118.314606	GMT-7	38.0	18.36	77.0	18.42666666666667		4
6	24	22	SoFi Stadium	Inglewood	33.989452	-118.314606	GMT-7	38.0	17.90666666666667	79.73333333333333	18.333333333333336		5
6	24	23	SoFi Stadium	Inglewood	33.989452	-118.314606	GMT-7	38.0	17.74	80.6	18.300000000000004		6
6	25	0	SoFi Stadium	Inglewood	33.989452	-118.314606	GMT-7	38.0	17.30666666666667	83.66666666666667	18.006666666666668		7
6	25	15	SoFi Stadium	Inglewood	33.989452	-118.314606	GMT-7	38.0	24.446666666666665	49.266666666666666	24.11333333333333		22
6	25	16	SoFi Stadium	Inglewood	33.989452	-118.314606	GMT-7	38.0	23.819999999999997	51.46666666666667	23.04		23
6	25	17	SoFi Stadium	Inglewood	33.989452	-118.314606	GMT-7	38.0	23.0	54.6	21.80666666666667		0
6	25	18	SoFi Stadium	Inglewood	33.989452	-118.314606	GMT-7	38.0	21.793333333333333	60.4	20.586666666666666		1
6	25	19	SoFi Stadium	Inglewood	33.989452	-118.314606	GMT-7	38.0	20.419999999999998	67.73333333333333	19.573333333333334		2
6	25	20	SoFi Stadium	Inglewood	33.989452	-118.314606	GMT-7	38.0	19.233333333333334	74.8	18.986666666666665		3
6	25	21	SoFi Stadium	Inglewood	33.989452	-118.314606	GMT-7	38.0	18.546666666666667	79.33333333333333	18.833333333333332		4
6	25	22	SoFi Stadium	Inglewood	33.989452	-118.314606	GMT-7	38.0	18.233333333333334	81.46666666666667	18.9		5
6	25	23	SoFi Stadium	Inglewood	33.989452	-118.314606	GMT-7	38.0	17.819999999999997	82.4	18.573333333333334		6
6	26	0	SoFi Stadium	Inglewood	33.989452	-118.314606	GMT-7	38.0	17.58	84.8	18.700000000000003		7
6	26	15	SoFi Stadium	Inglewood	33.989452	-118.314606	GMT-7	38.0	25.780000000000005	45.4	25.42		22
6	26	16	SoFi Stadium	Inglewood	33.989452	-118.314606	GMT-7	38.0	24.799999999999997	48.4	23.89333333333333		23
6	26	17	SoFi Stadium	Inglewood	33.989452	-118.314606	GMT-7	38.0	23.71333333333333	53.13333333333333	22.546666666666667		0
6	26	18	SoFi Stadium	Inglewood	33.989452	-118.314606	GMT-7	38.0	22.266666666666666	59.93333333333333	21.160000000000007		1
6	26	19	SoFi Stadium	Inglewood	33.989452	-118.314606	GMT-7	38.0	20.899999999999995	66.93333333333334	20.233333333333338		2
6	26	20	SoFi Stadium	Inglewood	33.989452	-118.314606	GMT-7	38.0	19.686666666666664	73.0	19.54666666666667		3
6	26	21	SoFi Stadium	Inglewood	33.989452	-118.314606	GMT-7	38.0	18.886666666666663	77.2	19.26		4
6	26	22	SoFi Stadium	Inglewood	33.989452	-118.314606	GMT-7	38.0	18.53333333333334	78.86666666666666	19.24666666666667		5
6	26	23	SoFi Stadium	Inglewood	33.989452	-118.314606	GMT-7	38.0	18.08	81.6	19.040000000000003		6
6	27	0	SoFi Stadium	Inglewood	33.989452	-118.314606	GMT-7	38.0	17.966666666666665	82.33333333333333	18.819999999999997		7
6	27	15	SoFi Stadium	Inglewood	33.989452	-118.314606	GMT-7	38.0	26.8	46.46666666666667	27.006666666666664		22
6	27	16	SoFi Stadium	Inglewood	33.989452	-118.314606	GMT-7	38.0	25.84666666666667	48.86666666666667	25.473333333333333		23
6	27	17	SoFi Stadium	Inglewood	33.989452	-118.314606	GMT-7	38.0	24.573333333333334	52.86666666666667	23.75333333333333		0
6	27	18	SoFi Stadium	Inglewood	33.989452	-118.314606	GMT-7	38.0	23.133333333333333	58.333333333333336	22.279999999999998		1
6	27	19	SoFi Stadium	Inglewood	33.989452	-118.314606	GMT-7	38.0	21.513333333333332	65.33333333333333	20.980000000000004		2
6	27	20	SoFi Stadium	Inglewood	33.989452	-118.314606	GMT-7	38.0	20.21333333333333	71.53333333333333	20.166666666666668		3
6	27	21	SoFi Stadium	Inglewood	33.989452	-118.314606	GMT-7	38.0	19.293333333333333	75.86666666666666	19.56		4
6	27	22	SoFi Stadium	Inglewood	33.989452	-118.314606	GMT-7	38.0	18.720000000000002	78.46666666666667	19.186666666666664		5
6	27	23	SoFi Stadium	Inglewood	33.989452	-118.314606	GMT-7	38.0	18.34666666666667	80.33333333333333	19.026666666666664		6