month,day,hour,stadium,city,latitude,longitude,utc_offset_seconds,timezone,timezone_abbreviation,elevation,temperature_2m,relative_humidity_2m,apparent_temperature
6,10,0,BMO Field,Toronto,43.690685,-79.41174,-14400,America/Toronto,GMT-4,83.0,15.686666666666667,76.86666666666666,14.466666666666667
6,10,1,BMO Field,Toronto,43.690685,-79.41174,-14400,America/Toronto,GMT-4,83.0,15.2,81.6,14.073333333333332
6,10,2,BMO Field,Toronto,43.690685,-79.41174,-14400,America/Toronto,GMT-4,83.0,14.746666666666668,80.26666666666667,13.346666666666666
6,10,3,BMO Field,Toronto,43.690685,-79.41174,-14400,America/Toronto,GMT-4,83.0,14.373333333333335,78.4,12.666666666666668
6,10,4,BMO Field,Toronto,43.690685,-79.41174,-14400,America/Toronto,GMT-4,83.0,14.093333333333334,75.73333333333333,12.133333333333335
6,10,5,BMO Field,Toronto,43.690685,-79.41174,-14400,America/Toronto,GMT-4,83.0,13.92,72.86666666666666,11.740000000000002
6,10,6,BMO Field,Toronto,43.690685,-79.41174,-14400,America/Toronto,GMT-4,83.0,14.04,70.73333333333333,11.800000000000002
6,10,7,BMO Field,Toronto,43.690685,-79.41174,-14400,America/Toronto,GMT-4,83.0,14.699999999999998,68.6,12.513333333333332
6,10,8,BMO Field,Toronto,43.690685,-79.41174,-14400,America/Toronto,GMT-4,83.0,15.85333333333333,65.2,13.586666666666668
6,10,9,BMO Field,Toronto,43.690685,-79.41174,-14400,America/Toronto,GMT-4,83.0,17.246666666666663,60.0,14.813333333333334
6,10,10,BMO Field,Toronto,43.690685,-79.41174,-14400,America/Toronto,GMT-4,83.0,18.459999999999997,54.46666666666667,15.860000000000003
6,10,11,BMO Field,Toronto,43.690685,-79.41174,-14400,America/Toronto,GMT-4,83.0,19.380000000000003,50.333333333333336,16.853333333333335
6,10,12,BMO Field,Toronto,43.690685,-79.41174,-14400,America/Toronto,GMT-4,83.0,20.1,47.733333333333334,17.793333333333337
6,10,13,BMO Field,Toronto,43.690685,-79.41174,-14400,America/Toronto,GMT-4,83.0,20.719999999999995,46.53333333333333,18.64
6,10,14,BMO Field,Toronto,43.690685,-79.41174,-14400,America/Toronto,GMT-4,83.0,21.126666666666665,46.333333333333336,19.153333333333332
6,10,15,BMO Field,Toronto,43.690685,-79.41174,-14400,America/Toronto,GMT-4,83.0,21.4,46.53333333333333,19.5
6,10,16,BMO Field,Toronto,43.690685,-79.41174,-14400,America/Toronto,GMT-4,83.0,21.486666666666665,46.266666666666666,19.459999999999997
6,10,17,BMO Field,Toronto,43.690685,-79.41174,-14400,America/Toronto,GMT-4,83.0,21.239999999999995,46.6,18.966666666666665
6,10,18,BMO Field,Toronto,43.690685,-79.41174,-14400,America/Toronto,GMT-4,83.0,20.513333333333332,49.666666666666664,18.22666666666667
6,10,19,BMO Field,Toronto,43.690685,-79.41174,-14400,America/Toronto,GMT-4,83.0,19.499999999999996,54.8,17.480000000000004
6,10,20,BMO Field,Toronto,43.690685,-79.41174,-14400,America/Toronto,GMT-4,83.0,18.27333333333333,61.266666666666666,16.693333333333335
6,10,21,BMO Field,Toronto,43.690685,-79.41174,-14400,America/Toronto,GMT-4,83.0,17.366666666666667,64.33333333333333,15.886666666666667
6,10,22,BMO Field,Toronto,43.690685,-79.41174,-14400,America/Toronto,GMT-4,83.0,16.566666666666666,66.26666666666667,14.993333333333336
6,10,23,BMO Field,Toronto,43.690685,-79.41174,-14400,America/Toronto,GMT-4,83.0,16.186666666666667,71.4,14.813333333333333
6,11,0,BMO Field,Toronto,43.690685,-79.41174,-14400,America/Toronto,GMT-4,83.0,16.04666666666667,73.13333333333334,14.866666666666667
6,11,1,BMO Field,Toronto,43.690685,-79.41174,-14400,America/Toronto,GMT-4,83.0,15.366666666666669,69.6,13.973333333333333
6,11,2,BMO Field,Toronto,43.690685,-79.41174,-14400,America/Toronto,GMT-4,83.0,15.100000000000001,70.66666666666667,13.713333333333333
6,11,3,BMO Field,Toronto,43.690685,-79.41174,-14400,America/Toronto,GMT-4,83.0,14.813333333333334,71.4,13.359999999999998
6,11,4,BMO Field,Toronto,43.690685,-79.41174,-14400,America/Toronto,GMT-4,83.0,14.366666666666667,74.06666666666666,12.966666666666667
6,11,5,BMO Field,Toronto,43.690685,-79.41174,-14400,America/Toronto,GMT-4,83.0,13.933333333333332,77.06666666666666,12.506666666666666
6,11,6,BMO Field,Toronto,43.690685,-79.41174,-14400,America/Toronto,GMT-4,83.0,14.113333333333333,78.4,12.793333333333331
6,11,7,BMO Field,Toronto,43.690685,-79.41174,-14400,America/Toronto,GMT-4,83.0,14.913333333333332,75.86666666666666,13.686666666666666
6,11,8,BMO Field,Toronto,43.690685,-79.41174,-14400,America/Toronto,GMT-4,83.0,16.24,71.13333333333334,15.106666666666666
6,11,9,BMO Field,Toronto,43.690685,-79.41174,-14400,America/Toronto,GMT-4,83.0,17.433333333333334,66.86666666666666,16.37333333333333
6,11,10,BMO Field,Toronto,43.690685,-79.41174,-14400,America/Toronto,GMT-4,83.0,18.339999999999996,65.2,17.393333333333334
6,11,11,BMO Field,Toronto,43.690685,-79.41174,-14400,America/Toronto,GMT-4,83.0,18.986666666666668,64.73333333333333,18.393333333333334
6,11,12,BMO Field,Toronto,43.690685,-79.41174,-14400,America/Toronto,GMT-4,83.0,19.68,63.733333333333334,19.413333333333334
6,11,13,BMO Field,Toronto,43.690685,-79.41174,-14400,America/Toronto,GMT-4,83.0,20.106666666666666,63.13333333333333,20.006666666666668
6,11,14,BMO Field,Toronto,43.690685,-79.41174,-14400,America/Toronto,GMT-4,83.0,20.486666666666668,62.666666666666664,20.386666666666667
6,11,15,BMO Field,Toronto,43.690685,-79.41174,-14400,America/Toronto,GMT-4,83.0,20.413333333333334,63.93333333333333,20.10666666666667
6,11,16,BMO Field,Toronto,43.690685,-79.41174,-14400,America/Toronto,GMT-4,83.0,20.32,65.4,19.826666666666664
6,11,17,BMO Field,Toronto,43.690685,-79.41174,-14400,America/Toronto,GMT-4,83.0,20.199999999999996,66.13333333333334,19.453333333333333
6,11,18,BMO Field,Toronto,43.690685,-79.41174,-14400,America/Toronto,GMT-4,83.0,20.166666666666668,65.73333333333333,19.253333333333334
6,11,19,BMO Field,Toronto,43.690685,-79.41174,-14400,America/Toronto,GMT-4,83.0,19.839999999999996,67.06666666666666,18.993333333333336
6,11,20,BMO Field,Toronto,43.690685,-79.41174,-14400,America/Toronto,GMT-4,83.0,19.060000000000002,70.6,18.366666666666667
6,11,21,BMO Field,Toronto,43.690685,-79.41174,-14400,America/Toronto,GMT-4,83.0,18.280000000000005,74.46666666666667,17.779999999999998
6,11,22,BMO Field,Toronto,43.690685,-79.41174,-14400,America/Toronto,GMT-4,83.0,17.693333333333335,77.33333333333333,17.100000000000005
6,11,23,BMO Field,Toronto,43.690685,-79.41174,-14400,America/Toronto,GMT-4,83.0,16.94,74.66666666666667,16.02
6,12,0,BMO Field,Toronto,43.690685,-79.41174,-14400,America/Toronto,GMT-4,83.0,16.766666666666666,77.66666666666667,15.8
6,12,1,BMO Field,Toronto,43.690685,-79.41174,-14400,America/Toronto,GMT-4,83.0,16.346666666666668,84.4,15.66
6,12,2,BMO Field,Toronto,43.690685,-79.41174,-14400,America/Toronto,GMT-4,83.0,15.946666666666667,84.8,15.266666666666664
6,12,3,BMO Field,Toronto,43.690685,-79.41174,-14400,America/Toronto,GMT-4,83.0,15.620000000000001,84.0,14.833333333333332
6,12,4,BMO Field,Toronto,43.690685,-79.41174,-14400,America/Toronto,GMT-4,83.0,15.406666666666668,82.73333333333333,14.393333333333333
6,12,5,BMO Field,Toronto,43.690685,-79.41174,-14400,America/Toronto,GMT-4,83.0,15.213333333333336,82.33333333333333,14.066666666666665
6,12,6,BMO Field,Toronto,43.690685,-79.41174,-14400,America/Toronto,GMT-4,83.0,15.326666666666666,81.53333333333333,14.206666666666667
6,12,7,BMO Field,Toronto,43.690685,-79.41174,-14400,America/Toronto,GMT-4,83.0,15.786666666666667,80.0,14.826666666666664
6,12,8,BMO Field,Toronto,43.690685,-79.41174,-14400,America/Toronto,GMT-4,83.0,16.513333333333335,77.93333333333334,15.833333333333334
6,12,9,BMO Field,Toronto,43.690685,-79.41174,-14400,America/Toronto,GMT-4,83.0,17.186666666666667,76.6,16.686666666666664
6,12,10,BMO Field,Toronto,43.690685,-79.41174,-14400,America/Toronto,GMT-4,83.0,18.0,74.86666666666666,17.7
6,12,11,BMO Field,Toronto,43.690685,-79.41174,-14400,America/Toronto,GMT-4,83.0,18.933333333333334,72.06666666666666,18.880000000000003
6,12,12,BMO Field,Toronto,43.690685,-79.41174,-14400,America/Toronto,GMT-4,83.0,19.906666666666663,68.73333333333333,20.3
6,12,13,BMO Field,Toronto,43.690685,-79.41174,-14400,America/Toronto,GMT-4,83.0,20.673333333333332,66.33333333333333,21.486666666666668
6,12,14,BMO Field,Toronto,43.690685,-79.41174,-14400,America/Toronto,GMT-4,83.0,21.14666666666666,65.13333333333334,22.0
6,12,15,BMO Field,Toronto,43.690685,-79.41174,-14400,America/Toronto,GMT-4,83.0,21.57333333333333,63.333333333333336,22.19333333333333
6,12,16,BMO Field,Toronto,43.690685,-79.41174,-14400,America/Toronto,GMT-4,83.0,21.69333333333333,62.13333333333333,22.006666666666668
6,12,17,BMO Field,Toronto,43.690685,-79.41174,-14400,America/Toronto,GMT-4,83.0,21.80666666666667,60.86666666666667,21.813333333333333
6,12,18,BMO Field,Toronto,43.690685,-79.41174,-14400,America/Toronto,GMT-4,83.0,21.526666666666667,60.86666666666667,21.186666666666664
6,12,19,BMO Field,Toronto,43.690685,-79.41174,-14400,America/Toronto,GMT-4,83.0,20.913333333333334,61.4,20.186666666666664
6,12,20,BMO Field,Toronto,43.690685,-79.41174,-14400,America/Toronto,GMT-4,83.0,19.779999999999994,62.8,18.753333333333337
6,12,21,BMO Field,Toronto,43.690685,-79.41174,-14400,America/Toronto,GMT-4,83.0,18.59333333333333,64.86666666666666,17.32
6,12,22,BMO Field,Toronto,43.690685,-79.41174,-14400,America/Toronto,GMT-4,83.0,17.68,65.73333333333333,16.266666666666666
6,12,23,BMO Field,Toronto,43.690685,-79.41174,-14400,America/Toronto,GMT-4,83.0,17.16,71.66666666666667,15.913333333333334
6,13,0,BMO Field,Toronto,43.690685,-79.41174,-14400,America/Toronto,GMT-4,83.0,16.493333333333332,70.46666666666667,15.400000000000002
6,13,1,BMO Field,Toronto,43.690685,-79.41174,-14400,America/Toronto,GMT-4,83.0,15.686666666666666,70.46666666666667,14.42666666666667
6,13,2,BMO Field,Toronto,43.690685,-79.41174,-14400,America/Toronto,GMT-4,83.0,15.166666666666666,72.73333333333333,14.013333333333334
6,13,3,BMO Field,Toronto,43.690685,-79.41174,-14400,America/Toronto,GMT-4,83.0,14.819999999999999,74.8,13.720000000000002
6,13,4,BMO Field,Toronto,43.690685,-79.41174,-14400,America/Toronto,GMT-4,83.0,14.593333333333334,78.0,13.506666666666668
6,13,5,BMO Field,Toronto,43.690685,-79.41174,-14400,America/Toronto,GMT-4,83.0,14.333333333333334,81.33333333333333,13.253333333333336
6,13,6,BMO Field,Toronto,43.690685,-79.41174,-14400,America/Toronto,GMT-4,83.0,14.386666666666667,82.4,13.24666666666667
6,13,7,BMO Field,Toronto,43.690685,-79.41174,-14400,America/Toronto,GMT-4,83.0,15.006666666666666,79.13333333333334,13.886666666666667
6,13,8,BMO Field,Toronto,43.690685,-79.41174,-14400,America/Toronto,GMT-4,83.0,16.346666666666668,72.86666666666666,15.193333333333332
6,13,9,BMO Field,Toronto,43.690685,-79.41174,-14400,America/Toronto,GMT-4,83.0,17.966666666666665,66.06666666666666,16.88
6,13,10,BMO Field,Toronto,43.690685,-79.41174,-14400,America/Toronto,GMT-4,83.0,19.473333333333336,60.666666666666664,18.59333333333333
6,13,11,BMO Field,Toronto,43.690685,-79.41174,-14400,America/Toronto,GMT-4,83.0,20.413333333333334,58.4,19.806666666666665
6,13,12,BMO Field,Toronto,43.690685,-79.41174,-14400,America/Toronto,GMT-4,83.0,20.899999999999995,58.333333333333336,20.66
6,13,13,BMO Field,Toronto,43.690685,-79.41174,-14400,America/Toronto,GMT-4,83.0,21.086666666666666,58.86666666666667,20.89333333333333
6,13,14,BMO Field,Toronto,43.690685,-79.41174,-14400,America/Toronto,GMT-4,83.0,21.326666666666668,57.666666666666664,21.04
6,13,15,BMO Field,Toronto,43.690685,-79.41174,-14400,America/Toronto,GMT-4,83.0,21.44666666666667,57.13333333333333,20.959999999999997
6,13,16,BMO Field,Toronto,43.690685,-79.41174,-14400,America/Toronto,GMT-4,83.0,21.486666666666668,56.93333333333333,20.866666666666667
6,13,17,BMO Field,Toronto,43.690685,-79.41174,-14400,America/Toronto,GMT-4,83.0,21.240000000000002,58.6,20.506666666666668
6,13,18,BMO Field,Toronto,43.690685,-79.41174,-14400,America/Toronto,GMT-4,83.0,20.866666666666667,60.06666666666667,19.973333333333333
6,13,19,BMO Field,Toronto,43.690685,-79.41174,-14400,America/Toronto,GMT-4,83.0,20.286666666666665,63.2,19.393333333333334
6,13,20,BMO Field,Toronto,43.690685,-79.41174,-14400,America/Toronto,GMT-4,83.0,19.606666666666666,65.53333333333333,18.62666666666667
6,13,21,BMO Field,Toronto,43.690685,-79.41174,-14400,America/Toronto,GMT-4,83.0,18.77333333333333,69.06666666666666,17.873333333333335
6,13,22,BMO Field,Toronto,43.690685,-79.41174,-14400,America/Toronto,GMT-4,83.0,18.033333333333335,71.06666666666666,17.146666666666665
6,13,23,BMO Field,Toronto,43.690685,-79.41174,-14400,America/Toronto,GMT-4,83.0,17.220000000000002,71.2,16.273333333333333
6,14,0,BMO Field,Toronto,43.690685,-79.41174,-14400,America/Toronto,GMT-4,83.0,16.493333333333332,74.46666666666667,15.766666666666667
6,14,1,BMO Field,Toronto,43.690685,-79.41174,-14400,America/Toronto,GMT-4,83.0,16.346666666666668,78.26666666666667,15.793333333333331
6,14,2,BMO Field,Toronto,43.690685,-79.41174,-14400,America/Toronto,GMT-4,83.0,16.02,77.73333333333333,15.28
6,14,3,BMO Field,Toronto,43.690685,-79.41174,-14400,America/Toronto,GMT-4,83.0,15.680000000000001,76.86666666666666,14.639999999999999
6,14,4,BMO Field,Toronto,43.690685,-79.41174,-14400,America/Toronto,GMT-4,83.0,15.24666666666667,76.66666666666667,13.98
6,14,5,BMO Field,Toronto,43.690685,-79.41174,-14400,America/Toronto,GMT-4,83.0,14.880000000000003,77.6,13.48
6,14,6,BMO Field,Toronto,43.690685,-79.41174,-14400,America/Toronto,GMT-4,83.0,14.986666666666668,77.8,13.593333333333332
6,14,7,BMO Field,Toronto,43.690685,-79.41174,-14400,America/Toronto,GMT-4,83.0,15.633333333333333,76.46666666666667,14.286666666666665
6,14,8,BMO Field,Toronto,43.690685,-79.41174,-14400,America/Toronto,GMT-4,83.0,16.76,73.33333333333333,15.513333333333332
6,14,9,BMO Field,Toronto,43.690685,-79.41174,-14400,America/Toronto,GMT-4,83.0,17.913333333333334,69.93333333333334,16.813333333333333
6,14,10,BMO Field,Toronto,43.690685,-79.41174,-14400,America/Toronto,GMT-4,83.0,18.920000000000005,67.26666666666667,18.246666666666666
6,14,11,BMO Field,Toronto,43.690685,-79.41174,-14400,America/Toronto,GMT-4,83.0,19.76666666666667,64.6,19.533333333333335
6,14,12,BMO Field,Toronto,43.690685,-79.41174,-14400,America/Toronto,GMT-4,83.0,20.386666666666667,62.46666666666667,20.673333333333332
6,14,13,BMO Field,Toronto,43.690685,-79.41174,-14400,America/Toronto,GMT-4,83.0,20.753333333333334,60.333333333333336,21.366666666666667
6,14,14,BMO Field,Toronto,43.690685,-79.41174,-14400,America/Toronto,GMT-4,83.0,21.026666666666664,58.6,21.76
6,14,15,BMO Field,Toronto,43.690685,-79.41174,-14400,America/Toronto,GMT-4,83.0,21.166666666666668,57.06666666666667,21.540000000000003
6,14,16,BMO Field,Toronto,43.690685,-79.41174,-14400,America/Toronto,GMT-4,83.0,21.24,57.0,21.14
6,14,17,BMO Field,Toronto,43.690685,-79.41174,-14400,America/Toronto,GMT-4,83.0,21.006666666666664,56.8,20.22666666666667
6,14,18,BMO Field,Toronto,43.690685,-79.41174,-14400,America/Toronto,GMT-4,83.0,20.666666666666668,56.733333333333334,19.533333333333335
6,14,19,BMO Field,Toronto,43.690685,-79.41174,-14400,America/Toronto,GMT-4,83.0,20.026666666666674,57.666666666666664,18.74666666666667
6,14,20,BMO Field,Toronto,43.690685,-79.41174,-14400,America/Toronto,GMT-4,83.0,19.279999999999998,59.666666666666664,18.126666666666665
6,14,21,BMO Field,Toronto,43.690685,-79.41174,-14400,America/Toronto,GMT-4,83.0,18.406666666666663,62.266666666666666,17.30666666666667
6,14,22,BMO Field,Toronto,43.690685,-79.41174,-14400,America/Toronto,GMT-4,83.0,17.533333333333335,63.93333333333333,16.306666666666665
6,14,23,BMO Field,Toronto,43.690685,-79.41174,-14400,America/Toronto,GMT-4,83.0,16.959999999999997,69.26666666666667,15.946666666666665
6,15,0,BMO Field,Toronto,43.690685,-79.41174,-14400,America/Toronto,GMT-4,83.0,15.933333333333334,70.4,14.499999999999998
6,15,1,BMO Field,Toronto,43.690685,-79.41174,-14400,America/Toronto,GMT-4,83.0,15.406666666666665,72.66666666666667,13.94
6,15,2,BMO Field,Toronto,43.690685,-79.41174,-14400,America/Toronto,GMT-4,83.0,15.120000000000001,73.93333333333334,13.586666666666666
6,15,3,BMO Field,Toronto,43.690685,-79.41174,-14400,America/Toronto,GMT-4,83.0,14.899999999999999,75.06666666666666,13.313333333333334
6,15,4,BMO Field,Toronto,43.690685,-79.41174,-14400,America/Toronto,GMT-4,83.0,14.653333333333334,76.4,13.06666666666667
6,15,5,BMO Field,Toronto,43.690685,-79.41174,-14400,America/Toronto,GMT-4,83.0,14.42666666666667,77.13333333333334,12.833333333333337
6,15,6,BMO Field,Toronto,43.690685,-79.41174,-14400,America/Toronto,GMT-4,83.0,14.573333333333334,76.2,12.946666666666669
6,15,7,BMO Field,Toronto,43.690685,-79.41174,-14400,America/Toronto,GMT-4,83.0,15.379999999999999,73.26666666666667,13.76
6,15,8,BMO Field,Toronto,43.690685,-79.41174,-14400,America/Toronto,GMT-4,83.0,16.753333333333334,68.93333333333334,15.206666666666669
6,15,9,BMO Field,Toronto,43.690685,-79.41174,-14400,America/Toronto,GMT-4,83.0,18.2,64.26666666666667,16.753333333333334
6,15,10,BMO Field,Toronto,43.690685,-79.41174,-14400,America/Toronto,GMT-4,83.0,19.233333333333334,60.6,17.966666666666665
6,15,11,BMO Field,Toronto,43.690685,-79.41174,-14400,America/Toronto,GMT-4,83.0,19.819999999999997,58.13333333333333,18.680000000000003
6,15,12,BMO Field,Toronto,43.690685,-79.41174,-14400,America/Toronto,GMT-4,83.0,20.25333333333333,56.333333333333336,19.366666666666667
6,15,13,BMO Field,Toronto,43.690685,-79.41174,-14400,America/Toronto,GMT-4,83.0,20.733333333333334,54.6,20.03333333333334
6,15,14,BMO Field,Toronto,43.690685,-79.41174,-14400,America/Toronto,GMT-4,83.0,21.19333333333333,53.333333333333336,20.653333333333332
6,15,15,BMO Field,Toronto,43.690685,-79.41174,-14400,America/Toronto,GMT-4,83.0,21.493333333333332,52.666666666666664,21.013333333333332
6,15,16,BMO Field,Toronto,43.690685,-79.41174,-14400,America/Toronto,GMT-4,83.0,21.459999999999997,53.266666666666666,20.793333333333333
6,15,17,BMO Field,Toronto,43.690685,-79.41174,-14400,America/Toronto,GMT-4,83.0,21.253333333333334,54.53333333333333,20.366666666666667
6,15,18,BMO Field,Toronto,43.690685,-79.41174,-14400,America/Toronto,GMT-4,83.0,20.8,56.6,19.65333333333333
6,15,19,BMO Field,Toronto,43.690685,-79.41174,-14400,America/Toronto,GMT-4,83.0,20.186666666666667,58.6,18.986666666666668
6,15,20,BMO Field,Toronto,43.690685,-79.41174,-14400,America/Toronto,GMT-4,83.0,19.33333333333333,59.666666666666664,17.98
6,15,21,BMO Field,Toronto,43.690685,-79.41174,-14400,America/Toronto,GMT-4,83.0,18.28666666666667,62.13333333333333,16.880000000000003
6,15,22,BMO Field,Toronto,43.690685,-79.41174,-14400,America/Toronto,GMT-4,83.0,17.386666666666667,64.26666666666667,15.88
6,15,23,BMO Field,Toronto,43.690685,-79.41174,-14400,America/Toronto,GMT-4,83.0,16.54,68.0,15.12
6,16,0,BMO Field,Toronto,43.690685,-79.41174,-14400,America/Toronto,GMT-4,83.0,16.319999999999997,67.6,14.939999999999996
6,16,1,BMO Field,Toronto,43.690685,-79.41174,-14400,America/Toronto,GMT-4,83.0,15.493333333333332,70.06666666666666,14.266666666666664
6,16,2,BMO Field,Toronto,43.690685,-79.41174,-14400,America/Toronto,GMT-4,83.0,15.153333333333332,71.2,14.006666666666666
6,16,3,BMO Field,Toronto,43.690685,-79.41174,-14400,America/Toronto,GMT-4,83.0,14.893333333333334,72.86666666666666,13.793333333333331
6,16,4,BMO Field,Toronto,43.690685,-79.41174,-14400,America/Toronto,GMT-4,83.0,14.740000000000002,75.0,13.646666666666668
6,16,5,BMO Field,Toronto,43.690685,-79.41174,-14400,America/Toronto,GMT-4,83.0,14.726666666666667,77.13333333333334,13.653333333333334
6,16,6,BMO Field,Toronto,43.690685,-79.41174,-14400,America/Toronto,GMT-4,83.0,15.133333333333331,77.73333333333333,14.060000000000002
6,16,7,BMO Field,Toronto,43.690685,-79.41174,-14400,America/Toronto,GMT-4,83.0,16.106666666666666,76.73333333333333,15.26666666666667
6,16,8,BMO Field,Toronto,43.690685,-79.41174,-14400,America/Toronto,GMT-4,83.0,17.506666666666668,73.0,16.866666666666664
6,16,9,BMO Field,Toronto,43.690685,-79.41174,-14400,America/Toronto,GMT-4,83.0,19.080000000000002,67.93333333333334,18.626666666666665
6,16,10,BMO Field,Toronto,43.690685,-79.41174,-14400,America/Toronto,GMT-4,83.0,20.34,62.6,19.826666666666664
6,16,11,BMO Field,Toronto,43.690685,-79.41174,-14400,America/Toronto,GMT-4,83.0,21.400000000000002,58.8,21.093333333333327
6,16,12,BMO Field,Toronto,43.690685,-79.41174,-14400,America/Toronto,GMT-4,83.0,22.2,56.53333333333333,22.266666666666662
6,16,13,BMO Field,Toronto,43.690685,-79.41174,-14400,America/Toronto,GMT-4,83.0,22.566666666666666,56.266666666666666,23.019999999999992
6,16,14,BMO Field,Toronto,43.690685,-79.41174,-14400,America/Toronto,GMT-4,83.0,23.046666666666667,55.0,23.55333333333333
6,16,15,BMO Field,Toronto,43.690685,-79.41174,-14400,America/Toronto,GMT-4,83.0,23.41333333333333,53.13333333333333,23.633333333333333
6,16,16,BMO Field,Toronto,43.690685,-79.41174,-14400,America/Toronto,GMT-4,83.0,23.75333333333333,50.666666666666664,23.406666666666663
6,16,17,BMO Field,Toronto,43.690685,-79.41174,-14400,America/Toronto,GMT-4,83.0,23.27333333333333,51.333333333333336,22.373333333333335
6,16,18,BMO Field,Toronto,43.690685,-79.41174,-14400,America/Toronto,GMT-4,83.0,22.34,53.93333333333333,21.02
6,16,19,BMO Field,Toronto,43.690685,-79.41174,-14400,America/Toronto,GMT-4,83.0,21.26,56.6,19.826666666666664
6,16,20,BMO Field,Toronto,43.690685,-79.41174,-14400,America/Toronto,GMT-4,83.0,20.10666666666667,58.86666666666667,18.740000000000002
6,16,21,BMO Field,Toronto,43.690685,-79.41174,-14400,America/Toronto,GMT-4,83.0,19.066666666666666,60.4,17.68
6,16,22,BMO Field,Toronto,43.690685,-79.41174,-14400,America/Toronto,GMT-4,83.0,18.186666666666667,62.2,16.759999999999998
6,16,23,BMO Field,Toronto,43.690685,-79.41174,-14400,America/Toronto,GMT-4,83.0,17.233333333333334,64.8,15.733333333333329
6,17,0,BMO Field,Toronto,43.690685,-79.41174,-14400,America/Toronto,GMT-4,83.0,17.5,66.6,16.166666666666668
6,17,1,BMO Field,Toronto,43.690685,-79.41174,-14400,America/Toronto,GMT-4,83.0,16.666666666666668,67.8,15.326666666666666
6,17,2,BMO Field,Toronto,43.690685,-79.41174,-14400,America/Toronto,GMT-4,83.0,16.206666666666667,69.86666666666666,14.846666666666666
6,17,3,BMO Field,Toronto,43.690685,-79.41174,-14400,America/Toronto,GMT-4,83.0,15.600000000000001,72.86666666666666,14.359999999999998
6,17,4,BMO Field,Toronto,43.690685,-79.41174,-14400,America/Toronto,GMT-4,83.0,15.1,74.93333333333334,13.899999999999999
6,17,5,BMO Field,Toronto,43.690685,-79.41174,-14400,America/Toronto,GMT-4,83.0,14.686666666666666,76.4,13.553333333333333
6,17,6,BMO Field,Toronto,43.690685,-79.41174,-14400,America/Toronto,GMT-4,83.0,14.9,76.0,13.74
6,17,7,BMO Field,Toronto,43.690685,-79.41174,-14400,America/Toronto,GMT-4,83.0,15.893333333333333,74.6,14.946666666666667
6,17,8,BMO Field,Toronto,43.690685,-79.41174,-14400,America/Toronto,GMT-4,83.0,17.493333333333332,71.26666666666667,16.74666666666667
6,17,9,BMO Field,Toronto,43.690685,-79.41174,-14400,America/Toronto,GMT-4,83.0,19.26,66.73333333333333,18.686666666666667
6,17,10,BMO Field,Toronto,43.690685,-79.41174,-14400,America/Toronto,GMT-4,83.0,20.77333333333333,61.0,20.146666666666665
6,17,11,BMO Field,Toronto,43.690685,-79.41174,-14400,America/Toronto,GMT-4,83.0,22.073333333333334,56.13333333333333,21.526666666666664
6,17,12,BMO Field,Toronto,43.690685,-79.41174,-14400,America/Toronto,GMT-4,83.0,23.206666666666663,52.06666666666667,22.86
6,17,13,BMO Field,Toronto,43.690685,-79.41174,-14400,America/Toronto,GMT-4,83.0,24.14666666666666,49.06666666666667,23.799999999999997
6,17,14,BMO Field,Toronto,43.690685,-79.41174,-14400,America/Toronto,GMT-4,83.0,24.82666666666666,46.666666666666664,24.27333333333333
6,17,15,BMO Field,Toronto,43.690685,-79.41174,-14400,America/Toronto,GMT-4,83.0,25.133333333333333,45.266666666666666,24.133333333333333
6,17,16,BMO Field,Toronto,43.690685,-79.41174,-14400,America/Toronto,GMT-4,83.0,24.946666666666665,46.0,23.6
6,17,17,BMO Field,Toronto,43.690685,-79.41174,-14400,America/Toronto,GMT-4,83.0,24.386666666666663,48.2,22.720000000000006
6,17,18,BMO Field,Toronto,43.690685,-79.41174,-14400,America/Toronto,GMT-4,83.0,23.466666666666665,51.666666666666664,21.71333333333333
6,17,19,BMO Field,Toronto,43.690685,-79.41174,-14400,America/Toronto,GMT-4,83.0,22.386666666666667,54.733333333333334,20.706666666666667
6,17,20,BMO Field,Toronto,43.690685,-79.41174,-14400,America/Toronto,GMT-4,83.0,21.1,58.0,19.580000000000002
6,17,21,BMO Field,Toronto,43.690685,-79.41174,-14400,America/Toronto,GMT-4,83.0,19.98,60.8,18.553333333333335
6,17,22,BMO Field,Toronto,43.690685,-79.41174,-14400,America/Toronto,GMT-4,83.0,19.133333333333333,63.86666666666667,17.78666666666667
6,17,23,BMO Field,Toronto,43.690685,-79.41174,-14400,America/Toronto,GMT-4,83.0,18.273333333333333,65.46666666666667,16.96666666666667
6,18,0,BMO Field,Toronto,43.690685,-79.41174,-14400,America/Toronto,GMT-4,83.0,18.279999999999998,72.73333333333333,17.39333333333333
6,18,1,BMO Field,Toronto,43.690685,-79.41174,-14400,America/Toronto,GMT-4,83.0,17.786666666666665,69.86666666666666,16.40666666666667
6,18,2,BMO Field,Toronto,43.690685,-79.41174,-14400,America/Toronto,GMT-4,83.0,17.5,71.06666666666666,16.32
6,18,3,BMO Field,Toronto,43.690685,-79.41174,-14400,America/Toronto,GMT-4,83.0,17.226666666666667,72.66666666666667,16.28
6,18,4,BMO Field,Toronto,43.690685,-79.41174,-14400,America/Toronto,GMT-4,83.0,16.966666666666665,73.93333333333334,16.10666666666667
6,18,5,BMO Field,Toronto,43.690685,-79.41174,-14400,America/Toronto,GMT-4,83.0,16.793333333333333,74.93333333333334,15.933333333333334
6,18,6,BMO Field,Toronto,43.690685,-79.41174,-14400,America/Toronto,GMT-4,83.0,16.953333333333333,74.93333333333334,16.026666666666664
6,18,7,BMO Field,Toronto,43.690685,-79.41174,-14400,America/Toronto,GMT-4,83.0,17.593333333333337,74.86666666666666,16.793333333333333
6,18,8,BMO Field,Toronto,43.690685,-79.41174,-14400,America/Toronto,GMT-4,83.0,18.366666666666667,75.0,17.833333333333332
6,18,9,BMO Field,Toronto,43.690685,-79.41174,-14400,America/Toronto,GMT-4,83.0,19.333333333333332,74.73333333333333,19.266666666666666
6,18,10,BMO Field,Toronto,43.690685,-79.41174,-14400,America/Toronto,GMT-4,83.0,20.206666666666667,73.26666666666667,20.613333333333337
6,18,11,BMO Field,Toronto,43.690685,-79.41174,-14400,America/Toronto,GMT-4,83.0,20.92,71.13333333333334,21.580000000000002
6,18,12,BMO Field,Toronto,43.690685,-79.41174,-14400,America/Toronto,GMT-4,83.0,21.22666666666667,70.13333333333334,22.040000000000006
6,18,13,BMO Field,Toronto,43.690685,-79.41174,-14400,America/Toronto,GMT-4,83.0,21.66666666666667,68.6,22.64666666666667
6,18,14,BMO Field,Toronto,43.690685,-79.41174,-14400,America/Toronto,GMT-4,83.0,22.34666666666667,66.26666666666667,23.506666666666668
6,18,15,BMO Field,Toronto,43.690685,-79.41174,-14400,America/Toronto,GMT-4,83.0,22.793333333333333,64.46666666666667,23.766666666666666
6,18,16,BMO Field,Toronto,43.690685,-79.41174,-14400,America/Toronto,GMT-4,83.0,22.99333333333333,64.0,23.759999999999998
6,18,17,BMO Field,Toronto,43.690685,-79.41174,-14400,America/Toronto,GMT-4,83.0,23.099999999999998,63.93333333333333,23.613333333333337
6,18,18,BMO Field,Toronto,43.690685,-79.41174,-14400,America/Toronto,GMT-4,83.0,23.25333333333333,63.4,23.79333333333333
6,18,19,BMO Field,Toronto,43.690685,-79.41174,-14400,America/Toronto,GMT-4,83.0,22.69333333333333,64.8,23.06
6,18,20,BMO Field,Toronto,43.690685,-79.41174,-14400,America/Toronto,GMT-4,83.0,21.62,68.26666666666667,21.946666666666665
6,18,21,BMO Field,Toronto,43.690685,-79.41174,-14400,America/Toronto,GMT-4,83.0,20.453333333333333,72.53333333333333,20.75333333333333
6,18,22,BMO Field,Toronto,43.690685,-79.41174,-14400,America/Toronto,GMT-4,83.0,19.613333333333337,76.26666666666667,19.93333333333333
6,18,23,BMO Field,Toronto,43.690685,-79.41174,-14400,America/Toronto,GMT-4,83.0,18.873333333333335,75.0,18.586666666666666
6,19,0,BMO Field,Toronto,43.690685,-79.41174,-14400,America/Toronto,GMT-4,83.0,18.566666666666663,77.6,18.633333333333333
6,19,1,BMO Field,Toronto,43.690685,-79.41174,-14400,America/Toronto,GMT-4,83.0,18.21333333333333,83.6,18.753333333333334
6,19,2,BMO Field,Toronto,43.690685,-79.41174,-14400,America/Toronto,GMT-4,83.0,17.819999999999997,85.13333333333334,18.386666666666667
6,19,3,BMO Field,Toronto,43.690685,-79.41174,-14400,America/Toronto,GMT-4,83.0,17.386666666666663,86.2,17.9
6,19,4,BMO Field,Toronto,43.690685,-79.41174,-14400,America/Toronto,GMT-4,83.0,16.999999999999996,86.93333333333334,17.44
6,19,5,BMO Field,Toronto,43.690685,-79.41174,-14400,America/Toronto,GMT-4,83.0,16.7,87.33333333333333,17.013333333333335
6,19,6,BMO Field,Toronto,43.690685,-79.41174,-14400,America/Toronto,GMT-4,83.0,16.913333333333334,86.26666666666667,17.033333333333335
6,19,7,BMO Field,Toronto,43.690685,-79.41174,-14400,America/Toronto,GMT-4,83.0,17.793333333333337,83.13333333333334,17.80666666666667
6,19,8,BMO Field,Toronto,43.690685,-79.41174,-14400,America/Toronto,GMT-4,83.0,19.233333333333334,77.46666666666667,19.12
6,19,9,BMO Field,Toronto,43.690685,-79.41174,-14400,America/Toronto,GMT-4,83.0,20.686666666666667,71.8,20.600000000000005
6,19,10,BMO Field,Toronto,43.690685,-79.41174,-14400,America/Toronto,GMT-4,83.0,21.939999999999998,66.8,21.993333333333336
6,19,11,BMO Field,Toronto,43.690685,-79.41174,-14400,America/Toronto,GMT-4,83.0,23.04,62.6,23.3
6,19,12,BMO Field,Toronto,43.690685,-79.41174,-14400,America/Toronto,GMT-4,83.0,24.02,58.06666666666667,24.30666666666667
6,19,13,BMO Field,Toronto,43.690685,-79.41174,-14400,America/Toronto,GMT-4,83.0,24.84,53.8,24.88
6,19,14,BMO Field,Toronto,43.690685,-79.41174,-14400,America/Toronto,GMT-4,83.0,25.3,50.666666666666664,25.006666666666668
6,19,15,BMO Field,Toronto,43.690685,-79.41174,-14400,America/Toronto,GMT-4,83.0,25.340000000000007,49.333333333333336,24.573333333333334
6,19,16,BMO Field,Toronto,43.690685,-79.41174,-14400,America/Toronto,GMT-4,83.0,25.14,48.266666666666666,23.813333333333333
6,19,17,BMO Field,Toronto,43.690685,-79.41174,-14400,America/Toronto,GMT-4,83.0,24.799999999999997,48.333333333333336,23.133333333333336
6,19,18,BMO Field,Toronto,43.690685,-79.41174,-14400,America/Toronto,GMT-4,83.0,24.286666666666658,49.8,22.66666666666667
6,19,19,BMO Field,Toronto,43.690685,-79.41174,-14400,America/Toronto,GMT-4,83.0,23.339999999999996,53.53333333333333,22.153333333333332
6,19,20,BMO Field,Toronto,43.690685,-79.41174,-14400,America/Toronto,GMT-4,83.0,21.92,57.666666666666664,20.913333333333334
6,19,21,BMO Field,Toronto,43.690685,-79.41174,-14400,America/Toronto,GMT-4,83.0,20.580000000000002,61.333333333333336,19.626666666666665
6,19,22,BMO Field,Toronto,43.690685,-79.41174,-14400,America/Toronto,GMT-4,83.0,19.513333333333332,64.33333333333333,18.499999999999996
6,19,23,BMO Field,Toronto,43.690685,-79.41174,-14400,America/Toronto,GMT-4,83.0,18.966666666666665,71.2,18.46666666666666
6,20,0,BMO Field,Toronto,43.690685,-79.41174,-14400,America/Toronto,GMT-4,83.0,18.933333333333337,72.73333333333333,18.66666666666667
6,20,1,BMO Field,Toronto,43.690685,-79.41174,-14400,America/Toronto,GMT-4,83.0,18.220000000000002,71.2,17.566666666666666
6,20,2,BMO Field,Toronto,43.690685,-79.41174,-14400,America/Toronto,GMT-4,83.0,17.886666666666667,73.13333333333334,17.333333333333332
6,20,3,BMO Field,Toronto,43.690685,-79.41174,-14400,America/Toronto,GMT-4,83.0,17.473333333333333,75.06666666666666,17.10666666666667
6,20,4,BMO Field,Toronto,43.690685,-79.41174,-14400,America/Toronto,GMT-4,83.0,17.066666666666666,77.0,16.793333333333333
6,20,5,BMO Field,Toronto,43.690685,-79.41174,-14400,America/Toronto,GMT-4,83.0,16.713333333333335,78.13333333333334,16.506666666666664
6,20,6,BMO Field,Toronto,43.690685,-79.41174,-14400,America/Toronto,GMT-4,83.0,16.746666666666666,77.93333333333334,16.526666666666667
6,20,7,BMO Field,Toronto,43.690685,-79.41174,-14400,America/Toronto,GMT-4,83.0,17.500000000000004,75.33333333333333,17.32
6,20,8,BMO Field,Toronto,43.690685,-79.41174,-14400,America/Toronto,GMT-4,83.0,18.893333333333338,70.73333333333333,18.693333333333335
6,20,9,BMO Field,Toronto,43.690685,-79.41174,-14400,America/Toronto,GMT-4,83.0,20.466666666666672,65.46666666666667,20.300000000000004
6,20,10,BMO Field,Toronto,43.690685,-79.41174,-14400,America/Toronto,GMT-4,83.0,21.66,61.4,21.526666666666667
6,20,11,BMO Field,Toronto,43.690685,-79.41174,-14400,America/Toronto,GMT-4,83.0,22.506666666666664,59.86666666666667,22.833333333333336
6,20,12,BMO Field,Toronto,43.690685,-79.41174,-14400,America/Toronto,GMT-4,83.0,23.13333333333333,59.8,24.04666666666667
6,20,13,BMO Field,Toronto,43.690685,-79.41174,-14400,America/Toronto,GMT-4,83.0,23.8,59.266666666666666,25.120000000000005
6,20,14,BMO Field,Toronto,43.690685,-79.41174,-14400,America/Toronto,GMT-4,83.0,24.413333333333334,57.46666666666667,25.666666666666668
6,20,15,BMO Field,Toronto,43.690685,-79.41174,-14400,America/Toronto,GMT-4,83.0,24.693333333333328,57.13333333333333,25.633333333333336
6,20,16,BMO Field,Toronto,43.690685,-79.41174,-14400,America/Toronto,GMT-4,83.0,24.653333333333332,58.46666666666667,25.280000000000005
6,20,17,BMO Field,Toronto,43.690685,-79.41174,-14400,America/Toronto,GMT-4,83.0,24.373333333333335,61.46666666666667,24.84666666666667
6,20,18,BMO Field,Toronto,43.690685,-79.41174,-14400,America/Toronto,GMT-4,83.0,24.08,63.4,24.546666666666667
6,20,19,BMO Field,Toronto,43.690685,-79.41174,-14400,America/Toronto,GMT-4,83.0,23.52,66.0,24.133333333333333
6,20,20,BMO Field,Toronto,43.690685,-79.41174,-14400,America/Toronto,GMT-4,83.0,22.393333333333327,70.2,23.126666666666665
6,20,21,BMO Field,Toronto,43.690685,-79.41174,-14400,America/Toronto,GMT-4,83.0,21.266666666666662,74.26666666666667,22.026666666666664
6,20,22,BMO Field,Toronto,43.690685,-79.41174,-14400,America/Toronto,GMT-4,83.0,20.37333333333333,77.13333333333334,21.113333333333337
6,20,23,BMO Field,Toronto,43.690685,-79.41174,-14400,America/Toronto,GMT-4,83.0,19.613333333333333,74.8,19.84666666666667
6,21,0,BMO Field,Toronto,43.690685,-79.41174,-14400,America/Toronto,GMT-4,83.0,19.64,78.86666666666666,20.226666666666667
6,21,1,BMO Field,Toronto,43.690685,-79.41174,-14400,America/Toronto,GMT-4,83.0,19.0,82.6,19.946666666666662
6,21,2,BMO Field,Toronto,43.690685,-79.41174,-14400,America/Toronto,GMT-4,83.0,18.633333333333336,85.46666666666667,19.71333333333333
6,21,3,BMO Field,Toronto,43.690685,-79.41174,-14400,America/Toronto,GMT-4,83.0,18.406666666666663,87.93333333333334,19.5
6,21,4,BMO Field,Toronto,43.690685,-79.41174,-14400,America/Toronto,GMT-4,83.0,18.206666666666667,89.86666666666666,19.220000000000002
6,21,5,BMO Field,Toronto,43.690685,-79.41174,-14400,America/Toronto,GMT-4,83.0,18.053333333333338,90.86666666666666,18.946666666666665
6,21,6,BMO Field,Toronto,43.690685,-79.41174,-14400,America/Toronto,GMT-4,83.0,18.240000000000002,90.33333333333333,19.040000000000003
6,21,7,BMO Field,Toronto,43.690685,-79.41174,-14400,America/Toronto,GMT-4,83.0,18.693333333333335,89.4,19.54666666666667
6,21,8,BMO Field,Toronto,43.690685,-79.41174,-14400,America/Toronto,GMT-4,83.0,19.586666666666666,87.66666666666667,20.606666666666673
6,21,9,BMO Field,Toronto,43.690685,-79.41174,-14400,America/Toronto,GMT-4,83.0,20.586666666666666,85.33333333333333,21.753333333333334
6,21,10,BMO Field,Toronto,43.690685,-79.41174,-14400,America/Toronto,GMT-4,83.0,21.860000000000003,81.13333333333334,23.186666666666667
6,21,11,BMO Field,Toronto,43.690685,-79.41174,-14400,America/Toronto,GMT-4,83.0,22.94,77.46666666666667,24.486666666666668
6,21,12,BMO Field,Toronto,43.690685,-79.41174,-14400,America/Toronto,GMT-4,83.0,23.886666666666667,74.53333333333333,25.80666666666667
6,21,13,BMO Field,Toronto,43.690685,-79.41174,-14400,America/Toronto,GMT-4,83.0,24.420000000000005,73.26666666666667,26.56
6,21,14,BMO Field,Toronto,43.690685,-79.41174,-14400,America/Toronto,GMT-4,83.0,24.826666666666668,72.33333333333333,27.086666666666662
6,21,15,BMO Field,Toronto,43.690685,-79.41174,-14400,America/Toronto,GMT-4,83.0,25.22666666666667,70.26666666666667,27.166666666666668
6,21,16,BMO Field,Toronto,43.690685,-79.41174,-14400,America/Toronto,GMT-4,83.0,25.373333333333335,68.4,26.740000000000002
6,21,17,BMO Field,Toronto,43.690685,-79.41174,-14400,America/Toronto,GMT-4,83.0,25.193333333333328,66.8,25.866666666666664
6,21,18,BMO Field,Toronto,43.690685,-79.41174,-14400,America/Toronto,GMT-4,83.0,24.573333333333334,67.33333333333333,24.866666666666667
6,21,19,BMO Field,Toronto,43.690685,-79.41174,-14400,America/Toronto,GMT-4,83.0,23.78666666666667,69.2,24.066666666666666
6,21,20,BMO Field,Toronto,43.690685,-79.41174,-14400,America/Toronto,GMT-4,83.0,22.839999999999996,71.2,23.193333333333335
6,21,21,BMO Field,Toronto,43.690685,-79.41174,-14400,America/Toronto,GMT-4,83.0,21.813333333333336,72.8,22.10666666666667
6,21,22,BMO Field,Toronto,43.690685,-79.41174,-14400,America/Toronto,GMT-4,83.0,21.03333333333334,73.53333333333333,21.2
6,21,23,BMO Field,Toronto,43.690685,-79.41174,-14400,America/Toronto,GMT-4,83.0,20.3,75.6,20.566666666666666
6,22,0,BMO Field,Toronto,43.690685,-79.41174,-14400,America/Toronto,GMT-4,83.0,19.813333333333336,76.46666666666667,20.266666666666666
6,22,1,BMO Field,Toronto,43.690685,-79.41174,-14400,America/Toronto,GMT-4,83.0,19.666666666666668,78.13333333333334,20.066666666666666
6,22,2,BMO Field,Toronto,43.690685,-79.41174,-14400,America/Toronto,GMT-4,83.0,19.5,79.26666666666667,19.98
6,22,3,BMO Field,Toronto,43.690685,-79.41174,-14400,America/Toronto,GMT-4,83.0,19.386666666666663,80.53333333333333,19.90666666666667
6,22,4,BMO Field,Toronto,43.690685,-79.41174,-14400,America/Toronto,GMT-4,83.0,19.346666666666668,81.53333333333333,19.973333333333333
6,22,5,BMO Field,Toronto,43.690685,-79.41174,-14400,America/Toronto,GMT-4,83.0,19.166666666666668,83.2,19.973333333333333
6,22,6,BMO Field,Toronto,43.690685,-79.41174,-14400,America/Toronto,GMT-4,83.0,19.25333333333333,84.0,20.279999999999998
6,22,7,BMO Field,Toronto,43.690685,-79.41174,-14400,America/Toronto,GMT-4,83.0,19.913333333333334,82.66666666666667,21.153333333333332
6,22,8,BMO Field,Toronto,43.690685,-79.41174,-14400,America/Toronto,GMT-4,83.0,20.98,79.86666666666666,22.426666666666666
6,22,9,BMO Field,Toronto,43.690685,-79.41174,-14400,America/Toronto,GMT-4,83.0,22.226666666666667,75.6,23.833333333333332
6,22,10,BMO Field,Toronto,43.690685,-79.41174,-14400,America/Toronto,GMT-4,83.0,23.08,72.2,24.74666666666667
6,22,11,BMO Field,Toronto,43.690685,-79.41174,-14400,America/Toronto,GMT-4,83.0,23.606666666666673,69.33333333333333,25.253333333333334
6,22,12,BMO Field,Toronto,43.690685,-79.41174,-14400,America/Toronto,GMT-4,83.0,24.12,66.53333333333333,25.72666666666667
6,22,13,BMO Field,Toronto,43.690685,-79.41174,-14400,America/Toronto,GMT-4,83.0,24.613333333333333,64.13333333333334,26.253333333333334
6,22,14,BMO Field,Toronto,43.690685,-79.41174,-14400,America/Toronto,GMT-4,83.0,25.24,60.333333333333336,26.766666666666666
6,22,15,BMO Field,Toronto,43.690685,-79.41174,-14400,America/Toronto,GMT-4,83.0,25.22666666666667,58.93333333333333,26.400000000000002
6,22,16,BMO Field,Toronto,43.690685,-79.41174,-14400,America/Toronto,GMT-4,83.0,24.73333333333333,58.266666666666666,25.28666666666667
6,22,17,BMO Field,Toronto,43.690685,-79.41174,-14400,America/Toronto,GMT-4,83.0,23.953333333333333,59.93333333333333,24.15333333333334
6,22,18,BMO Field,Toronto,43.690685,-79.41174,-14400,America/Toronto,GMT-4,83.0,23.360000000000003,61.333333333333336,23.453333333333337
6,22,19,BMO Field,Toronto,43.690685,-79.41174,-14400,America/Toronto,GMT-4,83.0,22.96,63.266666666666666,23.306666666666665
6,22,20,BMO Field,Toronto,43.690685,-79.41174,-14400,America/Toronto,GMT-4,83.0,22.259999999999998,65.8,22.679999999999996
6,22,21,BMO Field,Toronto,43.690685,-79.41174,-14400,America/Toronto,GMT-4,83.0,21.346666666666668,68.8,21.82
6,22,22,BMO Field,Toronto,43.690685,-79.41174,-14400,America/Toronto,GMT-4,83.0,20.420000000000005,72.0,20.9
6,22,23,BMO Field,Toronto,43.690685,-79.41174,-14400,America/Toronto,GMT-4,83.0,20.026666666666667,74.46666666666667,20.453333333333333
6,23,0,BMO Field,Toronto,43.690685,-79.41174,-14400,America/Toronto,GMT-4,83.0,19.386666666666667,74.93333333333334,19.586666666666666
6,23,1,BMO Field,Toronto,43.690685,-79.41174,-14400,America/Toronto,GMT-4,83.0,18.52,78.46666666666667,19.093333333333337
6,23,2,BMO Field,Toronto,43.690685,-79.41174,-14400,America/Toronto,GMT-4,83.0,18.12,79.6,18.80666666666667
6,23,3,BMO Field,Toronto,43.690685,-79.41174,-14400,America/Toronto,GMT-4,83.0,17.839999999999996,80.2,18.580000000000002
6,23,4,BMO Field,Toronto,43.690685,-79.41174,-14400,America/Toronto,GMT-4,83.0,17.613333333333333,81.46666666666667,18.3
6,23,5,BMO Field,Toronto,43.690685,-79.41174,-14400,America/Toronto,GMT-4,83.0,17.66,82.0,18.166666666666668
6,23,6,BMO Field,Toronto,43.690685,-79.41174,-14400,America/Toronto,GMT-4,83.0,18.066666666666666,81.6,18.426666666666666
6,23,7,BMO Field,Toronto,43.690685,-79.41174,-14400,America/Toronto,GMT-4,83.0,18.906666666666663,79.86666666666666,19.30666666666667
6,23,8,BMO Field,Toronto,43.690685,-79.41174,-14400,America/Toronto,GMT-4,83.0,20.21333333333333,77.26666666666667,20.833333333333332
6,23,9,BMO Field,Toronto,43.690685,-79.41174,-14400,America/Toronto,GMT-4,83.0,21.553333333333335,74.86666666666666,22.426666666666673
6,23,10,BMO Field,Toronto,43.690685,-79.41174,-14400,America/Toronto,GMT-4,83.0,22.78666666666667,72.26666666666667,23.90666666666667
6,23,11,BMO Field,Toronto,43.690685,-79.41174,-14400,America/Toronto,GMT-4,83.0,23.706666666666667,70.0,25.1
6,23,12,BMO Field,Toronto,43.690685,-79.41174,-14400,America/Toronto,GMT-4,83.0,24.48,66.86666666666666,26.14
6,23,13,BMO Field,Toronto,43.690685,-79.41174,-14400,America/Toronto,GMT-4,83.0,25.07333333333333,63.4,26.69333333333333
6,23,14,BMO Field,Toronto,43.690685,-79.41174,-14400,America/Toronto,GMT-4,83.0,25.673333333333332,58.6,26.886666666666667
6,23,15,BMO Field,Toronto,43.690685,-79.41174,-14400,America/Toronto,GMT-4,83.0,26.16,54.266666666666666,26.7
6,23,16,BMO Field,Toronto,43.690685,-79.41174,-14400,America/Toronto,GMT-4,83.0,26.34666666666667,51.93333333333333,26.186666666666664
6,23,17,BMO Field,Toronto,43.690685,-79.41174,-14400,America/Toronto,GMT-4,83.0,25.966666666666672,52.86666666666667,25.19333333333333
6,23,18,BMO Field,Toronto,43.690685,-79.41174,-14400,America/Toronto,GMT-4,83.0,25.279999999999998,55.4,24.313333333333333
6,23,19,BMO Field,Toronto,43.690685,-79.41174,-14400,America/Toronto,GMT-4,83.0,24.426666666666666,59.06666666666667,23.626666666666665
6,23,20,BMO Field,Toronto,43.690685,-79.41174,-14400,America/Toronto,GMT-4,83.0,23.41333333333333,62.53333333333333,22.973333333333333
6,23,21,BMO Field,Toronto,43.690685,-79.41174,-14400,America/Toronto,GMT-4,83.0,22.36,65.86666666666666,22.060000000000002
6,23,22,BMO Field,Toronto,43.690685,-79.41174,-14400,America/Toronto,GMT-4,83.0,21.453333333333333,67.53333333333333,21.12
6,23,23,BMO Field,Toronto,43.690685,-79.41174,-14400,America/Toronto,GMT-4,83.0,20.373333333333335,71.13333333333334,20.273333333333333
6,24,0,BMO Field,Toronto,43.690685,-79.41174,-14400,America/Toronto,GMT-4,83.0,20.720000000000002,69.86666666666666,20.586666666666666
6,24,1,BMO Field,Toronto,43.690685,-79.41174,-14400,America/Toronto,GMT-4,83.0,20.19333333333333,70.0,19.706666666666663
6,24,2,BMO Field,Toronto,43.690685,-79.41174,-14400,America/Toronto,GMT-4,83.0,19.9,70.8,19.466666666666665
6,24,3,BMO Field,Toronto,43.690685,-79.41174,-14400,America/Toronto,GMT-4,83.0,19.626666666666665,71.46666666666667,19.233333333333334
6,24,4,BMO Field,Toronto,43.690685,-79.41174,-14400,America/Toronto,GMT-4,83.0,19.386666666666667,72.13333333333334,19.02
6,24,5,BMO Field,Toronto,43.690685,-79.41174,-14400,America/Toronto,GMT-4,83.0,19.16666666666667,72.93333333333334,18.826666666666668
6,24,6,BMO Field,Toronto,43.690685,-79.41174,-14400,America/Toronto,GMT-4,83.0,19.293333333333333,73.46666666666667,19.060000000000002
6,24,7,BMO Field,Toronto,43.690685,-79.41174,-14400,America/Toronto,GMT-4,83.0,19.806666666666665,73.2,19.71333333333333
6,24,8,BMO Field,Toronto,43.690685,-79.41174,-14400,America/Toronto,GMT-4,83.0,20.933333333333334,71.2,21.060000000000002
6,24,9,BMO Field,Toronto,43.690685,-79.41174,-14400,America/Toronto,GMT-4,83.0,22.37333333333333,67.33333333333333,22.73333333333333
6,24,10,BMO Field,Toronto,43.690685,-79.41174,-14400,America/Toronto,GMT-4,83.0,23.86,62.6,24.54
6,24,11,BMO Field,Toronto,43.690685,-79.41174,-14400,America/Toronto,GMT-4,83.0,25.06,58.0,25.98
6,24,12,BMO Field,Toronto,43.690685,-79.41174,-14400,America/Toronto,GMT-4,83.0,25.940000000000005,54.13333333333333,26.913333333333338
6,24,13,BMO Field,Toronto,43.690685,-79.41174,-14400,America/Toronto,GMT-4,83.0,26.626666666666672,51.13333333333333,27.513333333333332
6,24,14,BMO Field,Toronto,43.690685,-79.41174,-14400,America/Toronto,GMT-4,83.0,27.213333333333342,48.6,27.85333333333333
6,24,15,BMO Field,Toronto,43.690685,-79.41174,-14400,America/Toronto,GMT-4,83.0,27.473333333333336,47.46666666666667,27.853333333333335
6,24,16,BMO Field,Toronto,43.690685,-79.41174,-14400,America/Toronto,GMT-4,83.0,27.35333333333334,48.13333333333333,27.573333333333338
6,24,17,BMO Field,Toronto,43.690685,-79.41174,-14400,America/Toronto,GMT-4,83.0,27.073333333333334,49.4,27.173333333333336
6,24,18,BMO Field,Toronto,43.690685,-79.41174,-14400,America/Toronto,GMT-4,83.0,26.686666666666667,51.6,26.920000000000005
6,24,19,BMO Field,Toronto,43.690685,-79.41174,-14400,America/Toronto,GMT-4,83.0,25.966666666666665,54.06666666666667,26.3
6,24,20,BMO Field,Toronto,43.690685,-79.41174,-14400,America/Toronto,GMT-4,83.0,24.839999999999996,57.333333333333336,25.28666666666667
6,24,21,BMO Field,Toronto,43.690685,-79.41174,-14400,America/Toronto,GMT-4,83.0,23.513333333333332,61.46666666666667,23.94
6,24,22,BMO Field,Toronto,43.690685,-79.41174,-14400,America/Toronto,GMT-4,83.0,22.43333333333333,65.53333333333333,22.873333333333335
6,24,23,BMO Field,Toronto,43.690685,-79.41174,-14400,America/Toronto,GMT-4,83.0,21.439999999999998,68.53333333333333,21.593333333333337
6,25,0,BMO Field,Toronto,43.690685,-79.41174,-14400,America/Toronto,GMT-4,83.0,20.839999999999996,76.46666666666667,21.54
6,25,1,BMO Field,Toronto,43.690685,-79.41174,-14400,America/Toronto,GMT-4,83.0,20.12666666666667,76.6,20.626666666666665
6,25,2,BMO Field,Toronto,43.690685,-79.41174,-14400,America/Toronto,GMT-4,83.0,19.613333333333337,78.06666666666666,19.946666666666665
6,25,3,BMO Field,Toronto,43.690685,-79.41174,-14400,America/Toronto,GMT-4,83.0,19.166666666666668,77.93333333333334,19.253333333333334
6,25,4,BMO Field,Toronto,43.690685,-79.41174,-14400,America/Toronto,GMT-4,83.0,18.899999999999995,76.93333333333334,18.873333333333335
6,25,5,BMO Field,Toronto,43.690685,-79.41174,-14400,America/Toronto,GMT-4,83.0,18.78666666666667,76.2,18.833333333333332
6,25,6,BMO Field,Toronto,43.690685,-79.41174,-14400,America/Toronto,GMT-4,83.0,18.913333333333338,76.66666666666667,19.1
6,25,7,BMO Field,Toronto,43.690685,-79.41174,-14400,America/Toronto,GMT-4,83.0,19.57333333333333,76.2,20.073333333333334
6,25,8,BMO Field,Toronto,43.690685,-79.41174,-14400,America/Toronto,GMT-4,83.0,20.76,74.8,21.619999999999997
6,25,9,BMO Field,Toronto,43.690685,-79.41174,-14400,America/Toronto,GMT-4,83.0,22.219999999999995,71.06666666666666,23.313333333333333
6,25,10,BMO Field,Toronto,43.690685,-79.41174,-14400,America/Toronto,GMT-4,83.0,23.48,67.33333333333333,24.57333333333333
6,25,11,BMO Field,Toronto,43.690685,-79.41174,-14400,America/Toronto,GMT-4,83.0,24.353333333333335,64.2,25.426666666666666
6,25,12,BMO Field,Toronto,43.690685,-79.41174,-14400,America/Toronto,GMT-4,83.0,25.046666666666667,61.93333333333333,26.266666666666666
6,25,13,BMO Field,Toronto,43.690685,-79.41174,-14400,America/Toronto,GMT-4,83.0,25.546666666666667,60.333333333333336,26.82
6,25,14,BMO Field,Toronto,43.690685,-79.41174,-14400,America/Toronto,GMT-4,83.0,25.92,59.53333333333333,27.32
6,25,15,BMO Field,Toronto,43.690685,-79.41174,-14400,America/Toronto,GMT-4,83.0,25.806666666666665,61.86666666666667,27.299999999999997
6,25,16,BMO Field,Toronto,43.690685,-79.41174,-14400,America/Toronto,GMT-4,83.0,25.566666666666666,64.73333333333333,27.153333333333332
6,25,17,BMO Field,Toronto,43.690685,-79.41174,-14400,America/Toronto,GMT-4,83.0,25.07333333333333,68.46666666666667,26.486666666666665
6,25,18,BMO Field,Toronto,43.690685,-79.41174,-14400,America/Toronto,GMT-4,83.0,24.533333333333335,71.33333333333333,25.813333333333333
6,25,19,BMO Field,Toronto,43.690685,-79.41174,-14400,America/Toronto,GMT-4,83.0,23.74666666666667,74.73333333333333,24.973333333333333
6,25,20,BMO Field,Toronto,43.690685,-79.41174,-14400,America/Toronto,GMT-4,83.0,22.893333333333334,77.46666666666667,24.133333333333336
6,25,21,BMO Field,Toronto,43.690685,-79.41174,-14400,America/Toronto,GMT-4,83.0,22.166666666666668,79.06666666666666,23.386666666666667
6,25,22,BMO Field,Toronto,43.690685,-79.41174,-14400,America/Toronto,GMT-4,83.0,21.75333333333333,79.46666666666667,22.88
6,25,23,BMO Field,Toronto,43.690685,-79.41174,-14400,America/Toronto,GMT-4,83.0,21.293333333333333,77.6,22.206666666666663
6,26,0,BMO Field,Toronto,43.690685,-79.41174,-14400,America/Toronto,GMT-4,83.0,20.753333333333337,81.53333333333333,21.56666666666667
6,26,1,BMO Field,Toronto,43.690685,-79.41174,-14400,America/Toronto,GMT-4,83.0,20.800000000000004,81.33333333333333,21.5
6,26,2,BMO Field,Toronto,43.690685,-79.41174,-14400,America/Toronto,GMT-4,83.0,20.213333333333335,84.33333333333333,20.813333333333336
6,26,3,BMO Field,Toronto,43.690685,-79.41174,-14400,America/Toronto,GMT-4,83.0,19.546666666666667,87.2,20.08666666666667
6,26,4,BMO Field,Toronto,43.690685,-79.41174,-14400,America/Toronto,GMT-4,83.0,19.240000000000002,87.66666666666667,19.693333333333335
6,26,5,BMO Field,Toronto,43.690685,-79.41174,-14400,America/Toronto,GMT-4,83.0,19.073333333333334,86.33333333333333,19.40666666666667
6,26,6,BMO Field,Toronto,43.690685,-79.41174,-14400,America/Toronto,GMT-4,83.0,19.179999999999996,84.26666666666667,19.333333333333332
6,26,7,BMO Field,Toronto,43.690685,-79.41174,-14400,America/Toronto,GMT-4,83.0,19.459999999999997,83.13333333333334,19.633333333333333
6,26,8,BMO Field,Toronto,43.690685,-79.41174,-14400,America/Toronto,GMT-4,83.0,20.279999999999994,80.86666666666666,20.580000000000002
6,26,9,BMO Field,Toronto,43.690685,-79.41174,-14400,America/Toronto,GMT-4,83.0,21.24,78.0,21.620000000000005
6,26,10,BMO Field,Toronto,43.690685,-79.41174,-14400,America/Toronto,GMT-4,83.0,22.18,74.26666666666667,22.56666666666667
6,26,11,BMO Field,Toronto,43.690685,-79.41174,-14400,America/Toronto,GMT-4,83.0,22.853333333333335,71.2,23.186666666666664
6,26,12,BMO Field,Toronto,43.690685,-79.41174,-14400,America/Toronto,GMT-4,83.0,23.479999999999997,68.6,23.91333333333333
6,26,13,BMO Field,Toronto,43.690685,-79.41174,-14400,America/Toronto,GMT-4,83.0,23.89333333333333,67.6,24.426666666666666
6,26,14,BMO Field,Toronto,43.690685,-79.41174,-14400,America/Toronto,GMT-4,83.0,23.980000000000004,67.73333333333333,24.486666666666668
6,26,15,BMO Field,Toronto,43.690685,-79.41174,-14400,America/Toronto,GMT-4,83.0,23.78666666666667,69.66666666666667,24.30666666666667
6,26,16,BMO Field,Toronto,43.690685,-79.41174,-14400,America/Toronto,GMT-4,83.0,23.526666666666667,71.6,24.04666666666667
6,26,17,BMO Field,Toronto,43.690685,-79.41174,-14400,America/Toronto,GMT-4,83.0,23.233333333333334,74.26666666666667,24.013333333333332
6,26,18,BMO Field,Toronto,43.690685,-79.41174,-14400,America/Toronto,GMT-4,83.0,22.880000000000006,75.46666666666667,23.80666666666667
6,26,19,BMO Field,Toronto,43.690685,-79.41174,-14400,America/Toronto,GMT-4,83.0,22.493333333333336,76.13333333333334,23.473333333333336
6,26,20,BMO Field,Toronto,43.690685,-79.41174,-14400,America/Toronto,GMT-4,83.0,21.84,77.6,22.639999999999997
6,26,21,BMO Field,Toronto,43.690685,-79.41174,-14400,America/Toronto,GMT-4,83.0,21.053333333333335,80.6,21.793333333333337
6,26,22,BMO Field,Toronto,43.690685,-79.41174,-14400,America/Toronto,GMT-4,83.0,20.326666666666668,83.6,21.08666666666667
6,26,23,BMO Field,Toronto,43.690685,-79.41174,-14400,America/Toronto,GMT-4,83.0,20.44666666666667,83.0,21.300000000000004
6,27,0,BMO Field,Toronto,43.690685,-79.41174,-14400,America/Toronto,GMT-4,83.0,19.413333333333334,76.53333333333333,18.773333333333333
6,27,1,BMO Field,Toronto,43.690685,-79.41174,-14400,America/Toronto,GMT-4,83.0,19.3,79.26666666666667,18.566666666666666
6,27,2,BMO Field,Toronto,43.690685,-79.41174,-14400,America/Toronto,GMT-4,83.0,18.953333333333333,78.66666666666667,18.086666666666666
6,27,3,BMO Field,Toronto,43.690685,-79.41174,-14400,America/Toronto,GMT-4,83.0,18.62,79.33333333333333,17.78666666666667
6,27,4,BMO Field,Toronto,43.690685,-79.41174,-14400,America/Toronto,GMT-4,83.0,18.27333333333333,80.2,17.54
6,27,5,BMO Field,Toronto,43.690685,-79.41174,-14400,America/Toronto,GMT-4,83.0,17.9,81.13333333333334,17.2
6,27,6,BMO Field,Toronto,43.690685,-79.41174,-14400,America/Toronto,GMT-4,83.0,17.78666666666667,81.26666666666667,17.09333333333333
6,27,7,BMO Field,Toronto,43.690685,-79.41174,-14400,America/Toronto,GMT-4,83.0,18.10666666666667,80.33333333333333,17.459999999999997
6,27,8,BMO Field,Toronto,43.690685,-79.41174,-14400,America/Toronto,GMT-4,83.0,18.779999999999998,78.2,18.21333333333333
6,27,9,BMO Field,Toronto,43.690685,-79.41174,-14400,America/Toronto,GMT-4,83.0,19.626666666666665,74.93333333333334,19.04
6,27,10,BMO Field,Toronto,43.690685,-79.41174,-14400,America/Toronto,GMT-4,83.0,20.326666666666664,71.73333333333333,19.740000000000002
6,27,11,BMO Field,Toronto,43.690685,-79.41174,-14400,America/Toronto,GMT-4,83.0,21.1,68.46666666666667,20.600000000000005
6,27,12,BMO Field,Toronto,43.690685,-79.41174,-14400,America/Toronto,GMT-4,83.0,21.833333333333332,66.26666666666667,21.65333333333334
6,27,13,BMO Field,Toronto,43.690685,-79.41174,-14400,America/Toronto,GMT-4,83.0,22.620000000000005,63.93333333333333,22.779999999999998
6,27,14,BMO Field,Toronto,43.690685,-79.41174,-14400,America/Toronto,GMT-4,83.0,23.240000000000002,62.13333333333333,23.62666666666666
6,27,15,BMO Field,Toronto,43.690685,-79.41174,-14400,America/Toronto,GMT-4,83.0,23.62,61.06666666666667,24.039999999999996
6,27,16,BMO Field,Toronto,43.690685,-79.41174,-14400,America/Toronto,GMT-4,83.0,23.546666666666667,61.666666666666664,23.720000000000002
6,27,17,BMO Field,Toronto,43.690685,-79.41174,-14400,America/Toronto,GMT-4,83.0,23.220000000000006,62.0,22.993333333333332
6,27,18,BMO Field,Toronto,43.690685,-79.41174,-14400,America/Toronto,GMT-4,83.0,22.706666666666667,62.266666666666666,22.06
6,27,19,BMO Field,Toronto,43.690685,-79.41174,-14400,America/Toronto,GMT-4,83.0,22.08666666666667,62.86666666666667,21.259999999999998
6,27,20,BMO Field,Toronto,43.690685,-79.41174,-14400,America/Toronto,GMT-4,83.0,21.206666666666667,64.46666666666667,20.353333333333335
6,27,21,BMO Field,Toronto,43.690685,-79.41174,-14400,America/Toronto,GMT-4,83.0,20.36666666666667,66.4,19.55333333333333
6,27,22,BMO Field,Toronto,43.690685,-79.41174,-14400,America/Toronto,GMT-4,83.0,19.713333333333335,68.06666666666666,18.933333333333334
6,27,23,BMO Field,Toronto,43.690685,-79.41174,-14400,America/Toronto,GMT-4,83.0,19.573333333333334,73.0,18.926666666666666
6,28,0,BMO Field,Toronto,43.690685,-79.41174,-14400,America/Toronto,GMT-4,83.0,18.72666666666667,70.93333333333334,18.09333333333333
6,28,1,BMO Field,Toronto,43.690685,-79.41174,-14400,America/Toronto,GMT-4,83.0,18.193333333333335,74.33333333333333,17.526666666666667
6,28,2,BMO Field,Toronto,43.690685,-79.41174,-14400,America/Toronto,GMT-4,83.0,17.660000000000004,76.0,16.973333333333333
6,28,3,BMO Field,Toronto,43.690685,-79.41174,-14400,America/Toronto,GMT-4,83.0,17.186666666666667,78.0,16.619999999999997
6,28,4,BMO Field,Toronto,43.690685,-79.41174,-14400,America/Toronto,GMT-4,83.0,16.93333333333333,79.6,16.58
6,28,5,BMO Field,Toronto,43.690685,-79.41174,-14400,America/Toronto,GMT-4,83.0,16.813333333333333,81.2,16.66
6,28,6,BMO Field,Toronto,43.690685,-79.41174,-14400,America/Toronto,GMT-4,83.0,17.093333333333337,81.46666666666667,17.1
6,28,7,BMO Field,Toronto,43.690685,-79.41174,-14400,America/Toronto,GMT-4,83.0,17.793333333333333,80.6,17.953333333333333
6,28,8,BMO Field,Toronto,43.690685,-79.41174,-14400,America/Toronto,GMT-4,83.0,19.053333333333335,77.13333333333334,19.293333333333333
6,28,9,BMO Field,Toronto,43.690685,-79.41174,-14400,America/Toronto,GMT-4,83.0,20.39333333333333,72.8,20.66
6,28,10,BMO Field,Toronto,43.690685,-79.41174,-14400,America/Toronto,GMT-4,83.0,21.700000000000003,67.93333333333334,22.046666666666667
6,28,11,BMO Field,Toronto,43.690685,-79.41174,-14400,America/Toronto,GMT-4,83.0,22.800000000000004,63.53333333333333,23.339999999999996
6,28,12,BMO Field,Toronto,43.690685,-79.41174,-14400,America/Toronto,GMT-4,83.0,23.586666666666666,59.8,24.180000000000003
6,28,13,BMO Field,Toronto,43.690685,-79.41174,-14400,America/Toronto,GMT-4,83.0,24.08,56.46666666666667,24.540000000000003
6,28,14,BMO Field,Toronto,43.690685,-79.41174,-14400,America/Toronto,GMT-4,83.0,24.373333333333328,53.733333333333334,24.526666666666667
6,28,15,BMO Field,Toronto,43.690685,-79.41174,-14400,America/Toronto,GMT-4,83.0,24.619999999999997,50.86666666666667,24.39333333333333
6,28,16,BMO Field,Toronto,43.690685,-79.41174,-14400,America/Toronto,GMT-4,83.0,24.626666666666665,49.13333333333333,23.939999999999998
6,28,17,BMO Field,Toronto,43.690685,-79.41174,-14400,America/Toronto,GMT-4,83.0,24.286666666666665,49.2,23.12666666666666
6,28,18,BMO Field,Toronto,43.690685,-79.41174,-14400,America/Toronto,GMT-4,83.0,23.69333333333333,51.13333333333333,22.319999999999997
6,28,19,BMO Field,Toronto,43.690685,-79.41174,-14400,America/Toronto,GMT-4,83.0,22.973333333333333,53.733333333333334,21.566666666666666
6,28,20,BMO Field,Toronto,43.690685,-79.41174,-14400,America/Toronto,GMT-4,83.0,22.006666666666668,56.6,20.706666666666667
6,28,21,BMO Field,Toronto,43.690685,-79.41174,-14400,America/Toronto,GMT-4,83.0,20.940000000000005,59.6,19.773333333333333
6,28,22,BMO Field,Toronto,43.690685,-79.41174,-14400,America/Toronto,GMT-4,83.0,19.940000000000005,62.8,18.986666666666668
6,28,23,BMO Field,Toronto,43.690685,-79.41174,-14400,America/Toronto,GMT-4,83.0,19.24666666666667,67.2,18.513333333333332
6,10,0,MetLife Stadium,East Rutherford,40.808434,-74.0199,-14400,America/New_York,GMT-4,4.0,18.046666666666667,78.06666666666666,18.18
6,10,1,MetLife Stadium,East Rutherford,40.808434,-74.0199,-14400,America/New_York,GMT-4,4.0,17.566666666666666,80.86666666666666,17.65333333333333
6,10,2,MetLife Stadium,East Rutherford,40.808434,-74.0199,-14400,America/New_York,GMT-4,4.0,17.27333333333333,79.66666666666667,17.09333333333333
6,10,3,MetLife Stadium,East Rutherford,40.808434,-74.0199,-14400,America/New_York,GMT-4,4.0,16.933333333333334,79.46666666666667,16.640000000000004
6,10,4,MetLife Stadium,East Rutherford,40.808434,-74.0199,-14400,America/New_York,GMT-4,4.0,16.533333333333335,80.53333333333333,16.233333333333334
6,10,5,MetLife Stadium,East Rutherford,40.808434,-74.0199,-14400,America/New_York,GMT-4,4.0,16.279999999999998,81.2,15.96666666666667
6,10,6,MetLife Stadium,East Rutherford,40.808434,-74.0199,-14400,America/New_York,GMT-4,4.0,16.42,81.06666666666666,16.14
6,10,7,MetLife Stadium,East Rutherford,40.808434,-74.0199,-14400,America/New_York,GMT-4,4.0,17.206666666666667,78.46666666666667,16.926666666666666
6,10,8,MetLife Stadium,East Rutherford,40.808434,-74.0199,-14400,America/New_York,GMT-4,4.0,18.44666666666667,73.6,18.08
6,10,9,MetLife Stadium,East Rutherford,40.808434,-74.0199,-14400,America/New_York,GMT-4,4.0,19.74666666666667,67.6,19.339999999999996
6,10,10,MetLife Stadium,East Rutherford,40.808434,-74.0199,-14400,America/New_York,GMT-4,4.0,20.82,62.0,20.419999999999998
6,10,11,MetLife Stadium,East Rutherford,40.808434,-74.0199,-14400,America/New_York,GMT-4,4.0,21.733333333333334,57.0,21.353333333333335
6,10,12,MetLife Stadium,East Rutherford,40.808434,-74.0199,-14400,America/New_York,GMT-4,4.0,22.519999999999996,53.333333333333336,22.14666666666667
6,10,13,MetLife Stadium,East Rutherford,40.808434,-74.0199,-14400,America/New_York,GMT-4,4.0,23.333333333333336,50.53333333333333,22.986666666666665
6,10,14,MetLife Stadium,East Rutherford,40.808434,-74.0199,-14400,America/New_York,GMT-4,4.0,24.066666666666666,48.6,23.73333333333333
6,10,15,MetLife Stadium,East Rutherford,40.808434,-74.0199,-14400,America/New_York,GMT-4,4.0,24.653333333333332,46.53333333333333,24.013333333333332
6,10,16,MetLife Stadium,East Rutherford,40.808434,-74.0199,-14400,America/New_York,GMT-4,4.0,24.893333333333334,44.8,23.686666666666664
6,10,17,MetLife Stadium,East Rutherford,40.808434,-74.0199,-14400,America/New_York,GMT-4,4.0,24.633333333333333,44.93333333333333,22.986666666666668
6,10,18,MetLife Stadium,East Rutherford,40.808434,-74.0199,-14400,America/New_York,GMT-4,4.0,23.966666666666672,47.06666666666667,22.426666666666666
6,10,19,MetLife Stadium,East Rutherford,40.808434,-74.0199,-14400,America/New_York,GMT-4,4.0,23.019999999999996,50.8,22.07333333333333
6,10,20,MetLife Stadium,East Rutherford,40.808434,-74.0199,-14400,America/New_York,GMT-4,4.0,21.9,55.4,21.486666666666668
6,10,21,MetLife Stadium,East Rutherford,40.808434,-74.0199,-14400,America/New_York,GMT-4,4.0,20.66,61.266666666666666,20.413333333333334
6,10,22,MetLife Stadium,East Rutherford,40.808434,-74.0199,-14400,America/New_York,GMT-4,4.0,19.57333333333333,66.4,19.32
6,10,23,MetLife Stadium,East Rutherford,40.808434,-74.0199,-14400,America/New_York,GMT-4,4.0,18.61333333333333,74.0,18.6
6,11,0,MetLife Stadium,East Rutherford,40.808434,-74.0199,-14400,America/New_York,GMT-4,4.0,18.373333333333335,73.2,18.4
6,11,1,MetLife Stadium,East Rutherford,40.808434,-74.0199,-14400,America/New_York,GMT-4,4.0,17.58,75.86666666666666,17.6
6,11,2,MetLife Stadium,East Rutherford,40.808434,-74.0199,-14400,America/New_York,GMT-4,4.0,17.046666666666667,78.66666666666667,17.093333333333337
6,11,3,MetLife Stadium,East Rutherford,40.808434,-74.0199,-14400,America/New_York,GMT-4,4.0,16.66,80.26666666666667,16.58
6,11,4,MetLife Stadium,East Rutherford,40.808434,-74.0199,-14400,America/New_York,GMT-4,4.0,16.220000000000002,82.06666666666666,16.09333333333333
6,11,5,MetLife Stadium,East Rutherford,40.808434,-74.0199,-14400,America/New_York,GMT-4,4.0,15.913333333333332,83.26666666666667,15.813333333333333
6,11,6,MetLife Stadium,East Rutherford,40.808434,-74.0199,-14400,America/New_York,GMT-4,4.0,16.16,82.26666666666667,16.113333333333333
6,11,7,MetLife Stadium,East Rutherford,40.808434,-74.0199,-14400,America/New_York,GMT-4,4.0,17.146666666666665,78.73333333333333,17.24666666666667
6,11,8,MetLife Stadium,East Rutherford,40.808434,-74.0199,-14400,America/New_York,GMT-4,4.0,18.766666666666666,71.86666666666666,18.9
6,11,9,MetLife Stadium,East Rutherford,40.808434,-74.0199,-14400,America/New_York,GMT-4,4.0,20.42,64.26666666666667,20.633333333333333
6,11,10,MetLife Stadium,East Rutherford,40.808434,-74.0199,-14400,America/New_York,GMT-4,4.0,21.87333333333333,56.666666666666664,22.04
6,11,11,MetLife Stadium,East Rutherford,40.808434,-74.0199,-14400,America/New_York,GMT-4,4.0,22.926666666666666,51.266666666666666,23.1
6,11,12,MetLife Stadium,East Rutherford,40.808434,-74.0199,-14400,America/New_York,GMT-4,4.0,23.686666666666664,47.733333333333334,23.69333333333333
6,11,13,MetLife Stadium,East Rutherford,40.808434,-74.0199,-14400,America/New_York,GMT-4,4.0,24.060000000000002,46.13333333333333,23.66
6,11,14,MetLife Stadium,East Rutherford,40.808434,-74.0199,-14400,America/New_York,GMT-4,4.0,24.060000000000002,46.666666666666664,23.253333333333334
6,11,15,MetLife Stadium,East Rutherford,40.808434,-74.0199,-14400,America/New_York,GMT-4,4.0,23.766666666666666,49.13333333333333,22.773333333333333
6,11,16,MetLife Stadium,East Rutherford,40.808434,-74.0199,-14400,America/New_York,GMT-4,4.0,23.413333333333334,51.13333333333333,22.473333333333336
6,11,17,MetLife Stadium,East Rutherford,40.808434,-74.0199,-14400,America/New_York,GMT-4,4.0,23.046666666666667,52.93333333333333,22.273333333333333
6,11,18,MetLife Stadium,East Rutherford,40.808434,-74.0199,-14400,America/New_York,GMT-4,4.0,22.573333333333334,54.93333333333333,21.986666666666668
6,11,19,MetLife Stadium,East Rutherford,40.808434,-74.0199,-14400,America/New_York,GMT-4,4.0,21.94666666666667,59.266666666666666,21.646666666666665
6,11,20,MetLife Stadium,East Rutherford,40.808434,-74.0199,-14400,America/New_York,GMT-4,4.0,21.219999999999995,64.06666666666666,21.173333333333336
6,11,21,MetLife Stadium,East Rutherford,40.808434,-74.0199,-14400,America/New_York,GMT-4,4.0,20.540000000000003,68.0,20.653333333333332
6,11,22,MetLife Stadium,East Rutherford,40.808434,-74.0199,-14400,America/New_York,GMT-4,4.0,19.94,69.93333333333334,20.073333333333334
6,11,23,MetLife Stadium,East Rutherford,40.808434,-74.0199,-14400,America/New_York,GMT-4,4.0,19.2,71.06666666666666,19.226666666666667
6,12,0,MetLife Stadium,East Rutherford,40.808434,-74.0199,-14400,America/New_York,GMT-4,4.0,19.166666666666668,76.66666666666667,19.353333333333335
6,12,1,MetLife Stadium,East Rutherford,40.808434,-74.0199,-14400,America/New_York,GMT-4,4.0,18.653333333333332,74.2,18.566666666666666
6,12,2,MetLife Stadium,East Rutherford,40.808434,-74.0199,-14400,America/New_York,GMT-4,4.0,18.279999999999998,76.13333333333334,18.27333333333333
6,12,3,MetLife Stadium,East Rutherford,40.808434,-74.0199,-14400,America/New_York,GMT-4,4.0,17.933333333333334,78.6,18.019999999999996
6,12,4,MetLife Stadium,East Rutherford,40.808434,-74.0199,-14400,America/New_York,GMT-4,4.0,17.619999999999997,81.2,17.84
6,12,5,MetLife Stadium,East Rutherford,40.808434,-74.0199,-14400,America/New_York,GMT-4,4.0,17.453333333333333,83.8,17.759999999999998
6,12,6,MetLife Stadium,East Rutherford,40.808434,-74.0199,-14400,America/New_York,GMT-4,4.0,17.686666666666667,84.33333333333333,18.093333333333337
6,12,7,MetLife Stadium,East Rutherford,40.808434,-74.0199,-14400,America/New_York,GMT-4,4.0,18.42,82.93333333333334,18.85333333333334
6,12,8,MetLife Stadium,East Rutherford,40.808434,-74.0199,-14400,America/New_York,GMT-4,4.0,19.62,79.0,20.100000000000005
6,12,9,MetLife Stadium,East Rutherford,40.808434,-74.0199,-14400,America/New_York,GMT-4,4.0,20.793333333333337,75.0,21.240000000000002
6,12,10,MetLife Stadium,East Rutherford,40.808434,-74.0199,-14400,America/New_York,GMT-4,4.0,21.78666666666667,70.86666666666666,22.14
6,12,11,MetLife Stadium,East Rutherford,40.808434,-74.0199,-14400,America/New_York,GMT-4,4.0,22.46,67.93333333333334,22.779999999999998
6,12,12,MetLife Stadium,East Rutherford,40.808434,-74.0199,-14400,America/New_York,GMT-4,4.0,23.060000000000002,65.06666666666666,23.333333333333332
6,12,13,MetLife Stadium,East Rutherford,40.808434,-74.0199,-14400,America/New_York,GMT-4,4.0,23.7,62.0,23.933333333333337
6,12,14,MetLife Stadium,East Rutherford,40.808434,-74.0199,-14400,America/New_York,GMT-4,4.0,24.273333333333333,58.46666666666667,24.28666666666667
6,12,15,MetLife Stadium,East Rutherford,40.808434,-74.0199,-14400,America/New_York,GMT-4,4.0,24.660000000000004,56.4,24.4
6,12,16,MetLife Stadium,East Rutherford,40.808434,-74.0199,-14400,America/New_York,GMT-4,4.0,24.506666666666668,57.06666666666667,24.033333333333328
6,12,17,MetLife Stadium,East Rutherford,40.808434,-74.0199,-14400,America/New_York,GMT-4,4.0,23.946666666666665,61.266666666666666,23.55333333333333
6,12,18,MetLife Stadium,East Rutherford,40.808434,-74.0199,-14400,America/New_York,GMT-4,4.0,23.15333333333334,66.13333333333334,22.98
6,12,19,MetLife Stadium,East Rutherford,40.808434,-74.0199,-14400,America/New_York,GMT-4,4.0,22.320000000000004,70.66666666666667,22.606666666666673
6,12,20,MetLife Stadium,East Rutherford,40.808434,-74.0199,-14400,America/New_York,GMT-4,4.0,21.573333333333338,74.73333333333333,22.160000000000004
6,12,21,MetLife Stadium,East Rutherford,40.808434,-74.0199,-14400,America/New_York,GMT-4,4.0,20.860000000000003,78.8,21.720000000000002
6,12,22,MetLife Stadium,East Rutherford,40.808434,-74.0199,-14400,America/New_York,GMT-4,4.0,20.306666666666665,82.06666666666666,21.166666666666668
6,12,23,MetLife Stadium,East Rutherford,40.808434,-74.0199,-14400,America/New_York,GMT-4,4.0,19.706666666666667,79.66666666666667,20.226666666666667
6,13,0,MetLife Stadium,East Rutherford,40.808434,-74.0199,-14400,America/New_York,GMT-4,4.0,19.486666666666665,76.46666666666667,19.813333333333336
6,13,1,MetLife Stadium,East Rutherford,40.808434,-74.0199,-14400,America/New_York,GMT-4,4.0,18.77333333333333,84.86666666666666,19.646666666666665
6,13,2,MetLife Stadium,East Rutherford,40.808434,-74.0199,-14400,America/New_York,GMT-4,4.0,18.133333333333333,86.06666666666666,19.019999999999996
6,13,3,MetLife Stadium,East Rutherford,40.808434,-74.0199,-14400,America/New_York,GMT-4,4.0,17.58,87.0,18.42
6,13,4,MetLife Stadium,East Rutherford,40.808434,-74.0199,-14400,America/New_York,GMT-4,4.0,17.08,87.93333333333334,17.793333333333333
6,13,5,MetLife Stadium,East Rutherford,40.808434,-74.0199,-14400,America/New_York,GMT-4,4.0,16.86,88.2,17.406666666666663
6,13,6,MetLife Stadium,East Rutherford,40.808434,-74.0199,-14400,America/New_York,GMT-4,4.0,17.08,86.13333333333334,17.446666666666665
6,13,7,MetLife Stadium,East Rutherford,40.808434,-74.0199,-14400,America/New_York,GMT-4,4.0,18.113333333333333,80.46666666666667,18.426666666666666
6,13,8,MetLife Stadium,East Rutherford,40.808434,-74.0199,-14400,America/New_York,GMT-4,4.0,19.71333333333333,72.06666666666666,19.959999999999997
6,13,9,MetLife Stadium,East Rutherford,40.808434,-74.0199,-14400,America/New_York,GMT-4,4.0,21.586666666666666,63.733333333333334,21.959999999999997
6,13,10,MetLife Stadium,East Rutherford,40.808434,-74.0199,-14400,America/New_York,GMT-4,4.0,23.26,57.333333333333336,23.87333333333333
6,13,11,MetLife Stadium,East Rutherford,40.808434,-74.0199,-14400,America/New_York,GMT-4,4.0,24.720000000000002,52.333333333333336,25.62666666666666
6,13,12,MetLife Stadium,East Rutherford,40.808434,-74.0199,-14400,America/New_York,GMT-4,4.0,25.86666666666667,48.86666666666667,26.84666666666666
6,13,13,MetLife Stadium,East Rutherford,40.808434,-74.0199,-14400,America/New_York,GMT-4,4.0,26.526666666666667,47.333333333333336,27.35333333333333
6,13,14,MetLife Stadium,East Rutherford,40.808434,-74.0199,-14400,America/New_York,GMT-4,4.0,26.493333333333336,47.53333333333333,26.806666666666665
6,13,15,MetLife Stadium,East Rutherford,40.808434,-74.0199,-14400,America/New_York,GMT-4,4.0,26.16666666666667,48.266666666666666,26.006666666666668
6,13,16,MetLife Stadium,East Rutherford,40.808434,-74.0199,-14400,America/New_York,GMT-4,4.0,25.74,49.2,25.100000000000005
6,13,17,MetLife Stadium,East Rutherford,40.808434,-74.0199,-14400,America/New_York,GMT-4,4.0,25.46,50.13333333333333,24.64
6,13,18,MetLife Stadium,East Rutherford,40.808434,-74.0199,-14400,America/New_York,GMT-4,4.0,24.84,52.2,23.98
6,13,19,MetLife Stadium,East Rutherford,40.808434,-74.0199,-14400,America/New_York,GMT-4,4.0,23.92,54.06666666666667,23.086666666666666
6,13,20,MetLife Stadium,East Rutherford,40.808434,-74.0199,-14400,America/New_York,GMT-4,4.0,22.826666666666664,56.46666666666667,22.053333333333335
6,13,21,MetLife Stadium,East Rutherford,40.808434,-74.0199,-14400,America/New_York,GMT-4,4.0,21.886666666666663,57.53333333333333,21.08
6,13,22,MetLife Stadium,East Rutherford,40.808434,-74.0199,-14400,America/New_York,GMT-4,4.0,21.08,59.0,20.27333333333333
6,13,23,MetLife Stadium,East Rutherford,40.808434,-74.0199,-14400,America/New_York,GMT-4,4.0,20.28666666666667,67.4,20.04
6,14,0,MetLife Stadium,East Rutherford,40.808434,-74.0199,-14400,America/New_York,GMT-4,4.0,19.240000000000002,69.53333333333333,18.999999999999996
6,14,1,MetLife Stadium,East Rutherford,40.808434,-74.0199,-14400,America/New_York,GMT-4,4.0,19.12666666666667,66.73333333333333,18.606666666666666
6,14,2,MetLife Stadium,East Rutherford,40.808434,-74.0199,-14400,America/New_York,GMT-4,4.0,18.633333333333333,70.66666666666667,18.206666666666667
6,14,3,MetLife Stadium,East Rutherford,40.808434,-74.0199,-14400,America/New_York,GMT-4,4.0,18.206666666666667,74.33333333333333,17.87333333333333
6,14,4,MetLife Stadium,East Rutherford,40.808434,-74.0199,-14400,America/New_York,GMT-4,4.0,17.946666666666665,77.13333333333334,17.71333333333333
6,14,5,MetLife Stadium,East Rutherford,40.808434,-74.0199,-14400,America/New_York,GMT-4,4.0,17.9,79.33333333333333,17.813333333333333
6,14,6,MetLife Stadium,East Rutherford,40.808434,-74.0199,-14400,America/New_York,GMT-4,4.0,18.133333333333333,80.46666666666667,18.173333333333336
6,14,7,MetLife Stadium,East Rutherford,40.808434,-74.0199,-14400,America/New_York,GMT-4,4.0,18.673333333333336,79.2,18.68
6,14,8,MetLife Stadium,East Rutherford,40.808434,-74.0199,-14400,America/New_York,GMT-4,4.0,19.553333333333335,75.86666666666666,19.56
6,14,9,MetLife Stadium,East Rutherford,40.808434,-74.0199,-14400,America/New_York,GMT-4,4.0,20.486666666666668,72.2,20.513333333333332
6,14,10,MetLife Stadium,East Rutherford,40.808434,-74.0199,-14400,America/New_York,GMT-4,4.0,21.466666666666665,69.26666666666667,21.660000000000004
6,14,11,MetLife Stadium,East Rutherford,40.808434,-74.0199,-14400,America/New_York,GMT-4,4.0,22.153333333333332,67.4,22.733333333333334
6,14,12,MetLife Stadium,East Rutherford,40.808434,-74.0199,-14400,America/New_York,GMT-4,4.0,22.720000000000002,66.06666666666666,23.62666666666667
6,14,13,MetLife Stadium,East Rutherford,40.808434,-74.0199,-14400,America/New_York,GMT-4,4.0,22.48,67.0,23.393333333333334
6,14,14,MetLife Stadium,East Rutherford,40.808434,-74.0199,-14400,America/New_York,GMT-4,4.0,22.146666666666665,69.0,22.85333333333334
6,14,15,MetLife Stadium,East Rutherford,40.808434,-74.0199,-14400,America/New_York,GMT-4,4.0,21.91333333333333,70.33333333333333,22.433333333333334
6,14,16,MetLife Stadium,East Rutherford,40.808434,-74.0199,-14400,America/New_York,GMT-4,4.0,22.313333333333333,69.66666666666667,22.833333333333332
6,14,17,MetLife Stadium,East Rutherford,40.808434,-74.0199,-14400,America/New_York,GMT-4,4.0,22.413333333333334,69.2,22.706666666666667
6,14,18,MetLife Stadium,East Rutherford,40.808434,-74.0199,-14400,America/New_York,GMT-4,4.0,21.90666666666667,71.4,22.2
6,14,19,MetLife Stadium,East Rutherford,40.808434,-74.0199,-14400,America/New_York,GMT-4,4.0,21.1,74.06666666666666,21.36
6,14,20,MetLife Stadium,East Rutherford,40.808434,-74.0199,-14400,America/New_York,GMT-4,4.0,20.286666666666672,76.0,20.679999999999996
6,14,21,MetLife Stadium,East Rutherford,40.808434,-74.0199,-14400,America/New_York,GMT-4,4.0,19.72666666666667,76.6,20.14
6,14,22,MetLife Stadium,East Rutherford,40.808434,-74.0199,-14400,America/New_York,GMT-4,4.0,19.226666666666667,77.86666666666666,19.713333333333335
6,14,23,MetLife Stadium,East Rutherford,40.808434,-74.0199,-14400,America/New_York,GMT-4,4.0,19.246666666666666,73.46666666666667,19.40666666666667
6,15,0,MetLife Stadium,East Rutherford,40.808434,-74.0199,-14400,America/New_York,GMT-4,4.0,18.0,81.6,18.246666666666663
6,15,1,MetLife Stadium,East Rutherford,40.808434,-74.0199,-14400,America/New_York,GMT-4,4.0,17.666666666666668,85.8,18.18
6,15,2,MetLife Stadium,East Rutherford,40.808434,-74.0199,-14400,America/New_York,GMT-4,4.0,17.44,86.46666666666667,17.899999999999995
6,15,3,MetLife Stadium,East Rutherford,40.808434,-74.0199,-14400,America/New_York,GMT-4,4.0,17.16,86.66666666666667,17.519999999999996
6,15,4,MetLife Stadium,East Rutherford,40.808434,-74.0199,-14400,America/New_York,GMT-4,4.0,16.880000000000003,86.93333333333334,17.019999999999996
6,15,5,MetLife Stadium,East Rutherford,40.808434,-74.0199,-14400,America/New_York,GMT-4,4.0,16.693333333333335,86.86666666666666,16.726666666666667
6,15,6,MetLife Stadium,East Rutherford,40.808434,-74.0199,-14400,America/New_York,GMT-4,4.0,16.906666666666666,85.13333333333334,16.793333333333333
6,15,7,MetLife Stadium,East Rutherford,40.808434,-74.0199,-14400,America/New_York,GMT-4,4.0,17.686666666666667,81.06666666666666,17.52
6,15,8,MetLife Stadium,East Rutherford,40.808434,-74.0199,-14400,America/New_York,GMT-4,4.0,18.82,75.8,18.58
6,15,9,MetLife Stadium,East Rutherford,40.808434,-74.0199,-14400,America/New_York,GMT-4,4.0,20.1,69.66666666666667,19.826666666666668
6,15,10,MetLife Stadium,East Rutherford,40.808434,-74.0199,-14400,America/New_York,GMT-4,4.0,21.26666666666667,63.8,21.086666666666666
6,15,11,MetLife Stadium,East Rutherford,40.808434,-74.0199,-14400,America/New_York,GMT-4,4.0,22.273333333333337,58.4,22.240000000000002
6,15,12,MetLife Stadium,East Rutherford,40.808434,-74.0199,-14400,America/New_York,GMT-4,4.0,23.206666666666667,53.86666666666667,23.353333333333335
6,15,13,MetLife Stadium,East Rutherford,40.808434,-74.0199,-14400,America/New_York,GMT-4,4.0,23.746666666666666,51.666666666666664,23.706666666666663
6,15,14,MetLife Stadium,East Rutherford,40.808434,-74.0199,-14400,America/New_York,GMT-4,4.0,24.12666666666667,50.333333333333336,23.826666666666668
6,15,15,MetLife Stadium,East Rutherford,40.808434,-74.0199,-14400,America/New_York,GMT-4,4.0,24.153333333333332,50.2,23.393333333333334
6,15,16,MetLife Stadium,East Rutherford,40.808434,-74.0199,-14400,America/New_York,GMT-4,4.0,24.133333333333336,50.06666666666667,23.046666666666667
6,15,17,MetLife Stadium,East Rutherford,40.808434,-74.0199,-14400,America/New_York,GMT-4,4.0,23.8,51.46666666666667,22.44
6,15,18,MetLife Stadium,East Rutherford,40.808434,-74.0199,-14400,America/New_York,GMT-4,4.0,23.213333333333328,54.333333333333336,21.953333333333333
6,15,19,MetLife Stadium,East Rutherford,40.808434,-74.0199,-14400,America/New_York,GMT-4,4.0,22.166666666666664,59.46666666666667,21.366666666666667
6,15,20,MetLife Stadium,East Rutherford,40.808434,-74.0199,-14400,America/New_York,GMT-4,4.0,20.933333333333334,64.53333333333333,20.5
6,15,21,MetLife Stadium,East Rutherford,40.808434,-74.0199,-14400,America/New_York,GMT-4,4.0,19.77333333333333,69.46666666666667,19.613333333333337
6,15,22,MetLife Stadium,East Rutherford,40.808434,-74.0199,-14400,America/New_York,GMT-4,4.0,18.966666666666665,72.13333333333334,18.773333333333333
6,15,23,MetLife Stadium,East Rutherford,40.808434,-74.0199,-14400,America/New_York,GMT-4,4.0,18.42666666666667,77.06666666666666,18.486666666666665
6,16,0,MetLife Stadium,East Rutherford,40.808434,-74.0199,-14400,America/New_York,GMT-4,4.0,17.733333333333334,77.8,17.613333333333333
6,16,1,MetLife Stadium,East Rutherford,40.808434,-74.0199,-14400,America/New_York,GMT-4,4.0,17.4,77.8,17.213333333333335
6,16,2,MetLife Stadium,East Rutherford,40.808434,-74.0199,-14400,America/New_York,GMT-4,4.0,16.913333333333334,79.86666666666666,16.766666666666666
6,16,3,MetLife Stadium,East Rutherford,40.808434,-74.0199,-14400,America/New_York,GMT-4,4.0,16.52,81.0,16.32
6,16,4,MetLife Stadium,East Rutherford,40.808434,-74.0199,-14400,America/New_York,GMT-4,4.0,16.319999999999997,80.93333333333334,16.02
6,16,5,MetLife Stadium,East Rutherford,40.808434,-74.0199,-14400,America/New_York,GMT-4,4.0,16.126666666666665,81.2,15.773333333333335
6,16,6,MetLife Stadium,East Rutherford,40.808434,-74.0199,-14400,America/New_York,GMT-4,4.0,16.333333333333332,80.53333333333333,15.980000000000002
6,16,7,MetLife Stadium,East Rutherford,40.808434,-74.0199,-14400,America/New_York,GMT-4,4.0,16.953333333333337,78.33333333333333,16.586666666666666
6,16,8,MetLife Stadium,East Rutherford,40.808434,-74.0199,-14400,America/New_York,GMT-4,4.0,18.066666666666666,74.33333333333333,17.626666666666665
6,16,9,MetLife Stadium,East Rutherford,40.808434,-74.0199,-14400,America/New_York,GMT-4,4.0,19.34666666666667,68.53333333333333,18.826666666666664
6,16,10,MetLife Stadium,East Rutherford,40.808434,-74.0199,-14400,America/New_York,GMT-4,4.0,20.533333333333335,62.53333333333333,19.873333333333335
6,16,11,MetLife Stadium,East Rutherford,40.808434,-74.0199,-14400,America/New_York,GMT-4,4.0,21.560000000000002,56.93333333333333,20.906666666666663
6,16,12,MetLife Stadium,East Rutherford,40.808434,-74.0199,-14400,America/New_York,GMT-4,4.0,22.18,54.53333333333333,21.606666666666666
6,16,13,MetLife Stadium,East Rutherford,40.808434,-74.0199,-14400,America/New_York,GMT-4,4.0,22.35333333333333,55.53333333333333,21.906666666666663
6,16,14,MetLife Stadium,East Rutherford,40.808434,-74.0199,-14400,America/New_York,GMT-4,4.0,22.146666666666665,58.46666666666667,21.73333333333333
6,16,15,MetLife Stadium,East Rutherford,40.808434,-74.0199,-14400,America/New_York,GMT-4,4.0,21.759999999999998,61.266666666666666,21.233333333333334
6,16,16,MetLife Stadium,East Rutherford,40.808434,-74.0199,-14400,America/New_York,GMT-4,4.0,21.48,62.733333333333334,20.779999999999998
6,16,17,MetLife Stadium,East Rutherford,40.808434,-74.0199,-14400,America/New_York,GMT-4,4.0,21.226666666666674,63.86666666666667,20.326666666666668
6,16,18,MetLife Stadium,East Rutherford,40.808434,-74.0199,-14400,America/New_York,GMT-4,4.0,20.853333333333335,66.53333333333333,20.1
6,16,19,MetLife Stadium,East Rutherford,40.808434,-74.0199,-14400,America/New_York,GMT-4,4.0,20.240000000000002,69.53333333333333,19.706666666666663
6,16,20,MetLife Stadium,East Rutherford,40.808434,-74.0199,-14400,America/New_York,GMT-4,4.0,19.453333333333333,73.4,19.19333333333333
6,16,21,MetLife Stadium,East Rutherford,40.808434,-74.0199,-14400,America/New_York,GMT-4,4.0,18.733333333333338,76.46666666666667,18.540000000000003
6,16,22,MetLife Stadium,East Rutherford,40.808434,-74.0199,-14400,America/New_York,GMT-4,4.0,18.18,79.26666666666667,18.133333333333333
6,16,23,MetLife Stadium,East Rutherford,40.808434,-74.0199,-14400,America/New_York,GMT-4,4.0,17.966666666666665,78.6,17.89333333333333
6,17,0,MetLife Stadium,East Rutherford,40.808434,-74.0199,-14400,America/New_York,GMT-4,4.0,17.94,80.93333333333334,18.086666666666666
6,17,1,MetLife Stadium,East Rutherford,40.808434,-74.0199,-14400,America/New_York,GMT-4,4.0,17.06666666666667,85.4,17.339999999999996
6,17,2,MetLife Stadium,East Rutherford,40.808434,-74.0199,-14400,America/New_York,GMT-4,4.0,16.846666666666668,86.2,17.15333333333333
6,17,3,MetLife Stadium,East Rutherford,40.808434,-74.0199,-14400,America/New_York,GMT-4,4.0,16.673333333333332,86.73333333333333,17.026666666666664
6,17,4,MetLife Stadium,East Rutherford,40.808434,-74.0199,-14400,America/New_York,GMT-4,4.0,16.38,88.06666666666666,16.793333333333333
6,17,5,MetLife Stadium,East Rutherford,40.808434,-74.0199,-14400,America/New_York,GMT-4,4.0,16.2,89.46666666666667,16.586666666666666
6,17,6,MetLife Stadium,East Rutherford,40.808434,-74.0199,-14400,America/New_York,GMT-4,4.0,16.5,88.53333333333333,16.813333333333333
6,17,7,MetLife Stadium,East Rutherford,40.808434,-74.0199,-14400,America/New_York,GMT-4,4.0,17.44,84.46666666666667,17.633333333333333
6,17,8,MetLife Stadium,East Rutherford,40.808434,-74.0199,-14400,America/New_York,GMT-4,4.0,18.94,78.0,19.08
6,17,9,MetLife Stadium,East Rutherford,40.808434,-74.0199,-14400,America/New_York,GMT-4,4.0,20.62666666666667,71.4,20.826666666666668
6,17,10,MetLife Stadium,East Rutherford,40.808434,-74.0199,-14400,America/New_York,GMT-4,4.0,22.200000000000003,65.46666666666667,22.520000000000003
6,17,11,MetLife Stadium,East Rutherford,40.808434,-74.0199,-14400,America/New_York,GMT-4,4.0,23.566666666666666,59.46666666666667,23.893333333333334
6,17,12,MetLife Stadium,East Rutherford,40.808434,-74.0199,-14400,America/New_York,GMT-4,4.0,24.686666666666667,54.266666666666666,24.933333333333337
6,17,13,MetLife Stadium,East Rutherford,40.808434,-74.0199,-14400,America/New_York,GMT-4,4.0,25.62,49.733333333333334,25.580000000000005
6,17,14,MetLife Stadium,East Rutherford,40.808434,-74.0199,-14400,America/New_York,GMT-4,4.0,25.993333333333332,48.266666666666666,25.660000000000004
6,17,15,MetLife Stadium,East Rutherford,40.808434,-74.0199,-14400,America/New_York,GMT-4,4.0,25.89333333333333,48.46666666666667,25.206666666666667
6,17,16,MetLife Stadium,East Rutherford,40.808434,-74.0199,-14400,America/New_York,GMT-4,4.0,25.439999999999998,49.53333333333333,24.346666666666668
6,17,17,MetLife Stadium,East Rutherford,40.808434,-74.0199,-14400,America/New_York,GMT-4,4.0,25.113333333333333,50.46666666666667,23.76
6,17,18,MetLife Stadium,East Rutherford,40.808434,-74.0199,-14400,America/New_York,GMT-4,4.0,24.600000000000005,52.53333333333333,23.306666666666665
6,17,19,MetLife Stadium,East Rutherford,40.808434,-74.0199,-14400,America/New_York,GMT-4,4.0,23.773333333333333,56.6,22.86
6,17,20,MetLife Stadium,East Rutherford,40.808434,-74.0199,-14400,America/New_York,GMT-4,4.0,22.593333333333337,61.46666666666667,22.09333333333333
6,17,21,MetLife Stadium,East Rutherford,40.808434,-74.0199,-14400,America/New_York,GMT-4,4.0,21.393333333333334,66.26666666666667,21.179999999999996
6,17,22,MetLife Stadium,East Rutherford,40.808434,-74.0199,-14400,America/New_York,GMT-4,4.0,20.39333333333333,69.86666666666666,20.306666666666665
6,17,23,MetLife Stadium,East Rutherford,40.808434,-74.0199,-14400,America/New_York,GMT-4,4.0,19.060000000000002,75.8,19.153333333333332
6,18,0,MetLife Stadium,East Rutherford,40.808434,-74.0199,-14400,America/New_York,GMT-4,4.0,19.266666666666666,73.33333333333333,19.266666666666662
6,18,1,MetLife Stadium,East Rutherford,40.808434,-74.0199,-14400,America/New_York,GMT-4,4.0,18.613333333333333,75.06666666666666,18.45333333333333
6,18,2,MetLife Stadium,East Rutherford,40.808434,-74.0199,-14400,America/New_York,GMT-4,4.0,18.30666666666667,75.73333333333333,18.040000000000003
6,18,3,MetLife Stadium,East Rutherford,40.808434,-74.0199,-14400,America/New_York,GMT-4,4.0,18.09333333333333,76.33333333333333,17.72666666666667
6,18,4,MetLife Stadium,East Rutherford,40.808434,-74.0199,-14400,America/New_York,GMT-4,4.0,17.84,77.0,17.373333333333335
6,18,5,MetLife Stadium,East Rutherford,40.808434,-74.0199,-14400,America/New_York,GMT-4,4.0,17.62,77.6,17.093333333333337
6,18,6,MetLife Stadium,East Rutherford,40.808434,-74.0199,-14400,America/New_York,GMT-4,4.0,17.779999999999998,77.06666666666666,17.15333333333333
6,18,7,MetLife Stadium,East Rutherford,40.808434,-74.0199,-14400,America/New_York,GMT-4,4.0,18.646666666666665,74.6,18.113333333333333
6,18,8,MetLife Stadium,East Rutherford,40.808434,-74.0199,-14400,America/New_York,GMT-4,4.0,20.0,70.26666666666667,19.533333333333335
6,18,9,MetLife Stadium,East Rutherford,40.808434,-74.0199,-14400,America/New_York,GMT-4,4.0,21.439999999999998,65.33333333333333,21.12
6,18,10,MetLife Stadium,East Rutherford,40.808434,-74.0199,-14400,America/New_York,GMT-4,4.0,22.66,60.93333333333333,22.5
6,18,11,MetLife Stadium,East Rutherford,40.808434,-74.0199,-14400,America/New_York,GMT-4,4.0,23.82,57.266666666666666,23.933333333333334
6,18,12,MetLife Stadium,East Rutherford,40.808434,-74.0199,-14400,America/New_York,GMT-4,4.0,24.899999999999995,53.93333333333333,25.253333333333334
6,18,13,MetLife Stadium,East Rutherford,40.808434,-74.0199,-14400,America/New_York,GMT-4,4.0,25.673333333333332,51.333333333333336,26.000000000000004
6,18,14,MetLife Stadium,East Rutherford,40.808434,-74.0199,-14400,America/New_York,GMT-4,4.0,26.220000000000002,49.8,26.40666666666667
6,18,15,MetLife Stadium,East Rutherford,40.808434,-74.0199,-14400,America/New_York,GMT-4,4.0,26.21333333333333,50.666666666666664,26.14
6,18,16,MetLife Stadium,East Rutherford,40.808434,-74.0199,-14400,America/New_York,GMT-4,4.0,25.779999999999998,53.06666666666667,25.386666666666663
6,18,17,MetLife Stadium,East Rutherford,40.808434,-74.0199,-14400,America/New_York,GMT-4,4.0,24.82,56.93333333333333,24.293333333333333
6,18,18,MetLife Stadium,East Rutherford,40.808434,-74.0199,-14400,America/New_York,GMT-4,4.0,23.926666666666666,59.266666666666666,23.286666666666672
6,18,19,MetLife Stadium,East Rutherford,40.808434,-74.0199,-14400,America/New_York,GMT-4,4.0,23.046666666666663,61.86666666666667,22.666666666666668
6,18,20,MetLife Stadium,East Rutherford,40.808434,-74.0199,-14400,America/New_York,GMT-4,4.0,22.326666666666664,63.4,21.973333333333336
6,18,21,MetLife Stadium,East Rutherford,40.808434,-74.0199,-14400,America/New_York,GMT-4,4.0,21.553333333333335,66.0,21.433333333333337
6,18,22,MetLife Stadium,East Rutherford,40.808434,-74.0199,-14400,America/New_York,GMT-4,4.0,20.913333333333334,68.06666666666666,20.886666666666667
6,18,23,MetLife Stadium,East Rutherford,40.808434,-74.0199,-14400,America/New_York,GMT-4,4.0,20.060000000000002,70.93333333333334,20.106666666666666
6,19,0,MetLife Stadium,East Rutherford,40.808434,-74.0199,-14400,America/New_York,GMT-4,4.0,19.90666666666667,72.93333333333334,20.0
6,19,1,MetLife Stadium,East Rutherford,40.808434,-74.0199,-14400,America/New_York,GMT-4,4.0,19.613333333333333,73.33333333333333,19.726666666666667
6,19,2,MetLife Stadium,East Rutherford,40.808434,-74.0199,-14400,America/New_York,GMT-4,4.0,19.333333333333332,73.8,19.226666666666667
6,19,3,MetLife Stadium,East Rutherford,40.808434,-74.0199,-14400,America/New_York,GMT-4,4.0,19.013333333333332,74.6,18.806666666666665
6,19,4,MetLife Stadium,East Rutherford,40.808434,-74.0199,-14400,America/New_York,GMT-4,4.0,18.59333333333333,76.6,18.446666666666665
6,19,5,MetLife Stadium,East Rutherford,40.808434,-74.0199,-14400,America/New_York,GMT-4,4.0,18.273333333333333,78.73333333333333,18.28666666666667
6,19,6,MetLife Stadium,East Rutherford,40.808434,-74.0199,-14400,America/New_York,GMT-4,4.0,18.40666666666667,79.4,18.499999999999996
6,19,7,MetLife Stadium,East Rutherford,40.808434,-74.0199,-14400,America/New_York,GMT-4,4.0,19.139999999999997,77.46666666666667,19.38
6,19,8,MetLife Stadium,East Rutherford,40.808434,-74.0199,-14400,America/New_York,GMT-4,4.0,20.47333333333334,73.93333333333334,21.006666666666668
6,19,9,MetLife Stadium,East Rutherford,40.808434,-74.0199,-14400,America/New_York,GMT-4,4.0,22.133333333333333,69.13333333333334,23.086666666666666
6,19,10,MetLife Stadium,East Rutherford,40.808434,-74.0199,-14400,America/New_York,GMT-4,4.0,23.860000000000003,63.86666666666667,25.326666666666664
6,19,11,MetLife Stadium,East Rutherford,40.808434,-74.0199,-14400,America/New_York,GMT-4,4.0,25.413333333333334,58.2,27.19333333333333
6,19,12,MetLife Stadium,East Rutherford,40.808434,-74.0199,-14400,America/New_York,GMT-4,4.0,26.660000000000004,53.4,28.53333333333334
6,19,13,MetLife Stadium,East Rutherford,40.808434,-74.0199,-14400,America/New_York,GMT-4,4.0,27.353333333333335,50.6,29.000000000000004
6,19,14,MetLife Stadium,East Rutherford,40.808434,-74.0199,-14400,America/New_York,GMT-4,4.0,27.680000000000003,48.733333333333334,28.740000000000002
6,19,15,MetLife Stadium,East Rutherford,40.808434,-74.0199,-14400,America/New_York,GMT-4,4.0,27.68666666666667,47.8,28.1
6,19,16,MetLife Stadium,East Rutherford,40.808434,-74.0199,-14400,America/New_York,GMT-4,4.0,27.353333333333335,48.0,27.199999999999996
6,19,17,MetLife Stadium,East Rutherford,40.808434,-74.0199,-14400,America/New_York,GMT-4,4.0,26.593333333333337,50.53333333333333,26.226666666666667
6,19,18,MetLife Stadium,East Rutherford,40.808434,-74.0199,-14400,America/New_York,GMT-4,4.0,25.379999999999995,54.86666666666667,24.90666666666667
6,19,19,MetLife Stadium,East Rutherford,40.808434,-74.0199,-14400,America/New_York,GMT-4,4.0,24.0,59.53333333333333,23.613333333333337
6,19,20,MetLife Stadium,East Rutherford,40.808434,-74.0199,-14400,America/New_York,GMT-4,4.0,22.673333333333332,63.86666666666667,22.38
6,19,21,MetLife Stadium,East Rutherford,40.808434,-74.0199,-14400,America/New_York,GMT-4,4.0,21.566666666666666,67.53333333333333,21.459999999999994
6,19,22,MetLife Stadium,East Rutherford,40.808434,-74.0199,-14400,America/New_York,GMT-4,4.0,20.84,70.26666666666667,20.699999999999996
6,19,23,MetLife Stadium,East Rutherford,40.808434,-74.0199,-14400,America/New_York,GMT-4,4.0,20.313333333333336,71.86666666666666,20.33333333333333
6,20,0,MetLife Stadium,East Rutherford,40.808434,-74.0199,-14400,America/New_York,GMT-4,4.0,20.3,73.13333333333334,20.42666666666667
6,20,1,MetLife Stadium,East Rutherford,40.808434,-74.0199,-14400,America/New_York,GMT-4,4.0,19.39333333333333,75.26666666666667,19.246666666666666
6,20,2,MetLife Stadium,East Rutherford,40.808434,-74.0199,-14400,America/New_York,GMT-4,4.0,18.88,76.33333333333333,18.753333333333334
6,20,3,MetLife Stadium,East Rutherford,40.808434,-74.0199,-14400,America/New_York,GMT-4,4.0,18.28666666666667,76.93333333333334,18.05333333333333
6,20,4,MetLife Stadium,East Rutherford,40.808434,-74.0199,-14400,America/New_York,GMT-4,4.0,17.706666666666667,77.6,17.319999999999997
6,20,5,MetLife Stadium,East Rutherford,40.808434,-74.0199,-14400,America/New_York,GMT-4,4.0,17.313333333333333,78.53333333333333,16.893333333333334
6,20,6,MetLife Stadium,East Rutherford,40.808434,-74.0199,-14400,America/New_York,GMT-4,4.0,17.513333333333332,78.06666666666666,17.146666666666665
6,20,7,MetLife Stadium,East Rutherford,40.808434,-74.0199,-14400,America/New_York,GMT-4,4.0,18.34,75.2,18.040000000000003
6,20,8,MetLife Stadium,East Rutherford,40.808434,-74.0199,-14400,America/New_York,GMT-4,4.0,19.833333333333332,70.06666666666666,19.639999999999997
6,20,9,MetLife Stadium,East Rutherford,40.808434,-74.0199,-14400,America/New_York,GMT-4,4.0,21.446666666666665,64.66666666666667,21.37333333333333
6,20,10,MetLife Stadium,East Rutherford,40.808434,-74.0199,-14400,America/New_York,GMT-4,4.0,23.16,59.0,23.36
6,20,11,MetLife Stadium,East Rutherford,40.808434,-74.0199,-14400,America/New_York,GMT-4,4.0,24.753333333333334,53.666666666666664,25.206666666666667
6,20,12,MetLife Stadium,East Rutherford,40.808434,-74.0199,-14400,America/New_York,GMT-4,4.0,26.173333333333332,49.13333333333333,26.92
6,20,13,MetLife Stadium,East Rutherford,40.808434,-74.0199,-14400,America/New_York,GMT-4,4.0,27.206666666666663,46.2,28.073333333333334
6,20,14,MetLife Stadium,East Rutherford,40.808434,-74.0199,-14400,America/New_York,GMT-4,4.0,27.7,45.333333333333336,28.56
6,20,15,MetLife Stadium,East Rutherford,40.808434,-74.0199,-14400,America/New_York,GMT-4,4.0,27.733333333333334,45.93333333333333,28.313333333333336
6,20,16,MetLife Stadium,East Rutherford,40.808434,-74.0199,-14400,America/New_York,GMT-4,4.0,27.43333333333333,47.53333333333333,27.566666666666666
6,20,17,MetLife Stadium,East Rutherford,40.808434,-74.0199,-14400,America/New_York,GMT-4,4.0,26.89333333333333,49.46666666666667,26.7
6,20,18,MetLife Stadium,East Rutherford,40.808434,-74.0199,-14400,America/New_York,GMT-4,4.0,26.166666666666668,52.13333333333333,25.953333333333333
6,20,19,MetLife Stadium,East Rutherford,40.808434,-74.0199,-14400,America/New_York,GMT-4,4.0,25.119999999999997,55.8,25.113333333333333
6,20,20,MetLife Stadium,East Rutherford,40.808434,-74.0199,-14400,America/New_York,GMT-4,4.0,24.020000000000003,59.93333333333333,24.326666666666664
6,20,21,MetLife Stadium,East Rutherford,40.808434,-74.0199,-14400,America/New_York,GMT-4,4.0,23.006666666666668,64.26666666666667,23.62666666666667
6,20,22,MetLife Stadium,East Rutherford,40.808434,-74.0199,-14400,America/New_York,GMT-4,4.0,22.266666666666666,67.66666666666667,23.093333333333337
6,20,23,MetLife Stadium,East Rutherford,40.808434,-74.0199,-14400,America/New_York,GMT-4,4.0,21.233333333333334,70.93333333333334,21.733333333333334
6,21,0,MetLife Stadium,East Rutherford,40.808434,-74.0199,-14400,America/New_York,GMT-4,4.0,21.32,72.6,22.080000000000002
6,21,1,MetLife Stadium,East Rutherford,40.808434,-74.0199,-14400,America/New_York,GMT-4,4.0,20.433333333333334,74.6,21.10666666666667
6,21,2,MetLife Stadium,East Rutherford,40.808434,-74.0199,-14400,America/New_York,GMT-4,4.0,19.966666666666665,77.66666666666667,20.67333333333334
6,21,3,MetLife Stadium,East Rutherford,40.808434,-74.0199,-14400,America/New_York,GMT-4,4.0,19.62,79.66666666666667,20.30666666666667
6,21,4,MetLife Stadium,East Rutherford,40.808434,-74.0199,-14400,America/New_York,GMT-4,4.0,19.326666666666668,80.4,19.986666666666668
6,21,5,MetLife Stadium,East Rutherford,40.808434,-74.0199,-14400,America/New_York,GMT-4,4.0,19.133333333333336,80.8,19.773333333333337
6,21,6,MetLife Stadium,East Rutherford,40.808434,-74.0199,-14400,America/New_York,GMT-4,4.0,19.46,79.6,20.133333333333336
6,21,7,MetLife Stadium,East Rutherford,40.808434,-74.0199,-14400,America/New_York,GMT-4,4.0,20.373333333333335,76.8,21.200000000000003
6,21,8,MetLife Stadium,East Rutherford,40.808434,-74.0199,-14400,America/New_York,GMT-4,4.0,21.89333333333333,71.46666666666667,22.880000000000003
6,21,9,MetLife Stadium,East Rutherford,40.808434,-74.0199,-14400,America/New_York,GMT-4,4.0,23.459999999999997,65.93333333333334,24.653333333333332
6,21,10,MetLife Stadium,East Rutherford,40.808434,-74.0199,-14400,America/New_York,GMT-4,4.0,24.94666666666667,60.46666666666667,26.313333333333333
6,21,11,MetLife Stadium,East Rutherford,40.808434,-74.0199,-14400,America/New_York,GMT-4,4.0,26.126666666666665,56.2,27.560000000000002
6,21,12,MetLife Stadium,East Rutherford,40.808434,-74.0199,-14400,America/New_York,GMT-4,4.0,27.039999999999996,53.0,28.56
6,21,13,MetLife Stadium,East Rutherford,40.808434,-74.0199,-14400,America/New_York,GMT-4,4.0,27.746666666666663,50.53333333333333,29.113333333333337
6,21,14,MetLife Stadium,East Rutherford,40.808434,-74.0199,-14400,America/New_York,GMT-4,4.0,28.266666666666662,48.733333333333334,29.40666666666667
6,21,15,MetLife Stadium,East Rutherford,40.808434,-74.0199,-14400,America/New_York,GMT-4,4.0,28.259999999999998,48.333333333333336,28.90666666666667
6,21,16,MetLife Stadium,East Rutherford,40.808434,-74.0199,-14400,America/New_York,GMT-4,4.0,27.606666666666666,50.8,28.0
6,21,17,MetLife Stadium,East Rutherford,40.808434,-74.0199,-14400,America/New_York,GMT-4,4.0,26.686666666666667,53.86666666666667,26.893333333333334
6,21,18,MetLife Stadium,East Rutherford,40.808434,-74.0199,-14400,America/New_York,GMT-4,4.0,25.786666666666658,57.733333333333334,26.113333333333333
6,21,19,MetLife Stadium,East Rutherford,40.808434,-74.0199,-14400,America/New_York,GMT-4,4.0,25.16,59.733333333333334,25.54666666666667
6,21,20,MetLife Stadium,East Rutherford,40.808434,-74.0199,-14400,America/New_York,GMT-4,4.0,24.386666666666667,63.266666666666666,24.993333333333336
6,21,21,MetLife Stadium,East Rutherford,40.808434,-74.0199,-14400,America/New_York,GMT-4,4.0,23.78666666666667,66.53333333333333,24.673333333333336
6,21,22,MetLife Stadium,East Rutherford,40.808434,-74.0199,-14400,America/New_York,GMT-4,4.0,23.140000000000004,70.06666666666666,24.16
6,21,23,MetLife Stadium,East Rutherford,40.808434,-74.0199,-14400,America/New_York,GMT-4,4.0,22.273333333333333,71.4,23.246666666666666
6,22,0,MetLife Stadium,East Rutherford,40.808434,-74.0199,-14400,America/New_York,GMT-4,4.0,21.493333333333332,80.06666666666666,22.926666666666662
6,22,1,MetLife Stadium,East Rutherford,40.808434,-74.0199,-14400,America/New_York,GMT-4,4.0,21.666666666666668,80.13333333333334,23.099999999999998
6,22,2,MetLife Stadium,East Rutherford,40.808434,-74.0199,-14400,America/New_York,GMT-4,4.0,21.360000000000003,82.4,22.959999999999997
6,22,3,MetLife Stadium,East Rutherford,40.808434,-74.0199,-14400,America/New_York,GMT-4,4.0,21.146666666666665,83.86666666666666,22.786666666666672
6,22,4,MetLife Stadium,East Rutherford,40.808434,-74.0199,-14400,America/New_York,GMT-4,4.0,20.900000000000002,85.26666666666667,22.526666666666667
6,22,5,MetLife Stadium,East Rutherford,40.808434,-74.0199,-14400,America/New_York,GMT-4,4.0,20.793333333333337,85.73333333333333,22.34
6,22,6,MetLife Stadium,East Rutherford,40.808434,-74.0199,-14400,America/New_York,GMT-4,4.0,20.94,84.8,22.446666666666665
6,22,7,MetLife Stadium,East Rutherford,40.808434,-74.0199,-14400,America/New_York,GMT-4,4.0,21.44,81.6,22.753333333333334
6,22,8,MetLife Stadium,East Rutherford,40.808434,-74.0199,-14400,America/New_York,GMT-4,4.0,21.993333333333336,78.06666666666666,23.14
6,22,9,MetLife Stadium,East Rutherford,40.808434,-74.0199,-14400,America/New_York,GMT-4,4.0,22.466666666666665,74.6,23.279999999999998
6,22,10,MetLife Stadium,East Rutherford,40.808434,-74.0199,-14400,America/New_York,GMT-4,4.0,22.9,71.8,23.51333333333333
6,22,11,MetLife Stadium,East Rutherford,40.808434,-74.0199,-14400,America/New_York,GMT-4,4.0,23.639999999999997,67.93333333333334,24.05333333333333
6,22,12,MetLife Stadium,East Rutherford,40.808434,-74.0199,-14400,America/New_York,GMT-4,4.0,24.379999999999995,64.53333333333333,24.779999999999994
6,22,13,MetLife Stadium,East Rutherford,40.808434,-74.0199,-14400,America/New_York,GMT-4,4.0,24.826666666666664,62.86666666666667,25.16
6,22,14,MetLife Stadium,East Rutherford,40.808434,-74.0199,-14400,America/New_York,GMT-4,4.0,24.633333333333333,64.2,24.92
6,22,15,MetLife Stadium,East Rutherford,40.808434,-74.0199,-14400,America/New_York,GMT-4,4.0,24.32,66.4,24.613333333333333
6,22,16,MetLife Stadium,East Rutherford,40.808434,-74.0199,-14400,America/New_York,GMT-4,4.0,24.09333333333333,68.06666666666666,24.560000000000002
6,22,17,MetLife Stadium,East Rutherford,40.808434,-74.0199,-14400,America/New_York,GMT-4,4.0,23.88,69.53333333333333,24.446666666666665
6,22,18,MetLife Stadium,East Rutherford,40.808434,-74.0199,-14400,America/New_York,GMT-4,4.0,23.526666666666664,71.0,24.16
6,22,19,MetLife Stadium,East Rutherford,40.808434,-74.0199,-14400,America/New_York,GMT-4,4.0,23.14666666666666,72.46666666666667,23.880000000000003
6,22,20,MetLife Stadium,East Rutherford,40.808434,-74.0199,-14400,America/New_York,GMT-4,4.0,22.64666666666666,74.33333333333333,23.626666666666665
6,22,21,MetLife Stadium,East Rutherford,40.808434,-74.0199,-14400,America/New_York,GMT-4,4.0,22.066666666666666,76.66666666666667,23.3
6,22,22,MetLife Stadium,East Rutherford,40.808434,-74.0199,-14400,America/New_York,GMT-4,4.0,21.366666666666667,79.73333333333333,22.799999999999997
6,22,23,MetLife Stadium,East Rutherford,40.808434,-74.0199,-14400,America/New_York,GMT-4,4.0,21.393333333333334,79.73333333333333,22.80666666666666
6,23,0,MetLife Stadium,East Rutherford,40.808434,-74.0199,-14400,America/New_York,GMT-4,4.0,21.06666666666667,81.4,22.733333333333334
6,23,1,MetLife Stadium,East Rutherford,40.808434,-74.0199,-14400,America/New_York,GMT-4,4.0,20.066666666666666,83.2,21.56
6,23,2,MetLife Stadium,East Rutherford,40.808434,-74.0199,-14400,America/New_York,GMT-4,4.0,19.726666666666667,83.86666666666666,21.113333333333333
6,23,3,MetLife Stadium,East Rutherford,40.808434,-74.0199,-14400,America/New_York,GMT-4,4.0,19.37333333333333,85.26666666666667,20.73333333333333
6,23,4,MetLife Stadium,East Rutherford,40.808434,-74.0199,-14400,America/New_York,GMT-4,4.0,19.073333333333334,86.93333333333334,20.459999999999997
6,23,5,MetLife Stadium,East Rutherford,40.808434,-74.0199,-14400,America/New_York,GMT-4,4.0,18.94,88.0,20.39333333333333
6,23,6,MetLife Stadium,East Rutherford,40.808434,-74.0199,-14400,America/New_York,GMT-4,4.0,19.286666666666665,86.53333333333333,20.74666666666667
6,23,7,MetLife Stadium,East Rutherford,40.808434,-74.0199,-14400,America/New_York,GMT-4,4.0,20.1,83.0,21.506666666666664
6,23,8,MetLife Stadium,East Rutherford,40.808434,-74.0199,-14400,America/New_York,GMT-4,4.0,21.486666666666668,77.33333333333333,22.826666666666668
6,23,9,MetLife Stadium,East Rutherford,40.808434,-74.0199,-14400,America/New_York,GMT-4,4.0,22.96,71.4,24.27333333333333
6,23,10,MetLife Stadium,East Rutherford,40.808434,-74.0199,-14400,America/New_York,GMT-4,4.0,24.413333333333334,65.26666666666667,25.793333333333333
6,23,11,MetLife Stadium,East Rutherford,40.808434,-74.0199,-14400,America/New_York,GMT-4,4.0,25.68,59.666666666666664,27.179999999999996
6,23,12,MetLife Stadium,East Rutherford,40.808434,-74.0199,-14400,America/New_York,GMT-4,4.0,26.779999999999998,55.13333333333333,28.25333333333333
6,23,13,MetLife Stadium,East Rutherford,40.808434,-74.0199,-14400,America/New_York,GMT-4,4.0,27.60666666666667,52.06666666666667,28.786666666666665
6,23,14,MetLife Stadium,East Rutherford,40.808434,-74.0199,-14400,America/New_York,GMT-4,4.0,28.046666666666667,50.93333333333333,28.813333333333333
6,23,15,MetLife Stadium,East Rutherford,40.808434,-74.0199,-14400,America/New_York,GMT-4,4.0,28.326666666666664,50.2,28.76
6,23,16,MetLife Stadium,East Rutherford,40.808434,-74.0199,-14400,America/New_York,GMT-4,4.0,28.333333333333332,50.6,28.573333333333334
6,23,17,MetLife Stadium,East Rutherford,40.808434,-74.0199,-14400,America/New_York,GMT-4,4.0,28.160000000000007,51.266666666666666,28.340000000000007
6,23,18,MetLife Stadium,East Rutherford,40.808434,-74.0199,-14400,America/New_York,GMT-4,4.0,27.58666666666667,53.733333333333334,27.866666666666674
6,23,19,MetLife Stadium,East Rutherford,40.808434,-74.0199,-14400,America/New_York,GMT-4,4.0,26.759999999999998,57.2,27.473333333333336
6,23,20,MetLife Stadium,East Rutherford,40.808434,-74.0199,-14400,America/New_York,GMT-4,4.0,25.36,64.0,26.553333333333338
6,23,21,MetLife Stadium,East Rutherford,40.808434,-74.0199,-14400,America/New_York,GMT-4,4.0,24.053333333333335,70.93333333333334,25.566666666666666
6,23,22,MetLife Stadium,East Rutherford,40.808434,-74.0199,-14400,America/New_York,GMT-4,4.0,23.080000000000002,76.33333333333333,24.779999999999998
6,23,23,MetLife Stadium,East Rutherford,40.808434,-74.0199,-14400,America/New_York,GMT-4,4.0,22.03333333333334,79.53333333333333,23.713333333333328
6,24,0,MetLife Stadium,East Rutherford,40.808434,-74.0199,-14400,America/New_York,GMT-4,4.0,22.38,77.46666666666667,23.913333333333334
6,24,1,MetLife Stadium,East Rutherford,40.808434,-74.0199,-14400,America/New_York,GMT-4,4.0,21.880000000000003,81.26666666666667,23.69333333333333
6,24,2,MetLife Stadium,East Rutherford,40.808434,-74.0199,-14400,America/New_York,GMT-4,4.0,21.42,81.8,23.173333333333336
6,24,3,MetLife Stadium,East Rutherford,40.808434,-74.0199,-14400,America/New_York,GMT-4,4.0,21.126666666666665,81.53333333333333,22.826666666666664
6,24,4,MetLife Stadium,East Rutherford,40.808434,-74.0199,-14400,America/New_York,GMT-4,4.0,20.959999999999997,81.13333333333334,22.586666666666666
6,24,5,MetLife Stadium,East Rutherford,40.808434,-74.0199,-14400,America/New_York,GMT-4,4.0,20.786666666666665,81.2,22.319999999999997
6,24,6,MetLife Stadium,East Rutherford,40.808434,-74.0199,-14400,America/New_York,GMT-4,4.0,20.813333333333333,81.06666666666666,22.293333333333333
6,24,7,MetLife Stadium,East Rutherford,40.808434,-74.0199,-14400,America/New_York,GMT-4,4.0,21.253333333333334,79.26666666666667,22.65333333333333
6,24,8,MetLife Stadium,East Rutherford,40.808434,-74.0199,-14400,America/New_York,GMT-4,4.0,22.259999999999998,75.26666666666667,23.573333333333334
6,24,9,MetLife Stadium,East Rutherford,40.808434,-74.0199,-14400,America/New_York,GMT-4,4.0,23.540000000000003,68.66666666666667,24.720000000000002
6,24,10,MetLife Stadium,East Rutherford,40.808434,-74.0199,-14400,America/New_York,GMT-4,4.0,25.020000000000003,61.4,26.28666666666667
6,24,11,MetLife Stadium,East Rutherford,40.808434,-74.0199,-14400,America/New_York,GMT-4,4.0,26.30666666666667,54.4,27.52
6,24,12,MetLife Stadium,East Rutherford,40.808434,-74.0199,-14400,America/New_York,GMT-4,4.0,27.373333333333335,49.93333333333333,28.593333333333337
6,24,13,MetLife Stadium,East Rutherford,40.808434,-74.0199,-14400,America/New_York,GMT-4,4.0,27.740000000000002,48.46666666666667,28.5
6,24,14,MetLife Stadium,East Rutherford,40.808434,-74.0199,-14400,America/New_York,GMT-4,4.0,27.806666666666672,48.733333333333334,28.086666666666662
6,24,15,MetLife Stadium,East Rutherford,40.808434,-74.0199,-14400,America/New_York,GMT-4,4.0,27.506666666666668,49.93333333333333,27.173333333333332
6,24,16,MetLife Stadium,East Rutherford,40.808434,-74.0199,-14400,America/New_York,GMT-4,4.0,27.16,50.86666666666667,26.433333333333334
6,24,17,MetLife Stadium,East Rutherford,40.808434,-74.0199,-14400,America/New_York,GMT-4,4.0,26.586666666666666,52.46666666666667,25.613333333333333
6,24,18,MetLife Stadium,East Rutherford,40.808434,-74.0199,-14400,America/New_York,GMT-4,4.0,26.046666666666667,54.13333333333333,25.12666666666667
6,24,19,MetLife Stadium,East Rutherford,40.808434,-74.0199,-14400,America/New_York,GMT-4,4.0,25.380000000000003,57.666666666666664,24.87333333333333
6,24,20,MetLife Stadium,East Rutherford,40.808434,-74.0199,-14400,America/New_York,GMT-4,4.0,24.52,62.733333333333334,24.6
6,24,21,MetLife Stadium,East Rutherford,40.808434,-74.0199,-14400,America/New_York,GMT-4,4.0,23.846666666666668,66.73333333333333,24.44
6,24,22,MetLife Stadium,East Rutherford,40.808434,-74.0199,-14400,America/New_York,GMT-4,4.0,23.24,69.4,24.060000000000002
6,24,23,MetLife Stadium,East Rutherford,40.808434,-74.0199,-14400,America/New_York,GMT-4,4.0,22.946666666666662,72.86666666666666,24.200000000000003
6,25,0,MetLife Stadium,East Rutherford,40.808434,-74.0199,-14400,America/New_York,GMT-4,4.0,22.62666666666667,73.53333333333333,23.84666666666667
6,25,1,MetLife Stadium,East Rutherford,40.808434,-74.0199,-14400,America/New_York,GMT-4,4.0,21.893333333333334,74.2,22.800000000000004
6,25,2,MetLife Stadium,East Rutherford,40.808434,-74.0199,-14400,America/New_York,GMT-4,4.0,21.52,74.86666666666666,22.326666666666668
6,25,3,MetLife Stadium,East Rutherford,40.808434,-74.0199,-14400,America/New_York,GMT-4,4.0,21.133333333333333,75.73333333333333,21.85333333333333
6,25,4,MetLife Stadium,East Rutherford,40.808434,-74.0199,-14400,America/New_York,GMT-4,4.0,20.8,76.6,21.49333333333333
6,25,5,MetLife Stadium,East Rutherford,40.808434,-74.0199,-14400,America/New_York,GMT-4,4.0,20.486666666666665,77.6,21.206666666666667
6,25,6,MetLife Stadium,East Rutherford,40.808434,-74.0199,-14400,America/New_York,GMT-4,4.0,20.639999999999997,77.6,21.493333333333332
6,25,7,MetLife Stadium,East Rutherford,40.808434,-74.0199,-14400,America/New_York,GMT-4,4.0,21.433333333333334,75.66666666666667,22.5
6,25,8,MetLife Stadium,East Rutherford,40.808434,-74.0199,-14400,America/New_York,GMT-4,4.0,23.006666666666668,71.66666666666667,24.446666666666662
6,25,9,MetLife Stadium,East Rutherford,40.808434,-74.0199,-14400,America/New_York,GMT-4,4.0,24.860000000000003,65.73333333333333,26.68
6,25,10,MetLife Stadium,East Rutherford,40.808434,-74.0199,-14400,America/New_York,GMT-4,4.0,26.686666666666667,58.86666666666667,28.94666666666667
6,25,11,MetLife Stadium,East Rutherford,40.808434,-74.0199,-14400,America/New_York,GMT-4,4.0,28.193333333333335,51.666666666666664,30.760000000000005
6,25,12,MetLife Stadium,East Rutherford,40.808434,-74.0199,-14400,America/New_York,GMT-4,4.0,29.393333333333334,45.86666666666667,32.09333333333334
6,25,13,MetLife Stadium,East Rutherford,40.808434,-74.0199,-14400,America/New_York,GMT-4,4.0,30.09333333333333,42.733333333333334,32.580000000000005
6,25,14,MetLife Stadium,East Rutherford,40.808434,-74.0199,-14400,America/New_York,GMT-4,4.0,30.546666666666667,41.2,32.57333333333333
6,25,15,MetLife Stadium,East Rutherford,40.808434,-74.0199,-14400,America/New_York,GMT-4,4.0,30.59333333333333,41.86666666666667,31.99333333333333
6,25,16,MetLife Stadium,East Rutherford,40.808434,-74.0199,-14400,America/New_York,GMT-4,4.0,30.106666666666666,45.13333333333333,30.866666666666667
6,25,17,MetLife Stadium,East Rutherford,40.808434,-74.0199,-14400,America/New_York,GMT-4,4.0,29.259999999999998,50.0,29.69333333333334
6,25,18,MetLife Stadium,East Rutherford,40.808434,-74.0199,-14400,America/New_York,GMT-4,4.0,28.133333333333336,55.53333333333333,28.64666666666667
6,25,19,MetLife Stadium,East Rutherford,40.808434,-74.0199,-14400,America/New_York,GMT-4,4.0,27.10666666666667,61.2,28.28666666666667
6,25,20,MetLife Stadium,East Rutherford,40.808434,-74.0199,-14400,America/New_York,GMT-4,4.0,25.866666666666667,65.4,27.32
6,25,21,MetLife Stadium,East Rutherford,40.808434,-74.0199,-14400,America/New_York,GMT-4,4.0,24.726666666666667,69.06666666666666,26.380000000000003
6,25,22,MetLife Stadium,East Rutherford,40.808434,-74.0199,-14400,America/New_York,GMT-4,4.0,23.986666666666668,70.53333333333333,25.513333333333335
6,25,23,MetLife Stadium,East Rutherford,40.808434,-74.0199,-14400,America/New_York,GMT-4,4.0,23.22666666666667,72.53333333333333,24.660000000000004
6,26,0,MetLife Stadium,East Rutherford,40.808434,-74.0199,-14400,America/New_York,GMT-4,4.0,22.753333333333334,77.46666666666667,24.220000000000002
6,26,1,MetLife Stadium,East Rutherford,40.808434,-74.0199,-14400,America/New_York,GMT-4,4.0,22.8,77.2,24.52
6,26,2,MetLife Stadium,East Rutherford,40.808434,-74.0199,-14400,America/New_York,GMT-4,4.0,22.46666666666666,78.93333333333334,24.173333333333336
6,26,3,MetLife Stadium,East Rutherford,40.808434,-74.0199,-14400,America/New_York,GMT-4,4.0,22.18,79.93333333333334,23.82
6,26,4,MetLife Stadium,East Rutherford,40.808434,-74.0199,-14400,America/New_York,GMT-4,4.0,21.9,80.6,23.439999999999998
6,26,5,MetLife Stadium,East Rutherford,40.808434,-74.0199,-14400,America/New_York,GMT-4,4.0,21.626666666666665,81.26666666666667,23.18
6,26,6,MetLife Stadium,East Rutherford,40.808434,-74.0199,-14400,America/New_York,GMT-4,4.0,21.706666666666667,81.2,23.313333333333333
6,26,7,MetLife Stadium,East Rutherford,40.808434,-74.0199,-14400,America/New_York,GMT-4,4.0,22.373333333333335,79.8,24.12
6,26,8,MetLife Stadium,East Rutherford,40.808434,-74.0199,-14400,America/New_York,GMT-4,4.0,23.49333333333334,77.33333333333333,25.28666666666667
6,26,9,MetLife Stadium,East Rutherford,40.808434,-74.0199,-14400,America/New_York,GMT-4,4.0,24.580000000000002,73.8,26.339999999999996
6,26,10,MetLife Stadium,East Rutherford,40.808434,-74.0199,-14400,America/New_York,GMT-4,4.0,25.499999999999996,69.2,27.046666666666663
6,26,11,MetLife Stadium,East Rutherford,40.808434,-74.0199,-14400,America/New_York,GMT-4,4.0,26.24,64.46666666666667,27.57333333333333
6,26,12,MetLife Stadium,East Rutherford,40.808434,-74.0199,-14400,America/New_York,GMT-4,4.0,27.139999999999997,60.93333333333333,28.606666666666666
6,26,13,MetLife Stadium,East Rutherford,40.808434,-74.0199,-14400,America/New_York,GMT-4,4.0,27.806666666666665,59.733333333333334,29.526666666666667
6,26,14,MetLife Stadium,East Rutherford,40.808434,-74.0199,-14400,America/New_York,GMT-4,4.0,28.313333333333333,58.53333333333333,30.10666666666667
6,26,15,MetLife Stadium,East Rutherford,40.808434,-74.0199,-14400,America/New_York,GMT-4,4.0,28.419999999999998,57.46666666666667,29.826666666666668
6,26,16,MetLife Stadium,East Rutherford,40.808434,-74.0199,-14400,America/New_York,GMT-4,4.0,28.019999999999996,57.666666666666664,28.813333333333333
6,26,17,MetLife Stadium,East Rutherford,40.808434,-74.0199,-14400,America/New_York,GMT-4,4.0,27.199999999999996,60.333333333333336,27.626666666666665
6,26,18,MetLife Stadium,East Rutherford,40.808434,-74.0199,-14400,America/New_York,GMT-4,4.0,26.219999999999995,63.86666666666667,26.493333333333332
6,26,19,MetLife Stadium,East Rutherford,40.808434,-74.0199,-14400,America/New_York,GMT-4,4.0,25.54,66.2,25.866666666666664
6,26,20,MetLife Stadium,East Rutherford,40.808434,-74.0199,-14400,America/New_York,GMT-4,4.0,24.493333333333332,69.66666666666667,24.973333333333333
6,26,21,MetLife Stadium,East Rutherford,40.808434,-74.0199,-14400,America/New_York,GMT-4,4.0,23.513333333333332,73.53333333333333,24.173333333333332
6,26,22,MetLife Stadium,East Rutherford,40.808434,-74.0199,-14400,America/New_York,GMT-4,4.0,22.57333333333333,77.8,23.46
6,26,23,MetLife Stadium,East Rutherford,40.808434,-74.0199,-14400,America/New_York,GMT-4,4.0,22.68,77.66666666666667,23.873333333333335
6,27,0,MetLife Stadium,East Rutherford,40.808434,-74.0199,-14400,America/New_York,GMT-4,4.0,21.59333333333333,80.46666666666667,22.846666666666668
6,27,1,MetLife Stadium,East Rutherford,40.808434,-74.0199,-14400,America/New_York,GMT-4,4.0,21.780000000000005,83.53333333333333,23.326666666666664
6,27,2,MetLife Stadium,East Rutherford,40.808434,-74.0199,-14400,America/New_York,GMT-4,4.0,21.506666666666668,84.73333333333333,23.026666666666664
6,27,3,MetLife Stadium,East Rutherford,40.808434,-74.0199,-14400,America/New_York,GMT-4,4.0,21.279999999999998,85.33333333333333,22.719999999999995
6,27,4,MetLife Stadium,East Rutherford,40.808434,-74.0199,-14400,America/New_York,GMT-4,4.0,21.07333333333333,85.6,22.386666666666663
6,27,5,MetLife Stadium,East Rutherford,40.808434,-74.0199,-14400,America/New_York,GMT-4,4.0,21.026666666666664,85.93333333333334,22.413333333333334
6,27,6,MetLife Stadium,East Rutherford,40.808434,-74.0199,-14400,America/New_York,GMT-4,4.0,21.18,85.53333333333333,22.66
6,27,7,MetLife Stadium,East Rutherford,40.808434,-74.0199,-14400,America/New_York,GMT-4,4.0,21.56,83.93333333333334,23.093333333333337
6,27,8,MetLife Stadium,East Rutherford,40.808434,-74.0199,-14400,America/New_York,GMT-4,4.0,22.086666666666666,80.2,23.426666666666666
6,27,9,MetLife Stadium,East Rutherford,40.808434,-74.0199,-14400,America/New_York,GMT-4,4.0,22.706666666666663,76.33333333333333,23.89333333333333
6,27,10,MetLife Stadium,East Rutherford,40.808434,-74.0199,-14400,America/New_York,GMT-4,4.0,23.313333333333333,73.13333333333334,24.58
6,27,11,MetLife Stadium,East Rutherford,40.808434,-74.0199,-14400,America/New_York,GMT-4,4.0,23.953333333333337,71.0,25.386666666666663
6,27,12,MetLife Stadium,East Rutherford,40.808434,-74.0199,-14400,America/New_York,GMT-4,4.0,24.526666666666667,68.4,26.126666666666665
6,27,13,MetLife Stadium,East Rutherford,40.808434,-74.0199,-14400,America/New_York,GMT-4,4.0,25.186666666666667,65.13333333333334,26.786666666666658
6,27,14,MetLife Stadium,East Rutherford,40.808434,-74.0199,-14400,America/New_York,GMT-4,4.0,25.64666666666667,62.733333333333334,27.173333333333332
6,27,15,MetLife Stadium,East Rutherford,40.808434,-74.0199,-14400,America/New_York,GMT-4,4.0,25.973333333333336,61.46666666666667,27.326666666666664
6,27,16,MetLife Stadium,East Rutherford,40.808434,-74.0199,-14400,America/New_York,GMT-4,4.0,26.053333333333338,61.06666666666667,27.079999999999995
6,27,17,MetLife Stadium,East Rutherford,40.808434,-74.0199,-14400,America/New_York,GMT-4,4.0,25.90666666666667,62.06666666666667,26.83333333333333
6,27,18,MetLife Stadium,East Rutherford,40.808434,-74.0199,-14400,America/New_York,GMT-4,4.0,25.466666666666672,63.733333333333334,26.359999999999996
6,27,19,MetLife Stadium,East Rutherford,40.808434,-74.0199,-14400,America/New_York,GMT-4,4.0,24.620000000000005,66.86666666666666,25.70666666666666
6,27,20,MetLife Stadium,East Rutherford,40.808434,-74.0199,-14400,America/New_York,GMT-4,4.0,23.62,69.2,24.739999999999995
6,27,21,MetLife Stadium,East Rutherford,40.808434,-74.0199,-14400,America/New_York,GMT-4,4.0,22.626666666666665,71.66666666666667,23.69333333333333
6,27,22,MetLife Stadium,East Rutherford,40.808434,-74.0199,-14400,America/New_York,GMT-4,4.0,21.766666666666666,73.66666666666667,22.666666666666664
6,27,23,MetLife Stadium,East Rutherford,40.808434,-74.0199,-14400,America/New_York,GMT-4,4.0,21.60666666666667,77.06666666666666,22.626666666666665
6,28,0,MetLife Stadium,East Rutherford,40.808434,-74.0199,-14400,America/New_York,GMT-4,4.0,21.120000000000005,77.0,22.206666666666667
6,28,1,MetLife Stadium,East Rutherford,40.808434,-74.0199,-14400,America/New_York,GMT-4,4.0,20.12666666666667,79.13333333333334,20.973333333333336
6,28,2,MetLife Stadium,East Rutherford,40.808434,-74.0199,-14400,America/New_York,GMT-4,4.0,19.780000000000005,80.46666666666667,20.64666666666667
6,28,3,MetLife Stadium,East Rutherford,40.808434,-74.0199,-14400,America/New_York,GMT-4,4.0,19.52,80.26666666666667,20.353333333333335
6,28,4,MetLife Stadium,East Rutherford,40.808434,-74.0199,-14400,America/New_York,GMT-4,4.0,19.38,79.8,20.24
6,28,5,MetLife Stadium,East Rutherford,40.808434,-74.0199,-14400,America/New_York,GMT-4,4.0,19.259999999999998,79.46666666666667,20.12666666666667
6,28,6,MetLife Stadium,East Rutherford,40.808434,-74.0199,-14400,America/New_York,GMT-4,4.0,19.393333333333334,79.13333333333334,20.280000000000005
6,28,7,MetLife Stadium,East Rutherford,40.808434,-74.0199,-14400,America/New_York,GMT-4,4.0,19.933333333333334,77.33333333333333,20.780000000000005
6,28,8,MetLife Stadium,East Rutherford,40.808434,-74.0199,-14400,America/New_York,GMT-4,4.0,20.819999999999997,73.4,21.58
6,28,9,MetLife Stadium,East Rutherford,40.808434,-74.0199,-14400,America/New_York,GMT-4,4.0,21.946666666666665,68.73333333333333,22.759999999999998
6,28,10,MetLife Stadium,East Rutherford,40.808434,-74.0199,-14400,America/New_York,GMT-4,4.0,23.186666666666667,63.8,24.34666666666666
6,28,11,MetLife Stadium,East Rutherford,40.808434,-74.0199,-14400,America/New_York,GMT-4,4.0,24.506666666666664,59.333333333333336,26.186666666666664
6,28,12,MetLife Stadium,East Rutherford,40.808434,-74.0199,-14400,America/New_York,GMT-4,4.0,25.753333333333327,54.93333333333333,27.833333333333332
6,28,13,MetLife Stadium,East Rutherford,40.808434,-74.0199,-14400,America/New_York,GMT-4,4.0,26.866666666666664,51.06666666666667,29.16
6,28,14,MetLife Stadium,East Rutherford,40.808434,-74.0199,-14400,America/New_York,GMT-4,4.0,27.68,48.46666666666667,29.866666666666667
6,28,15,MetLife Stadium,East Rutherford,40.808434,-74.0199,-14400,America/New_York,GMT-4,4.0,28.14,47.53333333333333,29.919999999999998
6,28,16,MetLife Stadium,East Rutherford,40.808434,-74.0199,-14400,America/New_York,GMT-4,4.0,27.986666666666668,48.666666666666664,29.06666666666666
6,28,17,MetLife Stadium,East Rutherford,40.808434,-74.0199,-14400,America/New_York,GMT-4,4.0,27.560000000000002,50.46666666666667,28.213333333333328
6,28,18,MetLife Stadium,East Rutherford,40.808434,-74.0199,-14400,America/New_York,GMT-4,4.0,26.880000000000003,52.733333333333334,27.45333333333333
6,28,19,MetLife Stadium,East Rutherford,40.808434,-74.0199,-14400,America/New_York,GMT-4,4.0,25.999999999999996,56.733333333333334,26.986666666666668
6,28,20,MetLife Stadium,East Rutherford,40.808434,-74.0199,-14400,America/New_York,GMT-4,4.0,24.859999999999996,62.13333333333333,26.18666666666667
6,28,21,MetLife Stadium,East Rutherford,40.808434,-74.0199,-14400,America/New_York,GMT-4,4.0,23.799999999999997,68.0,25.419999999999995
6,28,22,MetLife Stadium,East Rutherford,40.808434,-74.0199,-14400,America/New_York,GMT-4,4.0,23.073333333333334,71.8,24.67333333333333
6,28,23,MetLife Stadium,East Rutherford,40.808434,-74.0199,-14400,America/New_York,GMT-4,4.0,22.086666666666666,74.6,23.419999999999998
6,10,0,NRG Stadium,Houston,29.70123,-95.42923,-18000,America/Chicago,GMT-5,14.0,25.94,89.66666666666667,30.59333333333333
6,10,1,NRG Stadium,Houston,29.70123,-95.42923,-18000,America/Chicago,GMT-5,14.0,25.826666666666668,91.86666666666666,30.913333333333334
6,10,2,NRG Stadium,Houston,29.70123,-95.42923,-18000,America/Chicago,GMT-5,14.0,25.493333333333332,93.53333333333333,30.54
6,10,3,NRG Stadium,Houston,29.70123,-95.42923,-18000,America/Chicago,GMT-5,14.0,25.18,94.46666666666667,30.09333333333333
6,10,4,NRG Stadium,Houston,29.70123,-95.42923,-18000,America/Chicago,GMT-5,14.0,24.933333333333334,95.06666666666666,29.746666666666666
6,10,5,NRG Stadium,Houston,29.70123,-95.42923,-18000,America/Chicago,GMT-5,14.0,24.746666666666663,95.53333333333333,29.586666666666666
6,10,6,NRG Stadium,Houston,29.70123,-95.42923,-18000,America/Chicago,GMT-5,14.0,24.899999999999995,95.66666666666667,29.933333333333334
6,10,7,NRG Stadium,Houston,29.70123,-95.42923,-18000,America/Chicago,GMT-5,14.0,25.37333333333333,93.86666666666666,30.413333333333334
6,10,8,NRG Stadium,Houston,29.70123,-95.42923,-18000,America/Chicago,GMT-5,14.0,26.333333333333332,89.6,31.27333333333333
6,10,9,NRG Stadium,Houston,29.70123,-95.42923,-18000,America/Chicago,GMT-5,14.0,27.480000000000004,83.0,32.22
6,10,10,NRG Stadium,Houston,29.70123,-95.42923,-18000,America/Chicago,GMT-5,14.0,28.740000000000002,76.06666666666666,33.39333333333334
6,10,11,NRG Stadium,Houston,29.70123,-95.42923,-18000,America/Chicago,GMT-5,14.0,29.8,70.0,34.5
6,10,12,NRG Stadium,Houston,29.70123,-95.42923,-18000,America/Chicago,GMT-5,14.0,30.413333333333334,66.2,35.13333333333333
6,10,13,NRG Stadium,Houston,29.70123,-95.42923,-18000,America/Chicago,GMT-5,14.0,30.74666666666667,64.06666666666666,35.64666666666667
6,10,14,NRG Stadium,Houston,29.70123,-95.42923,-18000,America/Chicago,GMT-5,14.0,31.04,62.666666666666664,35.980000000000004
6,10,15,NRG Stadium,Houston,29.70123,-95.42923,-18000,America/Chicago,GMT-5,14.0,31.446666666666665,61.0,36.12666666666667
6,10,16,NRG Stadium,Houston,29.70123,-95.42923,-18000,America/Chicago,GMT-5,14.0,31.59333333333333,60.06666666666667,35.620000000000005
6,10,17,NRG Stadium,Houston,29.70123,-95.42923,-18000,America/Chicago,GMT-5,14.0,31.206666666666663,61.0,34.739999999999995
6,10,18,NRG Stadium,Houston,29.70123,-95.42923,-18000,America/Chicago,GMT-5,14.0,30.306666666666665,65.26666666666667,33.86
6,10,19,NRG Stadium,Houston,29.70123,-95.42923,-18000,America/Chicago,GMT-5,14.0,29.14,71.4,32.96666666666667
6,10,20,NRG Stadium,Houston,29.70123,-95.42923,-18000,America/Chicago,GMT-5,14.0,28.02,77.4,32.04
6,10,21,NRG Stadium,Houston,29.70123,-95.42923,-18000,America/Chicago,GMT-5,14.0,27.08,81.93333333333334,30.76
6,10,22,NRG Stadium,Houston,29.70123,-95.42923,-18000,America/Chicago,GMT-5,14.0,26.39333333333333,84.8,30.02
6,10,23,NRG Stadium,Houston,29.70123,-95.42923,-18000,America/Chicago,GMT-5,14.0,26.10666666666667,87.46666666666667,30.06
6,11,0,NRG Stadium,Houston,29.70123,-95.42923,-18000,America/Chicago,GMT-5,14.0,25.33333333333333,90.26666666666667,29.40666666666667
6,11,1,NRG Stadium,Houston,29.70123,-95.42923,-18000,America/Chicago,GMT-5,14.0,25.1,91.53333333333333,29.193333333333335
6,11,2,NRG Stadium,Houston,29.70123,-95.42923,-18000,America/Chicago,GMT-5,14.0,24.86,93.13333333333334,29.06
6,11,3,NRG Stadium,Houston,29.70123,-95.42923,-18000,America/Chicago,GMT-5,14.0,24.726666666666663,93.93333333333334,28.986666666666665
6,11,4,NRG Stadium,Houston,29.70123,-95.42923,-18000,America/Chicago,GMT-5,14.0,24.659999999999993,94.4,29.0
6,11,5,NRG Stadium,Houston,29.70123,-95.42923,-18000,America/Chicago,GMT-5,14.0,24.466666666666658,94.73333333333333,28.853333333333335
6,11,6,NRG Stadium,Houston,29.70123,-95.42923,-18000,America/Chicago,GMT-5,14.0,24.46666666666666,94.46666666666667,28.813333333333333
6,11,7,NRG Stadium,Houston,29.70123,-95.42923,-18000,America/Chicago,GMT-5,14.0,24.886666666666667,92.4,29.10666666666667
6,11,8,NRG Stadium,Houston,29.70123,-95.42923,-18000,America/Chicago,GMT-5,14.0,25.95333333333333,87.66666666666667,29.940000000000005
6,11,9,NRG Stadium,Houston,29.70123,-95.42923,-18000,America/Chicago,GMT-5,14.0,27.339999999999996,80.8,31.14666666666667
6,11,10,NRG Stadium,Houston,29.70123,-95.42923,-18000,America/Chicago,GMT-5,14.0,28.526666666666667,74.4,32.43333333333334
6,11,11,NRG Stadium,Houston,29.70123,-95.42923,-18000,America/Chicago,GMT-5,14.0,29.6,68.93333333333334,33.93333333333334
6,11,12,NRG Stadium,Houston,29.70123,-95.42923,-18000,America/Chicago,GMT-5,14.0,30.546666666666667,64.6,35.406666666666666
6,11,13,NRG Stadium,Houston,29.70123,-95.42923,-18000,America/Chicago,GMT-5,14.0,31.57333333333333,60.266666666666666,36.78666666666667
6,11,14,NRG Stadium,Houston,29.70123,-95.42923,-18000,America/Chicago,GMT-5,14.0,32.333333333333336,56.733333333333334,37.49999999999999
6,11,15,NRG Stadium,Houston,29.70123,-95.42923,-18000,America/Chicago,GMT-5,14.0,32.586666666666666,55.266666666666666,37.34
6,11,16,NRG Stadium,Houston,29.70123,-95.42923,-18000,America/Chicago,GMT-5,14.0,32.50666666666667,55.13333333333333,36.693333333333335
6,11,17,NRG Stadium,Houston,29.70123,-95.42923,-18000,America/Chicago,GMT-5,14.0,32.22,56.13333333333333,35.85333333333333
6,11,18,NRG Stadium,Houston,29.70123,-95.42923,-18000,America/Chicago,GMT-5,14.0,31.513333333333332,59.333333333333336,35.02
6,11,19,NRG Stadium,Houston,29.70123,-95.42923,-18000,America/Chicago,GMT-5,14.0,30.213333333333328,65.8,33.7
6,11,20,NRG Stadium,Houston,29.70123,-95.42923,-18000,America/Chicago,GMT-5,14.0,28.573333333333327,73.66666666666667,32.21333333333334
6,11,21,NRG Stadium,Houston,29.70123,-95.42923,-18000,America/Chicago,GMT-5,14.0,27.219999999999995,80.26666666666667,30.860000000000003
6,11,22,NRG Stadium,Houston,29.70123,-95.42923,-18000,America/Chicago,GMT-5,14.0,26.266666666666666,85.0,30.066666666666666
6,11,23,NRG Stadium,Houston,29.70123,-95.42923,-18000,America/Chicago,GMT-5,14.0,25.72666666666667,87.93333333333334,29.62666666666667
6,12,0,NRG Stadium,Houston,29.70123,-95.42923,-18000,America/Chicago,GMT-5,14.0,25.206666666666663,91.53333333333333,29.760000000000005
6,12,1,NRG Stadium,Houston,29.70123,-95.42923,-18000,America/Chicago,GMT-5,14.0,24.74666666666667,93.6,29.30666666666667
6,12,2,NRG Stadium,Houston,29.70123,-95.42923,-18000,America/Chicago,GMT-5,14.0,24.44666666666667,94.73333333333333,28.886666666666667
6,12,3,NRG Stadium,Houston,29.70123,-95.42923,-18000,America/Chicago,GMT-5,14.0,24.273333333333333,95.13333333333334,28.46666666666666
6,12,4,NRG Stadium,Houston,29.70123,-95.42923,-18000,America/Chicago,GMT-5,14.0,24.113333333333337,95.13333333333334,28.119999999999997
6,12,5,NRG Stadium,Houston,29.70123,-95.42923,-18000,America/Chicago,GMT-5,14.0,23.97333333333334,95.13333333333334,28.039999999999996
6,12,6,NRG Stadium,Houston,29.70123,-95.42923,-18000,America/Chicago,GMT-5,14.0,24.28666666666667,94.46666666666667,28.506666666666664
6,12,7,NRG Stadium,Houston,29.70123,-95.42923,-18000,America/Chicago,GMT-5,14.0,24.866666666666664,92.2,29.113333333333333
6,12,8,NRG Stadium,Houston,29.70123,-95.42923,-18000,America/Chicago,GMT-5,14.0,25.819999999999993,88.13333333333334,29.979999999999997
6,12,9,NRG Stadium,Houston,29.70123,-95.42923,-18000,America/Chicago,GMT-5,14.0,26.699999999999996,82.73333333333333,30.719999999999995
6,12,10,NRG Stadium,Houston,29.70123,-95.42923,-18000,America/Chicago,GMT-5,14.0,27.81333333333333,77.33333333333333,31.873333333333328
6,12,11,NRG Stadium,Houston,29.70123,-95.42923,-18000,America/Chicago,GMT-5,14.0,28.959999999999997,72.13333333333334,33.37333333333333
6,12,12,NRG Stadium,Houston,29.70123,-95.42923,-18000,America/Chicago,GMT-5,14.0,30.06,68.0,35.03333333333333
6,12,13,NRG Stadium,Houston,29.70123,-95.42923,-18000,America/Chicago,GMT-5,14.0,31.046666666666663,64.2,36.45333333333333
6,12,14,NRG Stadium,Houston,29.70123,-95.42923,-18000,America/Chicago,GMT-5,14.0,31.813333333333333,61.6,37.29999999999999
6,12,15,NRG Stadium,Houston,29.70123,-95.42923,-18000,America/Chicago,GMT-5,14.0,32.19333333333333,60.266666666666666,37.326666666666675
6,12,16,NRG Stadium,Houston,29.70123,-95.42923,-18000,America/Chicago,GMT-5,14.0,32.239999999999995,60.266666666666666,36.826666666666675
6,12,17,NRG Stadium,Houston,29.70123,-95.42923,-18000,America/Chicago,GMT-5,14.0,31.95333333333333,60.8,35.96
6,12,18,NRG Stadium,Houston,29.70123,-95.42923,-18000,America/Chicago,GMT-5,14.0,31.25333333333333,63.4,34.919999999999995
6,12,19,NRG Stadium,Houston,29.70123,-95.42923,-18000,America/Chicago,GMT-5,14.0,29.939999999999998,68.13333333333334,33.52
6,12,20,NRG Stadium,Houston,29.70123,-95.42923,-18000,America/Chicago,GMT-5,14.0,28.426666666666666,74.73333333333333,32.08666666666667
6,12,21,NRG Stadium,Houston,29.70123,-95.42923,-18000,America/Chicago,GMT-5,14.0,27.14666666666667,80.53333333333333,31.013333333333332
6,12,22,NRG Stadium,Houston,29.70123,-95.42923,-18000,America/Chicago,GMT-5,14.0,26.35333333333333,85.2,30.53333333333334
6,12,23,NRG Stadium,Houston,29.70123,-95.42923,-18000,America/Chicago,GMT-5,14.0,25.72666666666667,88.8,30.120000000000005
6,13,0,NRG Stadium,Houston,29.70123,-95.42923,-18000,America/Chicago,GMT-5,14.0,25.666666666666668,90.06666666666666,30.279999999999998
6,13,1,NRG Stadium,Houston,29.70123,-95.42923,-18000,America/Chicago,GMT-5,14.0,25.186666666666667,91.26666666666667,29.846666666666668
6,13,2,NRG Stadium,Houston,29.70123,-95.42923,-18000,America/Chicago,GMT-5,14.0,24.993333333333336,92.33333333333333,29.746666666666666
6,13,3,NRG Stadium,Houston,29.70123,-95.42923,-18000,America/Chicago,GMT-5,14.0,24.84666666666667,93.06666666666666,29.62666666666666
6,13,4,NRG Stadium,Houston,29.70123,-95.42923,-18000,America/Chicago,GMT-5,14.0,24.72666666666667,93.93333333333334,29.513333333333332
6,13,5,NRG Stadium,Houston,29.70123,-95.42923,-18000,America/Chicago,GMT-5,14.0,24.686666666666667,94.2,29.413333333333334
6,13,6,NRG Stadium,Houston,29.70123,-95.42923,-18000,America/Chicago,GMT-5,14.0,24.913333333333334,93.86666666666666,29.633333333333333
6,13,7,NRG Stadium,Houston,29.70123,-95.42923,-18000,America/Chicago,GMT-5,14.0,25.35333333333333,90.8,29.853333333333335
6,13,8,NRG Stadium,Houston,29.70123,-95.42923,-18000,America/Chicago,GMT-5,14.0,26.199999999999996,86.0,30.59333333333333
6,13,9,NRG Stadium,Houston,29.70123,-95.42923,-18000,America/Chicago,GMT-5,14.0,27.439999999999998,79.13333333333334,31.679999999999996
6,13,10,NRG Stadium,Houston,29.70123,-95.42923,-18000,America/Chicago,GMT-5,14.0,29.013333333333332,72.66666666666667,33.42666666666666
6,13,11,NRG Stadium,Houston,29.70123,-95.42923,-18000,America/Chicago,GMT-5,14.0,30.446666666666665,66.73333333333333,35.08666666666667
6,13,12,NRG Stadium,Houston,29.70123,-95.42923,-18000,America/Chicago,GMT-5,14.0,31.346666666666668,62.86666666666667,36.266666666666666
6,13,13,NRG Stadium,Houston,29.70123,-95.42923,-18000,America/Chicago,GMT-5,14.0,32.026666666666664,59.666666666666664,37.1
6,13,14,NRG Stadium,Houston,29.70123,-95.42923,-18000,America/Chicago,GMT-5,14.0,32.48,57.8,37.55333333333333
6,13,15,NRG Stadium,Houston,29.70123,-95.42923,-18000,America/Chicago,GMT-5,14.0,32.81333333333333,56.4,37.580000000000005
6,13,16,NRG Stadium,Houston,29.70123,-95.42923,-18000,America/Chicago,GMT-5,14.0,32.7,56.666666666666664,36.88666666666666
6,13,17,NRG Stadium,Houston,29.70123,-95.42923,-18000,America/Chicago,GMT-5,14.0,32.22,57.666666666666664,35.77333333333333
6,13,18,NRG Stadium,Houston,29.70123,-95.42923,-18000,America/Chicago,GMT-5,14.0,31.026666666666667,62.8,34.466666666666676
6,13,19,NRG Stadium,Houston,29.70123,-95.42923,-18000,America/Chicago,GMT-5,14.0,29.42666666666667,69.73333333333333,33.06
6,13,20,NRG Stadium,Houston,29.70123,-95.42923,-18000,America/Chicago,GMT-5,14.0,27.946666666666665,77.26666666666667,31.986666666666668
6,13,21,NRG Stadium,Houston,29.70123,-95.42923,-18000,America/Chicago,GMT-5,14.0,27.119999999999997,82.26666666666667,31.480000000000004
6,13,22,NRG Stadium,Houston,29.70123,-95.42923,-18000,America/Chicago,GMT-5,14.0,26.739999999999995,85.73333333333333,31.326666666666664
6,13,23,NRG Stadium,Houston,29.70123,-95.42923,-18000,America/Chicago,GMT-5,14.0,26.2,88.46666666666667,30.86
6,14,0,NRG Stadium,Houston,29.70123,-95.42923,-18000,America/Chicago,GMT-5,14.0,26.379999999999995,88.86666666666666,31.35333333333334
6,14,1,NRG Stadium,Houston,29.70123,-95.42923,-18000,America/Chicago,GMT-5,14.0,26.019999999999996,90.13333333333334,30.93333333333334
6,14,2,NRG Stadium,Houston,29.70123,-95.42923,-18000,America/Chicago,GMT-5,14.0,25.98,90.0,30.833333333333332
6,14,3,NRG Stadium,Houston,29.70123,-95.42923,-18000,America/Chicago,GMT-5,14.0,25.826666666666664,90.2,30.66
6,14,4,NRG Stadium,Houston,29.70123,-95.42923,-18000,America/Chicago,GMT-5,14.0,25.64666666666667,90.53333333333333,30.37333333333333
6,14,5,NRG Stadium,Houston,29.70123,-95.42923,-18000,America/Chicago,GMT-5,14.0,25.380000000000003,91.06666666666666,30.040000000000003
6,14,6,NRG Stadium,Houston,29.70123,-95.42923,-18000,America/Chicago,GMT-5,14.0,25.32666666666667,91.86666666666666,30.12
6,14,7,NRG Stadium,Houston,29.70123,-95.42923,-18000,America/Chicago,GMT-5,14.0,25.580000000000002,90.33333333333333,30.206666666666663
6,14,8,NRG Stadium,Houston,29.70123,-95.42923,-18000,America/Chicago,GMT-5,14.0,26.339999999999996,86.46666666666667,30.87333333333333
6,14,9,NRG Stadium,Houston,29.70123,-95.42923,-18000,America/Chicago,GMT-5,14.0,27.28666666666667,80.33333333333333,31.48
6,14,10,NRG Stadium,Houston,29.70123,-95.42923,-18000,America/Chicago,GMT-5,14.0,28.46,74.66666666666667,32.806666666666665
6,14,11,NRG Stadium,Houston,29.70123,-95.42923,-18000,America/Chicago,GMT-5,14.0,29.820000000000004,67.93333333333334,34.14666666666667
6,14,12,NRG Stadium,Houston,29.70123,-95.42923,-18000,America/Chicago,GMT-5,14.0,31.2,61.46666666666667,35.626666666666665
6,14,13,NRG Stadium,Houston,29.70123,-95.42923,-18000,America/Chicago,GMT-5,14.0,32.33333333333333,55.93333333333333,36.75333333333333
6,14,14,NRG Stadium,Houston,29.70123,-95.42923,-18000,America/Chicago,GMT-5,14.0,32.839999999999996,54.06666666666667,37.373333333333335
6,14,15,NRG Stadium,Houston,29.70123,-95.42923,-18000,America/Chicago,GMT-5,14.0,33.00000000000001,53.86666666666667,37.373333333333335
6,14,16,NRG Stadium,Houston,29.70123,-95.42923,-18000,America/Chicago,GMT-5,14.0,32.933333333333344,54.46666666666667,37.006666666666675
6,14,17,NRG Stadium,Houston,29.70123,-95.42923,-18000,America/Chicago,GMT-5,14.0,32.693333333333335,55.06666666666667,36.28666666666667
6,14,18,NRG Stadium,Houston,29.70123,-95.42923,-18000,America/Chicago,GMT-5,14.0,31.966666666666672,58.53333333333333,35.49333333333333
6,14,19,NRG Stadium,Houston,29.70123,-95.42923,-18000,America/Chicago,GMT-5,14.0,30.860000000000007,64.26666666666667,34.586666666666666
6,14,20,NRG Stadium,Houston,29.70123,-95.42923,-18000,America/Chicago,GMT-5,14.0,29.560000000000002,71.53333333333333,33.76
6,14,21,NRG Stadium,Houston,29.70123,-95.42923,-18000,America/Chicago,GMT-5,14.0,28.506666666666664,77.4,32.93333333333333
6,14,22,NRG Stadium,Houston,29.70123,-95.42923,-18000,America/Chicago,GMT-5,14.0,27.66,82.2,32.373333333333335
6,14,23,NRG Stadium,Houston,29.70123,-95.42923,-18000,America/Chicago,GMT-5,14.0,26.88,86.4,31.72666666666667
6,15,0,NRG Stadium,Houston,29.70123,-95.42923,-18000,America/Chicago,GMT-5,14.0,26.293333333333337,88.46666666666667,31.146666666666665
6,15,1,NRG Stadium,Houston,29.70123,-95.42923,-18000,America/Chicago,GMT-5,14.0,26.360000000000007,89.53333333333333,31.40666666666667
6,15,2,NRG Stadium,Houston,29.70123,-95.42923,-18000,America/Chicago,GMT-5,14.0,26.126666666666665,90.93333333333334,31.1
6,15,3,NRG Stadium,Houston,29.70123,-95.42923,-18000,America/Chicago,GMT-5,14.0,25.980000000000004,91.46666666666667,30.906666666666663
6,15,4,NRG Stadium,Houston,29.70123,-95.42923,-18000,America/Chicago,GMT-5,14.0,25.88,91.6,30.94
6,15,5,NRG Stadium,Houston,29.70123,-95.42923,-18000,America/Chicago,GMT-5,14.0,25.86,91.46666666666667,31.06666666666667
6,15,6,NRG Stadium,Houston,29.70123,-95.42923,-18000,America/Chicago,GMT-5,14.0,25.84,91.93333333333334,31.18666666666667
6,15,7,NRG Stadium,Houston,29.70123,-95.42923,-18000,America/Chicago,GMT-5,14.0,26.326666666666664,90.33333333333333,31.700000000000003
6,15,8,NRG Stadium,Houston,29.70123,-95.42923,-18000,America/Chicago,GMT-5,14.0,27.280000000000005,86.0,32.54666666666667
6,15,9,NRG Stadium,Houston,29.70123,-95.42923,-18000,America/Chicago,GMT-5,14.0,28.61333333333333,79.06666666666666,33.646666666666675
6,15,10,NRG Stadium,Houston,29.70123,-95.42923,-18000,America/Chicago,GMT-5,14.0,29.899999999999995,72.13333333333334,34.77333333333333
6,15,11,NRG Stadium,Houston,29.70123,-95.42923,-18000,America/Chicago,GMT-5,14.0,31.006666666666664,66.86666666666666,36.013333333333335
6,15,12,NRG Stadium,Houston,29.70123,-95.42923,-18000,America/Chicago,GMT-5,14.0,31.866666666666664,63.06666666666667,37.18
6,15,13,NRG Stadium,Houston,29.70123,-95.42923,-18000,America/Chicago,GMT-5,14.0,32.53333333333333,59.86666666666667,37.9
6,15,14,NRG Stadium,Houston,29.70123,-95.42923,-18000,America/Chicago,GMT-5,14.0,33.11333333333333,56.733333333333334,38.17999999999999
6,15,15,NRG Stadium,Houston,29.70123,-95.42923,-18000,America/Chicago,GMT-5,14.0,33.04,56.2,37.373333333333335
6,15,16,NRG Stadium,Houston,29.70123,-95.42923,-18000,America/Chicago,GMT-5,14.0,32.62,57.46666666666667,36.4
6,15,17,NRG Stadium,Houston,29.70123,-95.42923,-18000,America/Chicago,GMT-5,14.0,31.833333333333332,59.93333333333333,35.05333333333333
6,15,18,NRG Stadium,Houston,29.70123,-95.42923,-18000,America/Chicago,GMT-5,14.0,30.686666666666667,63.8,33.77333333333333
6,15,19,NRG Stadium,Houston,29.70123,-95.42923,-18000,America/Chicago,GMT-5,14.0,29.473333333333333,68.73333333333333,32.58
6,15,20,NRG Stadium,Houston,29.70123,-95.42923,-18000,America/Chicago,GMT-5,14.0,28.08,75.33333333333333,31.586666666666666
6,15,21,NRG Stadium,Houston,29.70123,-95.42923,-18000,America/Chicago,GMT-5,14.0,27.333333333333332,80.0,31.293333333333333
6,15,22,NRG Stadium,Houston,29.70123,-95.42923,-18000,America/Chicago,GMT-5,14.0,26.56,84.33333333333333,30.806666666666665
6,15,23,NRG Stadium,Houston,29.70123,-95.42923,-18000,America/Chicago,GMT-5,14.0,26.353333333333335,86.73333333333333,30.959999999999997
6,16,0,NRG Stadium,Houston,29.70123,-95.42923,-18000,America/Chicago,GMT-5,14.0,25.933333333333334,88.8,30.653333333333332
6,16,1,NRG Stadium,Houston,29.70123,-95.42923,-18000,America/Chicago,GMT-5,14.0,25.173333333333336,92.26666666666667,29.946666666666662
6,16,2,NRG Stadium,Houston,29.70123,-95.42923,-18000,America/Chicago,GMT-5,14.0,24.940000000000005,93.33333333333333,29.733333333333327
6,16,3,NRG Stadium,Houston,29.70123,-95.42923,-18000,America/Chicago,GMT-5,14.0,24.76,94.0,29.599999999999998
6,16,4,NRG Stadium,Houston,29.70123,-95.42923,-18000,America/Chicago,GMT-5,14.0,24.566666666666666,94.46666666666667,29.4
6,16,5,NRG Stadium,Houston,29.70123,-95.42923,-18000,America/Chicago,GMT-5,14.0,24.4,95.13333333333334,29.266666666666666
6,16,6,NRG Stadium,Houston,29.70123,-95.42923,-18000,America/Chicago,GMT-5,14.0,24.63333333333333,94.33333333333333,29.459999999999994
6,16,7,NRG Stadium,Houston,29.70123,-95.42923,-18000,America/Chicago,GMT-5,14.0,25.33333333333333,91.86666666666666,30.299999999999997
6,16,8,NRG Stadium,Houston,29.70123,-95.42923,-18000,America/Chicago,GMT-5,14.0,26.59333333333333,86.66666666666667,31.666666666666664
6,16,9,NRG Stadium,Houston,29.70123,-95.42923,-18000,America/Chicago,GMT-5,14.0,28.02,79.86666666666666,33.059999999999995
6,16,10,NRG Stadium,Houston,29.70123,-95.42923,-18000,America/Chicago,GMT-5,14.0,29.540000000000006,72.6,34.60666666666667
6,16,11,NRG Stadium,Houston,29.70123,-95.42923,-18000,America/Chicago,GMT-5,14.0,30.706666666666667,66.33333333333333,35.84666666666667
6,16,12,NRG Stadium,Houston,29.70123,-95.42923,-18000,America/Chicago,GMT-5,14.0,31.68666666666667,61.333333333333336,37.033333333333324
6,16,13,NRG Stadium,Houston,29.70123,-95.42923,-18000,America/Chicago,GMT-5,14.0,32.486666666666665,57.0,37.86
6,16,14,NRG Stadium,Houston,29.70123,-95.42923,-18000,America/Chicago,GMT-5,14.0,33.25333333333334,53.8,38.46666666666667
6,16,15,NRG Stadium,Houston,29.70123,-95.42923,-18000,America/Chicago,GMT-5,14.0,33.306666666666665,53.333333333333336,38.019999999999996
6,16,16,NRG Stadium,Houston,29.70123,-95.42923,-18000,America/Chicago,GMT-5,14.0,32.873333333333335,55.13333333333333,36.919999999999995
6,16,17,NRG Stadium,Houston,29.70123,-95.42923,-18000,America/Chicago,GMT-5,14.0,32.28,57.333333333333336,35.70666666666667
6,16,18,NRG Stadium,Houston,29.70123,-95.42923,-18000,America/Chicago,GMT-5,14.0,31.52,61.666666666666664,35.02666666666667
6,16,19,NRG Stadium,Houston,29.70123,-95.42923,-18000,America/Chicago,GMT-5,14.0,30.66666666666667,66.13333333333334,34.50000000000001
6,16,20,NRG Stadium,Houston,29.70123,-95.42923,-18000,America/Chicago,GMT-5,14.0,29.486666666666668,72.26666666666667,33.82000000000001
6,16,21,NRG Stadium,Houston,29.70123,-95.42923,-18000,America/Chicago,GMT-5,14.0,28.640000000000004,76.06666666666666,33.13333333333334
6,16,22,NRG Stadium,Houston,29.70123,-95.42923,-18000,America/Chicago,GMT-5,14.0,27.860000000000003,79.93333333333334,32.45333333333334
6,16,23,NRG Stadium,Houston,29.70123,-95.42923,-18000,America/Chicago,GMT-5,14.0,26.840000000000007,84.53333333333333,31.480000000000004
6,17,0,NRG Stadium,Houston,29.70123,-95.42923,-18000,America/Chicago,GMT-5,14.0,26.540000000000006,84.53333333333333,30.853333333333342
6,17,1,NRG Stadium,Houston,29.70123,-95.42923,-18000,America/Chicago,GMT-5,14.0,26.086666666666666,87.93333333333334,30.680000000000003
6,17,2,NRG Stadium,Houston,29.70123,-95.42923,-18000,America/Chicago,GMT-5,14.0,25.626666666666665,89.8,30.353333333333335
6,17,3,NRG Stadium,Houston,29.70123,-95.42923,-18000,America/Chicago,GMT-5,14.0,25.246666666666666,91.66666666666667,30.11333333333333
6,17,4,NRG Stadium,Houston,29.70123,-95.42923,-18000,America/Chicago,GMT-5,14.0,24.946666666666665,93.33333333333333,29.85333333333333
6,17,5,NRG Stadium,Houston,29.70123,-95.42923,-18000,America/Chicago,GMT-5,14.0,24.766666666666662,94.26666666666667,29.733333333333334
6,17,6,NRG Stadium,Houston,29.70123,-95.42923,-18000,America/Chicago,GMT-5,14.0,24.940000000000005,94.33333333333333,30.02
6,17,7,NRG Stadium,Houston,29.70123,-95.42923,-18000,America/Chicago,GMT-5,14.0,25.653333333333332,91.73333333333333,30.80666666666667
6,17,8,NRG Stadium,Houston,29.70123,-95.42923,-18000,America/Chicago,GMT-5,14.0,26.82,87.0,31.939999999999998
6,17,9,NRG Stadium,Houston,29.70123,-95.42923,-18000,America/Chicago,GMT-5,14.0,28.24666666666667,80.13333333333334,33.193333333333335
6,17,10,NRG Stadium,Houston,29.70123,-95.42923,-18000,America/Chicago,GMT-5,14.0,29.646666666666672,73.26666666666667,34.519999999999996
6,17,11,NRG Stadium,Houston,29.70123,-95.42923,-18000,America/Chicago,GMT-5,14.0,30.766666666666673,67.06666666666666,35.7
6,17,12,NRG Stadium,Houston,29.70123,-95.42923,-18000,America/Chicago,GMT-5,14.0,31.453333333333333,62.86666666666667,36.35333333333333
6,17,13,NRG Stadium,Houston,29.70123,-95.42923,-18000,America/Chicago,GMT-5,14.0,31.64,61.13333333333333,36.38666666666666
6,17,14,NRG Stadium,Houston,29.70123,-95.42923,-18000,America/Chicago,GMT-5,14.0,32.00666666666667,59.53333333333333,36.51333333333333
6,17,15,NRG Stadium,Houston,29.70123,-95.42923,-18000,America/Chicago,GMT-5,14.0,32.39333333333334,57.86666666666667,36.593333333333334
6,17,16,NRG Stadium,Houston,29.70123,-95.42923,-18000,America/Chicago,GMT-5,14.0,32.68666666666666,56.13333333333333,36.419999999999995
6,17,17,NRG Stadium,Houston,29.70123,-95.42923,-18000,America/Chicago,GMT-5,14.0,32.300000000000004,56.86666666666667,35.440000000000005
6,17,18,NRG Stadium,Houston,29.70123,-95.42923,-18000,America/Chicago,GMT-5,14.0,31.533333333333342,60.266666666666666,34.58
6,17,19,NRG Stadium,Houston,29.70123,-95.42923,-18000,America/Chicago,GMT-5,14.0,30.55333333333333,64.73333333333333,33.733333333333334
6,17,20,NRG Stadium,Houston,29.70123,-95.42923,-18000,America/Chicago,GMT-5,14.0,29.506666666666668,69.26666666666667,32.986666666666665
6,17,21,NRG Stadium,Houston,29.70123,-95.42923,-18000,America/Chicago,GMT-5,14.0,28.5,72.8,32.07333333333333
6,17,22,NRG Stadium,Houston,29.70123,-95.42923,-18000,America/Chicago,GMT-5,14.0,27.64,76.2,31.38
6,17,23,NRG Stadium,Houston,29.70123,-95.42923,-18000,America/Chicago,GMT-5,14.0,27.060000000000002,80.66666666666667,31.11333333333334
6,18,0,NRG Stadium,Houston,29.70123,-95.42923,-18000,America/Chicago,GMT-5,14.0,26.62666666666667,81.13333333333334,30.500000000000004
6,18,1,NRG Stadium,Houston,29.70123,-95.42923,-18000,America/Chicago,GMT-5,14.0,26.279999999999998,82.4,30.26666666666667
6,18,2,NRG Stadium,Houston,29.70123,-95.42923,-18000,America/Chicago,GMT-5,14.0,25.913333333333338,84.6,30.066666666666666
6,18,3,NRG Stadium,Houston,29.70123,-95.42923,-18000,America/Chicago,GMT-5,14.0,25.526666666666664,87.26666666666667,29.8
6,18,4,NRG Stadium,Houston,29.70123,-95.42923,-18000,America/Chicago,GMT-5,14.0,25.193333333333328,89.46666666666667,29.459999999999997
6,18,5,NRG Stadium,Houston,29.70123,-95.42923,-18000,America/Chicago,GMT-5,14.0,24.986666666666665,90.66666666666667,29.200000000000003
6,18,6,NRG Stadium,Houston,29.70123,-95.42923,-18000,America/Chicago,GMT-5,14.0,25.033333333333335,91.53333333333333,29.34666666666667
6,18,7,NRG Stadium,Houston,29.70123,-95.42923,-18000,America/Chicago,GMT-5,14.0,25.600000000000005,89.73333333333333,29.973333333333336
6,18,8,NRG Stadium,Houston,29.70123,-95.42923,-18000,America/Chicago,GMT-5,14.0,26.65333333333333,85.13333333333334,30.906666666666663
6,18,9,NRG Stadium,Houston,29.70123,-95.42923,-18000,America/Chicago,GMT-5,14.0,27.999999999999996,78.0,31.966666666666665
6,18,10,NRG Stadium,Houston,29.70123,-95.42923,-18000,America/Chicago,GMT-5,14.0,29.36,70.33333333333333,33.13333333333333
6,18,11,NRG Stadium,Houston,29.70123,-95.42923,-18000,America/Chicago,GMT-5,14.0,30.433333333333334,64.13333333333334,34.29333333333333
6,18,12,NRG Stadium,Houston,29.70123,-95.42923,-18000,America/Chicago,GMT-5,14.0,31.10666666666667,60.333333333333336,35.29333333333333
6,18,13,NRG Stadium,Houston,29.70123,-95.42923,-18000,America/Chicago,GMT-5,14.0,31.62666666666667,58.2,35.86
6,18,14,NRG Stadium,Houston,29.70123,-95.42923,-18000,America/Chicago,GMT-5,14.0,32.24666666666666,56.06666666666667,36.49333333333334
6,18,15,NRG Stadium,Houston,29.70123,-95.42923,-18000,America/Chicago,GMT-5,14.0,32.86,53.333333333333336,36.68
6,18,16,NRG Stadium,Houston,29.70123,-95.42923,-18000,America/Chicago,GMT-5,14.0,32.986666666666665,52.13333333333333,36.266666666666666
6,18,17,NRG Stadium,Houston,29.70123,-95.42923,-18000,America/Chicago,GMT-5,14.0,32.66,52.13333333333333,35.153333333333336
6,18,18,NRG Stadium,Houston,29.70123,-95.42923,-18000,America/Chicago,GMT-5,14.0,31.779999999999994,56.4,34.19333333333334
6,18,19,NRG Stadium,Houston,29.70123,-95.42923,-18000,America/Chicago,GMT-5,14.0,30.733333333333334,61.6,33.58
6,18,20,NRG Stadium,Houston,29.70123,-95.42923,-18000,America/Chicago,GMT-5,14.0,29.526666666666664,68.2,32.88666666666666
6,18,21,NRG Stadium,Houston,29.70123,-95.42923,-18000,America/Chicago,GMT-5,14.0,28.52666666666666,72.53333333333333,32.05333333333333
6,18,22,NRG Stadium,Houston,29.70123,-95.42923,-18000,America/Chicago,GMT-5,14.0,27.68,76.66666666666667,31.293333333333337
6,18,23,NRG Stadium,Houston,29.70123,-95.42923,-18000,America/Chicago,GMT-5,14.0,27.04,79.6,30.833333333333336
6,19,0,NRG Stadium,Houston,29.70123,-95.42923,-18000,America/Chicago,GMT-5,14.0,26.74,83.13333333333334,30.893333333333334
6,19,1,NRG Stadium,Houston,29.70123,-95.42923,-18000,America/Chicago,GMT-5,14.0,26.106666666666666,86.06666666666666,30.333333333333332
6,19,2,NRG Stadium,Houston,29.70123,-95.42923,-18000,America/Chicago,GMT-5,14.0,25.673333333333332,88.6,30.013333333333332
6,19,3,NRG Stadium,Houston,29.70123,-95.42923,-18000,America/Chicago,GMT-5,14.0,25.326666666666664,90.6,29.759999999999998
6,19,4,NRG Stadium,Houston,29.70123,-95.42923,-18000,America/Chicago,GMT-5,14.0,25.053333333333338,91.73333333333333,29.473333333333336
6,19,5,NRG Stadium,Houston,29.70123,-95.42923,-18000,America/Chicago,GMT-5,14.0,24.79333333333334,92.66666666666667,29.153333333333332
6,19,6,NRG Stadium,Houston,29.70123,-95.42923,-18000,America/Chicago,GMT-5,14.0,24.880000000000003,92.0,29.10666666666667
6,19,7,NRG Stadium,Houston,29.70123,-95.42923,-18000,America/Chicago,GMT-5,14.0,25.506666666666668,89.66666666666667,29.766666666666666
6,19,8,NRG Stadium,Houston,29.70123,-95.42923,-18000,America/Chicago,GMT-5,14.0,26.673333333333336,84.8,30.913333333333334
6,19,9,NRG Stadium,Houston,29.70123,-95.42923,-18000,America/Chicago,GMT-5,14.0,28.020000000000003,78.73333333333333,32.166666666666664
6,19,10,NRG Stadium,Houston,29.70123,-95.42923,-18000,America/Chicago,GMT-5,14.0,29.300000000000004,72.26666666666667,33.38
6,19,11,NRG Stadium,Houston,29.70123,-95.42923,-18000,America/Chicago,GMT-5,14.0,30.513333333333332,66.26666666666667,34.82
6,19,12,NRG Stadium,Houston,29.70123,-95.42923,-18000,America/Chicago,GMT-5,14.0,31.566666666666666,61.666666666666664,36.28666666666667
6,19,13,NRG Stadium,Houston,29.70123,-95.42923,-18000,America/Chicago,GMT-5,14.0,32.406666666666666,58.333333333333336,37.38666666666666
6,19,14,NRG Stadium,Houston,29.70123,-95.42923,-18000,America/Chicago,GMT-5,14.0,33.13333333333333,55.266666666666666,37.85333333333333
6,19,15,NRG Stadium,Houston,29.70123,-95.42923,-18000,America/Chicago,GMT-5,14.0,33.45333333333334,53.6,37.61333333333333
6,19,16,NRG Stadium,Houston,29.70123,-95.42923,-18000,America/Chicago,GMT-5,14.0,33.379999999999995,53.333333333333336,36.74000000000001
6,19,17,NRG Stadium,Houston,29.70123,-95.42923,-18000,America/Chicago,GMT-5,14.0,32.85333333333333,55.333333333333336,35.70666666666667
6,19,18,NRG Stadium,Houston,29.70123,-95.42923,-18000,America/Chicago,GMT-5,14.0,31.813333333333333,60.333333333333336,34.586666666666666
6,19,19,NRG Stadium,Houston,29.70123,-95.42923,-18000,America/Chicago,GMT-5,14.0,30.686666666666667,65.93333333333334,33.74666666666666
6,19,20,NRG Stadium,Houston,29.70123,-95.42923,-18000,America/Chicago,GMT-5,14.0,29.5,71.4,32.93333333333333
6,19,21,NRG Stadium,Houston,29.70123,-95.42923,-18000,America/Chicago,GMT-5,14.0,28.740000000000002,74.46666666666667,32.34
6,19,22,NRG Stadium,Houston,29.70123,-95.42923,-18000,America/Chicago,GMT-5,14.0,28.1,77.2,31.926666666666666
6,19,23,NRG Stadium,Houston,29.70123,-95.42923,-18000,America/Chicago,GMT-5,14.0,27.4,80.2,31.360000000000003
6,20,0,NRG Stadium,Houston,29.70123,-95.42923,-18000,America/Chicago,GMT-5,14.0,27.060000000000002,84.26666666666667,31.373333333333335
6,20,1,NRG Stadium,Houston,29.70123,-95.42923,-18000,America/Chicago,GMT-5,14.0,26.686666666666667,84.93333333333334,30.94666666666667
6,20,2,NRG Stadium,Houston,29.70123,-95.42923,-18000,America/Chicago,GMT-5,14.0,26.319999999999997,87.0,30.773333333333344
6,20,3,NRG Stadium,Houston,29.70123,-95.42923,-18000,America/Chicago,GMT-5,14.0,26.0,88.73333333333333,30.533333333333342
6,20,4,NRG Stadium,Houston,29.70123,-95.42923,-18000,America/Chicago,GMT-5,14.0,25.759999999999994,89.8,30.320000000000004
6,20,5,NRG Stadium,Houston,29.70123,-95.42923,-18000,America/Chicago,GMT-5,14.0,25.586666666666666,90.73333333333333,30.173333333333336
6,20,6,NRG Stadium,Houston,29.70123,-95.42923,-18000,America/Chicago,GMT-5,14.0,25.766666666666666,91.0,30.48
6,20,7,NRG Stadium,Houston,29.70123,-95.42923,-18000,America/Chicago,GMT-5,14.0,26.26,89.73333333333333,31.12
6,20,8,NRG Stadium,Houston,29.70123,-95.42923,-18000,America/Chicago,GMT-5,14.0,27.213333333333335,86.33333333333333,32.10666666666667
6,20,9,NRG Stadium,Houston,29.70123,-95.42923,-18000,America/Chicago,GMT-5,14.0,28.32,81.06666666666666,33.2
6,20,10,NRG Stadium,Houston,29.70123,-95.42923,-18000,America/Chicago,GMT-5,14.0,29.660000000000004,74.8,34.58
6,20,11,NRG Stadium,Houston,29.70123,-95.42923,-18000,America/Chicago,GMT-5,14.0,30.860000000000003,69.13333333333334,36.02666666666666
6,20,12,NRG Stadium,Houston,29.70123,-95.42923,-18000,America/Chicago,GMT-5,14.0,31.653333333333332,64.6,36.67999999999999
6,20,13,NRG Stadium,Houston,29.70123,-95.42923,-18000,America/Chicago,GMT-5,14.0,32.20666666666666,61.8,37.15333333333333
6,20,14,NRG Stadium,Houston,29.70123,-95.42923,-18000,America/Chicago,GMT-5,14.0,32.519999999999996,59.666666666666664,37.033333333333324
6,20,15,NRG Stadium,Houston,29.70123,-95.42923,-18000,America/Chicago,GMT-5,14.0,32.946666666666665,58.46666666666667,37.29333333333333
6,20,16,NRG Stadium,Houston,29.70123,-95.42923,-18000,America/Chicago,GMT-5,14.0,33.09333333333333,56.8,36.62
6,20,17,NRG Stadium,Houston,29.70123,-95.42923,-18000,America/Chicago,GMT-5,14.0,32.82666666666667,57.46666666666667,35.74
6,20,18,NRG Stadium,Houston,29.70123,-95.42923,-18000,America/Chicago,GMT-5,14.0,31.98666666666667,60.53333333333333,34.50666666666667
6,20,19,NRG Stadium,Houston,29.70123,-95.42923,-18000,America/Chicago,GMT-5,14.0,30.66,67.0,33.580000000000005
6,20,20,NRG Stadium,Houston,29.70123,-95.42923,-18000,America/Chicago,GMT-5,14.0,29.366666666666664,73.66666666666667,32.87333333333334
6,20,21,NRG Stadium,Houston,29.70123,-95.42923,-18000,America/Chicago,GMT-5,14.0,28.293333333333333,79.33333333333333,32.39333333333334
6,20,22,NRG Stadium,Houston,29.70123,-95.42923,-18000,America/Chicago,GMT-5,14.0,27.7,83.13333333333334,32.14
6,20,23,NRG Stadium,Houston,29.70123,-95.42923,-18000,America/Chicago,GMT-5,14.0,27.333333333333336,84.0,31.733333333333334
6,21,0,NRG Stadium,Houston,29.70123,-95.42923,-18000,America/Chicago,GMT-5,14.0,26.773333333333333,87.46666666666667,31.613333333333333
6,21,1,NRG Stadium,Houston,29.70123,-95.42923,-18000,America/Chicago,GMT-5,14.0,26.74,88.46666666666667,31.58
6,21,2,NRG Stadium,Houston,29.70123,-95.42923,-18000,America/Chicago,GMT-5,14.0,26.413333333333334,89.33333333333333,31.299999999999997
6,21,3,NRG Stadium,Houston,29.70123,-95.42923,-18000,America/Chicago,GMT-5,14.0,26.146666666666665,90.0,31.006666666666668
6,21,4,NRG Stadium,Houston,29.70123,-95.42923,-18000,America/Chicago,GMT-5,14.0,25.92,90.86666666666666,30.8
6,21,5,NRG Stadium,Houston,29.70123,-95.42923,-18000,America/Chicago,GMT-5,14.0,25.753333333333334,91.73333333333333,30.693333333333335
6,21,6,NRG Stadium,Houston,29.70123,-95.42923,-18000,America/Chicago,GMT-5,14.0,25.686666666666667,92.06666666666666,30.64
6,21,7,NRG Stadium,Houston,29.70123,-95.42923,-18000,America/Chicago,GMT-5,14.0,25.946666666666665,90.6,30.786666666666665
6,21,8,NRG Stadium,Houston,29.70123,-95.42923,-18000,America/Chicago,GMT-5,14.0,26.493333333333336,87.33333333333333,31.119999999999997
6,21,9,NRG Stadium,Houston,29.70123,-95.42923,-18000,America/Chicago,GMT-5,14.0,27.466666666666672,82.13333333333334,31.819999999999993
6,21,10,NRG Stadium,Houston,29.70123,-95.42923,-18000,America/Chicago,GMT-5,14.0,28.673333333333332,76.2,33.03333333333333
6,21,11,NRG Stadium,Houston,29.70123,-95.42923,-18000,America/Chicago,GMT-5,14.0,29.826666666666668,70.53333333333333,34.193333333333335
6,21,12,NRG Stadium,Houston,29.70123,-95.42923,-18000,America/Chicago,GMT-5,14.0,30.766666666666666,66.33333333333333,35.41333333333333
6,21,13,NRG Stadium,Houston,29.70123,-95.42923,-18000,America/Chicago,GMT-5,14.0,31.353333333333335,63.266666666666666,35.919999999999995
6,21,14,NRG Stadium,Houston,29.70123,-95.42923,-18000,America/Chicago,GMT-5,14.0,31.886666666666667,60.733333333333334,36.37333333333333
6,21,15,NRG Stadium,Houston,29.70123,-95.42923,-18000,America/Chicago,GMT-5,14.0,31.88,59.666666666666664,35.8
6,21,16,NRG Stadium,Houston,29.70123,-95.42923,-18000,America/Chicago,GMT-5,14.0,31.773333333333333,59.2,35.166666666666664
6,21,17,NRG Stadium,Houston,29.70123,-95.42923,-18000,America/Chicago,GMT-5,14.0,31.40666666666667,60.0,34.34
6,21,18,NRG Stadium,Houston,29.70123,-95.42923,-18000,America/Chicago,GMT-5,14.0,30.92666666666667,62.86666666666667,33.846666666666664
6,21,19,NRG Stadium,Houston,29.70123,-95.42923,-18000,America/Chicago,GMT-5,14.0,30.02,68.26666666666667,33.339999999999996
6,21,20,NRG Stadium,Houston,29.70123,-95.42923,-18000,America/Chicago,GMT-5,14.0,28.826666666666668,75.46666666666667,32.733333333333334
6,21,21,NRG Stadium,Houston,29.70123,-95.42923,-18000,America/Chicago,GMT-5,14.0,27.82,80.6,32.346666666666664
6,21,22,NRG Stadium,Houston,29.70123,-95.42923,-18000,America/Chicago,GMT-5,14.0,27.040000000000003,84.26666666666667,31.860000000000003
6,21,23,NRG Stadium,Houston,29.70123,-95.42923,-18000,America/Chicago,GMT-5,14.0,26.860000000000003,86.0,31.733333333333334
6,22,0,NRG Stadium,Houston,29.70123,-95.42923,-18000,America/Chicago,GMT-5,14.0,26.373333333333335,86.33333333333333,31.246666666666666
6,22,1,NRG Stadium,Houston,29.70123,-95.42923,-18000,America/Chicago,GMT-5,14.0,25.9,89.0,30.88
6,22,2,NRG Stadium,Houston,29.70123,-95.42923,-18000,America/Chicago,GMT-5,14.0,25.673333333333332,90.46666666666667,30.66
6,22,3,NRG Stadium,Houston,29.70123,-95.42923,-18000,America/Chicago,GMT-5,14.0,25.486666666666668,91.73333333333333,30.5
6,22,4,NRG Stadium,Houston,29.70123,-95.42923,-18000,America/Chicago,GMT-5,14.0,25.253333333333334,92.93333333333334,30.266666666666666
6,22,5,NRG Stadium,Houston,29.70123,-95.42923,-18000,America/Chicago,GMT-5,14.0,25.053333333333335,93.66666666666667,30.153333333333332
6,22,6,NRG Stadium,Houston,29.70123,-95.42923,-18000,America/Chicago,GMT-5,14.0,25.039999999999996,93.66666666666667,30.233333333333334
6,22,7,NRG Stadium,Houston,29.70123,-95.42923,-18000,America/Chicago,GMT-5,14.0,25.386666666666663,91.93333333333334,30.57333333333333
6,22,8,NRG Stadium,Houston,29.70123,-95.42923,-18000,America/Chicago,GMT-5,14.0,26.266666666666666,87.73333333333333,31.459999999999997
6,22,9,NRG Stadium,Houston,29.70123,-95.42923,-18000,America/Chicago,GMT-5,14.0,27.54666666666667,81.46666666666667,32.726666666666674
6,22,10,NRG Stadium,Houston,29.70123,-95.42923,-18000,America/Chicago,GMT-5,14.0,29.086666666666666,73.93333333333334,34.29333333333333
6,22,11,NRG Stadium,Houston,29.70123,-95.42923,-18000,America/Chicago,GMT-5,14.0,30.38,67.33333333333333,35.586666666666666
6,22,12,NRG Stadium,Houston,29.70123,-95.42923,-18000,America/Chicago,GMT-5,14.0,31.126666666666665,63.13333333333333,36.28666666666666
6,22,13,NRG Stadium,Houston,29.70123,-95.42923,-18000,America/Chicago,GMT-5,14.0,31.54,61.2,36.78
6,22,14,NRG Stadium,Houston,29.70123,-95.42923,-18000,America/Chicago,GMT-5,14.0,31.89333333333333,60.2,37.19333333333334
6,22,15,NRG Stadium,Houston,29.70123,-95.42923,-18000,America/Chicago,GMT-5,14.0,31.806666666666665,61.2,36.82666666666667
6,22,16,NRG Stadium,Houston,29.70123,-95.42923,-18000,America/Chicago,GMT-5,14.0,31.433333333333334,63.06666666666667,35.913333333333334
6,22,17,NRG Stadium,Houston,29.70123,-95.42923,-18000,America/Chicago,GMT-5,14.0,30.693333333333328,65.93333333333334,34.699999999999996
6,22,18,NRG Stadium,Houston,29.70123,-95.42923,-18000,America/Chicago,GMT-5,14.0,29.999999999999996,69.4,34.02666666666667
6,22,19,NRG Stadium,Houston,29.70123,-95.42923,-18000,America/Chicago,GMT-5,14.0,29.319999999999997,72.86666666666666,33.61333333333334
6,22,20,NRG Stadium,Houston,29.70123,-95.42923,-18000,America/Chicago,GMT-5,14.0,28.58666666666667,77.0,33.32000000000001
6,22,21,NRG Stadium,Houston,29.70123,-95.42923,-18000,America/Chicago,GMT-5,14.0,28.080000000000002,79.2,33.040000000000006
6,22,22,NRG Stadium,Houston,29.70123,-95.42923,-18000,America/Chicago,GMT-5,14.0,27.540000000000006,81.2,32.56666666666667
6,22,23,NRG Stadium,Houston,29.70123,-95.42923,-18000,America/Chicago,GMT-5,14.0,26.913333333333338,83.8,31.81333333333333
6,23,0,NRG Stadium,Houston,29.70123,-95.42923,-18000,America/Chicago,GMT-5,14.0,26.86666666666667,84.4,31.733333333333334
6,23,1,NRG Stadium,Houston,29.70123,-95.42923,-18000,America/Chicago,GMT-5,14.0,26.25333333333333,86.86666666666666,31.14666666666667
6,23,2,NRG Stadium,Houston,29.70123,-95.42923,-18000,America/Chicago,GMT-5,14.0,25.886666666666663,88.2,30.76666666666667
6,23,3,NRG Stadium,Houston,29.70123,-95.42923,-18000,America/Chicago,GMT-5,14.0,25.55333333333333,89.2,30.46
6,23,4,NRG Stadium,Houston,29.70123,-95.42923,-18000,America/Chicago,GMT-5,14.0,25.280000000000005,90.46666666666667,30.186666666666667
6,23,5,NRG Stadium,Houston,29.70123,-95.42923,-18000,America/Chicago,GMT-5,14.0,25.026666666666667,92.0,29.973333333333336
6,23,6,NRG Stadium,Houston,29.70123,-95.42923,-18000,America/Chicago,GMT-5,14.0,25.12,92.46666666666667,30.173333333333332
6,23,7,NRG Stadium,Houston,29.70123,-95.42923,-18000,America/Chicago,GMT-5,14.0,25.666666666666664,91.26666666666667,30.91333333333333
6,23,8,NRG Stadium,Houston,29.70123,-95.42923,-18000,America/Chicago,GMT-5,14.0,26.699999999999996,87.33333333333333,32.0
6,23,9,NRG Stadium,Houston,29.70123,-95.42923,-18000,America/Chicago,GMT-5,14.0,27.859999999999996,81.8,32.97333333333333
6,23,10,NRG Stadium,Houston,29.70123,-95.42923,-18000,America/Chicago,GMT-5,14.0,28.89333333333333,76.2,33.88
6,23,11,NRG Stadium,Houston,29.70123,-95.42923,-18000,America/Chicago,GMT-5,14.0,29.973333333333336,71.06666666666666,35.18
6,23,12,NRG Stadium,Houston,29.70123,-95.42923,-18000,America/Chicago,GMT-5,14.0,31.04666666666667,66.46666666666667,36.726666666666674
6,23,13,NRG Stadium,Houston,29.70123,-95.42923,-18000,America/Chicago,GMT-5,14.0,31.906666666666673,62.666666666666664,37.78666666666667
6,23,14,NRG Stadium,Houston,29.70123,-95.42923,-18000,America/Chicago,GMT-5,14.0,32.39333333333334,60.53333333333333,38.18666666666668
6,23,15,NRG Stadium,Houston,29.70123,-95.42923,-18000,America/Chicago,GMT-5,14.0,32.58,59.8,37.96000000000001
6,23,16,NRG Stadium,Houston,29.70123,-95.42923,-18000,America/Chicago,GMT-5,14.0,32.54666666666667,59.6,37.306666666666665
6,23,17,NRG Stadium,Houston,29.70123,-95.42923,-18000,America/Chicago,GMT-5,14.0,32.43333333333333,59.2,36.50666666666667
6,23,18,NRG Stadium,Houston,29.70123,-95.42923,-18000,America/Chicago,GMT-5,14.0,31.92,60.53333333333333,35.45333333333333
6,23,19,NRG Stadium,Houston,29.70123,-95.42923,-18000,America/Chicago,GMT-5,14.0,31.15333333333334,63.93333333333333,34.7
6,23,20,NRG Stadium,Houston,29.70123,-95.42923,-18000,America/Chicago,GMT-5,14.0,30.026666666666667,68.86666666666666,33.74666666666666
6,23,21,NRG Stadium,Houston,29.70123,-95.42923,-18000,America/Chicago,GMT-5,14.0,29.053333333333335,73.2,33.1
6,23,22,NRG Stadium,Houston,29.70123,-95.42923,-18000,America/Chicago,GMT-5,14.0,28.3,76.86666666666666,32.66
6,23,23,NRG Stadium,Houston,29.70123,-95.42923,-18000,America/Chicago,GMT-5,14.0,27.560000000000002,80.66666666666667,32.22
6,24,0,NRG Stadium,Houston,29.70123,-95.42923,-18000,America/Chicago,GMT-5,14.0,26.90666666666667,86.13333333333334,31.746666666666666
6,24,1,NRG Stadium,Houston,29.70123,-95.42923,-18000,America/Chicago,GMT-5,14.0,26.633333333333333,88.0,31.64666666666666
6,24,2,NRG Stadium,Houston,29.70123,-95.42923,-18000,America/Chicago,GMT-5,14.0,26.26,90.13333333333334,31.37333333333333
6,24,3,NRG Stadium,Houston,29.70123,-95.42923,-18000,America/Chicago,GMT-5,14.0,25.879999999999995,91.73333333333333,31.139999999999993
6,24,4,NRG Stadium,Houston,29.70123,-95.42923,-18000,America/Chicago,GMT-5,14.0,25.56,93.13333333333334,30.886666666666667
6,24,5,NRG Stadium,Houston,29.70123,-95.42923,-18000,America/Chicago,GMT-5,14.0,25.286666666666665,94.26666666666667,30.633333333333333
6,24,6,NRG Stadium,Houston,29.70123,-95.42923,-18000,America/Chicago,GMT-5,14.0,25.30666666666667,94.2,30.493333333333332
6,24,7,NRG Stadium,Houston,29.70123,-95.42923,-18000,America/Chicago,GMT-5,14.0,25.699999999999996,91.86666666666666,30.74
6,24,8,NRG Stadium,Houston,29.70123,-95.42923,-18000,America/Chicago,GMT-5,14.0,26.62666666666667,87.13333333333334,31.45333333333333
6,24,9,NRG Stadium,Houston,29.70123,-95.42923,-18000,America/Chicago,GMT-5,14.0,27.853333333333335,80.8,32.586666666666666
6,24,10,NRG Stadium,Houston,29.70123,-95.42923,-18000,America/Chicago,GMT-5,14.0,29.206666666666663,74.2,33.92666666666666
6,24,11,NRG Stadium,Houston,29.70123,-95.42923,-18000,America/Chicago,GMT-5,14.0,30.533333333333328,67.8,35.4
6,24,12,NRG Stadium,Houston,29.70123,-95.42923,-18000,America/Chicago,GMT-5,14.0,31.886666666666663,61.6,37.07333333333334
6,24,13,NRG Stadium,Houston,29.70123,-95.42923,-18000,America/Chicago,GMT-5,14.0,32.75333333333334,57.46666666666667,38.059999999999995
6,24,14,NRG Stadium,Houston,29.70123,-95.42923,-18000,America/Chicago,GMT-5,14.0,33.38,54.46666666666667,38.50666666666666
6,24,15,NRG Stadium,Houston,29.70123,-95.42923,-18000,America/Chicago,GMT-5,14.0,33.56,53.333333333333336,38.15333333333333
6,24,16,NRG Stadium,Houston,29.70123,-95.42923,-18000,America/Chicago,GMT-5,14.0,33.666666666666664,52.46666666666667,37.480000000000004
6,24,17,NRG Stadium,Houston,29.70123,-95.42923,-18000,America/Chicago,GMT-5,14.0,33.31333333333333,53.6,36.48666666666667
6,24,18,NRG Stadium,Houston,29.70123,-95.42923,-18000,America/Chicago,GMT-5,14.0,32.586666666666666,56.8,35.55333333333333
6,24,19,NRG Stadium,Houston,29.70123,-95.42923,-18000,America/Chicago,GMT-5,14.0,31.42666666666667,62.266666666666666,34.63333333333333
6,24,20,NRG Stadium,Houston,29.70123,-95.42923,-18000,America/Chicago,GMT-5,14.0,30.113333333333337,68.06666666666666,33.62
6,24,21,NRG Stadium,Houston,29.70123,-95.42923,-18000,America/Chicago,GMT-5,14.0,28.799999999999997,74.33333333333333,32.56
6,24,22,NRG Stadium,Houston,29.70123,-95.42923,-18000,America/Chicago,GMT-5,14.0,27.833333333333332,79.53333333333333,31.933333333333334
6,24,23,NRG Stadium,Houston,29.70123,-95.42923,-18000,America/Chicago,GMT-5,14.0,27.266666666666666,83.46666666666667,31.833333333333336
6,25,0,NRG Stadium,Houston,29.70123,-95.42923,-18000,America/Chicago,GMT-5,14.0,26.680000000000003,86.6,31.266666666666662
6,25,1,NRG Stadium,Houston,29.70123,-95.42923,-18000,America/Chicago,GMT-5,14.0,26.37333333333333,89.33333333333333,31.206666666666663
6,25,2,NRG Stadium,Houston,29.70123,-95.42923,-18000,America/Chicago,GMT-5,14.0,26.12,90.86666666666666,31.1
6,25,3,NRG Stadium,Houston,29.70123,-95.42923,-18000,America/Chicago,GMT-5,14.0,25.85333333333334,92.33333333333333,30.966666666666672
6,25,4,NRG Stadium,Houston,29.70123,-95.42923,-18000,America/Chicago,GMT-5,14.0,25.56666666666667,93.53333333333333,30.72666666666667
6,25,5,NRG Stadium,Houston,29.70123,-95.42923,-18000,America/Chicago,GMT-5,14.0,25.326666666666664,94.26666666666667,30.45333333333333
6,25,6,NRG Stadium,Houston,29.70123,-95.42923,-18000,America/Chicago,GMT-5,14.0,25.52,93.26666666666667,30.586666666666666
6,25,7,NRG Stadium,Houston,29.70123,-95.42923,-18000,America/Chicago,GMT-5,14.0,26.07333333333333,91.0,31.013333333333335
6,25,8,NRG Stadium,Houston,29.70123,-95.42923,-18000,America/Chicago,GMT-5,14.0,27.013333333333332,86.66666666666667,31.78666666666667
6,25,9,NRG Stadium,Houston,29.70123,-95.42923,-18000,America/Chicago,GMT-5,14.0,28.04,81.33333333333333,32.59333333333333
6,25,10,NRG Stadium,Houston,29.70123,-95.42923,-18000,America/Chicago,GMT-5,14.0,29.13333333333333,75.6,33.76
6,25,11,NRG Stadium,Houston,29.70123,-95.42923,-18000,America/Chicago,GMT-5,14.0,30.259999999999998,70.46666666666667,35.14666666666666
6,25,12,NRG Stadium,Houston,29.70123,-95.42923,-18000,America/Chicago,GMT-5,14.0,31.166666666666668,66.2,36.28
6,25,13,NRG Stadium,Houston,29.70123,-95.42923,-18000,America/Chicago,GMT-5,14.0,32.02666666666667,62.0,37.06666666666668
6,25,14,NRG Stadium,Houston,29.70123,-95.42923,-18000,America/Chicago,GMT-5,14.0,32.64666666666667,59.0,37.42666666666666
6,25,15,NRG Stadium,Houston,29.70123,-95.42923,-18000,America/Chicago,GMT-5,14.0,32.973333333333336,57.333333333333336,37.29333333333333
6,25,16,NRG Stadium,Houston,29.70123,-95.42923,-18000,America/Chicago,GMT-5,14.0,32.9,57.6,36.66
6,25,17,NRG Stadium,Houston,29.70123,-95.42923,-18000,America/Chicago,GMT-5,14.0,32.559999999999995,58.2,35.673333333333325
6,25,18,NRG Stadium,Houston,29.70123,-95.42923,-18000,America/Chicago,GMT-5,14.0,32.019999999999996,60.46666666666667,34.986666666666665
6,25,19,NRG Stadium,Houston,29.70123,-95.42923,-18000,America/Chicago,GMT-5,14.0,31.09333333333333,63.86666666666667,34.193333333333335
6,25,20,NRG Stadium,Houston,29.70123,-95.42923,-18000,America/Chicago,GMT-5,14.0,29.96,68.66666666666667,33.38
6,25,21,NRG Stadium,Houston,29.70123,-95.42923,-18000,America/Chicago,GMT-5,14.0,28.806666666666665,73.33333333333333,32.43333333333333
6,25,22,NRG Stadium,Houston,29.70123,-95.42923,-18000,America/Chicago,GMT-5,14.0,27.893333333333334,77.93333333333334,31.779999999999998
6,25,23,NRG Stadium,Houston,29.70123,-95.42923,-18000,America/Chicago,GMT-5,14.0,27.173333333333336,82.73333333333333,31.44
6,26,0,NRG Stadium,Houston,29.70123,-95.42923,-18000,America/Chicago,GMT-5,14.0,26.60666666666667,85.06666666666666,31.026666666666664
6,26,1,NRG Stadium,Houston,29.70123,-95.42923,-18000,America/Chicago,GMT-5,14.0,26.333333333333332,87.2,30.926666666666666
6,26,2,NRG Stadium,Houston,29.70123,-95.42923,-18000,America/Chicago,GMT-5,14.0,26.019999999999996,88.93333333333334,30.759999999999998
6,26,3,NRG Stadium,Houston,29.70123,-95.42923,-18000,America/Chicago,GMT-5,14.0,25.753333333333337,90.33333333333333,30.62
6,26,4,NRG Stadium,Houston,29.70123,-95.42923,-18000,America/Chicago,GMT-5,14.0,25.513333333333335,91.46666666666667,30.44
6,26,5,NRG Stadium,Houston,29.70123,-95.42923,-18000,America/Chicago,GMT-5,14.0,25.306666666666665,92.06666666666666,30.246666666666663
6,26,6,NRG Stadium,Houston,29.70123,-95.42923,-18000,America/Chicago,GMT-5,14.0,25.346666666666668,92.0,30.306666666666665
6,26,7,NRG Stadium,Houston,29.70123,-95.42923,-18000,America/Chicago,GMT-5,14.0,25.913333333333334,89.8,30.853333333333335
6,26,8,NRG Stadium,Houston,29.70123,-95.42923,-18000,America/Chicago,GMT-5,14.0,27.033333333333335,85.2,31.959999999999997
6,26,9,NRG Stadium,Houston,29.70123,-95.42923,-18000,America/Chicago,GMT-5,14.0,28.43333333333333,78.4,33.19333333333333
6,26,10,NRG Stadium,Houston,29.70123,-95.42923,-18000,America/Chicago,GMT-5,14.0,29.82,71.33333333333333,34.626666666666665
6,26,11,NRG Stadium,Houston,29.70123,-95.42923,-18000,America/Chicago,GMT-5,14.0,31.060000000000002,65.06666666666666,36.13999999999999
6,26,12,NRG Stadium,Houston,29.70123,-95.42923,-18000,America/Chicago,GMT-5,14.0,32.11333333333333,59.93333333333333,37.68666666666666
6,26,13,NRG Stadium,Houston,29.70123,-95.42923,-18000,America/Chicago,GMT-5,14.0,32.839999999999996,56.266666666666666,38.486666666666665
6,26,14,NRG Stadium,Houston,29.70123,-95.42923,-18000,America/Chicago,GMT-5,14.0,32.99333333333333,54.93333333333333,38.24666666666667
6,26,15,NRG Stadium,Houston,29.70123,-95.42923,-18000,America/Chicago,GMT-5,14.0,32.900000000000006,55.0,37.54666666666667
6,26,16,NRG Stadium,Houston,29.70123,-95.42923,-18000,America/Chicago,GMT-5,14.0,32.84666666666667,55.333333333333336,36.919999999999995
6,26,17,NRG Stadium,Houston,29.70123,-95.42923,-18000,America/Chicago,GMT-5,14.0,32.666666666666664,56.333333333333336,36.18
6,26,18,NRG Stadium,Houston,29.70123,-95.42923,-18000,America/Chicago,GMT-5,14.0,32.02,59.4,35.413333333333334
6,26,19,NRG Stadium,Houston,29.70123,-95.42923,-18000,America/Chicago,GMT-5,14.0,30.860000000000003,64.66666666666667,34.46
6,26,20,NRG Stadium,Houston,29.70123,-95.42923,-18000,America/Chicago,GMT-5,14.0,29.726666666666667,69.73333333333333,33.760000000000005
6,26,21,NRG Stadium,Houston,29.70123,-95.42923,-18000,America/Chicago,GMT-5,14.0,28.746666666666666,73.93333333333334,32.78666666666667
6,26,22,NRG Stadium,Houston,29.70123,-95.42923,-18000,America/Chicago,GMT-5,14.0,27.793333333333337,78.0,31.86666666666667
6,26,23,NRG Stadium,Houston,29.70123,-95.42923,-18000,America/Chicago,GMT-5,14.0,27.113333333333337,81.8,31.28666666666667
6,27,0,NRG Stadium,Houston,29.70123,-95.42923,-18000,America/Chicago,GMT-5,14.0,26.36,85.66666666666667,30.860000000000003
6,27,1,NRG Stadium,Houston,29.70123,-95.42923,-18000,America/Chicago,GMT-5,14.0,26.346666666666668,84.93333333333334,30.906666666666663
6,27,2,NRG Stadium,Houston,29.70123,-95.42923,-18000,America/Chicago,GMT-5,14.0,26.053333333333335,86.06666666666666,30.706666666666663
6,27,3,NRG Stadium,Houston,29.70123,-95.42923,-18000,America/Chicago,GMT-5,14.0,25.773333333333333,86.93333333333334,30.446666666666662
6,27,4,NRG Stadium,Houston,29.70123,-95.42923,-18000,America/Chicago,GMT-5,14.0,25.540000000000003,87.6,30.21333333333333
6,27,5,NRG Stadium,Houston,29.70123,-95.42923,-18000,America/Chicago,GMT-5,14.0,25.326666666666668,88.06666666666666,29.98
6,27,6,NRG Stadium,Houston,29.70123,-95.42923,-18000,America/Chicago,GMT-5,14.0,25.326666666666668,88.46666666666667,29.86
6,27,7,NRG Stadium,Houston,29.70123,-95.42923,-18000,America/Chicago,GMT-5,14.0,25.60666666666667,87.6,30.020000000000003
6,27,8,NRG Stadium,Houston,29.70123,-95.42923,-18000,America/Chicago,GMT-5,14.0,26.16,85.6,30.566666666666666
6,27,9,NRG Stadium,Houston,29.70123,-95.42923,-18000,America/Chicago,GMT-5,14.0,27.040000000000006,82.0,31.580000000000002
6,27,10,NRG Stadium,Houston,29.70123,-95.42923,-18000,America/Chicago,GMT-5,14.0,28.20666666666667,77.4,33.0
6,27,11,NRG Stadium,Houston,29.70123,-95.42923,-18000,America/Chicago,GMT-5,14.0,29.666666666666675,71.66666666666667,34.79333333333333
6,27,12,NRG Stadium,Houston,29.70123,-95.42923,-18000,America/Chicago,GMT-5,14.0,31.06666666666667,65.86666666666666,36.65333333333333
6,27,13,NRG Stadium,Houston,29.70123,-95.42923,-18000,America/Chicago,GMT-5,14.0,32.02666666666667,61.8,37.85333333333334
6,27,14,NRG Stadium,Houston,29.70123,-95.42923,-18000,America/Chicago,GMT-5,14.0,32.63333333333333,59.2,38.47333333333333
6,27,15,NRG Stadium,Houston,29.70123,-95.42923,-18000,America/Chicago,GMT-5,14.0,32.88,57.86666666666667,38.32000000000001
6,27,16,NRG Stadium,Houston,29.70123,-95.42923,-18000,America/Chicago,GMT-5,14.0,32.84666666666667,57.2,37.49333333333334
6,27,17,NRG Stadium,Houston,29.70123,-95.42923,-18000,America/Chicago,GMT-5,14.0,32.45333333333333,57.93333333333333,36.373333333333335
6,27,18,NRG Stadium,Houston,29.70123,-95.42923,-18000,America/Chicago,GMT-5,14.0,31.673333333333332,60.93333333333333,35.29333333333334
6,27,19,NRG Stadium,Houston,29.70123,-95.42923,-18000,America/Chicago,GMT-5,14.0,30.453333333333333,67.0,34.406666666666666
6,27,20,NRG Stadium,Houston,29.70123,-95.42923,-18000,America/Chicago,GMT-5,14.0,28.919999999999998,74.46666666666667,33.16
6,27,21,NRG Stadium,Houston,29.70123,-95.42923,-18000,America/Chicago,GMT-5,14.0,27.56,81.0,32.026666666666664
6,27,22,NRG Stadium,Houston,29.70123,-95.42923,-18000,America/Chicago,GMT-5,14.0,26.65333333333333,85.2,31.14666666666667
6,27,23,NRG Stadium,Houston,29.70123,-95.42923,-18000,America/Chicago,GMT-5,14.0,26.46666666666666,85.73333333333333,30.986666666666665
6,28,0,NRG Stadium,Houston,29.70123,-95.42923,-18000,America/Chicago,GMT-5,14.0,26.106666666666666,88.26666666666667,30.713333333333335
6,28,1,NRG Stadium,Houston,29.70123,-95.42923,-18000,America/Chicago,GMT-5,14.0,25.6,90.4,30.020000000000007
6,28,2,NRG Stadium,Houston,29.70123,-95.42923,-18000,America/Chicago,GMT-5,14.0,25.32666666666666,91.66666666666667,29.766666666666666
6,28,3,NRG Stadium,Houston,29.70123,-95.42923,-18000,America/Chicago,GMT-5,14.0,25.066666666666666,92.93333333333334,29.726666666666667
6,28,4,NRG Stadium,Houston,29.70123,-95.42923,-18000,America/Chicago,GMT-5,14.0,24.880000000000003,93.8,29.766666666666662
6,28,5,NRG Stadium,Houston,29.70123,-95.42923,-18000,America/Chicago,GMT-5,14.0,24.713333333333335,94.26666666666667,29.62
6,28,6,NRG Stadium,Houston,29.70123,-95.42923,-18000,America/Chicago,GMT-5,14.0,24.86,93.8,29.706666666666667
6,28,7,NRG Stadium,Houston,29.70123,-95.42923,-18000,America/Chicago,GMT-5,14.0,25.293333333333333,91.8,29.993333333333336
6,28,8,NRG Stadium,Houston,29.70123,-95.42923,-18000,America/Chicago,GMT-5,14.0,26.186666666666664,87.53333333333333,30.82
6,28,9,NRG Stadium,Houston,29.70123,-95.42923,-18000,America/Chicago,GMT-5,14.0,27.14,82.4,31.633333333333336
6,28,10,NRG Stadium,Houston,29.70123,-95.42923,-18000,America/Chicago,GMT-5,14.0,28.1,77.46666666666667,32.64
6,28,11,NRG Stadium,Houston,29.70123,-95.42923,-18000,America/Chicago,GMT-5,14.0,29.013333333333332,73.13333333333334,33.85333333333334
6,28,12,NRG Stadium,Houston,29.70123,-95.42923,-18000,America/Chicago,GMT-5,14.0,29.86,69.4,35.14
6,28,13,NRG Stadium,Houston,29.70123,-95.42923,-18000,America/Chicago,GMT-5,14.0,30.413333333333334,66.8,35.81333333333334
6,28,14,NRG Stadium,Houston,29.70123,-95.42923,-18000,America/Chicago,GMT-5,14.0,30.986666666666668,63.6,36.126666666666665
6,28,15,NRG Stadium,Houston,29.70123,-95.42923,-18000,America/Chicago,GMT-5,14.0,31.619999999999997,60.2,36.19333333333332
6,28,16,NRG Stadium,Houston,29.70123,-95.42923,-18000,America/Chicago,GMT-5,14.0,32.17333333333333,57.13333333333333,36.07333333333334
6,28,17,NRG Stadium,Houston,29.70123,-95.42923,-18000,America/Chicago,GMT-5,14.0,32.26666666666667,56.6,35.50666666666666
6,28,18,NRG Stadium,Houston,29.70123,-95.42923,-18000,America/Chicago,GMT-5,14.0,31.240000000000002,61.333333333333336,34.28
6,28,19,NRG Stadium,Houston,29.70123,-95.42923,-18000,America/Chicago,GMT-5,14.0,30.173333333333336,66.8,33.593333333333334
6,28,20,NRG Stadium,Houston,29.70123,-95.42923,-18000,America/Chicago,GMT-5,14.0,28.85333333333333,73.6,32.82666666666667
6,28,21,NRG Stadium,Houston,29.70123,-95.42923,-18000,America/Chicago,GMT-5,14.0,28.11333333333333,77.73333333333333,32.5
6,28,22,NRG Stadium,Houston,29.70123,-95.42923,-18000,America/Chicago,GMT-5,14.0,27.373333333333328,81.86666666666666,31.993333333333336
6,28,23,NRG Stadium,Houston,29.70123,-95.42923,-18000,America/Chicago,GMT-5,14.0,26.659999999999993,85.66666666666667,31.373333333333335
6,10,0,Estadio Akron,Zapopan,20.702986,-103.45453,-21600,America/Mexico_City,GMT-6,1665.0,19.086666666666662,77.0,19.33333333333333
6,10,1,Estadio Akron,Zapopan,20.702986,-103.45453,-21600,America/Mexico_City,GMT-6,1665.0,18.373333333333335,81.8,18.98
6,10,2,Estadio Akron,Zapopan,20.702986,-103.45453,-21600,America/Mexico_City,GMT-6,1665.0,17.813333333333333,85.13333333333334,18.53333333333334
6,10,3,Estadio Akron,Zapopan,20.702986,-103.45453,-21600,America/Mexico_City,GMT-6,1665.0,17.286666666666665,86.4,18.026666666666664
6,10,4,Estadio Akron,Zapopan,20.702986,-103.45453,-21600,America/Mexico_City,GMT-6,1665.0,16.886666666666667,86.33333333333333,17.52
6,10,5,Estadio Akron,Zapopan,20.702986,-103.45453,-21600,America/Mexico_City,GMT-6,1665.0,16.720000000000002,85.26666666666667,17.220000000000002
6,10,6,Estadio Akron,Zapopan,20.702986,-103.45453,-21600,America/Mexico_City,GMT-6,1665.0,17.060000000000002,82.8,17.453333333333333
6,10,7,Estadio Akron,Zapopan,20.702986,-103.45453,-21600,America/Mexico_City,GMT-6,1665.0,18.1,77.66666666666667,18.5
6,10,8,Estadio Akron,Zapopan,20.702986,-103.45453,-21600,America/Mexico_City,GMT-6,1665.0,19.819999999999997,69.26666666666667,20.2
6,10,9,Estadio Akron,Zapopan,20.702986,-103.45453,-21600,America/Mexico_City,GMT-6,1665.0,22.113333333333337,57.86666666666667,22.34666666666667
6,10,10,Estadio Akron,Zapopan,20.702986,-103.45453,-21600,America/Mexico_City,GMT-6,1665.0,24.566666666666666,45.733333333333334,24.70666666666667
6,10,11,Estadio Akron,Zapopan,20.702986,-103.45453,-21600,America/Mexico_City,GMT-6,1665.0,26.779999999999998,35.93333333333333,26.953333333333337
6,10,12,Estadio Akron,Zapopan,20.702986,-103.45453,-21600,America/Mexico_City,GMT-6,1665.0,28.560000000000002,29.4,28.79333333333334
6,10,13,Estadio Akron,Zapopan,20.702986,-103.45453,-21600,America/Mexico_City,GMT-6,1665.0,29.900000000000002,25.866666666666667,30.06666666666667
6,10,14,Estadio Akron,Zapopan,20.702986,-103.45453,-21600,America/Mexico_City,GMT-6,1665.0,30.98,23.533333333333335,30.78666666666667
6,10,15,Estadio Akron,Zapopan,20.702986,-103.45453,-21600,America/Mexico_City,GMT-6,1665.0,31.139999999999997,23.533333333333335,30.233333333333334
6,10,16,Estadio Akron,Zapopan,20.702986,-103.45453,-21600,America/Mexico_City,GMT-6,1665.0,30.48,25.8,28.64
6,10,17,Estadio Akron,Zapopan,20.702986,-103.45453,-21600,America/Mexico_City,GMT-6,1665.0,28.8,30.666666666666668,26.280000000000005
6,10,18,Estadio Akron,Zapopan,20.702986,-103.45453,-21600,America/Mexico_City,GMT-6,1665.0,27.433333333333334,34.4,24.766666666666666
6,10,19,Estadio Akron,Zapopan,20.702986,-103.45453,-21600,America/Mexico_City,GMT-6,1665.0,25.766666666666662,39.13333333333333,23.366666666666664
6,10,20,Estadio Akron,Zapopan,20.702986,-103.45453,-21600,America/Mexico_City,GMT-6,1665.0,24.12666666666666,46.46666666666667,22.246666666666666
6,10,21,Estadio Akron,Zapopan,20.702986,-103.45453,-21600,America/Mexico_City,GMT-6,1665.0,22.326666666666664,55.53333333333333,21.046666666666667
6,10,22,Estadio Akron,Zapopan,20.702986,-103.45453,-21600,America/Mexico_City,GMT-6,1665.0,20.933333333333334,64.6,20.220000000000002
6,10,23,Estadio Akron,Zapopan,20.702986,-103.45453,-21600,America/Mexico_City,GMT-6,1665.0,19.96666666666666,70.66666666666667,19.779999999999994
6,11,0,Estadio Akron,Zapopan,20.702986,-103.45453,-21600,America/Mexico_City,GMT-6,1665.0,19.326666666666668,77.53333333333333,19.66
6,11,1,Estadio Akron,Zapopan,20.702986,-103.45453,-21600,America/Mexico_City,GMT-6,1665.0,18.58,82.4,19.253333333333334
6,11,2,Estadio Akron,Zapopan,20.702986,-103.45453,-21600,America/Mexico_City,GMT-6,1665.0,18.080000000000002,86.06666666666666,18.959999999999997
6,11,3,Estadio Akron,Zapopan,20.702986,-103.45453,-21600,America/Mexico_City,GMT-6,1665.0,17.686666666666667,88.73333333333333,18.773333333333333
6,11,4,Estadio Akron,Zapopan,20.702986,-103.45453,-21600,America/Mexico_City,GMT-6,1665.0,17.39333333333333,90.26666666666667,18.606666666666666
6,11,5,Estadio Akron,Zapopan,20.702986,-103.45453,-21600,America/Mexico_City,GMT-6,1665.0,17.113333333333333,91.8,18.480000000000004
6,11,6,Estadio Akron,Zapopan,20.702986,-103.45453,-21600,America/Mexico_City,GMT-6,1665.0,17.266666666666662,90.0,18.57333333333333
6,11,7,Estadio Akron,Zapopan,20.702986,-103.45453,-21600,America/Mexico_City,GMT-6,1665.0,18.280000000000005,82.8,19.286666666666665
6,11,8,Estadio Akron,Zapopan,20.702986,-103.45453,-21600,America/Mexico_City,GMT-6,1665.0,20.180000000000003,71.0,20.69333333333333
6,11,9,Estadio Akron,Zapopan,20.702986,-103.45453,-21600,America/Mexico_City,GMT-6,1665.0,22.50666666666667,58.0,22.593333333333337
6,11,10,Estadio Akron,Zapopan,20.702986,-103.45453,-21600,America/Mexico_City,GMT-6,1665.0,24.78666666666667,47.2,24.900000000000002
6,11,11,Estadio Akron,Zapopan,20.702986,-103.45453,-21600,America/Mexico_City,GMT-6,1665.0,26.813333333333336,38.8,27.240000000000002
6,11,12,Estadio Akron,Zapopan,20.702986,-103.45453,-21600,America/Mexico_City,GMT-6,1665.0,28.54666666666667,32.666666666666664,29.34666666666667
6,11,13,Estadio Akron,Zapopan,20.702986,-103.45453,-21600,America/Mexico_City,GMT-6,1665.0,29.920000000000005,28.2,30.599999999999998
6,11,14,Estadio Akron,Zapopan,20.702986,-103.45453,-21600,America/Mexico_City,GMT-6,1665.0,30.919999999999998,24.933333333333334,31.106666666666662
6,11,15,Estadio Akron,Zapopan,20.702986,-103.45453,-21600,America/Mexico_City,GMT-6,1665.0,31.113333333333326,24.4,30.55333333333333
6,11,16,Estadio Akron,Zapopan,20.702986,-103.45453,-21600,America/Mexico_City,GMT-6,1665.0,30.759999999999994,25.266666666666666,29.313333333333333
6,11,17,Estadio Akron,Zapopan,20.702986,-103.45453,-21600,America/Mexico_City,GMT-6,1665.0,29.486666666666665,29.2,27.32
6,11,18,Estadio Akron,Zapopan,20.702986,-103.45453,-21600,America/Mexico_City,GMT-6,1665.0,28.019999999999996,33.46666666666667,25.553333333333335
6,11,19,Estadio Akron,Zapopan,20.702986,-103.45453,-21600,America/Mexico_City,GMT-6,1665.0,25.88,41.06666666666667,23.8
6,11,20,Estadio Akron,Zapopan,20.702986,-103.45453,-21600,America/Mexico_City,GMT-6,1665.0,24.206666666666667,47.8,22.553333333333335
6,11,21,Estadio Akron,Zapopan,20.702986,-103.45453,-21600,America/Mexico_City,GMT-6,1665.0,22.566666666666666,56.53333333333333,21.439999999999998
6,11,22,Estadio Akron,Zapopan,20.702986,-103.45453,-21600,America/Mexico_City,GMT-6,1665.0,21.433333333333334,64.13333333333334,20.733333333333334
6,11,23,Estadio Akron,Zapopan,20.702986,-103.45453,-21600,America/Mexico_City,GMT-6,1665.0,20.233333333333334,71.73333333333333,20.139999999999997
6,12,0,Estadio Akron,Zapopan,20.702986,-103.45453,-21600,America/Mexico_City,GMT-6,1665.0,18.980000000000004,81.33333333333333,19.586666666666666
6,12,1,Estadio Akron,Zapopan,20.702986,-103.45453,-21600,America/Mexico_City,GMT-6,1665.0,18.60666666666667,81.06666666666666,19.326666666666664
6,12,2,Estadio Akron,Zapopan,20.702986,-103.45453,-21600,America/Mexico_City,GMT-6,1665.0,18.04666666666667,83.4,18.853333333333335
6,12,3,Estadio Akron,Zapopan,20.702986,-103.45453,-21600,America/Mexico_City,GMT-6,1665.0,17.64,85.0,18.56666666666667
6,12,4,Estadio Akron,Zapopan,20.702986,-103.45453,-21600,America/Mexico_City,GMT-6,1665.0,17.360000000000003,86.26666666666667,18.34666666666667
6,12,5,Estadio Akron,Zapopan,20.702986,-103.45453,-21600,America/Mexico_City,GMT-6,1665.0,17.06,88.13333333333334,18.086666666666666
6,12,6,Estadio Akron,Zapopan,20.702986,-103.45453,-21600,America/Mexico_City,GMT-6,1665.0,17.146666666666665,87.86666666666666,18.09333333333333
6,12,7,Estadio Akron,Zapopan,20.702986,-103.45453,-21600,America/Mexico_City,GMT-6,1665.0,17.953333333333333,83.46666666666667,18.766666666666666
6,12,8,Estadio Akron,Zapopan,20.702986,-103.45453,-21600,America/Mexico_City,GMT-6,1665.0,19.673333333333332,73.13333333333334,20.173333333333336
6,12,9,Estadio Akron,Zapopan,20.702986,-103.45453,-21600,America/Mexico_City,GMT-6,1665.0,21.839999999999996,61.13333333333333,22.06
6,12,10,Estadio Akron,Zapopan,20.702986,-103.45453,-21600,America/Mexico_City,GMT-6,1665.0,24.033333333333335,50.333333333333336,24.22666666666667
6,12,11,Estadio Akron,Zapopan,20.702986,-103.45453,-21600,America/Mexico_City,GMT-6,1665.0,26.006666666666668,43.06666666666667,26.586666666666666
6,12,12,Estadio Akron,Zapopan,20.702986,-103.45453,-21600,America/Mexico_City,GMT-6,1665.0,27.64666666666667,37.93333333333333,28.56666666666667
6,12,13,Estadio Akron,Zapopan,20.702986,-103.45453,-21600,America/Mexico_City,GMT-6,1665.0,28.966666666666665,33.93333333333333,29.853333333333335
6,12,14,Estadio Akron,Zapopan,20.702986,-103.45453,-21600,America/Mexico_City,GMT-6,1665.0,29.873333333333335,31.066666666666666,30.326666666666664
6,12,15,Estadio Akron,Zapopan,20.702986,-103.45453,-21600,America/Mexico_City,GMT-6,1665.0,30.126666666666665,29.866666666666667,29.926666666666666
6,12,16,Estadio Akron,Zapopan,20.702986,-103.45453,-21600,America/Mexico_City,GMT-6,1665.0,29.006666666666668,34.666666666666664,28.046666666666667
6,12,17,Estadio Akron,Zapopan,20.702986,-103.45453,-21600,America/Mexico_City,GMT-6,1665.0,27.453333333333333,40.333333333333336,25.94
6,12,18,Estadio Akron,Zapopan,20.702986,-103.45453,-21600,America/Mexico_City,GMT-6,1665.0,25.73333333333333,47.333333333333336,24.18
6,12,19,Estadio Akron,Zapopan,20.702986,-103.45453,-21600,America/Mexico_City,GMT-6,1665.0,24.37333333333333,53.13333333333333,23.206666666666667
6,12,20,Estadio Akron,Zapopan,20.702986,-103.45453,-21600,America/Mexico_City,GMT-6,1665.0,22.719999999999995,62.13333333333333,22.14
6,12,21,Estadio Akron,Zapopan,20.702986,-103.45453,-21600,America/Mexico_City,GMT-6,1665.0,21.113333333333333,71.86666666666666,21.08666666666667
6,12,22,Estadio Akron,Zapopan,20.702986,-103.45453,-21600,America/Mexico_City,GMT-6,1665.0,19.92666666666667,79.46666666666667,20.293333333333337
6,12,23,Estadio Akron,Zapopan,20.702986,-103.45453,-21600,America/Mexico_City,GMT-6,1665.0,19.393333333333334,81.06666666666666,19.96
6,13,0,Estadio Akron,Zapopan,20.702986,-103.45453,-21600,America/Mexico_City,GMT-6,1665.0,18.366666666666667,88.13333333333334,19.259999999999998
6,13,1,Estadio Akron,Zapopan,20.702986,-103.45453,-21600,America/Mexico_City,GMT-6,1665.0,17.853333333333335,90.53333333333333,18.96
6,13,2,Estadio Akron,Zapopan,20.702986,-103.45453,-21600,America/Mexico_City,GMT-6,1665.0,17.486666666666665,91.8,18.68
6,13,3,Estadio Akron,Zapopan,20.702986,-103.45453,-21600,America/Mexico_City,GMT-6,1665.0,17.22666666666667,91.26666666666667,18.35333333333333
6,13,4,Estadio Akron,Zapopan,20.702986,-103.45453,-21600,America/Mexico_City,GMT-6,1665.0,16.993333333333336,90.66666666666667,17.973333333333333
6,13,5,Estadio Akron,Zapopan,20.702986,-103.45453,-21600,America/Mexico_City,GMT-6,1665.0,16.84,90.0,17.766666666666666
6,13,6,Estadio Akron,Zapopan,20.702986,-103.45453,-21600,America/Mexico_City,GMT-6,1665.0,16.826666666666664,90.4,17.86
6,13,7,Estadio Akron,Zapopan,20.702986,-103.45453,-21600,America/Mexico_City,GMT-6,1665.0,17.55333333333333,87.0,18.6
6,13,8,Estadio Akron,Zapopan,20.702986,-103.45453,-21600,America/Mexico_City,GMT-6,1665.0,18.913333333333334,80.4,19.806666666666665
6,13,9,Estadio Akron,Zapopan,20.702986,-103.45453,-21600,America/Mexico_City,GMT-6,1665.0,20.880000000000003,70.13333333333334,21.513333333333332
6,13,10,Estadio Akron,Zapopan,20.702986,-103.45453,-21600,America/Mexico_City,GMT-6,1665.0,22.78666666666667,60.666666666666664,23.266666666666666
6,13,11,Estadio Akron,Zapopan,20.702986,-103.45453,-21600,America/Mexico_City,GMT-6,1665.0,24.413333333333338,52.86666666666667,24.926666666666666
6,13,12,Estadio Akron,Zapopan,20.702986,-103.45453,-21600,America/Mexico_City,GMT-6,1665.0,25.686666666666667,48.13333333333333,26.54666666666667
6,13,13,Estadio Akron,Zapopan,20.702986,-103.45453,-21600,America/Mexico_City,GMT-6,1665.0,26.60666666666667,45.666666666666664,27.82
6,13,14,Estadio Akron,Zapopan,20.702986,-103.45453,-21600,America/Mexico_City,GMT-6,1665.0,27.54,42.6,28.793333333333333
6,13,15,Estadio Akron,Zapopan,20.702986,-103.45453,-21600,America/Mexico_City,GMT-6,1665.0,28.339999999999996,39.06666666666667,28.939999999999994
6,13,16,Estadio Akron,Zapopan,20.702986,-103.45453,-21600,America/Mexico_City,GMT-6,1665.0,28.546666666666667,37.4,27.959999999999994
6,13,17,Estadio Akron,Zapopan,20.702986,-103.45453,-21600,America/Mexico_City,GMT-6,1665.0,27.720000000000002,41.733333333333334,26.459999999999994
6,13,18,Estadio Akron,Zapopan,20.702986,-103.45453,-21600,America/Mexico_City,GMT-6,1665.0,26.246666666666666,47.733333333333334,24.886666666666667
6,13,19,Estadio Akron,Zapopan,20.702986,-103.45453,-21600,America/Mexico_City,GMT-6,1665.0,24.206666666666663,56.13333333333333,23.173333333333332
6,13,20,Estadio Akron,Zapopan,20.702986,-103.45453,-21600,America/Mexico_City,GMT-6,1665.0,22.246666666666666,65.66666666666667,21.65333333333333
6,13,21,Estadio Akron,Zapopan,20.702986,-103.45453,-21600,America/Mexico_City,GMT-6,1665.0,20.506666666666668,75.86666666666666,20.35333333333333
6,13,22,Estadio Akron,Zapopan,20.702986,-103.45453,-21600,America/Mexico_City,GMT-6,1665.0,19.533333333333335,82.66666666666667,19.959999999999997
6,13,23,Estadio Akron,Zapopan,20.702986,-103.45453,-21600,America/Mexico_City,GMT-6,1665.0,18.919999999999998,85.66666666666667,19.626666666666665
6,14,0,Estadio Akron,Zapopan,20.702986,-103.45453,-21600,America/Mexico_City,GMT-6,1665.0,18.52,86.93333333333334,19.373333333333335
6,14,1,Estadio Akron,Zapopan,20.702986,-103.45453,-21600,America/Mexico_City,GMT-6,1665.0,17.973333333333336,88.86666666666666,18.986666666666668
6,14,2,Estadio Akron,Zapopan,20.702986,-103.45453,-21600,America/Mexico_City,GMT-6,1665.0,17.573333333333334,90.33333333333333,18.65333333333333
6,14,3,Estadio Akron,Zapopan,20.702986,-103.45453,-21600,America/Mexico_City,GMT-6,1665.0,17.173333333333332,92.13333333333334,18.446666666666665
6,14,4,Estadio Akron,Zapopan,20.702986,-103.45453,-21600,America/Mexico_City,GMT-6,1665.0,16.886666666666667,93.53333333333333,18.24
6,14,5,Estadio Akron,Zapopan,20.702986,-103.45453,-21600,America/Mexico_City,GMT-6,1665.0,16.653333333333332,94.4,17.94
6,14,6,Estadio Akron,Zapopan,20.702986,-103.45453,-21600,America/Mexico_City,GMT-6,1665.0,16.813333333333333,93.13333333333334,17.926666666666666
6,14,7,Estadio Akron,Zapopan,20.702986,-103.45453,-21600,America/Mexico_City,GMT-6,1665.0,17.64666666666666,87.8,18.553333333333335
6,14,8,Estadio Akron,Zapopan,20.702986,-103.45453,-21600,America/Mexico_City,GMT-6,1665.0,19.126666666666665,79.46666666666667,19.74666666666667
6,14,9,Estadio Akron,Zapopan,20.702986,-103.45453,-21600,America/Mexico_City,GMT-6,1665.0,21.033333333333335,68.93333333333334,21.373333333333335
6,14,10,Estadio Akron,Zapopan,20.702986,-103.45453,-21600,America/Mexico_City,GMT-6,1665.0,23.019999999999996,59.06666666666667,23.30666666666667
6,14,11,Estadio Akron,Zapopan,20.702986,-103.45453,-21600,America/Mexico_City,GMT-6,1665.0,24.866666666666667,50.4,25.293333333333333
6,14,12,Estadio Akron,Zapopan,20.702986,-103.45453,-21600,America/Mexico_City,GMT-6,1665.0,26.386666666666667,44.0,27.019999999999996
6,14,13,Estadio Akron,Zapopan,20.702986,-103.45453,-21600,America/Mexico_City,GMT-6,1665.0,27.466666666666665,39.8,28.113333333333333
6,14,14,Estadio Akron,Zapopan,20.702986,-103.45453,-21600,America/Mexico_City,GMT-6,1665.0,28.026666666666664,38.2,28.57333333333333
6,14,15,Estadio Akron,Zapopan,20.702986,-103.45453,-21600,America/Mexico_City,GMT-6,1665.0,28.213333333333335,38.06666666666667,28.46666666666666
6,14,16,Estadio Akron,Zapopan,20.702986,-103.45453,-21600,America/Mexico_City,GMT-6,1665.0,27.713333333333335,40.333333333333336,27.446666666666662
6,14,17,Estadio Akron,Zapopan,20.702986,-103.45453,-21600,America/Mexico_City,GMT-6,1665.0,27.193333333333335,41.13333333333333,26.353333333333335
6,14,18,Estadio Akron,Zapopan,20.702986,-103.45453,-21600,America/Mexico_City,GMT-6,1665.0,25.999999999999996,45.13333333333333,24.913333333333334
6,14,19,Estadio Akron,Zapopan,20.702986,-103.45453,-21600,America/Mexico_City,GMT-6,1665.0,24.346666666666668,52.86666666666667,23.486666666666668
6,14,20,Estadio Akron,Zapopan,20.702986,-103.45453,-21600,America/Mexico_City,GMT-6,1665.0,22.339999999999996,64.86666666666666,22.040000000000006
6,14,21,Estadio Akron,Zapopan,20.702986,-103.45453,-21600,America/Mexico_City,GMT-6,1665.0,20.713333333333335,75.33333333333333,20.90666666666667
6,14,22,Estadio Akron,Zapopan,20.702986,-103.45453,-21600,America/Mexico_City,GMT-6,1665.0,19.8,81.4,20.293333333333337
6,14,23,Estadio Akron,Zapopan,20.702986,-103.45453,-21600,America/Mexico_City,GMT-6,1665.0,19.07333333333333,84.86666666666666,19.826666666666668
6,15,0,Estadio Akron,Zapopan,20.702986,-103.45453,-21600,America/Mexico_City,GMT-6,1665.0,18.506666666666668,86.26666666666667,19.28666666666667
6,15,1,Estadio Akron,Zapopan,20.702986,-103.45453,-21600,America/Mexico_City,GMT-6,1665.0,17.94666666666667,88.8,18.86
6,15,2,Estadio Akron,Zapopan,20.702986,-103.45453,-21600,America/Mexico_City,GMT-6,1665.0,17.620000000000005,90.26666666666667,18.66
6,15,3,Estadio Akron,Zapopan,20.702986,-103.45453,-21600,America/Mexico_City,GMT-6,1665.0,17.433333333333334,90.86666666666666,18.466666666666665
6,15,4,Estadio Akron,Zapopan,20.702986,-103.45453,-21600,America/Mexico_City,GMT-6,1665.0,17.186666666666664,91.86666666666666,18.233333333333334
6,15,5,Estadio Akron,Zapopan,20.702986,-103.45453,-21600,America/Mexico_City,GMT-6,1665.0,17.04,92.06666666666666,18.066666666666666
6,15,6,Estadio Akron,Zapopan,20.702986,-103.45453,-21600,America/Mexico_City,GMT-6,1665.0,17.100000000000005,91.06666666666666,18.040000000000003
6,15,7,Estadio Akron,Zapopan,20.702986,-103.45453,-21600,America/Mexico_City,GMT-6,1665.0,17.673333333333336,87.66666666666667,18.52
6,15,8,Estadio Akron,Zapopan,20.702986,-103.45453,-21600,America/Mexico_City,GMT-6,1665.0,18.72666666666667,81.53333333333333,19.326666666666664
6,15,9,Estadio Akron,Zapopan,20.702986,-103.45453,-21600,America/Mexico_City,GMT-6,1665.0,20.333333333333332,72.4,20.6
6,15,10,Estadio Akron,Zapopan,20.702986,-103.45453,-21600,America/Mexico_City,GMT-6,1665.0,22.08,62.266666666666666,22.113333333333333
6,15,11,Estadio Akron,Zapopan,20.702986,-103.45453,-21600,America/Mexico_City,GMT-6,1665.0,23.953333333333333,53.0,24.066666666666666
6,15,12,Estadio Akron,Zapopan,20.702986,-103.45453,-21600,America/Mexico_City,GMT-6,1665.0,25.58,46.0,26.013333333333332
6,15,13,Estadio Akron,Zapopan,20.702986,-103.45453,-21600,America/Mexico_City,GMT-6,1665.0,26.866666666666667,41.266666666666666,27.54
6,15,14,Estadio Akron,Zapopan,20.702986,-103.45453,-21600,America/Mexico_City,GMT-6,1665.0,27.679999999999996,38.4,28.313333333333333
6,15,15,Estadio Akron,Zapopan,20.702986,-103.45453,-21600,America/Mexico_City,GMT-6,1665.0,28.019999999999996,36.666666666666664,28.179999999999996
6,15,16,Estadio Akron,Zapopan,20.702986,-103.45453,-21600,America/Mexico_City,GMT-6,1665.0,27.9,36.86666666666667,27.43333333333333
6,15,17,Estadio Akron,Zapopan,20.702986,-103.45453,-21600,America/Mexico_City,GMT-6,1665.0,27.54666666666667,36.93333333333333,26.546666666666663
6,15,18,Estadio Akron,Zapopan,20.702986,-103.45453,-21600,America/Mexico_City,GMT-6,1665.0,26.419999999999998,42.0,25.32
6,15,19,Estadio Akron,Zapopan,20.702986,-103.45453,-21600,America/Mexico_City,GMT-6,1665.0,24.653333333333332,49.46666666666667,23.73333333333333
6,15,20,Estadio Akron,Zapopan,20.702986,-103.45453,-21600,America/Mexico_City,GMT-6,1665.0,22.77333333333333,59.0,22.126666666666665
6,15,21,Estadio Akron,Zapopan,20.702986,-103.45453,-21600,America/Mexico_City,GMT-6,1665.0,21.333333333333336,66.66666666666667,20.973333333333336
6,15,22,Estadio Akron,Zapopan,20.702986,-103.45453,-21600,America/Mexico_City,GMT-6,1665.0,20.42,73.73333333333333,20.44666666666667
6,15,23,Estadio Akron,Zapopan,20.702986,-103.45453,-21600,America/Mexico_City,GMT-6,1665.0,19.386666666666667,80.73333333333333,19.773333333333333
6,16,0,Estadio Akron,Zapopan,20.702986,-103.45453,-21600,America/Mexico_City,GMT-6,1665.0,18.746666666666666,84.4,19.34
6,16,1,Estadio Akron,Zapopan,20.702986,-103.45453,-21600,America/Mexico_City,GMT-6,1665.0,18.27333333333333,90.0,19.293333333333333
6,16,2,Estadio Akron,Zapopan,20.702986,-103.45453,-21600,America/Mexico_City,GMT-6,1665.0,17.933333333333334,92.2,19.120000000000005
6,16,3,Estadio Akron,Zapopan,20.702986,-103.45453,-21600,America/Mexico_City,GMT-6,1665.0,17.666666666666668,93.8,18.993333333333332
6,16,4,Estadio Akron,Zapopan,20.702986,-103.45453,-21600,America/Mexico_City,GMT-6,1665.0,17.4,94.6,18.779999999999998
6,16,5,Estadio Akron,Zapopan,20.702986,-103.45453,-21600,America/Mexico_City,GMT-6,1665.0,17.206666666666667,94.6,18.540000000000003
6,16,6,Estadio Akron,Zapopan,20.702986,-103.45453,-21600,America/Mexico_City,GMT-6,1665.0,17.32,92.53333333333333,18.553333333333335
6,16,7,Estadio Akron,Zapopan,20.702986,-103.45453,-21600,America/Mexico_City,GMT-6,1665.0,18.006666666666664,87.46666666666667,19.053333333333335
6,16,8,Estadio Akron,Zapopan,20.702986,-103.45453,-21600,America/Mexico_City,GMT-6,1665.0,19.319999999999997,78.53333333333333,20.026666666666664
6,16,9,Estadio Akron,Zapopan,20.702986,-103.45453,-21600,America/Mexico_City,GMT-6,1665.0,21.106666666666662,67.06666666666666,21.393333333333334
6,16,10,Estadio Akron,Zapopan,20.702986,-103.45453,-21600,America/Mexico_City,GMT-6,1665.0,23.05333333333333,55.86666666666667,23.253333333333334
6,16,11,Estadio Akron,Zapopan,20.702986,-103.45453,-21600,America/Mexico_City,GMT-6,1665.0,24.913333333333334,47.0,25.233333333333334
6,16,12,Estadio Akron,Zapopan,20.702986,-103.45453,-21600,America/Mexico_City,GMT-6,1665.0,26.486666666666665,41.333333333333336,27.073333333333334
6,16,13,Estadio Akron,Zapopan,20.702986,-103.45453,-21600,America/Mexico_City,GMT-6,1665.0,27.719999999999995,37.733333333333334,28.193333333333335
6,16,14,Estadio Akron,Zapopan,20.702986,-103.45453,-21600,America/Mexico_City,GMT-6,1665.0,28.39333333333333,36.06666666666667,28.62
6,16,15,Estadio Akron,Zapopan,20.702986,-103.45453,-21600,America/Mexico_City,GMT-6,1665.0,28.613333333333333,35.266666666666666,28.326666666666664
6,16,16,Estadio Akron,Zapopan,20.702986,-103.45453,-21600,America/Mexico_City,GMT-6,1665.0,28.22666666666667,37.4,27.500000000000004
6,16,17,Estadio Akron,Zapopan,20.702986,-103.45453,-21600,America/Mexico_City,GMT-6,1665.0,27.333333333333332,40.93333333333333,26.260000000000005
6,16,18,Estadio Akron,Zapopan,20.702986,-103.45453,-21600,America/Mexico_City,GMT-6,1665.0,26.259999999999998,44.93333333333333,25.22666666666667
6,16,19,Estadio Akron,Zapopan,20.702986,-103.45453,-21600,America/Mexico_City,GMT-6,1665.0,24.433333333333337,51.93333333333333,23.546666666666667
6,16,20,Estadio Akron,Zapopan,20.702986,-103.45453,-21600,America/Mexico_City,GMT-6,1665.0,22.90666666666667,58.0,22.180000000000003
6,16,21,Estadio Akron,Zapopan,20.702986,-103.45453,-21600,America/Mexico_City,GMT-6,1665.0,21.293333333333337,64.8,20.586666666666666
6,16,22,Estadio Akron,Zapopan,20.702986,-103.45453,-21600,America/Mexico_City,GMT-6,1665.0,20.380000000000003,69.13333333333334,19.87333333333333
6,16,23,Estadio Akron,Zapopan,20.702986,-103.45453,-21600,America/Mexico_City,GMT-6,1665.0,19.486666666666668,76.8,19.513333333333332
6,17,0,Estadio Akron,Zapopan,20.702986,-103.45453,-21600,America/Mexico_City,GMT-6,1665.0,18.706666666666663,78.26666666666667,18.933333333333334
6,17,1,Estadio Akron,Zapopan,20.702986,-103.45453,-21600,America/Mexico_City,GMT-6,1665.0,18.02,81.13333333333334,18.246666666666666
6,17,2,Estadio Akron,Zapopan,20.702986,-103.45453,-21600,America/Mexico_City,GMT-6,1665.0,17.56666666666667,81.93333333333334,17.846666666666668
6,17,3,Estadio Akron,Zapopan,20.702986,-103.45453,-21600,America/Mexico_City,GMT-6,1665.0,17.213333333333335,82.4,17.506666666666664
6,17,4,Estadio Akron,Zapopan,20.702986,-103.45453,-21600,America/Mexico_City,GMT-6,1665.0,16.846666666666668,83.0,17.18
6,17,5,Estadio Akron,Zapopan,20.702986,-103.45453,-21600,America/Mexico_City,GMT-6,1665.0,16.506666666666668,84.4,16.886666666666667
6,17,6,Estadio Akron,Zapopan,20.702986,-103.45453,-21600,America/Mexico_City,GMT-6,1665.0,16.659999999999997,84.33333333333333,17.05333333333333
6,17,7,Estadio Akron,Zapopan,20.702986,-103.45453,-21600,America/Mexico_City,GMT-6,1665.0,17.60666666666667,80.46666666666667,17.906666666666663
6,17,8,Estadio Akron,Zapopan,20.702986,-103.45453,-21600,America/Mexico_City,GMT-6,1665.0,19.233333333333334,72.73333333333333,19.360000000000003
6,17,9,Estadio Akron,Zapopan,20.702986,-103.45453,-21600,America/Mexico_City,GMT-6,1665.0,21.133333333333333,63.86666666666667,21.173333333333336
6,17,10,Estadio Akron,Zapopan,20.702986,-103.45453,-21600,America/Mexico_City,GMT-6,1665.0,23.053333333333335,55.666666666666664,23.313333333333333
6,17,11,Estadio Akron,Zapopan,20.702986,-103.45453,-21600,America/Mexico_City,GMT-6,1665.0,24.913333333333338,48.53333333333333,25.606666666666666
6,17,12,Estadio Akron,Zapopan,20.702986,-103.45453,-21600,America/Mexico_City,GMT-6,1665.0,26.540000000000006,42.46666666666667,27.619999999999997
6,17,13,Estadio Akron,Zapopan,20.702986,-103.45453,-21600,America/Mexico_City,GMT-6,1665.0,27.773333333333333,38.2,28.919999999999998
6,17,14,Estadio Akron,Zapopan,20.702986,-103.45453,-21600,America/Mexico_City,GMT-6,1665.0,28.68,34.93333333333333,29.46666666666666
6,17,15,Estadio Akron,Zapopan,20.702986,-103.45453,-21600,America/Mexico_City,GMT-6,1665.0,28.479999999999997,34.666666666666664,28.459999999999997
6,17,16,Estadio Akron,Zapopan,20.702986,-103.45453,-21600,America/Mexico_City,GMT-6,1665.0,27.96666666666666,35.06666666666667,27.026666666666664
6,17,17,Estadio Akron,Zapopan,20.702986,-103.45453,-21600,America/Mexico_City,GMT-6,1665.0,26.75333333333333,38.2,25.30666666666667
6,17,18,Estadio Akron,Zapopan,20.702986,-103.45453,-21600,America/Mexico_City,GMT-6,1665.0,25.913333333333334,41.266666666666666,24.606666666666666
6,17,19,Estadio Akron,Zapopan,20.702986,-103.45453,-21600,America/Mexico_City,GMT-6,1665.0,24.48,47.06666666666667,23.62
6,17,20,Estadio Akron,Zapopan,20.702986,-103.45453,-21600,America/Mexico_City,GMT-6,1665.0,23.186666666666667,52.8,22.639999999999997
6,17,21,Estadio Akron,Zapopan,20.702986,-103.45453,-21600,America/Mexico_City,GMT-6,1665.0,21.853333333333335,59.333333333333336,21.506666666666664
6,17,22,Estadio Akron,Zapopan,20.702986,-103.45453,-21600,America/Mexico_City,GMT-6,1665.0,20.753333333333334,66.0,20.64666666666666
6,17,23,Estadio Akron,Zapopan,20.702986,-103.45453,-21600,America/Mexico_City,GMT-6,1665.0,19.66,73.06666666666666,19.746666666666663
6,18,0,Estadio Akron,Zapopan,20.702986,-103.45453,-21600,America/Mexico_City,GMT-6,1665.0,18.546666666666667,76.8,18.639999999999997
6,18,1,Estadio Akron,Zapopan,20.702986,-103.45453,-21600,America/Mexico_City,GMT-6,1665.0,18.113333333333337,76.0,18.126666666666665
6,18,2,Estadio Akron,Zapopan,20.702986,-103.45453,-21600,America/Mexico_City,GMT-6,1665.0,17.686666666666667,76.6,17.54
6,18,3,Estadio Akron,Zapopan,20.702986,-103.45453,-21600,America/Mexico_City,GMT-6,1665.0,17.339999999999996,77.86666666666666,17.220000000000002
6,18,4,Estadio Akron,Zapopan,20.702986,-103.45453,-21600,America/Mexico_City,GMT-6,1665.0,16.973333333333333,79.93333333333334,16.966666666666665
6,18,5,Estadio Akron,Zapopan,20.702986,-103.45453,-21600,America/Mexico_City,GMT-6,1665.0,16.519999999999996,82.73333333333333,16.60666666666667
6,18,6,Estadio Akron,Zapopan,20.702986,-103.45453,-21600,America/Mexico_City,GMT-6,1665.0,16.52,83.53333333333333,16.66
6,18,7,Estadio Akron,Zapopan,20.702986,-103.45453,-21600,America/Mexico_City,GMT-6,1665.0,17.386666666666663,80.13333333333334,17.553333333333335
6,18,8,Estadio Akron,Zapopan,20.702986,-103.45453,-21600,America/Mexico_City,GMT-6,1665.0,19.04,73.0,19.1
6,18,9,Estadio Akron,Zapopan,20.702986,-103.45453,-21600,America/Mexico_City,GMT-6,1665.0,20.93333333333333,64.4,20.899999999999995
6,18,10,Estadio Akron,Zapopan,20.702986,-103.45453,-21600,America/Mexico_City,GMT-6,1665.0,22.779999999999998,56.46666666666667,22.860000000000003
6,18,11,Estadio Akron,Zapopan,20.702986,-103.45453,-21600,America/Mexico_City,GMT-6,1665.0,24.54,49.8,25.146666666666665
6,18,12,Estadio Akron,Zapopan,20.702986,-103.45453,-21600,America/Mexico_City,GMT-6,1665.0,26.2,44.2,27.386666666666667
6,18,13,Estadio Akron,Zapopan,20.702986,-103.45453,-21600,America/Mexico_City,GMT-6,1665.0,27.566666666666666,39.86666666666667,28.993333333333332
6,18,14,Estadio Akron,Zapopan,20.702986,-103.45453,-21600,America/Mexico_City,GMT-6,1665.0,28.553333333333335,36.333333333333336,29.706666666666667
6,18,15,Estadio Akron,Zapopan,20.702986,-103.45453,-21600,America/Mexico_City,GMT-6,1665.0,28.793333333333333,34.53333333333333,29.16666666666667
6,18,16,Estadio Akron,Zapopan,20.702986,-103.45453,-21600,America/Mexico_City,GMT-6,1665.0,28.486666666666665,34.13333333333333,27.94666666666667
6,18,17,Estadio Akron,Zapopan,20.702986,-103.45453,-21600,America/Mexico_City,GMT-6,1665.0,27.406666666666663,37.0,26.23333333333333
6,18,18,Estadio Akron,Zapopan,20.702986,-103.45453,-21600,America/Mexico_City,GMT-6,1665.0,26.27333333333333,40.86666666666667,24.966666666666665
6,18,19,Estadio Akron,Zapopan,20.702986,-103.45453,-21600,America/Mexico_City,GMT-6,1665.0,24.553333333333335,48.06666666666667,23.466666666666665
6,18,20,Estadio Akron,Zapopan,20.702986,-103.45453,-21600,America/Mexico_City,GMT-6,1665.0,22.84666666666667,56.4,22.16666666666667
6,18,21,Estadio Akron,Zapopan,20.702986,-103.45453,-21600,America/Mexico_City,GMT-6,1665.0,21.16,65.4,20.733333333333334
6,18,22,Estadio Akron,Zapopan,20.702986,-103.45453,-21600,America/Mexico_City,GMT-6,1665.0,19.906666666666663,73.0,19.759999999999998
6,18,23,Estadio Akron,Zapopan,20.702986,-103.45453,-21600,America/Mexico_City,GMT-6,1665.0,19.173333333333332,75.73333333333333,19.173333333333332
6,19,0,Estadio Akron,Zapopan,20.702986,-103.45453,-21600,America/Mexico_City,GMT-6,1665.0,18.10666666666667,83.6,18.566666666666666
6,19,1,Estadio Akron,Zapopan,20.702986,-103.45453,-21600,America/Mexico_City,GMT-6,1665.0,17.666666666666668,86.46666666666667,18.38
6,19,2,Estadio Akron,Zapopan,20.702986,-103.45453,-21600,America/Mexico_City,GMT-6,1665.0,17.220000000000002,87.13333333333334,17.86
6,19,3,Estadio Akron,Zapopan,20.702986,-103.45453,-21600,America/Mexico_City,GMT-6,1665.0,16.926666666666666,87.2,17.40666666666667
6,19,4,Estadio Akron,Zapopan,20.702986,-103.45453,-21600,America/Mexico_City,GMT-6,1665.0,16.759999999999998,87.2,17.166666666666668
6,19,5,Estadio Akron,Zapopan,20.702986,-103.45453,-21600,America/Mexico_City,GMT-6,1665.0,16.679999999999996,87.4,17.07333333333333
6,19,6,Estadio Akron,Zapopan,20.702986,-103.45453,-21600,America/Mexico_City,GMT-6,1665.0,16.686666666666664,88.06666666666666,17.14666666666666
6,19,7,Estadio Akron,Zapopan,20.702986,-103.45453,-21600,America/Mexico_City,GMT-6,1665.0,17.173333333333332,85.73333333333333,17.626666666666665
6,19,8,Estadio Akron,Zapopan,20.702986,-103.45453,-21600,America/Mexico_City,GMT-6,1665.0,18.300000000000004,80.4,18.719999999999995
6,19,9,Estadio Akron,Zapopan,20.702986,-103.45453,-21600,America/Mexico_City,GMT-6,1665.0,19.906666666666673,72.73333333333333,20.226666666666667
6,19,10,Estadio Akron,Zapopan,20.702986,-103.45453,-21600,America/Mexico_City,GMT-6,1665.0,21.69333333333334,65.66666666666667,22.13333333333333
6,19,11,Estadio Akron,Zapopan,20.702986,-103.45453,-21600,America/Mexico_City,GMT-6,1665.0,23.433333333333337,59.6,24.066666666666666
6,19,12,Estadio Akron,Zapopan,20.702986,-103.45453,-21600,America/Mexico_City,GMT-6,1665.0,24.92,54.266666666666666,25.646666666666665
6,19,13,Estadio Akron,Zapopan,20.702986,-103.45453,-21600,America/Mexico_City,GMT-6,1665.0,25.986666666666665,50.4,26.506666666666668
6,19,14,Estadio Akron,Zapopan,20.702986,-103.45453,-21600,America/Mexico_City,GMT-6,1665.0,26.313333333333333,49.53333333333333,26.44666666666667
6,19,15,Estadio Akron,Zapopan,20.702986,-103.45453,-21600,America/Mexico_City,GMT-6,1665.0,26.4,49.6,25.959999999999997
6,19,16,Estadio Akron,Zapopan,20.702986,-103.45453,-21600,America/Mexico_City,GMT-6,1665.0,26.186666666666667,50.06666666666667,25.13333333333333
6,19,17,Estadio Akron,Zapopan,20.702986,-103.45453,-21600,America/Mexico_City,GMT-6,1665.0,25.853333333333335,50.333333333333336,24.433333333333334
6,19,18,Estadio Akron,Zapopan,20.702986,-103.45453,-21600,America/Mexico_City,GMT-6,1665.0,24.986666666666668,53.13333333333333,23.660000000000004
6,19,19,Estadio Akron,Zapopan,20.702986,-103.45453,-21600,America/Mexico_City,GMT-6,1665.0,23.500000000000004,58.666666666666664,22.460000000000004
6,19,20,Estadio Akron,Zapopan,20.702986,-103.45453,-21600,America/Mexico_City,GMT-6,1665.0,21.893333333333334,65.26666666666667,21.139999999999997
6,19,21,Estadio Akron,Zapopan,20.702986,-103.45453,-21600,America/Mexico_City,GMT-6,1665.0,20.44,70.6,19.866666666666667
6,19,22,Estadio Akron,Zapopan,20.702986,-103.45453,-21600,America/Mexico_City,GMT-6,1665.0,19.406666666666663,75.0,19.073333333333334
6,19,23,Estadio Akron,Zapopan,20.702986,-103.45453,-21600,America/Mexico_City,GMT-6,1665.0,18.68,79.53333333333333,18.740000000000002
6,20,0,Estadio Akron,Zapopan,20.702986,-103.45453,-21600,America/Mexico_City,GMT-6,1665.0,17.92666666666667,83.73333333333333,18.426666666666666
6,20,1,Estadio Akron,Zapopan,20.702986,-103.45453,-21600,America/Mexico_City,GMT-6,1665.0,17.56,84.4,17.966666666666665
6,20,2,Estadio Akron,Zapopan,20.702986,-103.45453,-21600,America/Mexico_City,GMT-6,1665.0,17.19333333333333,86.0,17.606666666666666
6,20,3,Estadio Akron,Zapopan,20.702986,-103.45453,-21600,America/Mexico_City,GMT-6,1665.0,16.88,86.46666666666667,17.293333333333333
6,20,4,Estadio Akron,Zapopan,20.702986,-103.45453,-21600,America/Mexico_City,GMT-6,1665.0,16.619999999999997,86.2,17.026666666666667
6,20,5,Estadio Akron,Zapopan,20.702986,-103.45453,-21600,America/Mexico_City,GMT-6,1665.0,16.473333333333333,85.93333333333334,16.886666666666667
6,20,6,Estadio Akron,Zapopan,20.702986,-103.45453,-21600,America/Mexico_City,GMT-6,1665.0,16.66,85.2,17.046666666666667
6,20,7,Estadio Akron,Zapopan,20.702986,-103.45453,-21600,America/Mexico_City,GMT-6,1665.0,17.219999999999995,84.66666666666667,17.746666666666666
6,20,8,Estadio Akron,Zapopan,20.702986,-103.45453,-21600,America/Mexico_City,GMT-6,1665.0,18.233333333333334,82.33333333333333,18.88
6,20,9,Estadio Akron,Zapopan,20.702986,-103.45453,-21600,America/Mexico_City,GMT-6,1665.0,19.48,78.2,20.279999999999998
6,20,10,Estadio Akron,Zapopan,20.702986,-103.45453,-21600,America/Mexico_City,GMT-6,1665.0,20.96,71.2,21.8
6,20,11,Estadio Akron,Zapopan,20.702986,-103.45453,-21600,America/Mexico_City,GMT-6,1665.0,22.346666666666668,64.4,23.37333333333333
6,20,12,Estadio Akron,Zapopan,20.702986,-103.45453,-21600,America/Mexico_City,GMT-6,1665.0,23.619999999999997,58.6,24.8
6,20,13,Estadio Akron,Zapopan,20.702986,-103.45453,-21600,America/Mexico_City,GMT-6,1665.0,24.453333333333333,55.86666666666667,25.713333333333335
6,20,14,Estadio Akron,Zapopan,20.702986,-103.45453,-21600,America/Mexico_City,GMT-6,1665.0,25.053333333333335,53.4,25.986666666666668
6,20,15,Estadio Akron,Zapopan,20.702986,-103.45453,-21600,America/Mexico_City,GMT-6,1665.0,25.300000000000004,51.666666666666664,25.686666666666667
6,20,16,Estadio Akron,Zapopan,20.702986,-103.45453,-21600,America/Mexico_City,GMT-6,1665.0,25.240000000000002,50.6,24.94666666666667
6,20,17,Estadio Akron,Zapopan,20.702986,-103.45453,-21600,America/Mexico_City,GMT-6,1665.0,24.826666666666668,51.4,24.19333333333334
6,20,18,Estadio Akron,Zapopan,20.702986,-103.45453,-21600,America/Mexico_City,GMT-6,1665.0,23.893333333333334,56.0,23.360000000000003
6,20,19,Estadio Akron,Zapopan,20.702986,-103.45453,-21600,America/Mexico_City,GMT-6,1665.0,22.480000000000004,63.06666666666667,22.253333333333337
6,20,20,Estadio Akron,Zapopan,20.702986,-103.45453,-21600,America/Mexico_City,GMT-6,1665.0,20.980000000000004,70.8,20.94666666666667
6,20,21,Estadio Akron,Zapopan,20.702986,-103.45453,-21600,America/Mexico_City,GMT-6,1665.0,19.793333333333333,76.33333333333333,19.86666666666667
6,20,22,Estadio Akron,Zapopan,20.702986,-103.45453,-21600,America/Mexico_City,GMT-6,1665.0,19.02,80.2,19.30666666666667
6,20,23,Estadio Akron,Zapopan,20.702986,-103.45453,-21600,America/Mexico_City,GMT-6,1665.0,18.446666666666665,81.93333333333334,18.886666666666667
6,21,0,Estadio Akron,Zapopan,20.702986,-103.45453,-21600,America/Mexico_City,GMT-6,1665.0,18.166666666666668,83.93333333333334,18.54
6,21,1,Estadio Akron,Zapopan,20.702986,-103.45453,-21600,America/Mexico_City,GMT-6,1665.0,17.453333333333333,89.53333333333333,18.279999999999998
6,21,2,Estadio Akron,Zapopan,20.702986,-103.45453,-21600,America/Mexico_City,GMT-6,1665.0,17.026666666666667,90.93333333333334,17.853333333333335
6,21,3,Estadio Akron,Zapopan,20.702986,-103.45453,-21600,America/Mexico_City,GMT-6,1665.0,16.753333333333337,90.66666666666667,17.526666666666667
6,21,4,Estadio Akron,Zapopan,20.702986,-103.45453,-21600,America/Mexico_City,GMT-6,1665.0,16.520000000000003,89.8,17.113333333333337
6,21,5,Estadio Akron,Zapopan,20.702986,-103.45453,-21600,America/Mexico_City,GMT-6,1665.0,16.34,89.26666666666667,16.85333333333333
6,21,6,Estadio Akron,Zapopan,20.702986,-103.45453,-21600,America/Mexico_City,GMT-6,1665.0,16.55333333333333,88.0,17.106666666666666
6,21,7,Estadio Akron,Zapopan,20.702986,-103.45453,-21600,America/Mexico_City,GMT-6,1665.0,17.413333333333334,84.46666666666667,18.066666666666666
6,21,8,Estadio Akron,Zapopan,20.702986,-103.45453,-21600,America/Mexico_City,GMT-6,1665.0,18.886666666666667,77.93333333333334,19.486666666666668
6,21,9,Estadio Akron,Zapopan,20.702986,-103.45453,-21600,America/Mexico_City,GMT-6,1665.0,20.613333333333337,69.86666666666666,21.10666666666667
6,21,10,Estadio Akron,Zapopan,20.702986,-103.45453,-21600,America/Mexico_City,GMT-6,1665.0,22.313333333333336,62.2,22.713333333333335
6,21,11,Estadio Akron,Zapopan,20.702986,-103.45453,-21600,America/Mexico_City,GMT-6,1665.0,23.886666666666663,55.46666666666667,24.293333333333337
6,21,12,Estadio Akron,Zapopan,20.702986,-103.45453,-21600,America/Mexico_City,GMT-6,1665.0,25.24,49.93333333333333,25.686666666666667
6,21,13,Estadio Akron,Zapopan,20.702986,-103.45453,-21600,America/Mexico_City,GMT-6,1665.0,26.39333333333333,45.733333333333334,26.946666666666662
6,21,14,Estadio Akron,Zapopan,20.702986,-103.45453,-21600,America/Mexico_City,GMT-6,1665.0,27.086666666666662,44.06666666666667,27.733333333333334
6,21,15,Estadio Akron,Zapopan,20.702986,-103.45453,-21600,America/Mexico_City,GMT-6,1665.0,27.466666666666665,43.86666666666667,27.813333333333333
6,21,16,Estadio Akron,Zapopan,20.702986,-103.45453,-21600,America/Mexico_City,GMT-6,1665.0,26.85333333333333,46.666666666666664,26.68
6,21,17,Estadio Akron,Zapopan,20.702986,-103.45453,-21600,America/Mexico_City,GMT-6,1665.0,25.939999999999998,49.93333333333333,25.366666666666664
6,21,18,Estadio Akron,Zapopan,20.702986,-103.45453,-21600,America/Mexico_City,GMT-6,1665.0,24.6,55.46666666666667,24.213333333333328
6,21,19,Estadio Akron,Zapopan,20.702986,-103.45453,-21600,America/Mexico_City,GMT-6,1665.0,23.23333333333333,60.733333333333334,23.066666666666666
6,21,20,Estadio Akron,Zapopan,20.702986,-103.45453,-21600,America/Mexico_City,GMT-6,1665.0,21.88,65.93333333333334,21.78666666666667
6,21,21,Estadio Akron,Zapopan,20.702986,-103.45453,-21600,America/Mexico_City,GMT-6,1665.0,20.65333333333333,70.06666666666666,20.540000000000003
6,21,22,Estadio Akron,Zapopan,20.702986,-103.45453,-21600,America/Mexico_City,GMT-6,1665.0,19.866666666666667,72.66666666666667,19.666666666666668
6,21,23,Estadio Akron,Zapopan,20.702986,-103.45453,-21600,America/Mexico_City,GMT-6,1665.0,19.0,78.26666666666667,19.160000000000004
6,22,0,Estadio Akron,Zapopan,20.702986,-103.45453,-21600,America/Mexico_City,GMT-6,1665.0,18.053333333333335,83.33333333333333,18.540000000000003
6,22,1,Estadio Akron,Zapopan,20.702986,-103.45453,-21600,America/Mexico_City,GMT-6,1665.0,17.82,81.4,18.10666666666667
6,22,2,Estadio Akron,Zapopan,20.702986,-103.45453,-21600,America/Mexico_City,GMT-6,1665.0,17.4,83.2,17.68
6,22,3,Estadio Akron,Zapopan,20.702986,-103.45453,-21600,America/Mexico_City,GMT-6,1665.0,17.146666666666665,83.86666666666666,17.34
6,22,4,Estadio Akron,Zapopan,20.702986,-103.45453,-21600,America/Mexico_City,GMT-6,1665.0,16.919999999999998,84.73333333333333,17.10666666666667
6,22,5,Estadio Akron,Zapopan,20.702986,-103.45453,-21600,America/Mexico_City,GMT-6,1665.0,16.860000000000003,84.66666666666667,17.08
6,22,6,Estadio Akron,Zapopan,20.702986,-103.45453,-21600,America/Mexico_City,GMT-6,1665.0,17.026666666666667,84.06666666666666,17.293333333333333
6,22,7,Estadio Akron,Zapopan,20.702986,-103.45453,-21600,America/Mexico_City,GMT-6,1665.0,17.77333333333333,81.0,18.033333333333335
6,22,8,Estadio Akron,Zapopan,20.702986,-103.45453,-21600,America/Mexico_City,GMT-6,1665.0,18.92,76.46666666666667,19.146666666666665
6,22,9,Estadio Akron,Zapopan,20.702986,-103.45453,-21600,America/Mexico_City,GMT-6,1665.0,20.62,69.0,20.759999999999998
6,22,10,Estadio Akron,Zapopan,20.702986,-103.45453,-21600,America/Mexico_City,GMT-6,1665.0,22.439999999999998,61.0,22.57333333333333
6,22,11,Estadio Akron,Zapopan,20.702986,-103.45453,-21600,America/Mexico_City,GMT-6,1665.0,24.133333333333333,54.0,24.439999999999994
6,22,12,Estadio Akron,Zapopan,20.702986,-103.45453,-21600,America/Mexico_City,GMT-6,1665.0,25.36,50.06666666666667,26.006666666666664
6,22,13,Estadio Akron,Zapopan,20.702986,-103.45453,-21600,America/Mexico_City,GMT-6,1665.0,26.099999999999998,48.266666666666666,26.95333333333333
6,22,14,Estadio Akron,Zapopan,20.702986,-103.45453,-21600,America/Mexico_City,GMT-6,1665.0,26.033333333333335,49.2,26.660000000000004
6,22,15,Estadio Akron,Zapopan,20.702986,-103.45453,-21600,America/Mexico_City,GMT-6,1665.0,25.83333333333333,49.8,25.95333333333333
6,22,16,Estadio Akron,Zapopan,20.702986,-103.45453,-21600,America/Mexico_City,GMT-6,1665.0,25.27333333333333,51.86666666666667,25.013333333333332
6,22,17,Estadio Akron,Zapopan,20.702986,-103.45453,-21600,America/Mexico_City,GMT-6,1665.0,24.566666666666663,55.266666666666666,24.30666666666667
6,22,18,Estadio Akron,Zapopan,20.702986,-103.45453,-21600,America/Mexico_City,GMT-6,1665.0,23.619999999999997,60.2,23.680000000000003
6,22,19,Estadio Akron,Zapopan,20.702986,-103.45453,-21600,America/Mexico_City,GMT-6,1665.0,22.306666666666665,66.93333333333334,22.593333333333337
6,22,20,Estadio Akron,Zapopan,20.702986,-103.45453,-21600,America/Mexico_City,GMT-6,1665.0,21.153333333333332,73.0,21.606666666666666
6,22,21,Estadio Akron,Zapopan,20.702986,-103.45453,-21600,America/Mexico_City,GMT-6,1665.0,19.826666666666664,79.53333333333333,20.279999999999998
6,22,22,Estadio Akron,Zapopan,20.702986,-103.45453,-21600,America/Mexico_City,GMT-6,1665.0,18.853333333333335,84.66666666666667,19.473333333333333
6,22,23,Estadio Akron,Zapopan,20.702986,-103.45453,-21600,America/Mexico_City,GMT-6,1665.0,18.419999999999998,84.06666666666666,18.933333333333334
6,23,0,Estadio Akron,Zapopan,20.702986,-103.45453,-21600,America/Mexico_City,GMT-6,1665.0,17.613333333333337,91.73333333333333,18.720000000000002
6,23,1,Estadio Akron,Zapopan,20.702986,-103.45453,-21600,America/Mexico_City,GMT-6,1665.0,17.333333333333332,92.6,18.473333333333333
6,23,2,Estadio Akron,Zapopan,20.702986,-103.45453,-21600,America/Mexico_City,GMT-6,1665.0,17.040000000000003,93.86666666666666,18.220000000000002
6,23,3,Estadio Akron,Zapopan,20.702986,-103.45453,-21600,America/Mexico_City,GMT-6,1665.0,16.86666666666667,94.13333333333334,18.060000000000002
6,23,4,Estadio Akron,Zapopan,20.702986,-103.45453,-21600,America/Mexico_City,GMT-6,1665.0,16.686666666666667,94.2,17.860000000000003
6,23,5,Estadio Akron,Zapopan,20.702986,-103.45453,-21600,America/Mexico_City,GMT-6,1665.0,16.586666666666666,93.93333333333334,17.706666666666667
6,23,6,Estadio Akron,Zapopan,20.702986,-103.45453,-21600,America/Mexico_City,GMT-6,1665.0,16.7,93.2,17.766666666666666
6,23,7,Estadio Akron,Zapopan,20.702986,-103.45453,-21600,America/Mexico_City,GMT-6,1665.0,17.279999999999998,89.93333333333334,18.24
6,23,8,Estadio Akron,Zapopan,20.702986,-103.45453,-21600,America/Mexico_City,GMT-6,1665.0,18.393333333333334,84.13333333333334,19.28666666666667
6,23,9,Estadio Akron,Zapopan,20.702986,-103.45453,-21600,America/Mexico_City,GMT-6,1665.0,19.853333333333335,76.06666666666666,20.526666666666664
6,23,10,Estadio Akron,Zapopan,20.702986,-103.45453,-21600,America/Mexico_City,GMT-6,1665.0,21.37333333333333,68.26666666666667,22.033333333333335
6,23,11,Estadio Akron,Zapopan,20.702986,-103.45453,-21600,America/Mexico_City,GMT-6,1665.0,22.82666666666666,62.13333333333333,23.666666666666668
6,23,12,Estadio Akron,Zapopan,20.702986,-103.45453,-21600,America/Mexico_City,GMT-6,1665.0,24.113333333333333,57.733333333333334,25.306666666666665
6,23,13,Estadio Akron,Zapopan,20.702986,-103.45453,-21600,America/Mexico_City,GMT-6,1665.0,24.94,55.2,26.126666666666665
6,23,14,Estadio Akron,Zapopan,20.702986,-103.45453,-21600,America/Mexico_City,GMT-6,1665.0,25.42,53.333333333333336,26.213333333333328
6,23,15,Estadio Akron,Zapopan,20.702986,-103.45453,-21600,America/Mexico_City,GMT-6,1665.0,25.42,53.266666666666666,25.566666666666666
6,23,16,Estadio Akron,Zapopan,20.702986,-103.45453,-21600,America/Mexico_City,GMT-6,1665.0,24.853333333333335,56.4,24.686666666666667
6,23,17,Estadio Akron,Zapopan,20.702986,-103.45453,-21600,America/Mexico_City,GMT-6,1665.0,23.873333333333335,60.6,23.506666666666668
6,23,18,Estadio Akron,Zapopan,20.702986,-103.45453,-21600,America/Mexico_City,GMT-6,1665.0,22.733333333333338,65.66666666666667,22.586666666666666
6,23,19,Estadio Akron,Zapopan,20.702986,-103.45453,-21600,America/Mexico_City,GMT-6,1665.0,21.706666666666667,69.53333333333333,21.673333333333336
6,23,20,Estadio Akron,Zapopan,20.702986,-103.45453,-21600,America/Mexico_City,GMT-6,1665.0,20.553333333333335,75.93333333333334,20.966666666666665
6,23,21,Estadio Akron,Zapopan,20.702986,-103.45453,-21600,America/Mexico_City,GMT-6,1665.0,19.459999999999997,82.4,20.166666666666664
6,23,22,Estadio Akron,Zapopan,20.702986,-103.45453,-21600,America/Mexico_City,GMT-6,1665.0,18.586666666666666,88.06666666666666,19.60666666666667
6,23,23,Estadio Akron,Zapopan,20.702986,-103.45453,-21600,America/Mexico_City,GMT-6,1665.0,18.066666666666666,90.26666666666667,19.133333333333333
6,24,0,Estadio Akron,Zapopan,20.702986,-103.45453,-21600,America/Mexico_City,GMT-6,1665.0,17.220000000000002,94.0,18.473333333333336
6,24,1,Estadio Akron,Zapopan,20.702986,-103.45453,-21600,America/Mexico_City,GMT-6,1665.0,17.113333333333333,94.93333333333334,18.413333333333334
6,24,2,Estadio Akron,Zapopan,20.702986,-103.45453,-21600,America/Mexico_City,GMT-6,1665.0,16.919999999999998,95.06666666666666,18.113333333333337
6,24,3,Estadio Akron,Zapopan,20.702986,-103.45453,-21600,America/Mexico_City,GMT-6,1665.0,16.913333333333334,94.13333333333334,17.993333333333332
6,24,4,Estadio Akron,Zapopan,20.702986,-103.45453,-21600,America/Mexico_City,GMT-6,1665.0,16.84,93.73333333333333,17.89333333333333
6,24,5,Estadio Akron,Zapopan,20.702986,-103.45453,-21600,America/Mexico_City,GMT-6,1665.0,16.80666666666667,93.6,17.853333333333335
6,24,6,Estadio Akron,Zapopan,20.702986,-103.45453,-21600,America/Mexico_City,GMT-6,1665.0,16.826666666666668,93.86666666666666,17.94666666666667
6,24,7,Estadio Akron,Zapopan,20.702986,-103.45453,-21600,America/Mexico_City,GMT-6,1665.0,17.279999999999998,91.4,18.38666666666667
6,24,8,Estadio Akron,Zapopan,20.702986,-103.45453,-21600,America/Mexico_City,GMT-6,1665.0,18.2,85.93333333333334,19.16
6,24,9,Estadio Akron,Zapopan,20.702986,-103.45453,-21600,America/Mexico_City,GMT-6,1665.0,19.633333333333333,77.06666666666666,20.259999999999998
6,24,10,Estadio Akron,Zapopan,20.702986,-103.45453,-21600,America/Mexico_City,GMT-6,1665.0,21.15333333333333,68.8,21.633333333333333
6,24,11,Estadio Akron,Zapopan,20.702986,-103.45453,-21600,America/Mexico_City,GMT-6,1665.0,22.406666666666663,62.666666666666664,22.920000000000005
6,24,12,Estadio Akron,Zapopan,20.702986,-103.45453,-21600,America/Mexico_City,GMT-6,1665.0,23.09333333333333,60.266666666666666,23.813333333333336
6,24,13,Estadio Akron,Zapopan,20.702986,-103.45453,-21600,America/Mexico_City,GMT-6,1665.0,23.513333333333332,59.333333333333336,24.180000000000007
6,24,14,Estadio Akron,Zapopan,20.702986,-103.45453,-21600,America/Mexico_City,GMT-6,1665.0,23.713333333333328,59.266666666666666,24.173333333333336
6,24,15,Estadio Akron,Zapopan,20.702986,-103.45453,-21600,America/Mexico_City,GMT-6,1665.0,23.88,59.13333333333333,24.120000000000005
6,24,16,Estadio Akron,Zapopan,20.702986,-103.45453,-21600,America/Mexico_City,GMT-6,1665.0,23.83333333333333,59.333333333333336,23.779999999999998
6,24,17,Estadio Akron,Zapopan,20.702986,-103.45453,-21600,America/Mexico_City,GMT-6,1665.0,23.413333333333334,60.86666666666667,23.220000000000002
6,24,18,Estadio Akron,Zapopan,20.702986,-103.45453,-21600,America/Mexico_City,GMT-6,1665.0,22.55333333333333,64.13333333333334,22.28666666666667
6,24,19,Estadio Akron,Zapopan,20.702986,-103.45453,-21600,America/Mexico_City,GMT-6,1665.0,21.35333333333333,69.66666666666667,21.31333333333333
6,24,20,Estadio Akron,Zapopan,20.702986,-103.45453,-21600,America/Mexico_City,GMT-6,1665.0,19.986666666666665,75.86666666666666,20.16
6,24,21,Estadio Akron,Zapopan,20.702986,-103.45453,-21600,America/Mexico_City,GMT-6,1665.0,18.76666666666667,82.86666666666666,19.24
6,24,22,Estadio Akron,Zapopan,20.702986,-103.45453,-21600,America/Mexico_City,GMT-6,1665.0,17.8,88.26666666666667,18.533333333333328
6,24,23,Estadio Akron,Zapopan,20.702986,-103.45453,-21600,America/Mexico_City,GMT-6,1665.0,17.44,92.2,18.533333333333335
6,25,0,Estadio Akron,Zapopan,20.702986,-103.45453,-21600,America/Mexico_City,GMT-6,1665.0,16.999999999999996,90.86666666666666,17.953333333333333
6,25,1,Estadio Akron,Zapopan,20.702986,-103.45453,-21600,America/Mexico_City,GMT-6,1665.0,16.753333333333334,92.6,17.820000000000004
6,25,2,Estadio Akron,Zapopan,20.702986,-103.45453,-21600,America/Mexico_City,GMT-6,1665.0,16.43333333333333,93.86666666666666,17.45333333333333
6,25,3,Estadio Akron,Zapopan,20.702986,-103.45453,-21600,America/Mexico_City,GMT-6,1665.0,16.080000000000002,95.6,17.066666666666666
6,25,4,Estadio Akron,Zapopan,20.702986,-103.45453,-21600,America/Mexico_City,GMT-6,1665.0,15.733333333333336,96.73333333333333,16.68
6,25,5,Estadio Akron,Zapopan,20.702986,-103.45453,-21600,America/Mexico_City,GMT-6,1665.0,15.566666666666668,96.6,16.533333333333335
6,25,6,Estadio Akron,Zapopan,20.702986,-103.45453,-21600,America/Mexico_City,GMT-6,1665.0,15.706666666666669,95.53333333333333,16.593333333333334
6,25,7,Estadio Akron,Zapopan,20.702986,-103.45453,-21600,America/Mexico_City,GMT-6,1665.0,16.36,91.93333333333334,17.12
6,25,8,Estadio Akron,Zapopan,20.702986,-103.45453,-21600,America/Mexico_City,GMT-6,1665.0,17.426666666666666,86.13333333333334,17.913333333333338
6,25,9,Estadio Akron,Zapopan,20.702986,-103.45453,-21600,America/Mexico_City,GMT-6,1665.0,18.759999999999998,78.13333333333334,18.986666666666668
6,25,10,Estadio Akron,Zapopan,20.702986,-103.45453,-21600,America/Mexico_City,GMT-6,1665.0,20.066666666666663,71.53333333333333,20.293333333333337
6,25,11,Estadio Akron,Zapopan,20.702986,-103.45453,-21600,America/Mexico_City,GMT-6,1665.0,21.346666666666668,65.8,21.779999999999998
6,25,12,Estadio Akron,Zapopan,20.702986,-103.45453,-21600,America/Mexico_City,GMT-6,1665.0,22.540000000000003,61.06666666666667,23.339999999999996
6,25,13,Estadio Akron,Zapopan,20.702986,-103.45453,-21600,America/Mexico_City,GMT-6,1665.0,23.64,56.733333333333334,24.540000000000003
6,25,14,Estadio Akron,Zapopan,20.702986,-103.45453,-21600,America/Mexico_City,GMT-6,1665.0,24.279999999999998,54.06666666666667,25.093333333333337
6,25,15,Estadio Akron,Zapopan,20.702986,-103.45453,-21600,America/Mexico_City,GMT-6,1665.0,24.566666666666663,52.53333333333333,24.893333333333334
6,25,16,Estadio Akron,Zapopan,20.702986,-103.45453,-21600,America/Mexico_City,GMT-6,1665.0,24.1,54.266666666666666,24.066666666666666
6,25,17,Estadio Akron,Zapopan,20.702986,-103.45453,-21600,America/Mexico_City,GMT-6,1665.0,23.4,56.86666666666667,23.000000000000007
6,25,18,Estadio Akron,Zapopan,20.702986,-103.45453,-21600,America/Mexico_City,GMT-6,1665.0,22.560000000000002,60.93333333333333,22.233333333333338
6,25,19,Estadio Akron,Zapopan,20.702986,-103.45453,-21600,America/Mexico_City,GMT-6,1665.0,21.566666666666663,65.26666666666667,21.286666666666672
6,25,20,Estadio Akron,Zapopan,20.702986,-103.45453,-21600,America/Mexico_City,GMT-6,1665.0,20.439999999999998,70.66666666666667,20.42
6,25,21,Estadio Akron,Zapopan,20.702986,-103.45453,-21600,America/Mexico_City,GMT-6,1665.0,18.98,78.26666666666667,19.126666666666665
6,25,22,Estadio Akron,Zapopan,20.702986,-103.45453,-21600,America/Mexico_City,GMT-6,1665.0,17.973333333333336,83.86666666666666,18.386666666666663
6,25,23,Estadio Akron,Zapopan,20.702986,-103.45453,-21600,America/Mexico_City,GMT-6,1665.0,17.3,88.93333333333334,18.0
6,26,0,Estadio Akron,Zapopan,20.702986,-103.45453,-21600,America/Mexico_City,GMT-6,1665.0,16.433333333333334,91.06666666666666,16.98
6,26,1,Estadio Akron,Zapopan,20.702986,-103.45453,-21600,America/Mexico_City,GMT-6,1665.0,16.273333333333333,90.26666666666667,16.926666666666666
6,26,2,Estadio Akron,Zapopan,20.702986,-103.45453,-21600,America/Mexico_City,GMT-6,1665.0,16.0,91.26666666666667,16.68
6,26,3,Estadio Akron,Zapopan,20.702986,-103.45453,-21600,America/Mexico_City,GMT-6,1665.0,15.833333333333334,92.93333333333334,16.613333333333333
6,26,4,Estadio Akron,Zapopan,20.702986,-103.45453,-21600,America/Mexico_City,GMT-6,1665.0,15.640000000000002,94.8,16.53333333333333
6,26,5,Estadio Akron,Zapopan,20.702986,-103.45453,-21600,America/Mexico_City,GMT-6,1665.0,15.42,96.33333333333333,16.386666666666667
6,26,6,Estadio Akron,Zapopan,20.702986,-103.45453,-21600,America/Mexico_City,GMT-6,1665.0,15.593333333333334,95.46666666666667,16.546666666666667
6,26,7,Estadio Akron,Zapopan,20.702986,-103.45453,-21600,America/Mexico_City,GMT-6,1665.0,16.333333333333332,91.66666666666667,17.133333333333333
6,26,8,Estadio Akron,Zapopan,20.702986,-103.45453,-21600,America/Mexico_City,GMT-6,1665.0,17.586666666666666,85.0,18.19333333333333
6,26,9,Estadio Akron,Zapopan,20.702986,-103.45453,-21600,America/Mexico_City,GMT-6,1665.0,19.006666666666664,77.0,19.42
6,26,10,Estadio Akron,Zapopan,20.702986,-103.45453,-21600,America/Mexico_City,GMT-6,1665.0,20.506666666666664,68.66666666666667,20.913333333333334
6,26,11,Estadio Akron,Zapopan,20.702986,-103.45453,-21600,America/Mexico_City,GMT-6,1665.0,22.05333333333333,61.0,22.746666666666666
6,26,12,Estadio Akron,Zapopan,20.702986,-103.45453,-21600,America/Mexico_City,GMT-6,1665.0,23.413333333333334,54.733333333333334,24.419999999999995
6,26,13,Estadio Akron,Zapopan,20.702986,-103.45453,-21600,America/Mexico_City,GMT-6,1665.0,24.326666666666664,51.46666666666667,25.41333333333333
6,26,14,Estadio Akron,Zapopan,20.702986,-103.45453,-21600,America/Mexico_City,GMT-6,1665.0,24.820000000000004,49.93333333333333,25.64
6,26,15,Estadio Akron,Zapopan,20.702986,-103.45453,-21600,America/Mexico_City,GMT-6,1665.0,24.846666666666668,50.06666666666667,25.1
6,26,16,Estadio Akron,Zapopan,20.702986,-103.45453,-21600,America/Mexico_City,GMT-6,1665.0,24.11333333333333,53.333333333333336,23.786666666666665
6,26,17,Estadio Akron,Zapopan,20.702986,-103.45453,-21600,America/Mexico_City,GMT-6,1665.0,23.02666666666666,58.4,22.366666666666664
6,26,18,Estadio Akron,Zapopan,20.702986,-103.45453,-21600,America/Mexico_City,GMT-6,1665.0,21.919999999999998,63.53333333333333,21.293333333333333
6,26,19,Estadio Akron,Zapopan,20.702986,-103.45453,-21600,America/Mexico_City,GMT-6,1665.0,20.946666666666665,67.33333333333333,20.58
6,26,20,Estadio Akron,Zapopan,20.702986,-103.45453,-21600,America/Mexico_City,GMT-6,1665.0,19.853333333333335,72.13333333333334,19.69333333333333
6,26,21,Estadio Akron,Zapopan,20.702986,-103.45453,-21600,America/Mexico_City,GMT-6,1665.0,18.54666666666667,79.66666666666667,18.6
6,26,22,Estadio Akron,Zapopan,20.702986,-103.45453,-21600,America/Mexico_City,GMT-6,1665.0,17.453333333333333,86.93333333333334,17.686666666666667
6,26,23,Estadio Akron,Zapopan,20.702986,-103.45453,-21600,America/Mexico_City,GMT-6,1665.0,16.833333333333332,90.4,17.266666666666662
6,27,0,Estadio Akron,Zapopan,20.702986,-103.45453,-21600,America/Mexico_City,GMT-6,1665.0,16.686666666666667,93.6,17.446666666666665
6,27,1,Estadio Akron,Zapopan,20.702986,-103.45453,-21600,America/Mexico_City,GMT-6,1665.0,16.06,95.86666666666666,16.92
6,27,2,Estadio Akron,Zapopan,20.702986,-103.45453,-21600,America/Mexico_City,GMT-6,1665.0,15.886666666666667,95.93333333333334,16.753333333333334
6,27,3,Estadio Akron,Zapopan,20.702986,-103.45453,-21600,America/Mexico_City,GMT-6,1665.0,15.806666666666668,95.8,16.673333333333336
6,27,4,Estadio Akron,Zapopan,20.702986,-103.45453,-21600,America/Mexico_City,GMT-6,1665.0,15.713333333333335,95.33333333333333,16.46
6,27,5,Estadio Akron,Zapopan,20.702986,-103.45453,-21600,America/Mexico_City,GMT-6,1665.0,15.546666666666665,95.2,16.246666666666666
6,27,6,Estadio Akron,Zapopan,20.702986,-103.45453,-21600,America/Mexico_City,GMT-6,1665.0,15.506666666666668,95.53333333333333,16.12666666666667
6,27,7,Estadio Akron,Zapopan,20.702986,-103.45453,-21600,America/Mexico_City,GMT-6,1665.0,15.98666666666667,93.46666666666667,16.553333333333335
6,27,8,Estadio Akron,Zapopan,20.702986,-103.45453,-21600,America/Mexico_City,GMT-6,1665.0,17.053333333333335,88.26666666666667,17.4
6,27,9,Estadio Akron,Zapopan,20.702986,-103.45453,-21600,America/Mexico_City,GMT-6,1665.0,18.493333333333336,80.0,18.566666666666663
6,27,10,Estadio Akron,Zapopan,20.702986,-103.45453,-21600,America/Mexico_City,GMT-6,1665.0,20.04666666666667,72.0,20.139999999999997
6,27,11,Estadio Akron,Zapopan,20.702986,-103.45453,-21600,America/Mexico_City,GMT-6,1665.0,21.59333333333334,65.06666666666666,22.186666666666664
6,27,12,Estadio Akron,Zapopan,20.702986,-103.45453,-21600,America/Mexico_City,GMT-6,1665.0,22.913333333333338,60.06666666666667,24.15333333333333
6,27,13,Estadio Akron,Zapopan,20.702986,-103.45453,-21600,America/Mexico_City,GMT-6,1665.0,24.006666666666668,56.0,25.633333333333333
6,27,14,Estadio Akron,Zapopan,20.702986,-103.45453,-21600,America/Mexico_City,GMT-6,1665.0,24.673333333333332,53.53333333333333,26.240000000000002
6,27,15,Estadio Akron,Zapopan,20.702986,-103.45453,-21600,America/Mexico_City,GMT-6,1665.0,24.813333333333333,53.0,26.019999999999996
6,27,16,Estadio Akron,Zapopan,20.702986,-103.45453,-21600,America/Mexico_City,GMT-6,1665.0,24.12,56.666666666666664,24.79333333333333
6,27,17,Estadio Akron,Zapopan,20.702986,-103.45453,-21600,America/Mexico_City,GMT-6,1665.0,23.160000000000004,60.4,23.313333333333333
6,27,18,Estadio Akron,Zapopan,20.702986,-103.45453,-21600,America/Mexico_City,GMT-6,1665.0,22.160000000000004,64.73333333333333,22.013333333333332
6,27,19,Estadio Akron,Zapopan,20.702986,-103.45453,-21600,America/Mexico_City,GMT-6,1665.0,21.046666666666663,68.86666666666666,20.759999999999998
6,27,20,Estadio Akron,Zapopan,20.702986,-103.45453,-21600,America/Mexico_City,GMT-6,1665.0,19.853333333333335,75.2,19.68
6,27,21,Estadio Akron,Zapopan,20.702986,-103.45453,-21600,America/Mexico_City,GMT-6,1665.0,18.666666666666668,81.8,18.713333333333335
6,27,22,Estadio Akron,Zapopan,20.702986,-103.45453,-21600,America/Mexico_City,GMT-6,1665.0,18.066666666666666,86.33333333333333,18.453333333333333
6,27,23,Estadio Akron,Zapopan,20.702986,-103.45453,-21600,America/Mexico_City,GMT-6,1665.0,17.279999999999998,90.93333333333334,17.893333333333334
6,28,0,Estadio Akron,Zapopan,20.702986,-103.45453,-21600,America/Mexico_City,GMT-6,1665.0,17.040000000000003,92.8,18.113333333333333
6,28,1,Estadio Akron,Zapopan,20.702986,-103.45453,-21600,America/Mexico_City,GMT-6,1665.0,16.759999999999998,94.86666666666666,17.826666666666664
6,28,2,Estadio Akron,Zapopan,20.702986,-103.45453,-21600,America/Mexico_City,GMT-6,1665.0,16.453333333333333,96.53333333333333,17.439999999999998
6,28,3,Estadio Akron,Zapopan,20.702986,-103.45453,-21600,America/Mexico_City,GMT-6,1665.0,16.266666666666666,97.2,17.299999999999997
6,28,4,Estadio Akron,Zapopan,20.702986,-103.45453,-21600,America/Mexico_City,GMT-6,1665.0,16.066666666666666,97.93333333333334,17.10666666666667
6,28,5,Estadio Akron,Zapopan,20.702986,-103.45453,-21600,America/Mexico_City,GMT-6,1665.0,15.926666666666668,98.06666666666666,16.993333333333332
6,28,6,Estadio Akron,Zapopan,20.702986,-103.45453,-21600,America/Mexico_City,GMT-6,1665.0,15.866666666666667,98.13333333333334,16.979999999999997
6,28,7,Estadio Akron,Zapopan,20.702986,-103.45453,-21600,America/Mexico_City,GMT-6,1665.0,16.153333333333332,96.53333333333333,17.253333333333334
6,28,8,Estadio Akron,Zapopan,20.702986,-103.45453,-21600,America/Mexico_City,GMT-6,1665.0,16.866666666666664,93.13333333333334,17.933333333333334
6,28,9,Estadio Akron,Zapopan,20.702986,-103.45453,-21600,America/Mexico_City,GMT-6,1665.0,18.026666666666664,87.06666666666666,18.94
6,28,10,Estadio Akron,Zapopan,20.702986,-103.45453,-21600,America/Mexico_City,GMT-6,1665.0,19.279999999999998,80.4,20.273333333333333
6,28,11,Estadio Akron,Zapopan,20.702986,-103.45453,-21600,America/Mexico_City,GMT-6,1665.0,20.69333333333333,73.0,21.94
6,28,12,Estadio Akron,Zapopan,20.702986,-103.45453,-21600,America/Mexico_City,GMT-6,1665.0,22.206666666666667,65.8,24.07333333333333
6,28,13,Estadio Akron,Zapopan,20.702986,-103.45453,-21600,America/Mexico_City,GMT-6,1665.0,23.64,59.4,25.886666666666663
6,28,14,Estadio Akron,Zapopan,20.702986,-103.45453,-21600,America/Mexico_City,GMT-6,1665.0,24.69333333333333,55.0,26.979999999999997
6,28,15,Estadio Akron,Zapopan,20.702986,-103.45453,-21600,America/Mexico_City,GMT-6,1665.0,25.080000000000002,52.8,26.75333333333333
6,28,16,Estadio Akron,Zapopan,20.702986,-103.45453,-21600,America/Mexico_City,GMT-6,1665.0,24.613333333333333,54.46666666666667,25.48
6,28,17,Estadio Akron,Zapopan,20.702986,-103.45453,-21600,America/Mexico_City,GMT-6,1665.0,23.52,58.53333333333333,23.826666666666664
6,28,18,Estadio Akron,Zapopan,20.702986,-103.45453,-21600,America/Mexico_City,GMT-6,1665.0,22.373333333333335,63.13333333333333,22.540000000000006
6,28,19,Estadio Akron,Zapopan,20.702986,-103.45453,-21600,America/Mexico_City,GMT-6,1665.0,21.026666666666667,69.33333333333333,21.353333333333335
6,28,20,Estadio Akron,Zapopan,20.702986,-103.45453,-21600,America/Mexico_City,GMT-6,1665.0,19.793333333333333,75.73333333333333,20.346666666666668
6,28,21,Estadio Akron,Zapopan,20.702986,-103.45453,-21600,America/Mexico_City,GMT-6,1665.0,18.57333333333333,82.46666666666667,19.32
6,28,22,Estadio Akron,Zapopan,20.702986,-103.45453,-21600,America/Mexico_City,GMT-6,1665.0,17.89333333333333,86.46666666666667,18.839999999999996
6,28,23,Estadio Akron,Zapopan,20.702986,-103.45453,-21600,America/Mexico_City,GMT-6,1665.0,17.486666666666668,89.4,18.56
6,10,0,Arrowhead Stadium,Kansas City,39.050964,-94.44443,-18000,America/Chicago,GMT-5,259.0,20.0,76.26666666666667,20.91333333333333
6,10,1,Arrowhead Stadium,Kansas City,39.050964,-94.44443,-18000,America/Chicago,GMT-5,259.0,19.360000000000003,74.6,19.939999999999998
6,10,2,Arrowhead Stadium,Kansas City,39.050964,-94.44443,-18000,America/Chicago,GMT-5,259.0,19.00666666666667,74.13333333333334,19.326666666666664
6,10,3,Arrowhead Stadium,Kansas City,39.050964,-94.44443,-18000,America/Chicago,GMT-5,259.0,18.633333333333333,74.93333333333334,18.84666666666667
6,10,4,Arrowhead Stadium,Kansas City,39.050964,-94.44443,-18000,America/Chicago,GMT-5,259.0,18.280000000000005,76.53333333333333,18.486666666666668
6,10,5,Arrowhead Stadium,Kansas City,39.050964,-94.44443,-18000,America/Chicago,GMT-5,259.0,17.900000000000002,78.8,18.246666666666666
6,10,6,Arrowhead Stadium,Kansas City,39.050964,-94.44443,-18000,America/Chicago,GMT-5,259.0,17.92,80.6,18.446666666666665
6,10,7,Arrowhead Stadium,Kansas City,39.050964,-94.44443,-18000,America/Chicago,GMT-5,259.0,18.500000000000004,81.53333333333333,19.413333333333334
6,10,8,Arrowhead Stadium,Kansas City,39.050964,-94.44443,-18000,America/Chicago,GMT-5,259.0,19.9,79.4,21.253333333333334
6,10,9,Arrowhead Stadium,Kansas City,39.050964,-94.44443,-18000,America/Chicago,GMT-5,259.0,21.646666666666665,74.33333333333333,23.339999999999996
6,10,10,Arrowhead Stadium,Kansas City,39.050964,-94.44443,-18000,America/Chicago,GMT-5,259.0,23.359999999999996,67.66666666666667,25.326666666666664
6,10,11,Arrowhead Stadium,Kansas City,39.050964,-94.44443,-18000,America/Chicago,GMT-5,259.0,24.826666666666668,61.333333333333336,27.006666666666668
6,10,12,Arrowhead Stadium,Kansas City,39.050964,-94.44443,-18000,America/Chicago,GMT-5,259.0,25.986666666666665,56.53333333333333,28.573333333333338
6,10,13,Arrowhead Stadium,Kansas City,39.050964,-94.44443,-18000,America/Chicago,GMT-5,259.0,26.96,52.8,29.82
6,10,14,Arrowhead Stadium,Kansas City,39.050964,-94.44443,-18000,America/Chicago,GMT-5,259.0,27.22666666666667,52.666666666666664,30.100000000000005
6,10,15,Arrowhead Stadium,Kansas City,39.050964,-94.44443,-18000,America/Chicago,GMT-5,259.0,27.313333333333336,53.06666666666667,29.913333333333334
6,10,16,Arrowhead Stadium,Kansas City,39.050964,-94.44443,-18000,America/Chicago,GMT-5,259.0,27.18,54.06666666666667,29.353333333333335
6,10,17,Arrowhead Stadium,Kansas City,39.050964,-94.44443,-18000,America/Chicago,GMT-5,259.0,27.41333333333333,52.733333333333334,29.240000000000002
6,10,18,Arrowhead Stadium,Kansas City,39.050964,-94.44443,-18000,America/Chicago,GMT-5,259.0,26.98,54.6,28.726666666666667
6,10,19,Arrowhead Stadium,Kansas City,39.050964,-94.44443,-18000,America/Chicago,GMT-5,259.0,26.053333333333335,60.06666666666667,27.96666666666666
6,10,20,Arrowhead Stadium,Kansas City,39.050964,-94.44443,-18000,America/Chicago,GMT-5,259.0,24.433333333333334,67.0,26.319999999999997
6,10,21,Arrowhead Stadium,Kansas City,39.050964,-94.44443,-18000,America/Chicago,GMT-5,259.0,23.006666666666664,72.66666666666667,24.740000000000002
6,10,22,Arrowhead Stadium,Kansas City,39.050964,-94.44443,-18000,America/Chicago,GMT-5,259.0,21.793333333333333,75.73333333333333,23.19333333333333
6,10,23,Arrowhead Stadium,Kansas City,39.050964,-94.44443,-18000,America/Chicago,GMT-5,259.0,20.779999999999998,76.93333333333334,22.006666666666664
6,11,0,Arrowhead Stadium,Kansas City,39.050964,-94.44443,-18000,America/Chicago,GMT-5,259.0,20.993333333333332,79.26666666666667,22.366666666666667
6,11,1,Arrowhead Stadium,Kansas City,39.050964,-94.44443,-18000,America/Chicago,GMT-5,259.0,20.106666666666666,80.0,21.040000000000006
6,11,2,Arrowhead Stadium,Kansas City,39.050964,-94.44443,-18000,America/Chicago,GMT-5,259.0,19.686666666666667,81.06666666666666,20.48666666666667
6,11,3,Arrowhead Stadium,Kansas City,39.050964,-94.44443,-18000,America/Chicago,GMT-5,259.0,19.333333333333332,82.33333333333333,20.093333333333337
6,11,4,Arrowhead Stadium,Kansas City,39.050964,-94.44443,-18000,America/Chicago,GMT-5,259.0,19.04666666666667,83.53333333333333,19.793333333333337
6,11,5,Arrowhead Stadium,Kansas City,39.050964,-94.44443,-18000,America/Chicago,GMT-5,259.0,18.74,84.93333333333334,19.48
6,11,6,Arrowhead Stadium,Kansas City,39.050964,-94.44443,-18000,America/Chicago,GMT-5,259.0,19.026666666666664,85.13333333333334,19.893333333333334
6,11,7,Arrowhead Stadium,Kansas City,39.050964,-94.44443,-18000,America/Chicago,GMT-5,259.0,19.919999999999998,84.13333333333334,21.133333333333333
6,11,8,Arrowhead Stadium,Kansas City,39.050964,-94.44443,-18000,America/Chicago,GMT-5,259.0,21.59333333333333,80.86666666666666,23.30666666666667
6,11,9,Arrowhead Stadium,Kansas City,39.050964,-94.44443,-18000,America/Chicago,GMT-5,259.0,23.4,76.13333333333334,25.56
6,11,10,Arrowhead Stadium,Kansas City,39.050964,-94.44443,-18000,America/Chicago,GMT-5,259.0,25.206666666666667,69.06666666666666,27.66
6,11,11,Arrowhead Stadium,Kansas City,39.050964,-94.44443,-18000,America/Chicago,GMT-5,259.0,26.66666666666667,62.93333333333333,29.4
6,11,12,Arrowhead Stadium,Kansas City,39.050964,-94.44443,-18000,America/Chicago,GMT-5,259.0,27.753333333333334,57.93333333333333,30.673333333333336
6,11,13,Arrowhead Stadium,Kansas City,39.050964,-94.44443,-18000,America/Chicago,GMT-5,259.0,28.480000000000004,54.666666666666664,31.32
6,11,14,Arrowhead Stadium,Kansas City,39.050964,-94.44443,-18000,America/Chicago,GMT-5,259.0,29.019999999999996,51.666666666666664,31.506666666666668
6,11,15,Arrowhead Stadium,Kansas City,39.050964,-94.44443,-18000,America/Chicago,GMT-5,259.0,29.459999999999997,49.13333333333333,31.413333333333338
6,11,16,Arrowhead Stadium,Kansas City,39.050964,-94.44443,-18000,America/Chicago,GMT-5,259.0,29.579999999999995,48.333333333333336,30.98
6,11,17,Arrowhead Stadium,Kansas City,39.050964,-94.44443,-18000,America/Chicago,GMT-5,259.0,29.453333333333333,48.733333333333334,30.580000000000002
6,11,18,Arrowhead Stadium,Kansas City,39.050964,-94.44443,-18000,America/Chicago,GMT-5,259.0,28.459999999999997,53.666666666666664,29.766666666666666
6,11,19,Arrowhead Stadium,Kansas City,39.050964,-94.44443,-18000,America/Chicago,GMT-5,259.0,27.100000000000005,60.666666666666664,28.873333333333335
6,11,20,Arrowhead Stadium,Kansas City,39.050964,-94.44443,-18000,America/Chicago,GMT-5,259.0,25.44,68.8,27.546666666666667
6,11,21,Arrowhead Stadium,Kansas City,39.050964,-94.44443,-18000,America/Chicago,GMT-5,259.0,24.3,73.13333333333334,26.39333333333333
6,11,22,Arrowhead Stadium,Kansas City,39.050964,-94.44443,-18000,America/Chicago,GMT-5,259.0,23.28666666666667,76.33333333333333,25.36
6,11,23,Arrowhead Stadium,Kansas City,39.050964,-94.44443,-18000,America/Chicago,GMT-5,259.0,22.126666666666665,77.73333333333333,23.853333333333335
6,12,0,Arrowhead Stadium,Kansas City,39.050964,-94.44443,-18000,America/Chicago,GMT-5,259.0,21.513333333333335,79.73333333333333,23.066666666666663
6,12,1,Arrowhead Stadium,Kansas City,39.050964,-94.44443,-18000,America/Chicago,GMT-5,259.0,20.733333333333334,84.06666666666666,22.313333333333333
6,12,2,Arrowhead Stadium,Kansas City,39.050964,-94.44443,-18000,America/Chicago,GMT-5,259.0,20.48,84.0,21.959999999999997
6,12,3,Arrowhead Stadium,Kansas City,39.050964,-94.44443,-18000,America/Chicago,GMT-5,259.0,20.24,84.86666666666666,21.74
6,12,4,Arrowhead Stadium,Kansas City,39.050964,-94.44443,-18000,America/Chicago,GMT-5,259.0,20.233333333333334,85.6,21.946666666666665
6,12,5,Arrowhead Stadium,Kansas City,39.050964,-94.44443,-18000,America/Chicago,GMT-5,259.0,19.946666666666665,87.26666666666667,21.833333333333332
6,12,6,Arrowhead Stadium,Kansas City,39.050964,-94.44443,-18000,America/Chicago,GMT-5,259.0,20.186666666666664,87.46666666666667,22.326666666666664
6,12,7,Arrowhead Stadium,Kansas City,39.050964,-94.44443,-18000,America/Chicago,GMT-5,259.0,20.586666666666666,86.26666666666667,22.819999999999997
6,12,8,Arrowhead Stadium,Kansas City,39.050964,-94.44443,-18000,America/Chicago,GMT-5,259.0,21.453333333333333,82.33333333333333,23.726666666666667
6,12,9,Arrowhead Stadium,Kansas City,39.050964,-94.44443,-18000,America/Chicago,GMT-5,259.0,22.226666666666674,77.46666666666667,24.39333333333333
6,12,10,Arrowhead Stadium,Kansas City,39.050964,-94.44443,-18000,America/Chicago,GMT-5,259.0,23.21333333333333,72.46666666666667,25.273333333333333
6,12,11,Arrowhead Stadium,Kansas City,39.050964,-94.44443,-18000,America/Chicago,GMT-5,259.0,24.386666666666667,67.46666666666667,26.486666666666668
6,12,12,Arrowhead Stadium,Kansas City,39.050964,-94.44443,-18000,America/Chicago,GMT-5,259.0,25.639999999999993,62.13333333333333,27.766666666666666
6,12,13,Arrowhead Stadium,Kansas City,39.050964,-94.44443,-18000,America/Chicago,GMT-5,259.0,26.613333333333333,57.46666666666667,28.740000000000006
6,12,14,Arrowhead Stadium,Kansas City,39.050964,-94.44443,-18000,America/Chicago,GMT-5,259.0,27.233333333333334,54.4,29.19333333333334
6,12,15,Arrowhead Stadium,Kansas City,39.050964,-94.44443,-18000,America/Chicago,GMT-5,259.0,27.666666666666668,52.4,29.35333333333334
6,12,16,Arrowhead Stadium,Kansas City,39.050964,-94.44443,-18000,America/Chicago,GMT-5,259.0,28.100000000000005,50.46666666666667,29.440000000000005
6,12,17,Arrowhead Stadium,Kansas City,39.050964,-94.44443,-18000,America/Chicago,GMT-5,259.0,28.300000000000004,49.46666666666667,29.22666666666667
6,12,18,Arrowhead Stadium,Kansas City,39.050964,-94.44443,-18000,America/Chicago,GMT-5,259.0,28.05333333333334,50.8,28.906666666666663
6,12,19,Arrowhead Stadium,Kansas City,39.050964,-94.44443,-18000,America/Chicago,GMT-5,259.0,27.08666666666667,55.6,28.279999999999998
6,12,20,Arrowhead Stadium,Kansas City,39.050964,-94.44443,-18000,America/Chicago,GMT-5,259.0,25.820000000000004,61.46666666666667,27.5
6,12,21,Arrowhead Stadium,Kansas City,39.050964,-94.44443,-18000,America/Chicago,GMT-5,259.0,24.433333333333334,66.93333333333334,26.259999999999994
6,12,22,Arrowhead Stadium,Kansas City,39.050964,-94.44443,-18000,America/Chicago,GMT-5,259.0,23.393333333333334,69.86666666666666,24.999999999999996
6,12,23,Arrowhead Stadium,Kansas City,39.050964,-94.44443,-18000,America/Chicago,GMT-5,259.0,22.34,75.4,23.886666666666663
6,13,0,Arrowhead Stadium,Kansas City,39.050964,-94.44443,-18000,America/Chicago,GMT-5,259.0,22.186666666666667,74.73333333333333,23.540000000000003
6,13,1,Arrowhead Stadium,Kansas City,39.050964,-94.44443,-18000,America/Chicago,GMT-5,259.0,21.499999999999996,75.73333333333333,22.74666666666667
6,13,2,Arrowhead Stadium,Kansas City,39.050964,-94.44443,-18000,America/Chicago,GMT-5,259.0,21.066666666666666,77.33333333333333,22.333333333333336
6,13,3,Arrowhead Stadium,Kansas City,39.050964,-94.44443,-18000,America/Chicago,GMT-5,259.0,20.68,78.86666666666666,21.946666666666665
6,13,4,Arrowhead Stadium,Kansas City,39.050964,-94.44443,-18000,America/Chicago,GMT-5,259.0,20.266666666666666,80.8,21.586666666666666
6,13,5,Arrowhead Stadium,Kansas City,39.050964,-94.44443,-18000,America/Chicago,GMT-5,259.0,19.96,82.0,21.160000000000004
6,13,6,Arrowhead Stadium,Kansas City,39.050964,-94.44443,-18000,America/Chicago,GMT-5,259.0,20.086666666666666,81.0,21.12
6,13,7,Arrowhead Stadium,Kansas City,39.050964,-94.44443,-18000,America/Chicago,GMT-5,259.0,20.966666666666672,77.73333333333333,21.893333333333334
6,13,8,Arrowhead Stadium,Kansas City,39.050964,-94.44443,-18000,America/Chicago,GMT-5,259.0,22.546666666666667,72.13333333333334,23.566666666666666
6,13,9,Arrowhead Stadium,Kansas City,39.050964,-94.44443,-18000,America/Chicago,GMT-5,259.0,24.333333333333336,66.0,25.446666666666665
6,13,10,Arrowhead Stadium,Kansas City,39.050964,-94.44443,-18000,America/Chicago,GMT-5,259.0,25.973333333333336,59.666666666666664,27.206666666666667
6,13,11,Arrowhead Stadium,Kansas City,39.050964,-94.44443,-18000,America/Chicago,GMT-5,259.0,27.346666666666668,54.53333333333333,28.806666666666665
6,13,12,Arrowhead Stadium,Kansas City,39.050964,-94.44443,-18000,America/Chicago,GMT-5,259.0,28.486666666666665,51.0,30.300000000000004
6,13,13,Arrowhead Stadium,Kansas City,39.050964,-94.44443,-18000,America/Chicago,GMT-5,259.0,29.399999999999995,48.4,31.386666666666667
6,13,14,Arrowhead Stadium,Kansas City,39.050964,-94.44443,-18000,America/Chicago,GMT-5,259.0,30.15333333333333,46.2,32.1
6,13,15,Arrowhead Stadium,Kansas City,39.050964,-94.44443,-18000,America/Chicago,GMT-5,259.0,30.69333333333333,44.4,32.34
6,13,16,Arrowhead Stadium,Kansas City,39.050964,-94.44443,-18000,America/Chicago,GMT-5,259.0,30.939999999999998,43.46666666666667,32.18666666666667
6,13,17,Arrowhead Stadium,Kansas City,39.050964,-94.44443,-18000,America/Chicago,GMT-5,259.0,30.81333333333333,43.733333333333334,31.62666666666667
6,13,18,Arrowhead Stadium,Kansas City,39.050964,-94.44443,-18000,America/Chicago,GMT-5,259.0,30.09999999999999,46.733333333333334,30.953333333333337
6,13,19,Arrowhead Stadium,Kansas City,39.050964,-94.44443,-18000,America/Chicago,GMT-5,259.0,28.586666666666662,55.733333333333334,30.180000000000003
6,13,20,Arrowhead Stadium,Kansas City,39.050964,-94.44443,-18000,America/Chicago,GMT-5,259.0,27.14,62.13333333333333,29.22000000000001
6,13,21,Arrowhead Stadium,Kansas City,39.050964,-94.44443,-18000,America/Chicago,GMT-5,259.0,25.413333333333334,68.2,27.340000000000007
6,13,22,Arrowhead Stadium,Kansas City,39.050964,-94.44443,-18000,America/Chicago,GMT-5,259.0,24.346666666666668,69.4,25.800000000000004
6,13,23,Arrowhead Stadium,Kansas City,39.050964,-94.44443,-18000,America/Chicago,GMT-5,259.0,22.953333333333333,72.86666666666666,24.173333333333336
6,14,0,Arrowhead Stadium,Kansas City,39.050964,-94.44443,-18000,America/Chicago,GMT-5,259.0,22.793333333333337,74.93333333333334,24.093333333333337
6,14,1,Arrowhead Stadium,Kansas City,39.050964,-94.44443,-18000,America/Chicago,GMT-5,259.0,21.779999999999998,78.06666666666666,22.920000000000005
6,14,2,Arrowhead Stadium,Kansas City,39.050964,-94.44443,-18000,America/Chicago,GMT-5,259.0,21.30666666666667,78.73333333333333,22.42666666666667
6,14,3,Arrowhead Stadium,Kansas City,39.050964,-94.44443,-18000,America/Chicago,GMT-5,259.0,20.860000000000003,79.6,21.90666666666667
6,14,4,Arrowhead Stadium,Kansas City,39.050964,-94.44443,-18000,America/Chicago,GMT-5,259.0,20.46,80.13333333333334,21.493333333333336
6,14,5,Arrowhead Stadium,Kansas City,39.050964,-94.44443,-18000,America/Chicago,GMT-5,259.0,20.1,81.26666666666667,21.119999999999997
6,14,6,Arrowhead Stadium,Kansas City,39.050964,-94.44443,-18000,America/Chicago,GMT-5,259.0,20.246666666666666,81.6,21.38
6,14,7,Arrowhead Stadium,Kansas City,39.050964,-94.44443,-18000,America/Chicago,GMT-5,259.0,21.133333333333333,80.8,22.606666666666666
6,14,8,Arrowhead Stadium,Kansas City,39.050964,-94.44443,-18000,America/Chicago,GMT-5,259.0,22.786666666666665,77.46666666666667,24.673333333333332
6,14,9,Arrowhead Stadium,Kansas City,39.050964,-94.44443,-18000,America/Chicago,GMT-5,259.0,24.74,71.53333333333333,26.86
6,14,10,Arrowhead Stadium,Kansas City,39.050964,-94.44443,-18000,America/Chicago,GMT-5,259.0,26.599999999999998,63.266666666666666,28.88
6,14,11,Arrowhead Stadium,Kansas City,39.050964,-94.44443,-18000,America/Chicago,GMT-5,259.0,28.219999999999995,54.93333333333333,30.686666666666664
6,14,12,Arrowhead Stadium,Kansas City,39.050964,-94.44443,-18000,America/Chicago,GMT-5,259.0,29.493333333333332,48.46666666666667,32.26
6,14,13,Arrowhead Stadium,Kansas City,39.050964,-94.44443,-18000,America/Chicago,GMT-5,259.0,30.499999999999996,44.46666666666667,33.39333333333333
6,14,14,Arrowhead Stadium,Kansas City,39.050964,-94.44443,-18000,America/Chicago,GMT-5,259.0,31.19333333333333,42.13333333333333,33.96
6,14,15,Arrowhead Stadium,Kansas City,39.050964,-94.44443,-18000,America/Chicago,GMT-5,259.0,31.620000000000005,40.8,34.02
6,14,16,Arrowhead Stadium,Kansas City,39.050964,-94.44443,-18000,America/Chicago,GMT-5,259.0,31.713333333333335,40.333333333333336,33.53333333333334
6,14,17,Arrowhead Stadium,Kansas City,39.050964,-94.44443,-18000,America/Chicago,GMT-5,259.0,31.540000000000006,40.733333333333334,32.78
6,14,18,Arrowhead Stadium,Kansas City,39.050964,-94.44443,-18000,America/Chicago,GMT-5,259.0,30.92,43.2,32.00666666666667
6,14,19,Arrowhead Stadium,Kansas City,39.050964,-94.44443,-18000,America/Chicago,GMT-5,259.0,29.740000000000002,49.06666666666667,31.18
6,14,20,Arrowhead Stadium,Kansas City,39.050964,-94.44443,-18000,America/Chicago,GMT-5,259.0,28.08,56.8,29.94
6,14,21,Arrowhead Stadium,Kansas City,39.050964,-94.44443,-18000,America/Chicago,GMT-5,259.0,26.446666666666665,63.4,28.42
6,14,22,Arrowhead Stadium,Kansas City,39.050964,-94.44443,-18000,America/Chicago,GMT-5,259.0,25.193333333333335,67.4,26.94
6,14,23,Arrowhead Stadium,Kansas City,39.050964,-94.44443,-18000,America/Chicago,GMT-5,259.0,23.89333333333333,71.46666666666667,25.36
6,15,0,Arrowhead Stadium,Kansas City,39.050964,-94.44443,-18000,America/Chicago,GMT-5,259.0,23.693333333333335,70.53333333333333,24.966666666666665
6,15,1,Arrowhead Stadium,Kansas City,39.050964,-94.44443,-18000,America/Chicago,GMT-5,259.0,23.30666666666667,70.26666666666667,24.313333333333333
6,15,2,Arrowhead Stadium,Kansas City,39.050964,-94.44443,-18000,America/Chicago,GMT-5,259.0,22.839999999999996,70.26666666666667,23.613333333333333
6,15,3,Arrowhead Stadium,Kansas City,39.050964,-94.44443,-18000,America/Chicago,GMT-5,259.0,22.42,70.8,23.04666666666667
6,15,4,Arrowhead Stadium,Kansas City,39.050964,-94.44443,-18000,America/Chicago,GMT-5,259.0,22.013333333333332,71.93333333333334,22.69333333333333
6,15,5,Arrowhead Stadium,Kansas City,39.050964,-94.44443,-18000,America/Chicago,GMT-5,259.0,21.65333333333333,73.33333333333333,22.439999999999998
6,15,6,Arrowhead Stadium,Kansas City,39.050964,-94.44443,-18000,America/Chicago,GMT-5,259.0,21.64666666666667,74.66666666666667,22.573333333333334
6,15,7,Arrowhead Stadium,Kansas City,39.050964,-94.44443,-18000,America/Chicago,GMT-5,259.0,22.08,75.6,23.233333333333334
6,15,8,Arrowhead Stadium,Kansas City,39.050964,-94.44443,-18000,America/Chicago,GMT-5,259.0,23.033333333333335,74.46666666666667,24.38
6,15,9,Arrowhead Stadium,Kansas City,39.050964,-94.44443,-18000,America/Chicago,GMT-5,259.0,24.306666666666672,71.4,25.939999999999994
6,15,10,Arrowhead Stadium,Kansas City,39.050964,-94.44443,-18000,America/Chicago,GMT-5,259.0,25.833333333333332,65.33333333333333,27.62666666666666
6,15,11,Arrowhead Stadium,Kansas City,39.050964,-94.44443,-18000,America/Chicago,GMT-5,259.0,27.219999999999995,59.6,29.266666666666662
6,15,12,Arrowhead Stadium,Kansas City,39.050964,-94.44443,-18000,America/Chicago,GMT-5,259.0,28.499999999999996,54.4,30.906666666666663
6,15,13,Arrowhead Stadium,Kansas City,39.050964,-94.44443,-18000,America/Chicago,GMT-5,259.0,29.55333333333333,51.2,32.35333333333333
6,15,14,Arrowhead Stadium,Kansas City,39.050964,-94.44443,-18000,America/Chicago,GMT-5,259.0,30.439999999999998,49.13333333333333,33.50666666666667
6,15,15,Arrowhead Stadium,Kansas City,39.050964,-94.44443,-18000,America/Chicago,GMT-5,259.0,30.919999999999998,48.06666666666667,33.806666666666665
6,15,16,Arrowhead Stadium,Kansas City,39.050964,-94.44443,-18000,America/Chicago,GMT-5,259.0,30.793333333333337,49.266666666666666,33.37333333333333
6,15,17,Arrowhead Stadium,Kansas City,39.050964,-94.44443,-18000,America/Chicago,GMT-5,259.0,30.259999999999998,51.4,32.40666666666666
6,15,18,Arrowhead Stadium,Kansas City,39.050964,-94.44443,-18000,America/Chicago,GMT-5,259.0,29.453333333333333,54.53333333333333,31.459999999999997
6,15,19,Arrowhead Stadium,Kansas City,39.050964,-94.44443,-18000,America/Chicago,GMT-5,259.0,28.34666666666666,58.86666666666667,30.259999999999998
6,15,20,Arrowhead Stadium,Kansas City,39.050964,-94.44443,-18000,America/Chicago,GMT-5,259.0,26.959999999999994,63.06666666666667,28.75333333333333
6,15,21,Arrowhead Stadium,Kansas City,39.050964,-94.44443,-18000,America/Chicago,GMT-5,259.0,25.526666666666664,66.86666666666666,27.07999999999999
6,15,22,Arrowhead Stadium,Kansas City,39.050964,-94.44443,-18000,America/Chicago,GMT-5,259.0,24.540000000000003,68.8,25.926666666666662
6,15,23,Arrowhead Stadium,Kansas City,39.050964,-94.44443,-18000,America/Chicago,GMT-5,259.0,24.060000000000002,70.0,25.41333333333333
6,16,0,Arrowhead Stadium,Kansas City,39.050964,-94.44443,-18000,America/Chicago,GMT-5,259.0,23.740000000000002,74.46666666666667,25.69333333333334
6,16,1,Arrowhead Stadium,Kansas City,39.050964,-94.44443,-18000,America/Chicago,GMT-5,259.0,22.88,76.53333333333333,24.800000000000004
6,16,2,Arrowhead Stadium,Kansas City,39.050964,-94.44443,-18000,America/Chicago,GMT-5,259.0,22.473333333333336,77.53333333333333,24.426666666666666
6,16,3,Arrowhead Stadium,Kansas City,39.050964,-94.44443,-18000,America/Chicago,GMT-5,259.0,22.013333333333332,79.66666666666667,23.926666666666666
6,16,4,Arrowhead Stadium,Kansas City,39.050964,-94.44443,-18000,America/Chicago,GMT-5,259.0,21.626666666666665,81.06666666666666,23.446666666666662
6,16,5,Arrowhead Stadium,Kansas City,39.050964,-94.44443,-18000,America/Chicago,GMT-5,259.0,21.413333333333338,81.33333333333333,23.09333333333333
6,16,6,Arrowhead Stadium,Kansas City,39.050964,-94.44443,-18000,America/Chicago,GMT-5,259.0,21.733333333333334,80.4,23.446666666666662
6,16,7,Arrowhead Stadium,Kansas City,39.050964,-94.44443,-18000,America/Chicago,GMT-5,259.0,22.52,79.53333333333333,24.586666666666666
6,16,8,Arrowhead Stadium,Kansas City,39.050964,-94.44443,-18000,America/Chicago,GMT-5,259.0,23.913333333333334,76.73333333333333,26.28666666666667
6,16,9,Arrowhead Stadium,Kansas City,39.050964,-94.44443,-18000,America/Chicago,GMT-5,259.0,25.57333333333333,71.06666666666666,28.14
6,16,10,Arrowhead Stadium,Kansas City,39.050964,-94.44443,-18000,America/Chicago,GMT-5,259.0,27.266666666666666,63.733333333333334,29.873333333333335
6,16,11,Arrowhead Stadium,Kansas City,39.050964,-94.44443,-18000,America/Chicago,GMT-5,259.0,28.746666666666666,57.733333333333334,31.653333333333332
6,16,12,Arrowhead Stadium,Kansas City,39.050964,-94.44443,-18000,America/Chicago,GMT-5,259.0,30.053333333333338,52.733333333333334,33.38666666666667
6,16,13,Arrowhead Stadium,Kansas City,39.050964,-94.44443,-18000,America/Chicago,GMT-5,259.0,31.16666666666667,48.8,34.806666666666665
6,16,14,Arrowhead Stadium,Kansas City,39.050964,-94.44443,-18000,America/Chicago,GMT-5,259.0,32.08,45.53333333333333,35.74
6,16,15,Arrowhead Stadium,Kansas City,39.050964,-94.44443,-18000,America/Chicago,GMT-5,259.0,32.64666666666667,43.266666666666666,35.98
6,16,16,Arrowhead Stadium,Kansas City,39.050964,-94.44443,-18000,America/Chicago,GMT-5,259.0,32.8,42.6,35.49999999999999
6,16,17,Arrowhead Stadium,Kansas City,39.050964,-94.44443,-18000,America/Chicago,GMT-5,259.0,32.58,43.13333333333333,34.63999999999999
6,16,18,Arrowhead Stadium,Kansas City,39.050964,-94.44443,-18000,America/Chicago,GMT-5,259.0,31.566666666666663,47.266666666666666,33.34
6,16,19,Arrowhead Stadium,Kansas City,39.050964,-94.44443,-18000,America/Chicago,GMT-5,259.0,30.259999999999998,52.86666666666667,32.24666666666666
6,16,20,Arrowhead Stadium,Kansas City,39.050964,-94.44443,-18000,America/Chicago,GMT-5,259.0,28.266666666666666,59.666666666666664,30.26
6,16,21,Arrowhead Stadium,Kansas City,39.050964,-94.44443,-18000,America/Chicago,GMT-5,259.0,26.853333333333335,63.6,28.74666666666667
6,16,22,Arrowhead Stadium,Kansas City,39.050964,-94.44443,-18000,America/Chicago,GMT-5,259.0,25.660000000000007,67.33333333333333,27.4
6,16,23,Arrowhead Stadium,Kansas City,39.050964,-94.44443,-18000,America/Chicago,GMT-5,259.0,24.706666666666667,70.8,26.560000000000002
6,17,0,Arrowhead Stadium,Kansas City,39.050964,-94.44443,-18000,America/Chicago,GMT-5,259.0,24.9,71.53333333333333,26.700000000000003
6,17,1,Arrowhead Stadium,Kansas City,39.050964,-94.44443,-18000,America/Chicago,GMT-5,259.0,24.486666666666668,72.53333333333333,26.459999999999997
6,17,2,Arrowhead Stadium,Kansas City,39.050964,-94.44443,-18000,America/Chicago,GMT-5,259.0,23.946666666666665,74.6,25.766666666666666
6,17,3,Arrowhead Stadium,Kansas City,39.050964,-94.44443,-18000,America/Chicago,GMT-5,259.0,23.339999999999996,77.13333333333334,25.14
6,17,4,Arrowhead Stadium,Kansas City,39.050964,-94.44443,-18000,America/Chicago,GMT-5,259.0,22.759999999999998,80.06666666666666,24.540000000000003
6,17,5,Arrowhead Stadium,Kansas City,39.050964,-94.44443,-18000,America/Chicago,GMT-5,259.0,22.37333333333333,81.8,24.186666666666667
6,17,6,Arrowhead Stadium,Kansas City,39.050964,-94.44443,-18000,America/Chicago,GMT-5,259.0,22.5,81.13333333333334,24.313333333333336
6,17,7,Arrowhead Stadium,Kansas City,39.050964,-94.44443,-18000,America/Chicago,GMT-5,259.0,23.14,79.0,25.013333333333335
6,17,8,Arrowhead Stadium,Kansas City,39.050964,-94.44443,-18000,America/Chicago,GMT-5,259.0,24.16666666666667,76.0,26.273333333333333
6,17,9,Arrowhead Stadium,Kansas City,39.050964,-94.44443,-18000,America/Chicago,GMT-5,259.0,25.400000000000002,72.93333333333334,27.779999999999998
6,17,10,Arrowhead Stadium,Kansas City,39.050964,-94.44443,-18000,America/Chicago,GMT-5,259.0,26.86666666666667,68.46666666666667,29.55333333333333
6,17,11,Arrowhead Stadium,Kansas City,39.050964,-94.44443,-18000,America/Chicago,GMT-5,259.0,28.513333333333335,62.2,31.4
6,17,12,Arrowhead Stadium,Kansas City,39.050964,-94.44443,-18000,America/Chicago,GMT-5,259.0,29.986666666666668,55.93333333333333,33.0
6,17,13,Arrowhead Stadium,Kansas City,39.050964,-94.44443,-18000,America/Chicago,GMT-5,259.0,31.13333333333333,50.8,34.13333333333333
6,17,14,Arrowhead Stadium,Kansas City,39.050964,-94.44443,-18000,America/Chicago,GMT-5,259.0,32.0,47.13333333333333,34.74
6,17,15,Arrowhead Stadium,Kansas City,39.050964,-94.44443,-18000,America/Chicago,GMT-5,259.0,32.56666666666667,44.8,34.89333333333334
6,17,16,Arrowhead Stadium,Kansas City,39.050964,-94.44443,-18000,America/Chicago,GMT-5,259.0,32.85333333333333,43.06666666666667,34.61333333333333
6,17,17,Arrowhead Stadium,Kansas City,39.050964,-94.44443,-18000,America/Chicago,GMT-5,259.0,32.78,42.4,33.940000000000005
6,17,18,Arrowhead Stadium,Kansas City,39.050964,-94.44443,-18000,America/Chicago,GMT-5,259.0,32.35333333333333,43.93333333333333,33.36666666666667
6,17,19,Arrowhead Stadium,Kansas City,39.050964,-94.44443,-18000,America/Chicago,GMT-5,259.0,30.846666666666668,49.93333333333333,32.093333333333334
6,17,20,Arrowhead Stadium,Kansas City,39.050964,-94.44443,-18000,America/Chicago,GMT-5,259.0,28.83333333333333,58.13333333333333,30.526666666666664
6,17,21,Arrowhead Stadium,Kansas City,39.050964,-94.44443,-18000,America/Chicago,GMT-5,259.0,26.920000000000005,64.93333333333334,28.733333333333334
6,17,22,Arrowhead Stadium,Kansas City,39.050964,-94.44443,-18000,America/Chicago,GMT-5,259.0,25.880000000000003,68.46666666666667,27.52
6,17,23,Arrowhead Stadium,Kansas City,39.050964,-94.44443,-18000,America/Chicago,GMT-5,259.0,25.353333333333335,70.06666666666666,27.093333333333337
6,18,0,Arrowhead Stadium,Kansas City,39.050964,-94.44443,-18000,America/Chicago,GMT-5,259.0,24.56,72.06666666666666,25.946666666666665
6,18,1,Arrowhead Stadium,Kansas City,39.050964,-94.44443,-18000,America/Chicago,GMT-5,259.0,24.366666666666664,73.53333333333333,25.793333333333333
6,18,2,Arrowhead Stadium,Kansas City,39.050964,-94.44443,-18000,America/Chicago,GMT-5,259.0,23.946666666666665,74.73333333333333,25.313333333333333
6,18,3,Arrowhead Stadium,Kansas City,39.050964,-94.44443,-18000,America/Chicago,GMT-5,259.0,23.560000000000002,75.73333333333333,24.860000000000003
6,18,4,Arrowhead Stadium,Kansas City,39.050964,-94.44443,-18000,America/Chicago,GMT-5,259.0,23.193333333333335,76.8,24.56
6,18,5,Arrowhead Stadium,Kansas City,39.050964,-94.44443,-18000,America/Chicago,GMT-5,259.0,22.85333333333334,78.33333333333333,24.28666666666667
6,18,6,Arrowhead Stadium,Kansas City,39.050964,-94.44443,-18000,America/Chicago,GMT-5,259.0,22.853333333333335,79.33333333333333,24.453333333333333
6,18,7,Arrowhead Stadium,Kansas City,39.050964,-94.44443,-18000,America/Chicago,GMT-5,259.0,23.26,80.2,25.040000000000003
6,18,8,Arrowhead Stadium,Kansas City,39.050964,-94.44443,-18000,America/Chicago,GMT-5,259.0,23.966666666666672,79.53333333333333,25.826666666666668
6,18,9,Arrowhead Stadium,Kansas City,39.050964,-94.44443,-18000,America/Chicago,GMT-5,259.0,24.860000000000007,77.4,26.73333333333333
6,18,10,Arrowhead Stadium,Kansas City,39.050964,-94.44443,-18000,America/Chicago,GMT-5,259.0,25.82,73.6,27.719999999999995
6,18,11,Arrowhead Stadium,Kansas City,39.050964,-94.44443,-18000,America/Chicago,GMT-5,259.0,26.98,69.4,29.093333333333327
6,18,12,Arrowhead Stadium,Kansas City,39.050964,-94.44443,-18000,America/Chicago,GMT-5,259.0,27.986666666666665,65.33333333333333,30.240000000000002
6,18,13,Arrowhead Stadium,Kansas City,39.050964,-94.44443,-18000,America/Chicago,GMT-5,259.0,28.7,62.266666666666666,30.999999999999996
6,18,14,Arrowhead Stadium,Kansas City,39.050964,-94.44443,-18000,America/Chicago,GMT-5,259.0,29.220000000000002,59.46666666666667,31.426666666666662
6,18,15,Arrowhead Stadium,Kansas City,39.050964,-94.44443,-18000,America/Chicago,GMT-5,259.0,29.620000000000005,57.53333333333333,31.686666666666664
6,18,16,Arrowhead Stadium,Kansas City,39.050964,-94.44443,-18000,America/Chicago,GMT-5,259.0,30.01333333333334,56.13333333333333,31.846666666666668
6,18,17,Arrowhead Stadium,Kansas City,39.050964,-94.44443,-18000,America/Chicago,GMT-5,259.0,30.14,55.266666666666666,31.56
6,18,18,Arrowhead Stadium,Kansas City,39.050964,-94.44443,-18000,America/Chicago,GMT-5,259.0,29.88,55.4,31.12666666666667
6,18,19,Arrowhead Stadium,Kansas City,39.050964,-94.44443,-18000,America/Chicago,GMT-5,259.0,28.666666666666668,59.06666666666667,30.026666666666667
6,18,20,Arrowhead Stadium,Kansas City,39.050964,-94.44443,-18000,America/Chicago,GMT-5,259.0,27.24666666666667,64.26666666666667,29.066666666666666
6,18,21,Arrowhead Stadium,Kansas City,39.050964,-94.44443,-18000,America/Chicago,GMT-5,259.0,25.920000000000005,68.4,27.779999999999998
6,18,22,Arrowhead Stadium,Kansas City,39.050964,-94.44443,-18000,America/Chicago,GMT-5,259.0,25.220000000000002,69.6,26.84
6,18,23,Arrowhead Stadium,Kansas City,39.050964,-94.44443,-18000,America/Chicago,GMT-5,259.0,24.886666666666667,70.2,26.253333333333334
6,19,0,Arrowhead Stadium,Kansas City,39.050964,-94.44443,-18000,America/Chicago,GMT-5,259.0,24.14666666666666,72.13333333333334,25.44
6,19,1,Arrowhead Stadium,Kansas City,39.050964,-94.44443,-18000,America/Chicago,GMT-5,259.0,23.59333333333333,73.13333333333334,24.733333333333334
6,19,2,Arrowhead Stadium,Kansas City,39.050964,-94.44443,-18000,America/Chicago,GMT-5,259.0,23.12,75.13333333333334,24.4
6,19,3,Arrowhead Stadium,Kansas City,39.050964,-94.44443,-18000,America/Chicago,GMT-5,259.0,22.673333333333332,76.26666666666667,24.086666666666666
6,19,4,Arrowhead Stadium,Kansas City,39.050964,-94.44443,-18000,America/Chicago,GMT-5,259.0,22.180000000000003,77.93333333333334,23.779999999999998
6,19,5,Arrowhead Stadium,Kansas City,39.050964,-94.44443,-18000,America/Chicago,GMT-5,259.0,21.64666666666667,79.53333333333333,23.32
6,19,6,Arrowhead Stadium,Kansas City,39.050964,-94.44443,-18000,America/Chicago,GMT-5,259.0,21.593333333333337,81.73333333333333,23.473333333333336
6,19,7,Arrowhead Stadium,Kansas City,39.050964,-94.44443,-18000,America/Chicago,GMT-5,259.0,22.166666666666668,81.66666666666667,24.253333333333334
6,19,8,Arrowhead Stadium,Kansas City,39.050964,-94.44443,-18000,America/Chicago,GMT-5,259.0,23.519999999999996,78.4,25.813333333333336
6,19,9,Arrowhead Stadium,Kansas City,39.050964,-94.44443,-18000,America/Chicago,GMT-5,259.0,24.993333333333332,73.0,27.466666666666665
6,19,10,Arrowhead Stadium,Kansas City,39.050964,-94.44443,-18000,America/Chicago,GMT-5,259.0,26.599999999999998,66.4,29.38
6,19,11,Arrowhead Stadium,Kansas City,39.050964,-94.44443,-18000,America/Chicago,GMT-5,259.0,28.05333333333333,60.333333333333336,31.17333333333333
6,19,12,Arrowhead Stadium,Kansas City,39.050964,-94.44443,-18000,America/Chicago,GMT-5,259.0,29.206666666666663,55.666666666666664,32.68666666666666
6,19,13,Arrowhead Stadium,Kansas City,39.050964,-94.44443,-18000,America/Chicago,GMT-5,259.0,30.066666666666663,52.8,33.8
6,19,14,Arrowhead Stadium,Kansas City,39.050964,-94.44443,-18000,America/Chicago,GMT-5,259.0,30.546666666666667,51.6,34.34666666666667
6,19,15,Arrowhead Stadium,Kansas City,39.050964,-94.44443,-18000,America/Chicago,GMT-5,259.0,30.90666666666667,50.6,34.519999999999996
6,19,16,Arrowhead Stadium,Kansas City,39.050964,-94.44443,-18000,America/Chicago,GMT-5,259.0,30.573333333333334,51.86666666666667,33.74
6,19,17,Arrowhead Stadium,Kansas City,39.050964,-94.44443,-18000,America/Chicago,GMT-5,259.0,29.540000000000003,56.2,32.12666666666667
6,19,18,Arrowhead Stadium,Kansas City,39.050964,-94.44443,-18000,America/Chicago,GMT-5,259.0,28.333333333333332,62.06666666666667,30.826666666666668
6,19,19,Arrowhead Stadium,Kansas City,39.050964,-94.44443,-18000,America/Chicago,GMT-5,259.0,27.433333333333334,67.4,30.08666666666667
6,19,20,Arrowhead Stadium,Kansas City,39.050964,-94.44443,-18000,America/Chicago,GMT-5,259.0,26.833333333333332,70.6,29.72666666666667
6,19,21,Arrowhead Stadium,Kansas City,39.050964,-94.44443,-18000,America/Chicago,GMT-5,259.0,26.14,72.2,28.766666666666666
6,19,22,Arrowhead Stadium,Kansas City,39.050964,-94.44443,-18000,America/Chicago,GMT-5,259.0,25.38,72.46666666666667,27.493333333333332
6,19,23,Arrowhead Stadium,Kansas City,39.050964,-94.44443,-18000,America/Chicago,GMT-5,259.0,24.733333333333334,71.86666666666666,26.36
6,20,0,Arrowhead Stadium,Kansas City,39.050964,-94.44443,-18000,America/Chicago,GMT-5,259.0,24.606666666666666,70.53333333333333,25.84
6,20,1,Arrowhead Stadium,Kansas City,39.050964,-94.44443,-18000,America/Chicago,GMT-5,259.0,23.826666666666664,71.2,24.913333333333334
6,20,2,Arrowhead Stadium,Kansas City,39.050964,-94.44443,-18000,America/Chicago,GMT-5,259.0,23.42666666666667,71.33333333333333,24.27333333333333
6,20,3,Arrowhead Stadium,Kansas City,39.050964,-94.44443,-18000,America/Chicago,GMT-5,259.0,23.060000000000002,71.26666666666667,23.706666666666667
6,20,4,Arrowhead Stadium,Kansas City,39.050964,-94.44443,-18000,America/Chicago,GMT-5,259.0,22.740000000000006,71.2,23.240000000000002
6,20,5,Arrowhead Stadium,Kansas City,39.050964,-94.44443,-18000,America/Chicago,GMT-5,259.0,22.48,71.13333333333334,22.92
6,20,6,Arrowhead Stadium,Kansas City,39.050964,-94.44443,-18000,America/Chicago,GMT-5,259.0,22.426666666666666,72.2,23.013333333333335
6,20,7,Arrowhead Stadium,Kansas City,39.050964,-94.44443,-18000,America/Chicago,GMT-5,259.0,22.926666666666666,73.6,24.073333333333338
6,20,8,Arrowhead Stadium,Kansas City,39.050964,-94.44443,-18000,America/Chicago,GMT-5,259.0,23.946666666666665,74.13333333333334,25.65333333333333
6,20,9,Arrowhead Stadium,Kansas City,39.050964,-94.44443,-18000,America/Chicago,GMT-5,259.0,25.406666666666673,71.86666666666666,27.600000000000005
6,20,10,Arrowhead Stadium,Kansas City,39.050964,-94.44443,-18000,America/Chicago,GMT-5,259.0,26.873333333333335,67.86666666666666,29.386666666666667
6,20,11,Arrowhead Stadium,Kansas City,39.050964,-94.44443,-18000,America/Chicago,GMT-5,259.0,28.386666666666667,62.53333333333333,31.30666666666667
6,20,12,Arrowhead Stadium,Kansas City,39.050964,-94.44443,-18000,America/Chicago,GMT-5,259.0,29.799999999999997,57.53333333333333,33.12
6,20,13,Arrowhead Stadium,Kansas City,39.050964,-94.44443,-18000,America/Chicago,GMT-5,259.0,31.026666666666664,52.93333333333333,34.49333333333333
6,20,14,Arrowhead Stadium,Kansas City,39.050964,-94.44443,-18000,America/Chicago,GMT-5,259.0,31.906666666666663,49.86666666666667,35.220000000000006
6,20,15,Arrowhead Stadium,Kansas City,39.050964,-94.44443,-18000,America/Chicago,GMT-5,259.0,32.44666666666667,47.93333333333333,35.39333333333334
6,20,16,Arrowhead Stadium,Kansas City,39.050964,-94.44443,-18000,America/Chicago,GMT-5,259.0,32.68,46.93333333333333,35.013333333333335
6,20,17,Arrowhead Stadium,Kansas City,39.050964,-94.44443,-18000,America/Chicago,GMT-5,259.0,32.53333333333333,47.13333333333333,34.32000000000001
6,20,18,Arrowhead Stadium,Kansas City,39.050964,-94.44443,-18000,America/Chicago,GMT-5,259.0,32.15333333333333,48.666666666666664,33.653333333333336
6,20,19,Arrowhead Stadium,Kansas City,39.050964,-94.44443,-18000,America/Chicago,GMT-5,259.0,31.006666666666668,52.8,32.64666666666667
6,20,20,Arrowhead Stadium,Kansas City,39.050964,-94.44443,-18000,America/Chicago,GMT-5,259.0,29.386666666666663,59.13333333333333,31.393333333333334
6,20,21,Arrowhead Stadium,Kansas City,39.050964,-94.44443,-18000,America/Chicago,GMT-5,259.0,27.673333333333332,64.86666666666666,29.766666666666666
6,20,22,Arrowhead Stadium,Kansas City,39.050964,-94.44443,-18000,America/Chicago,GMT-5,259.0,26.493333333333332,68.33333333333333,28.326666666666668
6,20,23,Arrowhead Stadium,Kansas City,39.050964,-94.44443,-18000,America/Chicago,GMT-5,259.0,25.506666666666668,69.6,27.006666666666668
6,21,0,Arrowhead Stadium,Kansas City,39.050964,-94.44443,-18000,America/Chicago,GMT-5,259.0,24.693333333333328,67.73333333333333,25.766666666666666
6,21,1,Arrowhead Stadium,Kansas City,39.050964,-94.44443,-18000,America/Chicago,GMT-5,259.0,24.526666666666664,67.66666666666667,25.286666666666665
6,21,2,Arrowhead Stadium,Kansas City,39.050964,-94.44443,-18000,America/Chicago,GMT-5,259.0,23.993333333333332,68.2,24.593333333333327
6,21,3,Arrowhead Stadium,Kansas City,39.050964,-94.44443,-18000,America/Chicago,GMT-5,259.0,23.446666666666662,69.6,24.07333333333333
6,21,4,Arrowhead Stadium,Kansas City,39.050964,-94.44443,-18000,America/Chicago,GMT-5,259.0,22.979999999999997,71.06666666666666,23.613333333333333
6,21,5,Arrowhead Stadium,Kansas City,39.050964,-94.44443,-18000,America/Chicago,GMT-5,259.0,22.580000000000002,72.26666666666667,23.240000000000002
6,21,6,Arrowhead Stadium,Kansas City,39.050964,-94.44443,-18000,America/Chicago,GMT-5,259.0,22.546666666666667,73.26666666666667,23.26
6,21,7,Arrowhead Stadium,Kansas City,39.050964,-94.44443,-18000,America/Chicago,GMT-5,259.0,22.993333333333332,73.93333333333334,24.080000000000002
6,21,8,Arrowhead Stadium,Kansas City,39.050964,-94.44443,-18000,America/Chicago,GMT-5,259.0,24.006666666666668,72.73333333333333,25.473333333333333
6,21,9,Arrowhead Stadium,Kansas City,39.050964,-94.44443,-18000,America/Chicago,GMT-5,259.0,25.406666666666663,69.2,27.219999999999995
6,21,10,Arrowhead Stadium,Kansas City,39.050964,-94.44443,-18000,America/Chicago,GMT-5,259.0,26.833333333333332,63.8,28.719999999999995
6,21,11,Arrowhead Stadium,Kansas City,39.050964,-94.44443,-18000,America/Chicago,GMT-5,259.0,28.153333333333332,58.6,30.326666666666668
6,21,12,Arrowhead Stadium,Kansas City,39.050964,-94.44443,-18000,America/Chicago,GMT-5,259.0,29.18,53.93333333333333,31.513333333333332
6,21,13,Arrowhead Stadium,Kansas City,39.050964,-94.44443,-18000,America/Chicago,GMT-5,259.0,30.04,50.06666666666667,32.44666666666667
6,21,14,Arrowhead Stadium,Kansas City,39.050964,-94.44443,-18000,America/Chicago,GMT-5,259.0,30.693333333333335,47.2,32.91333333333333
6,21,15,Arrowhead Stadium,Kansas City,39.050964,-94.44443,-18000,America/Chicago,GMT-5,259.0,31.019999999999996,45.46666666666667,32.68666666666667
6,21,16,Arrowhead Stadium,Kansas City,39.050964,-94.44443,-18000,America/Chicago,GMT-5,259.0,30.98,44.86666666666667,32.02
6,21,17,Arrowhead Stadium,Kansas City,39.050964,-94.44443,-18000,America/Chicago,GMT-5,259.0,30.653333333333332,44.93333333333333,31.066666666666666
6,21,18,Arrowhead Stadium,Kansas City,39.050964,-94.44443,-18000,America/Chicago,GMT-5,259.0,29.720000000000002,48.0,30.040000000000003
6,21,19,Arrowhead Stadium,Kansas City,39.050964,-94.44443,-18000,America/Chicago,GMT-5,259.0,28.586666666666662,52.6,29.253333333333334
6,21,20,Arrowhead Stadium,Kansas City,39.050964,-94.44443,-18000,America/Chicago,GMT-5,259.0,27.146666666666665,59.0,28.30666666666667
6,21,21,Arrowhead Stadium,Kansas City,39.050964,-94.44443,-18000,America/Chicago,GMT-5,259.0,26.11333333333333,62.86666666666667,27.586666666666666
6,21,22,Arrowhead Stadium,Kansas City,39.050964,-94.44443,-18000,America/Chicago,GMT-5,259.0,25.186666666666664,66.06666666666666,26.72666666666667
6,21,23,Arrowhead Stadium,Kansas City,39.050964,-94.44443,-18000,America/Chicago,GMT-5,259.0,24.899999999999995,67.13333333333334,26.226666666666667
6,22,0,Arrowhead Stadium,Kansas City,39.050964,-94.44443,-18000,America/Chicago,GMT-5,259.0,24.086666666666662,68.86666666666666,25.37333333333333
6,22,1,Arrowhead Stadium,Kansas City,39.050964,-94.44443,-18000,America/Chicago,GMT-5,259.0,23.39333333333333,73.0,24.83333333333333
6,22,2,Arrowhead Stadium,Kansas City,39.050964,-94.44443,-18000,America/Chicago,GMT-5,259.0,23.013333333333332,74.26666666666667,24.35333333333333
6,22,3,Arrowhead Stadium,Kansas City,39.050964,-94.44443,-18000,America/Chicago,GMT-5,259.0,22.700000000000003,74.6,23.88
6,22,4,Arrowhead Stadium,Kansas City,39.050964,-94.44443,-18000,America/Chicago,GMT-5,259.0,22.473333333333333,74.13333333333334,23.426666666666666
6,22,5,Arrowhead Stadium,Kansas City,39.050964,-94.44443,-18000,America/Chicago,GMT-5,259.0,22.21333333333333,73.4,22.966666666666665
6,22,6,Arrowhead Stadium,Kansas City,39.050964,-94.44443,-18000,America/Chicago,GMT-5,259.0,22.133333333333336,73.53333333333333,22.833333333333332
6,22,7,Arrowhead Stadium,Kansas City,39.050964,-94.44443,-18000,America/Chicago,GMT-5,259.0,22.56666666666667,73.2,23.540000000000003
6,22,8,Arrowhead Stadium,Kansas City,39.050964,-94.44443,-18000,America/Chicago,GMT-5,259.0,23.62,71.26666666666667,24.886666666666667
6,22,9,Arrowhead Stadium,Kansas City,39.050964,-94.44443,-18000,America/Chicago,GMT-5,259.0,25.086666666666666,66.53333333333333,26.493333333333332
6,22,10,Arrowhead Stadium,Kansas City,39.050964,-94.44443,-18000,America/Chicago,GMT-5,259.0,26.599999999999998,60.46666666666667,27.853333333333335
6,22,11,Arrowhead Stadium,Kansas City,39.050964,-94.44443,-18000,America/Chicago,GMT-5,259.0,27.886666666666663,54.666666666666664,29.040000000000003
6,22,12,Arrowhead Stadium,Kansas City,39.050964,-94.44443,-18000,America/Chicago,GMT-5,259.0,28.986666666666668,49.86666666666667,30.14
6,22,13,Arrowhead Stadium,Kansas City,39.050964,-94.44443,-18000,America/Chicago,GMT-5,259.0,29.826666666666664,46.733333333333334,31.186666666666667
6,22,14,Arrowhead Stadium,Kansas City,39.050964,-94.44443,-18000,America/Chicago,GMT-5,259.0,30.633333333333336,44.06666666666667,32.026666666666664
6,22,15,Arrowhead Stadium,Kansas City,39.050964,-94.44443,-18000,America/Chicago,GMT-5,259.0,31.24666666666667,41.666666666666664,32.406666666666666
6,22,16,Arrowhead Stadium,Kansas City,39.050964,-94.44443,-18000,America/Chicago,GMT-5,259.0,31.486666666666668,39.666666666666664,32.013333333333335
6,22,17,Arrowhead Stadium,Kansas City,39.050964,-94.44443,-18000,America/Chicago,GMT-5,259.0,31.186666666666667,39.53333333333333,31.206666666666663
6,22,18,Arrowhead Stadium,Kansas City,39.050964,-94.44443,-18000,America/Chicago,GMT-5,259.0,30.333333333333336,42.0,30.226666666666663
6,22,19,Arrowhead Stadium,Kansas City,39.050964,-94.44443,-18000,America/Chicago,GMT-5,259.0,29.180000000000003,47.0,29.486666666666665
6,22,20,Arrowhead Stadium,Kansas City,39.050964,-94.44443,-18000,America/Chicago,GMT-5,259.0,27.89333333333333,52.06666666666667,28.56
6,22,21,Arrowhead Stadium,Kansas City,39.050964,-94.44443,-18000,America/Chicago,GMT-5,259.0,26.673333333333332,57.0,27.62
6,22,22,Arrowhead Stadium,Kansas City,39.050964,-94.44443,-18000,America/Chicago,GMT-5,259.0,25.720000000000002,59.86666666666667,26.633333333333333
6,22,23,Arrowhead Stadium,Kansas City,39.050964,-94.44443,-18000,America/Chicago,GMT-5,259.0,24.8,64.8,25.933333333333334
6,23,0,Arrowhead Stadium,Kansas City,39.050964,-94.44443,-18000,America/Chicago,GMT-5,259.0,24.56666666666667,67.6,25.873333333333335
6,23,1,Arrowhead Stadium,Kansas City,39.050964,-94.44443,-18000,America/Chicago,GMT-5,259.0,23.77333333333333,67.66666666666667,24.66666666666667
6,23,2,Arrowhead Stadium,Kansas City,39.050964,-94.44443,-18000,America/Chicago,GMT-5,259.0,23.113333333333337,70.4,24.02
6,23,3,Arrowhead Stadium,Kansas City,39.050964,-94.44443,-18000,America/Chicago,GMT-5,259.0,22.633333333333333,71.26666666666667,23.413333333333338
6,23,4,Arrowhead Stadium,Kansas City,39.050964,-94.44443,-18000,America/Chicago,GMT-5,259.0,22.08,72.46666666666667,22.800000000000004
6,23,5,Arrowhead Stadium,Kansas City,39.050964,-94.44443,-18000,America/Chicago,GMT-5,259.0,21.586666666666662,73.2,22.153333333333332
6,23,6,Arrowhead Stadium,Kansas City,39.050964,-94.44443,-18000,America/Chicago,GMT-5,259.0,21.493333333333332,73.2,22.019999999999996
6,23,7,Arrowhead Stadium,Kansas City,39.050964,-94.44443,-18000,America/Chicago,GMT-5,259.0,22.08,71.86666666666666,22.766666666666662
6,23,8,Arrowhead Stadium,Kansas City,39.050964,-94.44443,-18000,America/Chicago,GMT-5,259.0,23.26,69.0,24.16
6,23,9,Arrowhead Stadium,Kansas City,39.050964,-94.44443,-18000,America/Chicago,GMT-5,259.0,24.826666666666664,64.8,26.013333333333332
6,23,10,Arrowhead Stadium,Kansas City,39.050964,-94.44443,-18000,America/Chicago,GMT-5,259.0,26.34,60.0,27.74
6,23,11,Arrowhead Stadium,Kansas City,39.050964,-94.44443,-18000,America/Chicago,GMT-5,259.0,27.586666666666666,55.8,29.360000000000003
6,23,12,Arrowhead Stadium,Kansas City,39.050964,-94.44443,-18000,America/Chicago,GMT-5,259.0,28.493333333333336,52.6,30.666666666666668
6,23,13,Arrowhead Stadium,Kansas City,39.050964,-94.44443,-18000,America/Chicago,GMT-5,259.0,29.259999999999994,50.0,31.74666666666667
6,23,14,Arrowhead Stadium,Kansas City,39.050964,-94.44443,-18000,America/Chicago,GMT-5,259.0,30.093333333333327,47.86666666666667,32.71333333333333
6,23,15,Arrowhead Stadium,Kansas City,39.050964,-94.44443,-18000,America/Chicago,GMT-5,259.0,30.84666666666666,45.86666666666667,33.28666666666666
6,23,16,Arrowhead Stadium,Kansas City,39.050964,-94.44443,-18000,America/Chicago,GMT-5,259.0,31.319999999999997,44.666666666666664,33.266666666666666
6,23,17,Arrowhead Stadium,Kansas City,39.050964,-94.44443,-18000,America/Chicago,GMT-5,259.0,31.226666666666663,45.2,32.586666666666666
6,23,18,Arrowhead Stadium,Kansas City,39.050964,-94.44443,-18000,America/Chicago,GMT-5,259.0,30.64666666666666,48.8,31.92
6,23,19,Arrowhead Stadium,Kansas City,39.050964,-94.44443,-18000,America/Chicago,GMT-5,259.0,29.673333333333336,53.733333333333334,31.193333333333335
6,23,20,Arrowhead Stadium,Kansas City,39.050964,-94.44443,-18000,America/Chicago,GMT-5,259.0,28.433333333333337,59.6,30.386666666666667
6,23,21,Arrowhead Stadium,Kansas City,39.050964,-94.44443,-18000,America/Chicago,GMT-5,259.0,27.220000000000006,64.2,29.326666666666668
6,23,22,Arrowhead Stadium,Kansas City,39.050964,-94.44443,-18000,America/Chicago,GMT-5,259.0,26.200000000000003,67.93333333333334,28.34
6,23,23,Arrowhead Stadium,Kansas City,39.050964,-94.44443,-18000,America/Chicago,GMT-5,259.0,25.42666666666667,67.26666666666667,27.14
6,24,0,Arrowhead Stadium,Kansas City,39.050964,-94.44443,-18000,America/Chicago,GMT-5,259.0,25.62,71.26666666666667,27.56
6,24,1,Arrowhead Stadium,Kansas City,39.050964,-94.44443,-18000,America/Chicago,GMT-5,259.0,24.753333333333334,72.93333333333334,26.653333333333332
6,24,2,Arrowhead Stadium,Kansas City,39.050964,-94.44443,-18000,America/Chicago,GMT-5,259.0,24.380000000000003,74.26666666666667,26.166666666666664
6,24,3,Arrowhead Stadium,Kansas City,39.050964,-94.44443,-18000,America/Chicago,GMT-5,259.0,24.040000000000003,75.33333333333333,25.780000000000005
6,24,4,Arrowhead Stadium,Kansas City,39.050964,-94.44443,-18000,America/Chicago,GMT-5,259.0,23.693333333333335,76.53333333333333,25.313333333333333
6,24,5,Arrowhead Stadium,Kansas City,39.050964,-94.44443,-18000,America/Chicago,GMT-5,259.0,23.446666666666665,77.2,25.06
6,24,6,Arrowhead Stadium,Kansas City,39.050964,-94.44443,-18000,America/Chicago,GMT-5,259.0,23.413333333333334,79.26666666666667,25.333333333333332
6,24,7,Arrowhead Stadium,Kansas City,39.050964,-94.44443,-18000,America/Chicago,GMT-5,259.0,23.78666666666667,81.2,26.34666666666667
6,24,8,Arrowhead Stadium,Kansas City,39.050964,-94.44443,-18000,America/Chicago,GMT-5,259.0,24.333333333333332,82.4,27.333333333333336
6,24,9,Arrowhead Stadium,Kansas City,39.050964,-94.44443,-18000,America/Chicago,GMT-5,259.0,24.88,81.73333333333333,27.89333333333333
6,24,10,Arrowhead Stadium,Kansas City,39.050964,-94.44443,-18000,America/Chicago,GMT-5,259.0,25.599999999999998,79.6,28.819999999999997
6,24,11,Arrowhead Stadium,Kansas City,39.050964,-94.44443,-18000,America/Chicago,GMT-5,259.0,26.30666666666666,78.53333333333333,29.8
6,24,12,Arrowhead Stadium,Kansas City,39.050964,-94.44443,-18000,America/Chicago,GMT-5,259.0,27.39333333333333,75.93333333333334,31.27333333333333
6,24,13,Arrowhead Stadium,Kansas City,39.050964,-94.44443,-18000,America/Chicago,GMT-5,259.0,28.706666666666667,71.4,32.4
6,24,14,Arrowhead Stadium,Kansas City,39.050964,-94.44443,-18000,America/Chicago,GMT-5,259.0,30.286666666666672,64.46666666666667,33.653333333333336
6,24,15,Arrowhead Stadium,Kansas City,39.050964,-94.44443,-18000,America/Chicago,GMT-5,259.0,31.713333333333335,57.93333333333333,34.620000000000005
6,24,16,Arrowhead Stadium,Kansas City,39.050964,-94.44443,-18000,America/Chicago,GMT-5,259.0,32.63333333333333,53.8,35.06000000000001
6,24,17,Arrowhead Stadium,Kansas City,39.050964,-94.44443,-18000,America/Chicago,GMT-5,259.0,33.013333333333335,51.733333333333334,35.10666666666666
6,24,18,Arrowhead Stadium,Kansas City,39.050964,-94.44443,-18000,America/Chicago,GMT-5,259.0,32.39333333333334,53.733333333333334,34.306666666666665
6,24,19,Arrowhead Stadium,Kansas City,39.050964,-94.44443,-18000,America/Chicago,GMT-5,259.0,31.10666666666667,57.13333333333333,32.92666666666667
6,24,20,Arrowhead Stadium,Kansas City,39.050964,-94.44443,-18000,America/Chicago,GMT-5,259.0,29.513333333333332,61.86666666666667,31.34666666666667
6,24,21,Arrowhead Stadium,Kansas City,39.050964,-94.44443,-18000,America/Chicago,GMT-5,259.0,28.299999999999997,65.0,30.280000000000005
6,24,22,Arrowhead Stadium,Kansas City,39.050964,-94.44443,-18000,America/Chicago,GMT-5,259.0,27.473333333333336,67.6,29.526666666666664
6,24,23,Arrowhead Stadium,Kansas City,39.050964,-94.44443,-18000,America/Chicago,GMT-5,259.0,26.473333333333336,69.73333333333333,28.580000000000002
6,25,0,Arrowhead Stadium,Kansas City,39.050964,-94.44443,-18000,America/Chicago,GMT-5,259.0,25.76,73.66666666666667,27.880000000000003
6,25,1,Arrowhead Stadium,Kansas City,39.050964,-94.44443,-18000,America/Chicago,GMT-5,259.0,26.060000000000002,72.33333333333333,28.100000000000005
6,25,2,Arrowhead Stadium,Kansas City,39.050964,-94.44443,-18000,America/Chicago,GMT-5,259.0,25.733333333333338,72.93333333333334,27.586666666666662
6,25,3,Arrowhead Stadium,Kansas City,39.050964,-94.44443,-18000,America/Chicago,GMT-5,259.0,25.453333333333333,72.8,27.013333333333335
6,25,4,Arrowhead Stadium,Kansas City,39.050964,-94.44443,-18000,America/Chicago,GMT-5,259.0,25.313333333333333,71.6,26.486666666666665
6,25,5,Arrowhead Stadium,Kansas City,39.050964,-94.44443,-18000,America/Chicago,GMT-5,259.0,25.07333333333333,70.8,26.15333333333333
6,25,6,Arrowhead Stadium,Kansas City,39.050964,-94.44443,-18000,America/Chicago,GMT-5,259.0,24.886666666666663,71.0,25.946666666666665
6,25,7,Arrowhead Stadium,Kansas City,39.050964,-94.44443,-18000,America/Chicago,GMT-5,259.0,25.026666666666664,71.53333333333333,26.313333333333336
6,25,8,Arrowhead Stadium,Kansas City,39.050964,-94.44443,-18000,America/Chicago,GMT-5,259.0,25.74666666666667,70.6,27.299999999999997
6,25,9,Arrowhead Stadium,Kansas City,39.050964,-94.44443,-18000,America/Chicago,GMT-5,259.0,27.053333333333335,66.8,28.799999999999997
6,25,10,Arrowhead Stadium,Kansas City,39.050964,-94.44443,-18000,America/Chicago,GMT-5,259.0,28.513333333333332,61.666666666666664,30.419999999999998
6,25,11,Arrowhead Stadium,Kansas City,39.050964,-94.44443,-18000,America/Chicago,GMT-5,259.0,29.89333333333333,56.733333333333334,32.07333333333333
6,25,12,Arrowhead Stadium,Kansas City,39.050964,-94.44443,-18000,America/Chicago,GMT-5,259.0,30.80666666666667,53.13333333333333,33.21333333333333
6,25,13,Arrowhead Stadium,Kansas City,39.050964,-94.44443,-18000,America/Chicago,GMT-5,259.0,31.3,51.46666666666667,33.77333333333333
6,25,14,Arrowhead Stadium,Kansas City,39.050964,-94.44443,-18000,America/Chicago,GMT-5,259.0,31.6,50.4,33.99333333333333
6,25,15,Arrowhead Stadium,Kansas City,39.050964,-94.44443,-18000,America/Chicago,GMT-5,259.0,31.806666666666665,50.53333333333333,34.24
6,25,16,Arrowhead Stadium,Kansas City,39.050964,-94.44443,-18000,America/Chicago,GMT-5,259.0,31.819999999999997,50.733333333333334,34.02666666666667
6,25,17,Arrowhead Stadium,Kansas City,39.050964,-94.44443,-18000,America/Chicago,GMT-5,259.0,31.319999999999997,52.46666666666667,33.11333333333333
6,25,18,Arrowhead Stadium,Kansas City,39.050964,-94.44443,-18000,America/Chicago,GMT-5,259.0,30.213333333333335,57.13333333333333,31.90666666666667
6,25,19,Arrowhead Stadium,Kansas City,39.050964,-94.44443,-18000,America/Chicago,GMT-5,259.0,28.76,63.8,30.646666666666665
6,25,20,Arrowhead Stadium,Kansas City,39.050964,-94.44443,-18000,America/Chicago,GMT-5,259.0,27.293333333333337,70.13333333333334,29.68
6,25,21,Arrowhead Stadium,Kansas City,39.050964,-94.44443,-18000,America/Chicago,GMT-5,259.0,26.040000000000003,74.33333333333333,28.606666666666666
6,25,22,Arrowhead Stadium,Kansas City,39.050964,-94.44443,-18000,America/Chicago,GMT-5,259.0,25.22666666666667,76.26666666666667,27.839999999999996
6,25,23,Arrowhead Stadium,Kansas City,39.050964,-94.44443,-18000,America/Chicago,GMT-5,259.0,25.360000000000003,75.33333333333333,27.706666666666667
6,26,0,Arrowhead Stadium,Kansas City,39.050964,-94.44443,-18000,America/Chicago,GMT-5,259.0,23.786666666666665,75.6,25.346666666666668
6,26,1,Arrowhead Stadium,Kansas City,39.050964,-94.44443,-18000,America/Chicago,GMT-5,259.0,24.0,76.46666666666667,25.326666666666668
6,26,2,Arrowhead Stadium,Kansas City,39.050964,-94.44443,-18000,America/Chicago,GMT-5,259.0,23.67333333333334,75.26666666666667,24.76666666666667
6,26,3,Arrowhead Stadium,Kansas City,39.050964,-94.44443,-18000,America/Chicago,GMT-5,259.0,23.34,74.06666666666666,24.200000000000003
6,26,4,Arrowhead Stadium,Kansas City,39.050964,-94.44443,-18000,America/Chicago,GMT-5,259.0,22.933333333333334,73.8,23.686666666666664
6,26,5,Arrowhead Stadium,Kansas City,39.050964,-94.44443,-18000,America/Chicago,GMT-5,259.0,22.560000000000002,74.0,23.153333333333332
6,26,6,Arrowhead Stadium,Kansas City,39.050964,-94.44443,-18000,America/Chicago,GMT-5,259.0,22.28666666666667,74.73333333333333,23.053333333333335
6,26,7,Arrowhead Stadium,Kansas City,39.050964,-94.44443,-18000,America/Chicago,GMT-5,259.0,22.220000000000002,74.2,23.086666666666662
6,26,8,Arrowhead Stadium,Kansas City,39.050964,-94.44443,-18000,America/Chicago,GMT-5,259.0,22.633333333333333,72.4,23.68
6,26,9,Arrowhead Stadium,Kansas City,39.050964,-94.44443,-18000,America/Chicago,GMT-5,259.0,23.486666666666665,68.6,24.346666666666668
6,26,10,Arrowhead Stadium,Kansas City,39.050964,-94.44443,-18000,America/Chicago,GMT-5,259.0,24.653333333333332,64.0,25.31333333333333
6,26,11,Arrowhead Stadium,Kansas City,39.050964,-94.44443,-18000,America/Chicago,GMT-5,259.0,25.959999999999997,58.53333333333333,26.486666666666665
6,26,12,Arrowhead Stadium,Kansas City,39.050964,-94.44443,-18000,America/Chicago,GMT-5,259.0,27.126666666666665,53.4,27.639999999999997
6,26,13,Arrowhead Stadium,Kansas City,39.050964,-94.44443,-18000,America/Chicago,GMT-5,259.0,28.146666666666665,49.2,28.779999999999998
6,26,14,Arrowhead Stadium,Kansas City,39.050964,-94.44443,-18000,America/Chicago,GMT-5,259.0,28.753333333333334,46.6,29.30666666666667
6,26,15,Arrowhead Stadium,Kansas City,39.050964,-94.44443,-18000,America/Chicago,GMT-5,259.0,29.193333333333335,45.4,29.746666666666666
6,26,16,Arrowhead Stadium,Kansas City,39.050964,-94.44443,-18000,America/Chicago,GMT-5,259.0,28.94666666666667,46.6,29.28666666666667
6,26,17,Arrowhead Stadium,Kansas City,39.050964,-94.44443,-18000,America/Chicago,GMT-5,259.0,28.513333333333332,48.4,28.773333333333337
6,26,18,Arrowhead Stadium,Kansas City,39.050964,-94.44443,-18000,America/Chicago,GMT-5,259.0,27.553333333333335,52.666666666666664,28.046666666666674
6,26,19,Arrowhead Stadium,Kansas City,39.050964,-94.44443,-18000,America/Chicago,GMT-5,259.0,26.7,57.13333333333333,27.793333333333337
6,26,20,Arrowhead Stadium,Kansas City,39.050964,-94.44443,-18000,America/Chicago,GMT-5,259.0,25.520000000000003,63.333333333333336,27.186666666666667
6,26,21,Arrowhead Stadium,Kansas City,39.050964,-94.44443,-18000,America/Chicago,GMT-5,259.0,24.453333333333337,68.26666666666667,26.346666666666668
6,26,22,Arrowhead Stadium,Kansas City,39.050964,-94.44443,-18000,America/Chicago,GMT-5,259.0,23.626666666666665,71.33333333333333,25.453333333333333
6,26,23,Arrowhead Stadium,Kansas City,39.050964,-94.44443,-18000,America/Chicago,GMT-5,259.0,23.61333333333333,74.2,25.37333333333333
6,27,0,Arrowhead Stadium,Kansas City,39.050964,-94.44443,-18000,America/Chicago,GMT-5,259.0,22.43333333333333,74.46666666666667,24.046666666666667
6,27,1,Arrowhead Stadium,Kansas City,39.050964,-94.44443,-18000,America/Chicago,GMT-5,259.0,21.753333333333334,77.06666666666666,23.446666666666665
6,27,2,Arrowhead Stadium,Kansas City,39.050964,-94.44443,-18000,America/Chicago,GMT-5,259.0,21.14666666666667,79.6,22.833333333333332
6,27,3,Arrowhead Stadium,Kansas City,39.050964,-94.44443,-18000,America/Chicago,GMT-5,259.0,20.639999999999997,81.13333333333334,22.246666666666666
6,27,4,Arrowhead Stadium,Kansas City,39.050964,-94.44443,-18000,America/Chicago,GMT-5,259.0,20.1,83.4,21.740000000000002
6,27,5,Arrowhead Stadium,Kansas City,39.050964,-94.44443,-18000,America/Chicago,GMT-5,259.0,19.660000000000004,85.53333333333333,21.386666666666667
6,27,6,Arrowhead Stadium,Kansas City,39.050964,-94.44443,-18000,America/Chicago,GMT-5,259.0,19.666666666666668,85.86666666666666,21.573333333333334
6,27,7,Arrowhead Stadium,Kansas City,39.050964,-94.44443,-18000,America/Chicago,GMT-5,259.0,20.300000000000004,83.6,22.293333333333337
6,27,8,Arrowhead Stadium,Kansas City,39.050964,-94.44443,-18000,America/Chicago,GMT-5,259.0,21.580000000000005,78.2,23.58
6,27,9,Arrowhead Stadium,Kansas City,39.050964,-94.44443,-18000,America/Chicago,GMT-5,259.0,23.080000000000002,70.86666666666666,24.806666666666665
6,27,10,Arrowhead Stadium,Kansas City,39.050964,-94.44443,-18000,America/Chicago,GMT-5,259.0,24.52,63.4,26.13333333333333
6,27,11,Arrowhead Stadium,Kansas City,39.050964,-94.44443,-18000,America/Chicago,GMT-5,259.0,25.74,57.733333333333334,27.606666666666666
6,27,12,Arrowhead Stadium,Kansas City,39.050964,-94.44443,-18000,America/Chicago,GMT-5,259.0,26.87333333333333,53.6,29.266666666666662
6,27,13,Arrowhead Stadium,Kansas City,39.050964,-94.44443,-18000,America/Chicago,GMT-5,259.0,27.92,50.06666666666667,30.779999999999998
6,27,14,Arrowhead Stadium,Kansas City,39.050964,-94.44443,-18000,America/Chicago,GMT-5,259.0,28.780000000000005,46.93333333333333,31.660000000000004
6,27,15,Arrowhead Stadium,Kansas City,39.050964,-94.44443,-18000,America/Chicago,GMT-5,259.0,29.26666666666667,45.2,31.88
6,27,16,Arrowhead Stadium,Kansas City,39.050964,-94.44443,-18000,America/Chicago,GMT-5,259.0,29.420000000000005,44.8,31.493333333333332
6,27,17,Arrowhead Stadium,Kansas City,39.050964,-94.44443,-18000,America/Chicago,GMT-5,259.0,29.273333333333333,45.4,30.786666666666665
6,27,18,Arrowhead Stadium,Kansas City,39.050964,-94.44443,-18000,America/Chicago,GMT-5,259.0,28.619999999999997,48.666666666666664,29.913333333333334
6,27,19,Arrowhead Stadium,Kansas City,39.050964,-94.44443,-18000,America/Chicago,GMT-5,259.0,27.35333333333334,54.666666666666664,28.639999999999997
6,27,20,Arrowhead Stadium,Kansas City,39.050964,-94.44443,-18000,America/Chicago,GMT-5,259.0,25.813333333333336,61.666666666666664,27.293333333333333
6,27,21,Arrowhead Stadium,Kansas City,39.050964,-94.44443,-18000,America/Chicago,GMT-5,259.0,24.566666666666666,66.8,26.066666666666663
6,27,22,Arrowhead Stadium,Kansas City,39.050964,-94.44443,-18000,America/Chicago,GMT-5,259.0,23.779999999999998,69.6,25.27333333333333
6,27,23,Arrowhead Stadium,Kansas City,39.050964,-94.44443,-18000,America/Chicago,GMT-5,259.0,23.15333333333333,71.53333333333333,24.65333333333333
6,28,0,Arrowhead Stadium,Kansas City,39.050964,-94.44443,-18000,America/Chicago,GMT-5,259.0,23.36,76.6,25.379999999999995
6,28,1,Arrowhead Stadium,Kansas City,39.050964,-94.44443,-18000,America/Chicago,GMT-5,259.0,22.37333333333333,74.26666666666667,23.7
6,28,2,Arrowhead Stadium,Kansas City,39.050964,-94.44443,-18000,America/Chicago,GMT-5,259.0,22.06,75.13333333333334,23.34
6,28,3,Arrowhead Stadium,Kansas City,39.050964,-94.44443,-18000,America/Chicago,GMT-5,259.0,21.753333333333337,75.8,23.020000000000003
6,28,4,Arrowhead Stadium,Kansas City,39.050964,-94.44443,-18000,America/Chicago,GMT-5,259.0,21.36666666666667,77.2,22.58
6,28,5,Arrowhead Stadium,Kansas City,39.050964,-94.44443,-18000,America/Chicago,GMT-5,259.0,21.03333333333334,79.0,22.186666666666667
6,28,6,Arrowhead Stadium,Kansas City,39.050964,-94.44443,-18000,America/Chicago,GMT-5,259.0,20.980000000000004,80.86666666666666,22.17333333333333
6,28,7,Arrowhead Stadium,Kansas City,39.050964,-94.44443,-18000,America/Chicago,GMT-5,259.0,21.553333333333335,80.73333333333333,22.946666666666665
6,28,8,Arrowhead Stadium,Kansas City,39.050964,-94.44443,-18000,America/Chicago,GMT-5,259.0,22.62,78.8,24.313333333333333
6,28,9,Arrowhead Stadium,Kansas City,39.050964,-94.44443,-18000,America/Chicago,GMT-5,259.0,23.993333333333336,74.6,25.779999999999998
6,28,10,Arrowhead Stadium,Kansas City,39.050964,-94.44443,-18000,America/Chicago,GMT-5,259.0,25.18,70.53333333333333,27.053333333333335
6,28,11,Arrowhead Stadium,Kansas City,39.050964,-94.44443,-18000,America/Chicago,GMT-5,259.0,26.293333333333333,66.86666666666666,28.366666666666664
6,28,12,Arrowhead Stadium,Kansas City,39.050964,-94.44443,-18000,America/Chicago,GMT-5,259.0,27.226666666666667,64.13333333333334,29.686666666666667
6,28,13,Arrowhead Stadium,Kansas City,39.050964,-94.44443,-18000,America/Chicago,GMT-5,259.0,28.279999999999998,61.266666666666666,31.040000000000003
6,28,14,Arrowhead Stadium,Kansas City,39.050964,-94.44443,-18000,America/Chicago,GMT-5,259.0,29.21333333333333,58.8,32.07333333333334
6,28,15,Arrowhead Stadium,Kansas City,39.050964,-94.44443,-18000,America/Chicago,GMT-5,259.0,30.06,56.46666666666667,32.86666666666667
6,28,16,Arrowhead Stadium,Kansas City,39.050964,-94.44443,-18000,America/Chicago,GMT-5,259.0,30.493333333333332,55.733333333333334,33.120000000000005
6,28,17,Arrowhead Stadium,Kansas City,39.050964,-94.44443,-18000,America/Chicago,GMT-5,259.0,30.699999999999996,55.4,33.10666666666667
6,28,18,Arrowhead Stadium,Kansas City,39.050964,-94.44443,-18000,America/Chicago,GMT-5,259.0,30.32666666666666,57.8,32.77333333333333
6,28,19,Arrowhead Stadium,Kansas City,39.050964,-94.44443,-18000,America/Chicago,GMT-5,259.0,29.49333333333333,62.46666666666667,32.35333333333333
6,28,20,Arrowhead Stadium,Kansas City,39.050964,-94.44443,-18000,America/Chicago,GMT-5,259.0,28.25333333333333,68.6,31.51333333333333
6,28,21,Arrowhead Stadium,Kansas City,39.050964,-94.44443,-18000,America/Chicago,GMT-5,259.0,27.046666666666667,74.13333333333334,30.486666666666668
6,28,22,Arrowhead Stadium,Kansas City,39.050964,-94.44443,-18000,America/Chicago,GMT-5,259.0,26.006666666666664,78.2,29.373333333333328
6,28,23,Arrowhead Stadium,Kansas City,39.050964,-94.44443,-18000,America/Chicago,GMT-5,259.0,24.57333333333333,77.8,27.266666666666666
6,10,0,Estadio Azteca,Mexico City,19.29701,-99.08911,-21600,America/Mexico_City,GMT-6,2251.0,16.14,74.26666666666667,15.826666666666666
6,10,1,Estadio Azteca,Mexico City,19.29701,-99.08911,-21600,America/Mexico_City,GMT-6,2251.0,15.353333333333332,79.13333333333334,15.246666666666664
6,10,2,Estadio Azteca,Mexico City,19.29701,-99.08911,-21600,America/Mexico_City,GMT-6,2251.0,15.013333333333334,80.33333333333333,14.873333333333333
6,10,3,Estadio Azteca,Mexico City,19.29701,-99.08911,-21600,America/Mexico_City,GMT-6,2251.0,14.546666666666669,81.66666666666667,14.319999999999999
6,10,4,Estadio Azteca,Mexico City,19.29701,-99.08911,-21600,America/Mexico_City,GMT-6,2251.0,14.293333333333335,81.33333333333333,13.96
6,10,5,Estadio Azteca,Mexico City,19.29701,-99.08911,-21600,America/Mexico_City,GMT-6,2251.0,13.846666666666668,81.8,13.373333333333337
6,10,6,Estadio Azteca,Mexico City,19.29701,-99.08911,-21600,America/Mexico_City,GMT-6,2251.0,14.386666666666667,78.66666666666667,13.806666666666668
6,10,7,Estadio Azteca,Mexico City,19.29701,-99.08911,-21600,America/Mexico_City,GMT-6,2251.0,15.62,73.26666666666667,15.053333333333335
6,10,8,Estadio Azteca,Mexico City,19.29701,-99.08911,-21600,America/Mexico_City,GMT-6,2251.0,17.586666666666666,65.13333333333334,17.026666666666664
6,10,9,Estadio Azteca,Mexico City,19.29701,-99.08911,-21600,America/Mexico_City,GMT-6,2251.0,19.473333333333336,57.06666666666667,19.126666666666665
6,10,10,Estadio Azteca,Mexico City,19.29701,-99.08911,-21600,America/Mexico_City,GMT-6,2251.0,21.27333333333333,49.53333333333333,21.266666666666666
6,10,11,Estadio Azteca,Mexico City,19.29701,-99.08911,-21600,America/Mexico_City,GMT-6,2251.0,23.02,42.13333333333333,23.40666666666667
6,10,12,Estadio Azteca,Mexico City,19.29701,-99.08911,-21600,America/Mexico_City,GMT-6,2251.0,24.586666666666666,36.06666666666667,25.11333333333333
6,10,13,Estadio Azteca,Mexico City,19.29701,-99.08911,-21600,America/Mexico_City,GMT-6,2251.0,25.793333333333337,31.866666666666667,26.139999999999993
6,10,14,Estadio Azteca,Mexico City,19.29701,-99.08911,-21600,America/Mexico_City,GMT-6,2251.0,26.580000000000005,29.0,26.506666666666668
6,10,15,Estadio Azteca,Mexico City,19.29701,-99.08911,-21600,America/Mexico_City,GMT-6,2251.0,26.84,27.466666666666665,25.72666666666667
6,10,16,Estadio Azteca,Mexico City,19.29701,-99.08911,-21600,America/Mexico_City,GMT-6,2251.0,26.646666666666665,27.066666666666666,24.480000000000004
6,10,17,Estadio Azteca,Mexico City,19.29701,-99.08911,-21600,America/Mexico_City,GMT-6,2251.0,25.706666666666663,29.666666666666668,22.860000000000003
6,10,18,Estadio Azteca,Mexico City,19.29701,-99.08911,-21600,America/Mexico_City,GMT-6,2251.0,23.966666666666672,37.06666666666667,21.486666666666665
6,10,19,Estadio Azteca,Mexico City,19.29701,-99.08911,-21600,America/Mexico_City,GMT-6,2251.0,21.853333333333335,47.0,20.12
6,10,20,Estadio Azteca,Mexico City,19.29701,-99.08911,-21600,America/Mexico_City,GMT-6,2251.0,19.946666666666665,56.2,18.880000000000003
6,10,21,Estadio Azteca,Mexico City,19.29701,-99.08911,-21600,America/Mexico_City,GMT-6,2251.0,18.64666666666666,62.2,17.94
6,10,22,Estadio Azteca,Mexico City,19.29701,-99.08911,-21600,America/Mexico_City,GMT-6,2251.0,17.75333333333333,65.26666666666667,17.08
6,10,23,Estadio Azteca,Mexico City,19.29701,-99.08911,-21600,America/Mexico_City,GMT-6,2251.0,16.886666666666667,70.2,16.419999999999998
6,11,0,Estadio Azteca,Mexico City,19.29701,-99.08911,-21600,America/Mexico_City,GMT-6,2251.0,16.14666666666667,69.53333333333333,15.360000000000003
6,11,1,Estadio Azteca,Mexico City,19.29701,-99.08911,-21600,America/Mexico_City,GMT-6,2251.0,15.553333333333335,73.46666666666667,14.893333333333334
6,11,2,Estadio Azteca,Mexico City,19.29701,-99.08911,-21600,America/Mexico_City,GMT-6,2251.0,14.906666666666666,76.8,14.280000000000001
6,11,3,Estadio Azteca,Mexico City,19.29701,-99.08911,-21600,America/Mexico_City,GMT-6,2251.0,14.646666666666665,78.0,14.093333333333334
6,11,4,Estadio Azteca,Mexico City,19.29701,-99.08911,-21600,America/Mexico_City,GMT-6,2251.0,14.193333333333333,78.73333333333333,13.713333333333335
6,11,5,Estadio Azteca,Mexico City,19.29701,-99.08911,-21600,America/Mexico_City,GMT-6,2251.0,13.860000000000001,78.73333333333333,13.399999999999999
6,11,6,Estadio Azteca,Mexico City,19.29701,-99.08911,-21600,America/Mexico_City,GMT-6,2251.0,14.120000000000001,76.46666666666667,13.546666666666665
6,11,7,Estadio Azteca,Mexico City,19.29701,-99.08911,-21600,America/Mexico_City,GMT-6,2251.0,15.219999999999999,72.06666666666666,14.580000000000002
6,11,8,Estadio Azteca,Mexico City,19.29701,-99.08911,-21600,America/Mexico_City,GMT-6,2251.0,17.073333333333334,65.2,16.380000000000003
6,11,9,Estadio Azteca,Mexico City,19.29701,-99.08911,-21600,America/Mexico_City,GMT-6,2251.0,18.959999999999997,58.46666666666667,18.413333333333334
6,11,10,Estadio Azteca,Mexico City,19.29701,-99.08911,-21600,America/Mexico_City,GMT-6,2251.0,20.866666666666667,50.6,20.546666666666667
6,11,11,Estadio Azteca,Mexico City,19.29701,-99.08911,-21600,America/Mexico_City,GMT-6,2251.0,22.619999999999997,43.06666666666667,22.646666666666665
6,11,12,Estadio Azteca,Mexico City,19.29701,-99.08911,-21600,America/Mexico_City,GMT-6,2251.0,24.066666666666666,37.266666666666666,24.319999999999997
6,11,13,Estadio Azteca,Mexico City,19.29701,-99.08911,-21600,America/Mexico_City,GMT-6,2251.0,25.1,33.8,25.286666666666658
6,11,14,Estadio Azteca,Mexico City,19.29701,-99.08911,-21600,America/Mexico_City,GMT-6,2251.0,25.673333333333336,32.266666666666666,25.306666666666665
6,11,15,Estadio Azteca,Mexico City,19.29701,-99.08911,-21600,America/Mexico_City,GMT-6,2251.0,25.546666666666663,33.13333333333333,24.339999999999996
6,11,16,Estadio Azteca,Mexico City,19.29701,-99.08911,-21600,America/Mexico_City,GMT-6,2251.0,24.76666666666667,35.4,22.799999999999994
6,11,17,Estadio Azteca,Mexico City,19.29701,-99.08911,-21600,America/Mexico_City,GMT-6,2251.0,23.5,40.46666666666667,21.253333333333334
6,11,18,Estadio Azteca,Mexico City,19.29701,-99.08911,-21600,America/Mexico_City,GMT-6,2251.0,22.233333333333338,45.266666666666666,20.16666666666667
6,11,19,Estadio Azteca,Mexico City,19.29701,-99.08911,-21600,America/Mexico_City,GMT-6,2251.0,20.75333333333333,51.6,18.953333333333333
6,11,20,Estadio Azteca,Mexico City,19.29701,-99.08911,-21600,America/Mexico_City,GMT-6,2251.0,19.446666666666662,56.2,17.973333333333336
6,11,21,Estadio Azteca,Mexico City,19.29701,-99.08911,-21600,America/Mexico_City,GMT-6,2251.0,18.16,61.0,16.939999999999998
6,11,22,Estadio Azteca,Mexico City,19.29701,-99.08911,-21600,America/Mexico_City,GMT-6,2251.0,17.426666666666666,63.46666666666667,16.406666666666666
6,11,23,Estadio Azteca,Mexico City,19.29701,-99.08911,-21600,America/Mexico_City,GMT-6,2251.0,16.8,66.4,15.940000000000001
6,12,0,Estadio Azteca,Mexico City,19.29701,-99.08911,-21600,America/Mexico_City,GMT-6,2251.0,15.833333333333334,71.2,15.086666666666668
6,12,1,Estadio Azteca,Mexico City,19.29701,-99.08911,-21600,America/Mexico_City,GMT-6,2251.0,15.593333333333332,72.33333333333333,14.853333333333335
6,12,2,Estadio Azteca,Mexico City,19.29701,-99.08911,-21600,America/Mexico_City,GMT-6,2251.0,15.166666666666666,74.26666666666667,14.466666666666669
6,12,3,Estadio Azteca,Mexico City,19.29701,-99.08911,-21600,America/Mexico_City,GMT-6,2251.0,15.086666666666666,74.53333333333333,14.393333333333336
6,12,4,Estadio Azteca,Mexico City,19.29701,-99.08911,-21600,America/Mexico_City,GMT-6,2251.0,14.680000000000001,74.86666666666666,13.946666666666665
6,12,5,Estadio Azteca,Mexico City,19.29701,-99.08911,-21600,America/Mexico_City,GMT-6,2251.0,14.126666666666667,75.8,13.346666666666664
6,12,6,Estadio Azteca,Mexico City,19.29701,-99.08911,-21600,America/Mexico_City,GMT-6,2251.0,14.226666666666667,75.33333333333333,13.466666666666667
6,12,7,Estadio Azteca,Mexico City,19.29701,-99.08911,-21600,America/Mexico_City,GMT-6,2251.0,15.120000000000001,73.33333333333333,14.433333333333335
6,12,8,Estadio Azteca,Mexico City,19.29701,-99.08911,-21600,America/Mexico_City,GMT-6,2251.0,16.966666666666665,68.46666666666667,16.366666666666667
6,12,9,Estadio Azteca,Mexico City,19.29701,-99.08911,-21600,America/Mexico_City,GMT-6,2251.0,18.566666666666663,63.53333333333333,18.080000000000002
6,12,10,Estadio Azteca,Mexico City,19.29701,-99.08911,-21600,America/Mexico_City,GMT-6,2251.0,20.19333333333333,57.13333333333333,20.05333333333333
6,12,11,Estadio Azteca,Mexico City,19.29701,-99.08911,-21600,America/Mexico_City,GMT-6,2251.0,21.779999999999994,49.666666666666664,21.899999999999995
6,12,12,Estadio Azteca,Mexico City,19.29701,-99.08911,-21600,America/Mexico_City,GMT-6,2251.0,23.27333333333333,42.6,23.459999999999994
6,12,13,Estadio Azteca,Mexico City,19.29701,-99.08911,-21600,America/Mexico_City,GMT-6,2251.0,24.300000000000004,38.13333333333333,24.13333333333333
6,12,14,Estadio Azteca,Mexico City,19.29701,-99.08911,-21600,America/Mexico_City,GMT-6,2251.0,24.966666666666665,35.733333333333334,24.293333333333337
6,12,15,Estadio Azteca,Mexico City,19.29701,-99.08911,-21600,America/Mexico_City,GMT-6,2251.0,25.206666666666663,34.6,23.88
6,12,16,Estadio Azteca,Mexico City,19.29701,-99.08911,-21600,America/Mexico_City,GMT-6,2251.0,24.793333333333337,36.2,22.646666666666665
6,12,17,Estadio Azteca,Mexico City,19.29701,-99.08911,-21600,America/Mexico_City,GMT-6,2251.0,23.59333333333333,42.0,21.166666666666664
6,12,18,Estadio Azteca,Mexico City,19.29701,-99.08911,-21600,America/Mexico_City,GMT-6,2251.0,22.10666666666667,48.266666666666666,19.66
6,12,19,Estadio Azteca,Mexico City,19.29701,-99.08911,-21600,America/Mexico_City,GMT-6,2251.0,20.8,52.8,18.719999999999995
6,12,20,Estadio Azteca,Mexico City,19.29701,-99.08911,-21600,America/Mexico_City,GMT-6,2251.0,19.586666666666666,56.266666666666666,17.813333333333333
6,12,21,Estadio Azteca,Mexico City,19.29701,-99.08911,-21600,America/Mexico_City,GMT-6,2251.0,18.480000000000004,61.06666666666667,17.126666666666665
6,12,22,Estadio Azteca,Mexico City,19.29701,-99.08911,-21600,America/Mexico_City,GMT-6,2251.0,17.3,66.33333333333333,16.366666666666667
6,12,23,Estadio Azteca,Mexico City,19.29701,-99.08911,-21600,America/Mexico_City,GMT-6,2251.0,16.59333333333333,68.93333333333334,15.800000000000002
6,13,0,Estadio Azteca,Mexico City,19.29701,-99.08911,-21600,America/Mexico_City,GMT-6,2251.0,16.626666666666665,69.26666666666667,15.919999999999998
6,13,1,Estadio Azteca,Mexico City,19.29701,-99.08911,-21600,America/Mexico_City,GMT-6,2251.0,16.313333333333333,68.13333333333334,15.640000000000002
6,13,2,Estadio Azteca,Mexico City,19.29701,-99.08911,-21600,America/Mexico_City,GMT-6,2251.0,15.813333333333333,68.33333333333333,15.08666666666667
6,13,3,Estadio Azteca,Mexico City,19.29701,-99.08911,-21600,America/Mexico_City,GMT-6,2251.0,14.979999999999999,69.8,14.153333333333336
6,13,4,Estadio Azteca,Mexico City,19.29701,-99.08911,-21600,America/Mexico_City,GMT-6,2251.0,14.5,69.93333333333334,13.513333333333334
6,13,5,Estadio Azteca,Mexico City,19.29701,-99.08911,-21600,America/Mexico_City,GMT-6,2251.0,14.6,68.8,13.566666666666666
6,13,6,Estadio Azteca,Mexico City,19.29701,-99.08911,-21600,America/Mexico_City,GMT-6,2251.0,14.9,67.6,13.866666666666669
6,13,7,Estadio Azteca,Mexico City,19.29701,-99.08911,-21600,America/Mexico_City,GMT-6,2251.0,15.546666666666665,66.0,14.546666666666669
6,13,8,Estadio Azteca,Mexico City,19.29701,-99.08911,-21600,America/Mexico_City,GMT-6,2251.0,16.639999999999997,63.53333333333333,15.640000000000004
6,13,9,Estadio Azteca,Mexico City,19.29701,-99.08911,-21600,America/Mexico_City,GMT-6,2251.0,18.366666666666667,58.666666666666664,17.6
6,13,10,Estadio Azteca,Mexico City,19.29701,-99.08911,-21600,America/Mexico_City,GMT-6,2251.0,20.193333333333335,53.13333333333333,19.833333333333332
6,13,11,Estadio Azteca,Mexico City,19.29701,-99.08911,-21600,America/Mexico_City,GMT-6,2251.0,21.94,47.666666666666664,22.013333333333332
6,13,12,Estadio Azteca,Mexico City,19.29701,-99.08911,-21600,America/Mexico_City,GMT-6,2251.0,23.30666666666667,43.333333333333336,23.540000000000003
6,13,13,Estadio Azteca,Mexico City,19.29701,-99.08911,-21600,America/Mexico_City,GMT-6,2251.0,24.080000000000002,40.93333333333333,24.1
6,13,14,Estadio Azteca,Mexico City,19.29701,-99.08911,-21600,America/Mexico_City,GMT-6,2251.0,24.58666666666667,39.4,24.24
6,13,15,Estadio Azteca,Mexico City,19.29701,-99.08911,-21600,America/Mexico_City,GMT-6,2251.0,24.673333333333336,39.6,23.546666666666667
6,13,16,Estadio Azteca,Mexico City,19.29701,-99.08911,-21600,America/Mexico_City,GMT-6,2251.0,24.76666666666667,39.733333333333334,23.06
6,13,17,Estadio Azteca,Mexico City,19.29701,-99.08911,-21600,America/Mexico_City,GMT-6,2251.0,24.12666666666667,42.4,21.926666666666666
6,13,18,Estadio Azteca,Mexico City,19.29701,-99.08911,-21600,America/Mexico_City,GMT-6,2251.0,22.833333333333336,47.2,20.673333333333336
6,13,19,Estadio Azteca,Mexico City,19.29701,-99.08911,-21600,America/Mexico_City,GMT-6,2251.0,20.966666666666665,54.93333333333333,19.0
6,13,20,Estadio Azteca,Mexico City,19.29701,-99.08911,-21600,America/Mexico_City,GMT-6,2251.0,19.16,63.2,17.666666666666668
6,13,21,Estadio Azteca,Mexico City,19.29701,-99.08911,-21600,America/Mexico_City,GMT-6,2251.0,17.966666666666665,68.53333333333333,16.84666666666667
6,13,22,Estadio Azteca,Mexico City,19.29701,-99.08911,-21600,America/Mexico_City,GMT-6,2251.0,17.28666666666667,71.2,16.453333333333337
6,13,23,Estadio Azteca,Mexico City,19.29701,-99.08911,-21600,America/Mexico_City,GMT-6,2251.0,16.78666666666667,70.66666666666667,16.006666666666668
6,14,0,Estadio Azteca,Mexico City,19.29701,-99.08911,-21600,America/Mexico_City,GMT-6,2251.0,16.313333333333336,75.2,15.859999999999998
6,14,1,Estadio Azteca,Mexico City,19.29701,-99.08911,-21600,America/Mexico_City,GMT-6,2251.0,15.813333333333333,75.73333333333333,15.313333333333334
6,14,2,Estadio Azteca,Mexico City,19.29701,-99.08911,-21600,America/Mexico_City,GMT-6,2251.0,15.246666666666666,78.13333333333334,14.846666666666666
6,14,3,Estadio Azteca,Mexico City,19.29701,-99.08911,-21600,America/Mexico_City,GMT-6,2251.0,14.726666666666665,80.46666666666667,14.393333333333333
6,14,4,Estadio Azteca,Mexico City,19.29701,-99.08911,-21600,America/Mexico_City,GMT-6,2251.0,14.393333333333333,81.93333333333334,14.13333333333333
6,14,5,Estadio Azteca,Mexico City,19.29701,-99.08911,-21600,America/Mexico_City,GMT-6,2251.0,14.293333333333333,82.33333333333333,14.046666666666663
6,14,6,Estadio Azteca,Mexico City,19.29701,-99.08911,-21600,America/Mexico_City,GMT-6,2251.0,14.759999999999998,80.6,14.486666666666668
6,14,7,Estadio Azteca,Mexico City,19.29701,-99.08911,-21600,America/Mexico_City,GMT-6,2251.0,15.706666666666667,77.2,15.360000000000001
6,14,8,Estadio Azteca,Mexico City,19.29701,-99.08911,-21600,America/Mexico_City,GMT-6,2251.0,17.126666666666665,71.53333333333333,16.713333333333335
6,14,9,Estadio Azteca,Mexico City,19.29701,-99.08911,-21600,America/Mexico_City,GMT-6,2251.0,18.706666666666663,64.26666666666667,18.32
6,14,10,Estadio Azteca,Mexico City,19.29701,-99.08911,-21600,America/Mexico_City,GMT-6,2251.0,20.42,55.46666666666667,20.113333333333337
6,14,11,Estadio Azteca,Mexico City,19.29701,-99.08911,-21600,America/Mexico_City,GMT-6,2251.0,21.80666666666667,48.666666666666664,21.693333333333335
6,14,12,Estadio Azteca,Mexico City,19.29701,-99.08911,-21600,America/Mexico_City,GMT-6,2251.0,22.94666666666667,44.733333333333334,23.133333333333336
6,14,13,Estadio Azteca,Mexico City,19.29701,-99.08911,-21600,America/Mexico_City,GMT-6,2251.0,23.833333333333332,42.93333333333333,24.293333333333337
6,14,14,Estadio Azteca,Mexico City,19.29701,-99.08911,-21600,America/Mexico_City,GMT-6,2251.0,24.660000000000004,41.4,24.799999999999997
6,14,15,Estadio Azteca,Mexico City,19.29701,-99.08911,-21600,America/Mexico_City,GMT-6,2251.0,24.9,41.266666666666666,24.206666666666663
6,14,16,Estadio Azteca,Mexico City,19.29701,-99.08911,-21600,America/Mexico_City,GMT-6,2251.0,24.313333333333333,43.0,22.733333333333334
6,14,17,Estadio Azteca,Mexico City,19.29701,-99.08911,-21600,America/Mexico_City,GMT-6,2251.0,23.366666666666667,45.93333333333333,21.366666666666667
6,14,18,Estadio Azteca,Mexico City,19.29701,-99.08911,-21600,America/Mexico_City,GMT-6,2251.0,21.639999999999997,53.266666666666666,19.860000000000003
6,14,19,Estadio Azteca,Mexico City,19.29701,-99.08911,-21600,America/Mexico_City,GMT-6,2251.0,20.126666666666665,60.733333333333334,18.8
6,14,20,Estadio Azteca,Mexico City,19.29701,-99.08911,-21600,America/Mexico_City,GMT-6,2251.0,18.506666666666664,69.53333333333333,17.813333333333336
6,14,21,Estadio Azteca,Mexico City,19.29701,-99.08911,-21600,America/Mexico_City,GMT-6,2251.0,17.706666666666663,73.26666666666667,17.360000000000003
6,14,22,Estadio Azteca,Mexico City,19.29701,-99.08911,-21600,America/Mexico_City,GMT-6,2251.0,17.093333333333337,76.06666666666666,16.87333333333333
6,14,23,Estadio Azteca,Mexico City,19.29701,-99.08911,-21600,America/Mexico_City,GMT-6,2251.0,16.693333333333335,75.53333333333333,16.34
6,15,0,Estadio Azteca,Mexico City,19.29701,-99.08911,-21600,America/Mexico_City,GMT-6,2251.0,16.2,77.93333333333334,15.766666666666671
6,15,1,Estadio Azteca,Mexico City,19.29701,-99.08911,-21600,America/Mexico_City,GMT-6,2251.0,15.706666666666667,80.86666666666666,15.306666666666668
6,15,2,Estadio Azteca,Mexico City,19.29701,-99.08911,-21600,America/Mexico_City,GMT-6,2251.0,15.22,83.06666666666666,14.886666666666665
6,15,3,Estadio Azteca,Mexico City,19.29701,-99.08911,-21600,America/Mexico_City,GMT-6,2251.0,14.733333333333336,85.0,14.45333333333333
6,15,4,Estadio Azteca,Mexico City,19.29701,-99.08911,-21600,America/Mexico_City,GMT-6,2251.0,14.326666666666666,85.73333333333333,14.026666666666666
6,15,5,Estadio Azteca,Mexico City,19.29701,-99.08911,-21600,America/Mexico_City,GMT-6,2251.0,14.146666666666667,84.33333333333333,13.819999999999997
6,15,6,Estadio Azteca,Mexico City,19.29701,-99.08911,-21600,America/Mexico_City,GMT-6,2251.0,14.439999999999998,81.46666666666667,14.026666666666666
6,15,7,Estadio Azteca,Mexico City,19.29701,-99.08911,-21600,America/Mexico_City,GMT-6,2251.0,15.233333333333333,76.93333333333334,14.74
6,15,8,Estadio Azteca,Mexico City,19.29701,-99.08911,-21600,America/Mexico_City,GMT-6,2251.0,16.48,71.53333333333333,15.873333333333333
6,15,9,Estadio Azteca,Mexico City,19.29701,-99.08911,-21600,America/Mexico_City,GMT-6,2251.0,17.986666666666668,65.0,17.473333333333336
6,15,10,Estadio Azteca,Mexico City,19.29701,-99.08911,-21600,America/Mexico_City,GMT-6,2251.0,19.68,58.06666666666667,19.526666666666664
6,15,11,Estadio Azteca,Mexico City,19.29701,-99.08911,-21600,America/Mexico_City,GMT-6,2251.0,21.453333333333337,51.13333333333333,21.94
6,15,12,Estadio Azteca,Mexico City,19.29701,-99.08911,-21600,America/Mexico_City,GMT-6,2251.0,22.826666666666664,46.13333333333333,23.560000000000002
6,15,13,Estadio Azteca,Mexico City,19.29701,-99.08911,-21600,America/Mexico_City,GMT-6,2251.0,23.806666666666665,42.8,24.413333333333338
6,15,14,Estadio Azteca,Mexico City,19.29701,-99.08911,-21600,America/Mexico_City,GMT-6,2251.0,24.233333333333334,42.06666666666667,24.166666666666668
6,15,15,Estadio Azteca,Mexico City,19.29701,-99.08911,-21600,America/Mexico_City,GMT-6,2251.0,24.24666666666667,42.733333333333334,23.659999999999993
6,15,16,Estadio Azteca,Mexico City,19.29701,-99.08911,-21600,America/Mexico_City,GMT-6,2251.0,23.75333333333333,45.2,22.466666666666665
6,15,17,Estadio Azteca,Mexico City,19.29701,-99.08911,-21600,America/Mexico_City,GMT-6,2251.0,23.033333333333335,47.733333333333334,21.48
6,15,18,Estadio Azteca,Mexico City,19.29701,-99.08911,-21600,America/Mexico_City,GMT-6,2251.0,21.91333333333333,51.666666666666664,20.346666666666668
6,15,19,Estadio Azteca,Mexico City,19.29701,-99.08911,-21600,America/Mexico_City,GMT-6,2251.0,20.486666666666668,58.06666666666667,19.273333333333333
6,15,20,Estadio Azteca,Mexico City,19.29701,-99.08911,-21600,America/Mexico_City,GMT-6,2251.0,18.90666666666667,65.13333333333334,17.913333333333338
6,15,21,Estadio Azteca,Mexico City,19.29701,-99.08911,-21600,America/Mexico_City,GMT-6,2251.0,17.726666666666667,70.6,16.93333333333333
6,15,22,Estadio Azteca,Mexico City,19.29701,-99.08911,-21600,America/Mexico_City,GMT-6,2251.0,17.079999999999995,72.86666666666666,16.466666666666665
6,15,23,Estadio Azteca,Mexico City,19.29701,-99.08911,-21600,America/Mexico_City,GMT-6,2251.0,16.6,75.53333333333333,16.14
6,16,0,Estadio Azteca,Mexico City,19.29701,-99.08911,-21600,America/Mexico_City,GMT-6,2251.0,15.973333333333334,75.4,15.506666666666664
6,16,1,Estadio Azteca,Mexico City,19.29701,-99.08911,-21600,America/Mexico_City,GMT-6,2251.0,15.353333333333333,79.33333333333333,14.94
6,16,2,Estadio Azteca,Mexico City,19.29701,-99.08911,-21600,America/Mexico_City,GMT-6,2251.0,14.74666666666667,81.66666666666667,14.286666666666665
6,16,3,Estadio Azteca,Mexico City,19.29701,-99.08911,-21600,America/Mexico_City,GMT-6,2251.0,14.093333333333335,83.86666666666666,13.546666666666665
6,16,4,Estadio Azteca,Mexico City,19.29701,-99.08911,-21600,America/Mexico_City,GMT-6,2251.0,13.606666666666666,84.26666666666667,13.006666666666666
6,16,5,Estadio Azteca,Mexico City,19.29701,-99.08911,-21600,America/Mexico_City,GMT-6,2251.0,13.426666666666666,84.73333333333333,12.833333333333332
6,16,6,Estadio Azteca,Mexico City,19.29701,-99.08911,-21600,America/Mexico_City,GMT-6,2251.0,13.859999999999998,82.66666666666667,13.22
6,16,7,Estadio Azteca,Mexico City,19.29701,-99.08911,-21600,America/Mexico_City,GMT-6,2251.0,14.833333333333332,79.0,14.200000000000001
6,16,8,Estadio Azteca,Mexico City,19.29701,-99.08911,-21600,America/Mexico_City,GMT-6,2251.0,16.233333333333334,72.93333333333334,15.573333333333336
6,16,9,Estadio Azteca,Mexico City,19.29701,-99.08911,-21600,America/Mexico_City,GMT-6,2251.0,17.84,66.46666666666667,17.413333333333334
6,16,10,Estadio Azteca,Mexico City,19.29701,-99.08911,-21600,America/Mexico_City,GMT-6,2251.0,19.666666666666668,58.666666666666664,19.606666666666666
6,16,11,Estadio Azteca,Mexico City,19.29701,-99.08911,-21600,America/Mexico_City,GMT-6,2251.0,21.426666666666666,50.666666666666664,21.753333333333334
6,16,12,Estadio Azteca,Mexico City,19.29701,-99.08911,-21600,America/Mexico_City,GMT-6,2251.0,22.953333333333333,43.86666666666667,23.413333333333334
6,16,13,Estadio Azteca,Mexico City,19.29701,-99.08911,-21600,America/Mexico_City,GMT-6,2251.0,23.95333333333333,40.0,24.186666666666667
6,16,14,Estadio Azteca,Mexico City,19.29701,-99.08911,-21600,America/Mexico_City,GMT-6,2251.0,24.513333333333332,37.53333333333333,24.040000000000003
6,16,15,Estadio Azteca,Mexico City,19.29701,-99.08911,-21600,America/Mexico_City,GMT-6,2251.0,24.513333333333335,37.0,23.12666666666667
6,16,16,Estadio Azteca,Mexico City,19.29701,-99.08911,-21600,America/Mexico_City,GMT-6,2251.0,24.206666666666663,36.86666666666667,21.913333333333338
6,16,17,Estadio Azteca,Mexico City,19.29701,-99.08911,-21600,America/Mexico_City,GMT-6,2251.0,23.55333333333333,38.333333333333336,20.90666666666667
6,16,18,Estadio Azteca,Mexico City,19.29701,-99.08911,-21600,America/Mexico_City,GMT-6,2251.0,22.413333333333334,42.13333333333333,19.973333333333333
6,16,19,Estadio Azteca,Mexico City,19.29701,-99.08911,-21600,America/Mexico_City,GMT-6,2251.0,20.92,48.53333333333333,19.026666666666664
6,16,20,Estadio Azteca,Mexico City,19.29701,-99.08911,-21600,America/Mexico_City,GMT-6,2251.0,19.360000000000003,55.733333333333334,17.986666666666668
6,16,21,Estadio Azteca,Mexico City,19.29701,-99.08911,-21600,America/Mexico_City,GMT-6,2251.0,18.0,62.6,16.96
6,16,22,Estadio Azteca,Mexico City,19.29701,-99.08911,-21600,America/Mexico_City,GMT-6,2251.0,17.10666666666667,67.33333333333333,16.279999999999998
6,16,23,Estadio Azteca,Mexico City,19.29701,-99.08911,-21600,America/Mexico_City,GMT-6,2251.0,16.38666666666667,72.4,15.78
6,17,0,Estadio Azteca,Mexico City,19.29701,-99.08911,-21600,America/Mexico_City,GMT-6,2251.0,15.419999999999998,72.46666666666667,14.48666666666667
6,17,1,Estadio Azteca,Mexico City,19.29701,-99.08911,-21600,America/Mexico_City,GMT-6,2251.0,14.706666666666669,76.53333333333333,13.90666666666667
6,17,2,Estadio Azteca,Mexico City,19.29701,-99.08911,-21600,America/Mexico_City,GMT-6,2251.0,14.213333333333336,77.86666666666666,13.366666666666667
6,17,3,Estadio Azteca,Mexico City,19.29701,-99.08911,-21600,America/Mexico_City,GMT-6,2251.0,13.800000000000002,79.0,12.919999999999998
6,17,4,Estadio Azteca,Mexico City,19.29701,-99.08911,-21600,America/Mexico_City,GMT-6,2251.0,13.5,79.26666666666667,12.606666666666666
6,17,5,Estadio Azteca,Mexico City,19.29701,-99.08911,-21600,America/Mexico_City,GMT-6,2251.0,13.3,79.6,12.413333333333332
6,17,6,Estadio Azteca,Mexico City,19.29701,-99.08911,-21600,America/Mexico_City,GMT-6,2251.0,13.686666666666666,78.06666666666666,12.713333333333335
6,17,7,Estadio Azteca,Mexico City,19.29701,-99.08911,-21600,America/Mexico_City,GMT-6,2251.0,14.726666666666667,74.4,13.733333333333336
6,17,8,Estadio Azteca,Mexico City,19.29701,-99.08911,-21600,America/Mexico_City,GMT-6,2251.0,16.253333333333334,69.2,15.326666666666664
6,17,9,Estadio Azteca,Mexico City,19.29701,-99.08911,-21600,America/Mexico_City,GMT-6,2251.0,17.880000000000003,63.06666666666667,17.173333333333332
6,17,10,Estadio Azteca,Mexico City,19.29701,-99.08911,-21600,America/Mexico_City,GMT-6,2251.0,19.613333333333333,55.53333333333333,19.133333333333333
6,17,11,Estadio Azteca,Mexico City,19.29701,-99.08911,-21600,America/Mexico_City,GMT-6,2251.0,21.18,49.2,21.186666666666667
6,17,12,Estadio Azteca,Mexico City,19.29701,-99.08911,-21600,America/Mexico_City,GMT-6,2251.0,22.486666666666668,44.53333333333333,22.753333333333334
6,17,13,Estadio Azteca,Mexico City,19.29701,-99.08911,-21600,America/Mexico_City,GMT-6,2251.0,23.433333333333334,41.46666666666667,23.773333333333333
6,17,14,Estadio Azteca,Mexico City,19.29701,-99.08911,-21600,America/Mexico_City,GMT-6,2251.0,24.193333333333335,38.2,23.959999999999997
6,17,15,Estadio Azteca,Mexico City,19.29701,-99.08911,-21600,America/Mexico_City,GMT-6,2251.0,24.593333333333337,35.86666666666667,23.62666666666667
6,17,16,Estadio Azteca,Mexico City,19.29701,-99.08911,-21600,America/Mexico_City,GMT-6,2251.0,24.286666666666665,36.4,22.513333333333335
6,17,17,Estadio Azteca,Mexico City,19.29701,-99.08911,-21600,America/Mexico_City,GMT-6,2251.0,23.053333333333335,42.4,20.87333333333334
6,17,18,Estadio Azteca,Mexico City,19.29701,-99.08911,-21600,America/Mexico_City,GMT-6,2251.0,21.533333333333328,49.46666666666667,19.44666666666667
6,17,19,Estadio Azteca,Mexico City,19.29701,-99.08911,-21600,America/Mexico_City,GMT-6,2251.0,19.96,56.06666666666667,18.220000000000002
6,17,20,Estadio Azteca,Mexico City,19.29701,-99.08911,-21600,America/Mexico_City,GMT-6,2251.0,18.86,59.733333333333334,17.453333333333333
6,17,21,Estadio Azteca,Mexico City,19.29701,-99.08911,-21600,America/Mexico_City,GMT-6,2251.0,17.793333333333333,63.266666666666666,16.513333333333335
6,17,22,Estadio Azteca,Mexico City,19.29701,-99.08911,-21600,America/Mexico_City,GMT-6,2251.0,16.966666666666665,66.06666666666666,15.746666666666668
6,17,23,Estadio Azteca,Mexico City,19.29701,-99.08911,-21600,America/Mexico_City,GMT-6,2251.0,16.139999999999997,69.53333333333333,15.053333333333336
6,18,0,Estadio Azteca,Mexico City,19.29701,-99.08911,-21600,America/Mexico_City,GMT-6,2251.0,15.593333333333332,70.06666666666666,14.526666666666669
6,18,1,Estadio Azteca,Mexico City,19.29701,-99.08911,-21600,America/Mexico_City,GMT-6,2251.0,15.086666666666666,69.33333333333333,13.88
6,18,2,Estadio Azteca,Mexico City,19.29701,-99.08911,-21600,America/Mexico_City,GMT-6,2251.0,14.480000000000002,70.6,13.333333333333334
6,18,3,Estadio Azteca,Mexico City,19.29701,-99.08911,-21600,America/Mexico_City,GMT-6,2251.0,13.96,71.4,12.866666666666667
6,18,4,Estadio Azteca,Mexico City,19.29701,-99.08911,-21600,America/Mexico_City,GMT-6,2251.0,13.340000000000002,72.66666666666667,12.2
6,18,5,Estadio Azteca,Mexico City,19.29701,-99.08911,-21600,America/Mexico_City,GMT-6,2251.0,13.24,72.93333333333334,12.113333333333333
6,18,6,Estadio Azteca,Mexico City,19.29701,-99.08911,-21600,America/Mexico_City,GMT-6,2251.0,13.646666666666668,72.0,12.533333333333333
6,18,7,Estadio Azteca,Mexico City,19.29701,-99.08911,-21600,America/Mexico_City,GMT-6,2251.0,14.920000000000003,68.26666666666667,13.866666666666667
6,18,8,Estadio Azteca,Mexico City,19.29701,-99.08911,-21600,America/Mexico_City,GMT-6,2251.0,16.393333333333334,64.33333333333333,15.360000000000003
6,18,9,Estadio Azteca,Mexico City,19.29701,-99.08911,-21600,America/Mexico_City,GMT-6,2251.0,18.066666666666666,58.93333333333333,17.186666666666664
6,18,10,Estadio Azteca,Mexico City,19.29701,-99.08911,-21600,America/Mexico_City,GMT-6,2251.0,19.733333333333338,53.666666666666664,19.206666666666663
6,18,11,Estadio Azteca,Mexico City,19.29701,-99.08911,-21600,America/Mexico_City,GMT-6,2251.0,21.220000000000002,48.4,21.119999999999997
6,18,12,Estadio Azteca,Mexico City,19.29701,-99.08911,-21600,America/Mexico_City,GMT-6,2251.0,22.32666666666667,45.53333333333333,22.473333333333333
6,18,13,Estadio Azteca,Mexico City,19.29701,-99.08911,-21600,America/Mexico_City,GMT-6,2251.0,22.94666666666667,44.4,22.966666666666665
6,18,14,Estadio Azteca,Mexico City,19.29701,-99.08911,-21600,America/Mexico_City,GMT-6,2251.0,23.473333333333336,43.4,23.100000000000005
6,18,15,Estadio Azteca,Mexico City,19.29701,-99.08911,-21600,America/Mexico_City,GMT-6,2251.0,23.75333333333333,42.6,22.720000000000006
6,18,16,Estadio Azteca,Mexico City,19.29701,-99.08911,-21600,America/Mexico_City,GMT-6,2251.0,23.75333333333333,42.53333333333333,22.053333333333338
6,18,17,Estadio Azteca,Mexico City,19.29701,-99.08911,-21600,America/Mexico_City,GMT-6,2251.0,23.099999999999998,43.266666666666666,20.720000000000002
6,18,18,Estadio Azteca,Mexico City,19.29701,-99.08911,-21600,America/Mexico_City,GMT-6,2251.0,21.526666666666664,48.86666666666667,19.113333333333333
6,18,19,Estadio Azteca,Mexico City,19.29701,-99.08911,-21600,America/Mexico_City,GMT-6,2251.0,19.793333333333333,55.4,17.77333333333333
6,18,20,Estadio Azteca,Mexico City,19.29701,-99.08911,-21600,America/Mexico_City,GMT-6,2251.0,18.259999999999998,63.4,16.926666666666666
6,18,21,Estadio Azteca,Mexico City,19.29701,-99.08911,-21600,America/Mexico_City,GMT-6,2251.0,17.386666666666667,67.8,16.48
6,18,22,Estadio Azteca,Mexico City,19.29701,-99.08911,-21600,America/Mexico_City,GMT-6,2251.0,16.686666666666664,70.93333333333334,15.953333333333331
6,18,23,Estadio Azteca,Mexico City,19.29701,-99.08911,-21600,America/Mexico_City,GMT-6,2251.0,16.09333333333333,70.86666666666666,15.226666666666665
6,19,0,Estadio Azteca,Mexico City,19.29701,-99.08911,-21600,America/Mexico_City,GMT-6,2251.0,15.586666666666666,73.6,14.799999999999999
6,19,1,Estadio Azteca,Mexico City,19.29701,-99.08911,-21600,America/Mexico_City,GMT-6,2251.0,14.946666666666664,73.2,13.933333333333334
6,19,2,Estadio Azteca,Mexico City,19.29701,-99.08911,-21600,America/Mexico_City,GMT-6,2251.0,14.54,73.93333333333334,13.473333333333333
6,19,3,Estadio Azteca,Mexico City,19.29701,-99.08911,-21600,America/Mexico_City,GMT-6,2251.0,14.099999999999998,74.4,12.993333333333334
6,19,4,Estadio Azteca,Mexico City,19.29701,-99.08911,-21600,America/Mexico_City,GMT-6,2251.0,13.813333333333333,74.73333333333333,12.713333333333333
6,19,5,Estadio Azteca,Mexico City,19.29701,-99.08911,-21600,America/Mexico_City,GMT-6,2251.0,13.593333333333332,75.33333333333333,12.506666666666666
6,19,6,Estadio Azteca,Mexico City,19.29701,-99.08911,-21600,America/Mexico_City,GMT-6,2251.0,14.08,75.0,13.093333333333335
6,19,7,Estadio Azteca,Mexico City,19.29701,-99.08911,-21600,America/Mexico_City,GMT-6,2251.0,15.146666666666667,72.26666666666667,14.233333333333336
6,19,8,Estadio Azteca,Mexico City,19.29701,-99.08911,-21600,America/Mexico_City,GMT-6,2251.0,16.78,67.2,15.906666666666668
6,19,9,Estadio Azteca,Mexico City,19.29701,-99.08911,-21600,America/Mexico_City,GMT-6,2251.0,18.506666666666668,60.53333333333333,17.69333333333333
6,19,10,Estadio Azteca,Mexico City,19.29701,-99.08911,-21600,America/Mexico_City,GMT-6,2251.0,20.179999999999996,54.666666666666664,19.579999999999995
6,19,11,Estadio Azteca,Mexico City,19.29701,-99.08911,-21600,America/Mexico_City,GMT-6,2251.0,21.553333333333335,50.733333333333334,21.326666666666664
6,19,12,Estadio Azteca,Mexico City,19.29701,-99.08911,-21600,America/Mexico_City,GMT-6,2251.0,22.60666666666667,48.46666666666667,22.59333333333333
6,19,13,Estadio Azteca,Mexico City,19.29701,-99.08911,-21600,America/Mexico_City,GMT-6,2251.0,23.573333333333338,45.13333333333333,23.38666666666666
6,19,14,Estadio Azteca,Mexico City,19.29701,-99.08911,-21600,America/Mexico_City,GMT-6,2251.0,24.22666666666667,42.2,23.44
6,19,15,Estadio Azteca,Mexico City,19.29701,-99.08911,-21600,America/Mexico_City,GMT-6,2251.0,24.32,41.0,22.793333333333337
6,19,16,Estadio Azteca,Mexico City,19.29701,-99.08911,-21600,America/Mexico_City,GMT-6,2251.0,23.826666666666664,42.4,21.686666666666667
6,19,17,Estadio Azteca,Mexico City,19.29701,-99.08911,-21600,America/Mexico_City,GMT-6,2251.0,22.586666666666666,46.733333333333334,20.30666666666667
6,19,18,Estadio Azteca,Mexico City,19.29701,-99.08911,-21600,America/Mexico_City,GMT-6,2251.0,20.87333333333333,55.53333333333333,19.006666666666668
6,19,19,Estadio Azteca,Mexico City,19.29701,-99.08911,-21600,America/Mexico_City,GMT-6,2251.0,19.133333333333333,64.2,17.886666666666667
6,19,20,Estadio Azteca,Mexico City,19.29701,-99.08911,-21600,America/Mexico_City,GMT-6,2251.0,17.813333333333333,70.66666666666667,17.1
6,19,21,Estadio Azteca,Mexico City,19.29701,-99.08911,-21600,America/Mexico_City,GMT-6,2251.0,17.16,72.2,16.666666666666664
6,19,22,Estadio Azteca,Mexico City,19.29701,-99.08911,-21600,America/Mexico_City,GMT-6,2251.0,16.61333333333333,74.13333333333334,16.220000000000002
6,19,23,Estadio Azteca,Mexico City,19.29701,-99.08911,-21600,America/Mexico_City,GMT-6,2251.0,16.14,73.93333333333334,15.579999999999997
6,20,0,Estadio Azteca,Mexico City,19.29701,-99.08911,-21600,America/Mexico_City,GMT-6,2251.0,16.179999999999996,75.93333333333334,15.700000000000001
6,20,1,Estadio Azteca,Mexico City,19.29701,-99.08911,-21600,America/Mexico_City,GMT-6,2251.0,15.419999999999998,77.13333333333334,14.74
6,20,2,Estadio Azteca,Mexico City,19.29701,-99.08911,-21600,America/Mexico_City,GMT-6,2251.0,15.026666666666669,77.86666666666666,14.4
6,20,3,Estadio Azteca,Mexico City,19.29701,-99.08911,-21600,America/Mexico_City,GMT-6,2251.0,14.600000000000001,78.6,13.973333333333333
6,20,4,Estadio Azteca,Mexico City,19.29701,-99.08911,-21600,America/Mexico_City,GMT-6,2251.0,14.353333333333333,78.33333333333333,13.726666666666667
6,20,5,Estadio Azteca,Mexico City,19.29701,-99.08911,-21600,America/Mexico_City,GMT-6,2251.0,13.953333333333335,79.86666666666666,13.353333333333332
6,20,6,Estadio Azteca,Mexico City,19.29701,-99.08911,-21600,America/Mexico_City,GMT-6,2251.0,14.22,79.13333333333334,13.766666666666667
6,20,7,Estadio Azteca,Mexico City,19.29701,-99.08911,-21600,America/Mexico_City,GMT-6,2251.0,15.106666666666667,77.0,14.813333333333334
6,20,8,Estadio Azteca,Mexico City,19.29701,-99.08911,-21600,America/Mexico_City,GMT-6,2251.0,16.793333333333337,71.2,16.546666666666667
6,20,9,Estadio Azteca,Mexico City,19.29701,-99.08911,-21600,America/Mexico_City,GMT-6,2251.0,18.473333333333336,65.33333333333333,18.353333333333335
6,20,10,Estadio Azteca,Mexico City,19.29701,-99.08911,-21600,America/Mexico_City,GMT-6,2251.0,20.08666666666667,59.2,20.319999999999997
6,20,11,Estadio Azteca,Mexico City,19.29701,-99.08911,-21600,America/Mexico_City,GMT-6,2251.0,21.65333333333334,53.2,22.44666666666667
6,20,12,Estadio Azteca,Mexico City,19.29701,-99.08911,-21600,America/Mexico_City,GMT-6,2251.0,22.88666666666667,48.8,24.026666666666674
6,20,13,Estadio Azteca,Mexico City,19.29701,-99.08911,-21600,America/Mexico_City,GMT-6,2251.0,23.780000000000005,45.46666666666667,24.753333333333337
6,20,14,Estadio Azteca,Mexico City,19.29701,-99.08911,-21600,America/Mexico_City,GMT-6,2251.0,24.180000000000003,43.333333333333336,24.560000000000002
6,20,15,Estadio Azteca,Mexico City,19.29701,-99.08911,-21600,America/Mexico_City,GMT-6,2251.0,24.153333333333332,42.733333333333334,23.586666666666662
6,20,16,Estadio Azteca,Mexico City,19.29701,-99.08911,-21600,America/Mexico_City,GMT-6,2251.0,23.680000000000003,44.93333333333333,22.473333333333333
6,20,17,Estadio Azteca,Mexico City,19.29701,-99.08911,-21600,America/Mexico_City,GMT-6,2251.0,22.77333333333333,50.4,21.426666666666666
6,20,18,Estadio Azteca,Mexico City,19.29701,-99.08911,-21600,America/Mexico_City,GMT-6,2251.0,21.426666666666666,57.666666666666664,20.46
6,20,19,Estadio Azteca,Mexico City,19.29701,-99.08911,-21600,America/Mexico_City,GMT-6,2251.0,19.953333333333337,65.26666666666667,19.433333333333337
6,20,20,Estadio Azteca,Mexico City,19.29701,-99.08911,-21600,America/Mexico_City,GMT-6,2251.0,18.44666666666667,71.66666666666667,18.053333333333335
6,20,21,Estadio Azteca,Mexico City,19.29701,-99.08911,-21600,America/Mexico_City,GMT-6,2251.0,17.540000000000003,74.73333333333333,17.28666666666667
6,20,22,Estadio Azteca,Mexico City,19.29701,-99.08911,-21600,America/Mexico_City,GMT-6,2251.0,17.1,75.6,16.893333333333334
6,20,23,Estadio Azteca,Mexico City,19.29701,-99.08911,-21600,America/Mexico_City,GMT-6,2251.0,16.653333333333332,75.4,16.366666666666667
6,21,0,Estadio Azteca,Mexico City,19.29701,-99.08911,-21600,America/Mexico_City,GMT-6,2251.0,15.646666666666665,77.4,15.086666666666668
6,21,1,Estadio Azteca,Mexico City,19.29701,-99.08911,-21600,America/Mexico_City,GMT-6,2251.0,15.113333333333333,80.4,14.72
6,21,2,Estadio Azteca,Mexico City,19.29701,-99.08911,-21600,America/Mexico_City,GMT-6,2251.0,14.499999999999998,81.66666666666667,14.02
6,21,3,Estadio Azteca,Mexico City,19.29701,-99.08911,-21600,America/Mexico_City,GMT-6,2251.0,13.913333333333332,82.66666666666667,13.38
6,21,4,Estadio Azteca,Mexico City,19.29701,-99.08911,-21600,America/Mexico_City,GMT-6,2251.0,13.473333333333333,82.6,12.82
6,21,5,Estadio Azteca,Mexico City,19.29701,-99.08911,-21600,America/Mexico_City,GMT-6,2251.0,13.473333333333333,81.6,12.680000000000001
6,21,6,Estadio Azteca,Mexico City,19.29701,-99.08911,-21600,America/Mexico_City,GMT-6,2251.0,13.953333333333331,79.93333333333334,13.106666666666666
6,21,7,Estadio Azteca,Mexico City,19.29701,-99.08911,-21600,America/Mexico_City,GMT-6,2251.0,15.159999999999998,76.4,14.386666666666665
6,21,8,Estadio Azteca,Mexico City,19.29701,-99.08911,-21600,America/Mexico_City,GMT-6,2251.0,16.72,71.66666666666667,16.080000000000002
6,21,9,Estadio Azteca,Mexico City,19.29701,-99.08911,-21600,America/Mexico_City,GMT-6,2251.0,18.58,64.66666666666667,18.086666666666666
6,21,10,Estadio Azteca,Mexico City,19.29701,-99.08911,-21600,America/Mexico_City,GMT-6,2251.0,20.386666666666667,57.46666666666667,20.126666666666665
6,21,11,Estadio Azteca,Mexico City,19.29701,-99.08911,-21600,America/Mexico_City,GMT-6,2251.0,21.833333333333332,50.86666666666667,21.626666666666665
6,21,12,Estadio Azteca,Mexico City,19.29701,-99.08911,-21600,America/Mexico_City,GMT-6,2251.0,22.713333333333335,48.333333333333336,22.526666666666664
6,21,13,Estadio Azteca,Mexico City,19.29701,-99.08911,-21600,America/Mexico_City,GMT-6,2251.0,23.32,46.6,22.833333333333332
6,21,14,Estadio Azteca,Mexico City,19.29701,-99.08911,-21600,America/Mexico_City,GMT-6,2251.0,23.833333333333332,45.53333333333333,22.979999999999997
6,21,15,Estadio Azteca,Mexico City,19.29701,-99.08911,-21600,America/Mexico_City,GMT-6,2251.0,23.846666666666668,44.93333333333333,22.38
6,21,16,Estadio Azteca,Mexico City,19.29701,-99.08911,-21600,America/Mexico_City,GMT-6,2251.0,23.326666666666668,47.333333333333336,21.44
6,21,17,Estadio Azteca,Mexico City,19.29701,-99.08911,-21600,America/Mexico_City,GMT-6,2251.0,22.246666666666666,51.8,20.28666666666667
6,21,18,Estadio Azteca,Mexico City,19.29701,-99.08911,-21600,America/Mexico_City,GMT-6,2251.0,21.133333333333336,56.0,19.453333333333337
6,21,19,Estadio Azteca,Mexico City,19.29701,-99.08911,-21600,America/Mexico_City,GMT-6,2251.0,19.753333333333334,60.93333333333333,18.413333333333338
6,21,20,Estadio Azteca,Mexico City,19.29701,-99.08911,-21600,America/Mexico_City,GMT-6,2251.0,18.406666666666663,65.93333333333334,17.413333333333334
6,21,21,Estadio Azteca,Mexico City,19.29701,-99.08911,-21600,America/Mexico_City,GMT-6,2251.0,17.113333333333337,70.86666666666666,16.299999999999997
6,21,22,Estadio Azteca,Mexico City,19.29701,-99.08911,-21600,America/Mexico_City,GMT-6,2251.0,16.366666666666667,73.06666666666666,15.58
6,21,23,Estadio Azteca,Mexico City,19.29701,-99.08911,-21600,America/Mexico_City,GMT-6,2251.0,15.886666666666665,75.73333333333333,15.233333333333333
6,22,0,Estadio Azteca,Mexico City,19.29701,-99.08911,-21600,America/Mexico_City,GMT-6,2251.0,15.94,73.66666666666667,15.313333333333333
6,22,1,Estadio Azteca,Mexico City,19.29701,-99.08911,-21600,America/Mexico_City,GMT-6,2251.0,15.58,73.06666666666666,14.75333333333333
6,22,2,Estadio Azteca,Mexico City,19.29701,-99.08911,-21600,America/Mexico_City,GMT-6,2251.0,14.999999999999998,75.13333333333334,14.253333333333332
6,22,3,Estadio Azteca,Mexico City,19.29701,-99.08911,-21600,America/Mexico_City,GMT-6,2251.0,14.73333333333333,76.46666666666667,14.006666666666666
6,22,4,Estadio Azteca,Mexico City,19.29701,-99.08911,-21600,America/Mexico_City,GMT-6,2251.0,14.566666666666665,76.73333333333333,13.873333333333333
6,22,5,Estadio Azteca,Mexico City,19.29701,-99.08911,-21600,America/Mexico_City,GMT-6,2251.0,14.360000000000003,77.6,13.706666666666667
6,22,6,Estadio Azteca,Mexico City,19.29701,-99.08911,-21600,America/Mexico_City,GMT-6,2251.0,14.566666666666666,77.6,13.973333333333333
6,22,7,Estadio Azteca,Mexico City,19.29701,-99.08911,-21600,America/Mexico_City,GMT-6,2251.0,15.339999999999998,75.26666666666667,14.84
6,22,8,Estadio Azteca,Mexico City,19.29701,-99.08911,-21600,America/Mexico_City,GMT-6,2251.0,16.65333333333333,70.93333333333334,16.133333333333336
6,22,9,Estadio Azteca,Mexico City,19.29701,-99.08911,-21600,America/Mexico_City,GMT-6,2251.0,18.006666666666664,66.06666666666666,17.540000000000003
6,22,10,Estadio Azteca,Mexico City,19.29701,-99.08911,-21600,America/Mexico_City,GMT-6,2251.0,19.080000000000002,63.0,18.813333333333333
6,22,11,Estadio Azteca,Mexico City,19.29701,-99.08911,-21600,America/Mexico_City,GMT-6,2251.0,20.193333333333335,59.733333333333334,20.43333333333333
6,22,12,Estadio Azteca,Mexico City,19.29701,-99.08911,-21600,America/Mexico_City,GMT-6,2251.0,21.273333333333337,56.6,21.9
6,22,13,Estadio Azteca,Mexico City,19.29701,-99.08911,-21600,America/Mexico_City,GMT-6,2251.0,22.4,52.333333333333336,23.160000000000007
6,22,14,Estadio Azteca,Mexico City,19.29701,-99.08911,-21600,America/Mexico_City,GMT-6,2251.0,22.913333333333338,50.266666666666666,23.10666666666667
6,22,15,Estadio Azteca,Mexico City,19.29701,-99.08911,-21600,America/Mexico_City,GMT-6,2251.0,22.573333333333334,51.266666666666666,22.086666666666666
6,22,16,Estadio Azteca,Mexico City,19.29701,-99.08911,-21600,America/Mexico_City,GMT-6,2251.0,21.39333333333333,56.93333333333333,20.373333333333335
6,22,17,Estadio Azteca,Mexico City,19.29701,-99.08911,-21600,America/Mexico_City,GMT-6,2251.0,20.09333333333333,62.93333333333333,18.966666666666672
6,22,18,Estadio Azteca,Mexico City,19.29701,-99.08911,-21600,America/Mexico_City,GMT-6,2251.0,18.933333333333334,68.0,17.84
6,22,19,Estadio Azteca,Mexico City,19.29701,-99.08911,-21600,America/Mexico_City,GMT-6,2251.0,18.133333333333333,70.8,17.186666666666664
6,22,20,Estadio Azteca,Mexico City,19.29701,-99.08911,-21600,America/Mexico_City,GMT-6,2251.0,17.339999999999996,73.6,16.653333333333332
6,22,21,Estadio Azteca,Mexico City,19.29701,-99.08911,-21600,America/Mexico_City,GMT-6,2251.0,16.740000000000002,76.06666666666666,16.320000000000004
6,22,22,Estadio Azteca,Mexico City,19.29701,-99.08911,-21600,America/Mexico_City,GMT-6,2251.0,16.273333333333333,77.6,15.98
6,22,23,Estadio Azteca,Mexico City,19.29701,-99.08911,-21600,America/Mexico_City,GMT-6,2251.0,16.213333333333335,75.53333333333333,15.726666666666668
6,23,0,Estadio Azteca,Mexico City,19.29701,-99.08911,-21600,America/Mexico_City,GMT-6,2251.0,15.52,78.4,15.3
6,23,1,Estadio Azteca,Mexico City,19.29701,-99.08911,-21600,America/Mexico_City,GMT-6,2251.0,15.41333333333333,79.26666666666667,15.266666666666667
6,23,2,Estadio Azteca,Mexico City,19.29701,-99.08911,-21600,America/Mexico_City,GMT-6,2251.0,15.099999999999998,80.73333333333333,14.973333333333334
6,23,3,Estadio Azteca,Mexico City,19.29701,-99.08911,-21600,America/Mexico_City,GMT-6,2251.0,14.726666666666665,82.06666666666666,14.553333333333336
6,23,4,Estadio Azteca,Mexico City,19.29701,-99.08911,-21600,America/Mexico_City,GMT-6,2251.0,14.44,82.93333333333334,14.260000000000002
6,23,5,Estadio Azteca,Mexico City,19.29701,-99.08911,-21600,America/Mexico_City,GMT-6,2251.0,14.239999999999998,83.53333333333333,14.046666666666669
6,23,6,Estadio Azteca,Mexico City,19.29701,-99.08911,-21600,America/Mexico_City,GMT-6,2251.0,14.44,83.0,14.286666666666665
6,23,7,Estadio Azteca,Mexico City,19.29701,-99.08911,-21600,America/Mexico_City,GMT-6,2251.0,15.153333333333332,80.4,14.986666666666666
6,23,8,Estadio Azteca,Mexico City,19.29701,-99.08911,-21600,America/Mexico_City,GMT-6,2251.0,16.346666666666668,75.73333333333333,16.07333333333333
6,23,9,Estadio Azteca,Mexico City,19.29701,-99.08911,-21600,America/Mexico_City,GMT-6,2251.0,17.686666666666667,70.73333333333333,17.419999999999998
6,23,10,Estadio Azteca,Mexico City,19.29701,-99.08911,-21600,America/Mexico_City,GMT-6,2251.0,18.94666666666667,67.0,19.046666666666663
6,23,11,Estadio Azteca,Mexico City,19.29701,-99.08911,-21600,America/Mexico_City,GMT-6,2251.0,20.19333333333333,63.46666666666667,20.793333333333333
6,23,12,Estadio Azteca,Mexico City,19.29701,-99.08911,-21600,America/Mexico_City,GMT-6,2251.0,21.280000000000005,60.266666666666666,22.006666666666664
6,23,13,Estadio Azteca,Mexico City,19.29701,-99.08911,-21600,America/Mexico_City,GMT-6,2251.0,21.72666666666667,58.266666666666666,22.066666666666666
6,23,14,Estadio Azteca,Mexico City,19.29701,-99.08911,-21600,America/Mexico_City,GMT-6,2251.0,21.82,56.8,21.646666666666665
6,23,15,Estadio Azteca,Mexico City,19.29701,-99.08911,-21600,America/Mexico_City,GMT-6,2251.0,21.740000000000002,55.266666666666666,21.166666666666668
6,23,16,Estadio Azteca,Mexico City,19.29701,-99.08911,-21600,America/Mexico_City,GMT-6,2251.0,21.773333333333326,53.266666666666666,20.85333333333333
6,23,17,Estadio Azteca,Mexico City,19.29701,-99.08911,-21600,America/Mexico_City,GMT-6,2251.0,21.38666666666666,53.6,20.413333333333334
6,23,18,Estadio Azteca,Mexico City,19.29701,-99.08911,-21600,America/Mexico_City,GMT-6,2251.0,20.35333333333333,57.733333333333334,19.366666666666664
6,23,19,Estadio Azteca,Mexico City,19.29701,-99.08911,-21600,America/Mexico_City,GMT-6,2251.0,19.073333333333334,62.53333333333333,18.273333333333333
6,23,20,Estadio Azteca,Mexico City,19.29701,-99.08911,-21600,America/Mexico_City,GMT-6,2251.0,17.866666666666667,68.13333333333334,17.073333333333334
6,23,21,Estadio Azteca,Mexico City,19.29701,-99.08911,-21600,America/Mexico_City,GMT-6,2251.0,16.90666666666667,72.33333333333333,16.306666666666665
6,23,22,Estadio Azteca,Mexico City,19.29701,-99.08911,-21600,America/Mexico_City,GMT-6,2251.0,16.12666666666667,76.13333333333334,15.653333333333334
6,23,23,Estadio Azteca,Mexico City,19.29701,-99.08911,-21600,America/Mexico_City,GMT-6,2251.0,15.7,77.8,15.386666666666667
6,24,0,Estadio Azteca,Mexico City,19.29701,-99.08911,-21600,America/Mexico_City,GMT-6,2251.0,15.24,79.46666666666667,14.986666666666666
6,24,1,Estadio Azteca,Mexico City,19.29701,-99.08911,-21600,America/Mexico_City,GMT-6,2251.0,14.793333333333333,79.66666666666667,14.506666666666666
6,24,2,Estadio Azteca,Mexico City,19.29701,-99.08911,-21600,America/Mexico_City,GMT-6,2251.0,14.273333333333335,82.66666666666667,14.07333333333333
6,24,3,Estadio Azteca,Mexico City,19.29701,-99.08911,-21600,America/Mexico_City,GMT-6,2251.0,13.646666666666668,85.8,13.446666666666667
6,24,4,Estadio Azteca,Mexico City,19.29701,-99.08911,-21600,America/Mexico_City,GMT-6,2251.0,13.166666666666668,87.93333333333334,12.973333333333334
6,24,5,Estadio Azteca,Mexico City,19.29701,-99.08911,-21600,America/Mexico_City,GMT-6,2251.0,13.04,87.93333333333334,12.840000000000002
6,24,6,Estadio Azteca,Mexico City,19.29701,-99.08911,-21600,America/Mexico_City,GMT-6,2251.0,13.44,85.8,13.22
6,24,7,Estadio Azteca,Mexico City,19.29701,-99.08911,-21600,America/Mexico_City,GMT-6,2251.0,14.44,81.73333333333333,14.140000000000002
6,24,8,Estadio Azteca,Mexico City,19.29701,-99.08911,-21600,America/Mexico_City,GMT-6,2251.0,15.826666666666664,76.13333333333334,15.486666666666668
6,24,9,Estadio Azteca,Mexico City,19.29701,-99.08911,-21600,America/Mexico_City,GMT-6,2251.0,17.33333333333333,70.06666666666666,17.05333333333333
6,24,10,Estadio Azteca,Mexico City,19.29701,-99.08911,-21600,America/Mexico_City,GMT-6,2251.0,18.75333333333333,63.8,18.759999999999998
6,24,11,Estadio Azteca,Mexico City,19.29701,-99.08911,-21600,America/Mexico_City,GMT-6,2251.0,20.06,58.53333333333333,20.419999999999998
6,24,12,Estadio Azteca,Mexico City,19.29701,-99.08911,-21600,America/Mexico_City,GMT-6,2251.0,21.073333333333334,54.13333333333333,21.499999999999996
6,24,13,Estadio Azteca,Mexico City,19.29701,-99.08911,-21600,America/Mexico_City,GMT-6,2251.0,22.05333333333333,49.86666666666667,22.24666666666667
6,24,14,Estadio Azteca,Mexico City,19.29701,-99.08911,-21600,America/Mexico_City,GMT-6,2251.0,22.673333333333336,46.86666666666667,22.28666666666667
6,24,15,Estadio Azteca,Mexico City,19.29701,-99.08911,-21600,America/Mexico_City,GMT-6,2251.0,22.413333333333334,48.266666666666666,21.413333333333338
6,24,16,Estadio Azteca,Mexico City,19.29701,-99.08911,-21600,America/Mexico_City,GMT-6,2251.0,21.619999999999997,51.46666666666667,20.086666666666666
6,24,17,Estadio Azteca,Mexico City,19.29701,-99.08911,-21600,America/Mexico_City,GMT-6,2251.0,20.499999999999996,56.666666666666664,18.986666666666668
6,24,18,Estadio Azteca,Mexico City,19.29701,-99.08911,-21600,America/Mexico_City,GMT-6,2251.0,19.77333333333333,60.06666666666667,18.72666666666667
6,24,19,Estadio Azteca,Mexico City,19.29701,-99.08911,-21600,America/Mexico_City,GMT-6,2251.0,18.8,64.8,18.2
6,24,20,Estadio Azteca,Mexico City,19.29701,-99.08911,-21600,America/Mexico_City,GMT-6,2251.0,17.58,71.73333333333333,17.186666666666667
6,24,21,Estadio Azteca,Mexico City,19.29701,-99.08911,-21600,America/Mexico_City,GMT-6,2251.0,16.426666666666666,77.86666666666666,16.10666666666667
6,24,22,Estadio Azteca,Mexico City,19.29701,-99.08911,-21600,America/Mexico_City,GMT-6,2251.0,15.719999999999999,82.2,15.54
6,24,23,Estadio Azteca,Mexico City,19.29701,-99.08911,-21600,America/Mexico_City,GMT-6,2251.0,15.393333333333334,80.93333333333334,15.173333333333336
6,25,0,Estadio Azteca,Mexico City,19.29701,-99.08911,-21600,America/Mexico_City,GMT-6,2251.0,14.986666666666666,84.33333333333333,14.96
6,25,1,Estadio Azteca,Mexico City,19.29701,-99.08911,-21600,America/Mexico_City,GMT-6,2251.0,14.866666666666667,84.46666666666667,14.753333333333334
6,25,2,Estadio Azteca,Mexico City,19.29701,-99.08911,-21600,America/Mexico_City,GMT-6,2251.0,14.506666666666668,86.2,14.426666666666666
6,25,3,Estadio Azteca,Mexico City,19.29701,-99.08911,-21600,America/Mexico_City,GMT-6,2251.0,14.093333333333332,88.53333333333333,14.006666666666666
6,25,4,Estadio Azteca,Mexico City,19.29701,-99.08911,-21600,America/Mexico_City,GMT-6,2251.0,13.719999999999999,90.2,13.633333333333333
6,25,5,Estadio Azteca,Mexico City,19.29701,-99.08911,-21600,America/Mexico_City,GMT-6,2251.0,13.74,89.26666666666667,13.653333333333334
6,25,6,Estadio Azteca,Mexico City,19.29701,-99.08911,-21600,America/Mexico_City,GMT-6,2251.0,13.886666666666668,88.06666666666666,13.799999999999999
6,25,7,Estadio Azteca,Mexico City,19.29701,-99.08911,-21600,America/Mexico_City,GMT-6,2251.0,14.460000000000003,85.53333333333333,14.360000000000001
6,25,8,Estadio Azteca,Mexico City,19.29701,-99.08911,-21600,America/Mexico_City,GMT-6,2251.0,15.32666666666667,82.26666666666667,15.219999999999999
6,25,9,Estadio Azteca,Mexico City,19.29701,-99.08911,-21600,America/Mexico_City,GMT-6,2251.0,16.66,76.4,16.633333333333333
6,25,10,Estadio Azteca,Mexico City,19.29701,-99.08911,-21600,America/Mexico_City,GMT-6,2251.0,18.166666666666668,69.8,18.386666666666663
6,25,11,Estadio Azteca,Mexico City,19.29701,-99.08911,-21600,America/Mexico_City,GMT-6,2251.0,19.566666666666666,63.733333333333334,20.19333333333333
6,25,12,Estadio Azteca,Mexico City,19.29701,-99.08911,-21600,America/Mexico_City,GMT-6,2251.0,20.533333333333335,58.93333333333333,21.2
6,25,13,Estadio Azteca,Mexico City,19.29701,-99.08911,-21600,America/Mexico_City,GMT-6,2251.0,21.186666666666667,55.266666666666666,21.73333333333333
6,25,14,Estadio Azteca,Mexico City,19.29701,-99.08911,-21600,America/Mexico_City,GMT-6,2251.0,21.639999999999997,52.53333333333333,21.853333333333335
6,25,15,Estadio Azteca,Mexico City,19.29701,-99.08911,-21600,America/Mexico_City,GMT-6,2251.0,21.58,52.53333333333333,21.233333333333327
6,25,16,Estadio Azteca,Mexico City,19.29701,-99.08911,-21600,America/Mexico_City,GMT-6,2251.0,20.973333333333326,54.6,20.066666666666666
6,25,17,Estadio Azteca,Mexico City,19.29701,-99.08911,-21600,America/Mexico_City,GMT-6,2251.0,19.906666666666663,59.06666666666667,18.76
6,25,18,Estadio Azteca,Mexico City,19.29701,-99.08911,-21600,America/Mexico_City,GMT-6,2251.0,18.62,64.93333333333334,17.693333333333335
6,25,19,Estadio Azteca,Mexico City,19.29701,-99.08911,-21600,America/Mexico_City,GMT-6,2251.0,17.180000000000003,72.73333333333333,16.7
6,25,20,Estadio Azteca,Mexico City,19.29701,-99.08911,-21600,America/Mexico_City,GMT-6,2251.0,15.866666666666669,80.26666666666667,15.533333333333331
6,25,21,Estadio Azteca,Mexico City,19.29701,-99.08911,-21600,America/Mexico_City,GMT-6,2251.0,15.006666666666666,85.93333333333334,14.933333333333332
6,25,22,Estadio Azteca,Mexico City,19.29701,-99.08911,-21600,America/Mexico_City,GMT-6,2251.0,14.813333333333333,87.06666666666666,14.826666666666664
6,25,23,Estadio Azteca,Mexico City,19.29701,-99.08911,-21600,America/Mexico_City,GMT-6,2251.0,14.81333333333333,86.33333333333333,14.82
6,26,0,Estadio Azteca,Mexico City,19.29701,-99.08911,-21600,America/Mexico_City,GMT-6,2251.0,14.453333333333337,84.2,14.233333333333336
6,26,1,Estadio Azteca,Mexico City,19.29701,-99.08911,-21600,America/Mexico_City,GMT-6,2251.0,14.153333333333336,84.53333333333333,13.873333333333333
6,26,2,Estadio Azteca,Mexico City,19.29701,-99.08911,-21600,America/Mexico_City,GMT-6,2251.0,13.840000000000003,85.6,13.59333333333333
6,26,3,Estadio Azteca,Mexico City,19.29701,-99.08911,-21600,America/Mexico_City,GMT-6,2251.0,13.866666666666669,84.8,13.62
6,26,4,Estadio Azteca,Mexico City,19.29701,-99.08911,-21600,America/Mexico_City,GMT-6,2251.0,13.620000000000001,85.6,13.379999999999999
6,26,5,Estadio Azteca,Mexico City,19.29701,-99.08911,-21600,America/Mexico_City,GMT-6,2251.0,13.54,87.6,13.373333333333333
6,26,6,Estadio Azteca,Mexico City,19.29701,-99.08911,-21600,America/Mexico_City,GMT-6,2251.0,13.753333333333336,88.4,13.720000000000002
6,26,7,Estadio Azteca,Mexico City,19.29701,-99.08911,-21600,America/Mexico_City,GMT-6,2251.0,14.42666666666667,86.8,14.466666666666669
6,26,8,Estadio Azteca,Mexico City,19.29701,-99.08911,-21600,America/Mexico_City,GMT-6,2251.0,15.513333333333337,80.8,15.433333333333335
6,26,9,Estadio Azteca,Mexico City,19.29701,-99.08911,-21600,America/Mexico_City,GMT-6,2251.0,16.959999999999997,73.13333333333334,16.806666666666665
6,26,10,Estadio Azteca,Mexico City,19.29701,-99.08911,-21600,America/Mexico_City,GMT-6,2251.0,18.506666666666668,65.4,18.48
6,26,11,Estadio Azteca,Mexico City,19.29701,-99.08911,-21600,America/Mexico_City,GMT-6,2251.0,19.84,59.333333333333336,19.89333333333333
6,26,12,Estadio Azteca,Mexico City,19.29701,-99.08911,-21600,America/Mexico_City,GMT-6,2251.0,20.526666666666664,56.06666666666667,20.486666666666668
6,26,13,Estadio Azteca,Mexico City,19.29701,-99.08911,-21600,America/Mexico_City,GMT-6,2251.0,20.746666666666666,54.733333333333334,20.493333333333332
6,26,14,Estadio Azteca,Mexico City,19.29701,-99.08911,-21600,America/Mexico_City,GMT-6,2251.0,20.94,53.4,20.533333333333335
6,26,15,Estadio Azteca,Mexico City,19.29701,-99.08911,-21600,America/Mexico_City,GMT-6,2251.0,20.92,52.86666666666667,20.15333333333333
6,26,16,Estadio Azteca,Mexico City,19.29701,-99.08911,-21600,America/Mexico_City,GMT-6,2251.0,20.56,53.93333333333333,19.459999999999994
6,26,17,Estadio Azteca,Mexico City,19.29701,-99.08911,-21600,America/Mexico_City,GMT-6,2251.0,19.64,57.666666666666664,18.399999999999995
6,26,18,Estadio Azteca,Mexico City,19.29701,-99.08911,-21600,America/Mexico_City,GMT-6,2251.0,18.473333333333333,63.266666666666666,17.42
6,26,19,Estadio Azteca,Mexico City,19.29701,-99.08911,-21600,America/Mexico_City,GMT-6,2251.0,17.45333333333333,68.33333333333333,16.666666666666668
6,26,20,Estadio Azteca,Mexico City,19.29701,-99.08911,-21600,America/Mexico_City,GMT-6,2251.0,16.366666666666667,73.6,15.733333333333333
6,26,21,Estadio Azteca,Mexico City,19.29701,-99.08911,-21600,America/Mexico_City,GMT-6,2251.0,15.846666666666664,76.6,15.453333333333331
6,26,22,Estadio Azteca,Mexico City,19.29701,-99.08911,-21600,America/Mexico_City,GMT-6,2251.0,15.333333333333334,80.0,15.073333333333332
6,26,23,Estadio Azteca,Mexico City,19.29701,-99.08911,-21600,America/Mexico_City,GMT-6,2251.0,15.120000000000001,81.33333333333333,14.933333333333335
6,27,0,Estadio Azteca,Mexico City,19.29701,-99.08911,-21600,America/Mexico_City,GMT-6,2251.0,14.673333333333336,86.06666666666666,14.780000000000001
6,27,1,Estadio Azteca,Mexico City,19.29701,-99.08911,-21600,America/Mexico_City,GMT-6,2251.0,14.513333333333334,84.2,14.446666666666667
6,27,2,Estadio Azteca,Mexico City,19.29701,-99.08911,-21600,America/Mexico_City,GMT-6,2251.0,14.173333333333334,84.8,14.046666666666665
6,27,3,Estadio Azteca,Mexico City,19.29701,-99.08911,-21600,America/Mexico_City,GMT-6,2251.0,13.84,86.06666666666666,13.746666666666664
6,27,4,Estadio Azteca,Mexico City,19.29701,-99.08911,-21600,America/Mexico_City,GMT-6,2251.0,13.486666666666666,87.8,13.399999999999999
6,27,5,Estadio Azteca,Mexico City,19.29701,-99.08911,-21600,America/Mexico_City,GMT-6,2251.0,13.09333333333333,89.26666666666667,12.933333333333334
6,27,6,Estadio Azteca,Mexico City,19.29701,-99.08911,-21600,America/Mexico_City,GMT-6,2251.0,13.246666666666666,88.46666666666667,13.04
6,27,7,Estadio Azteca,Mexico City,19.29701,-99.08911,-21600,America/Mexico_City,GMT-6,2251.0,13.853333333333332,85.26666666666667,13.54
6,27,8,Estadio Azteca,Mexico City,19.29701,-99.08911,-21600,America/Mexico_City,GMT-6,2251.0,15.2,79.0,14.840000000000002
6,27,9,Estadio Azteca,Mexico City,19.29701,-99.08911,-21600,America/Mexico_City,GMT-6,2251.0,16.64666666666667,72.26666666666667,16.28
6,27,10,Estadio Azteca,Mexico City,19.29701,-99.08911,-21600,America/Mexico_City,GMT-6,2251.0,18.146666666666665,66.06666666666666,18.06
6,27,11,Estadio Azteca,Mexico City,19.29701,-99.08911,-21600,America/Mexico_City,GMT-6,2251.0,19.506666666666664,60.733333333333334,19.806666666666665
6,27,12,Estadio Azteca,Mexico City,19.29701,-99.08911,-21600,America/Mexico_City,GMT-6,2251.0,20.439999999999998,57.06666666666667,21.09333333333333
6,27,13,Estadio Azteca,Mexico City,19.29701,-99.08911,-21600,America/Mexico_City,GMT-6,2251.0,20.98,54.8,21.466666666666665
6,27,14,Estadio Azteca,Mexico City,19.29701,-99.08911,-21600,America/Mexico_City,GMT-6,2251.0,21.14666666666666,54.13333333333333,21.4
6,27,15,Estadio Azteca,Mexico City,19.29701,-99.08911,-21600,America/Mexico_City,GMT-6,2251.0,21.21333333333333,53.93333333333333,21.066666666666666
6,27,16,Estadio Azteca,Mexico City,19.29701,-99.08911,-21600,America/Mexico_City,GMT-6,2251.0,20.586666666666666,56.53333333333333,20.213333333333335
6,27,17,Estadio Azteca,Mexico City,19.29701,-99.08911,-21600,America/Mexico_City,GMT-6,2251.0,19.453333333333333,62.733333333333334,19.14
6,27,18,Estadio Azteca,Mexico City,19.29701,-99.08911,-21600,America/Mexico_City,GMT-6,2251.0,18.086666666666666,70.0,17.84666666666667
6,27,19,Estadio Azteca,Mexico City,19.29701,-99.08911,-21600,America/Mexico_City,GMT-6,2251.0,16.753333333333337,78.06666666666666,16.8
6,27,20,Estadio Azteca,Mexico City,19.29701,-99.08911,-21600,America/Mexico_City,GMT-6,2251.0,15.893333333333334,82.86666666666666,15.939999999999998
6,27,21,Estadio Azteca,Mexico City,19.29701,-99.08911,-21600,America/Mexico_City,GMT-6,2251.0,15.326666666666666,86.2,15.626666666666667
6,27,22,Estadio Azteca,Mexico City,19.29701,-99.08911,-21600,America/Mexico_City,GMT-6,2251.0,15.153333333333332,87.33333333333333,15.553333333333335
6,27,23,Estadio Azteca,Mexico City,19.29701,-99.08911,-21600,America/Mexico_City,GMT-6,2251.0,15.00666666666667,86.53333333333333,15.373333333333335
6,28,0,Estadio Azteca,Mexico City,19.29701,-99.08911,-21600,America/Mexico_City,GMT-6,2251.0,14.900000000000002,86.33333333333333,15.099999999999998
6,28,1,Estadio Azteca,Mexico City,19.29701,-99.08911,-21600,America/Mexico_City,GMT-6,2251.0,14.540000000000001,88.46666666666667,14.73333333333333
6,28,2,Estadio Azteca,Mexico City,19.29701,-99.08911,-21600,America/Mexico_City,GMT-6,2251.0,14.346666666666668,88.73333333333333,14.406666666666666
6,28,3,Estadio Azteca,Mexico City,19.29701,-99.08911,-21600,America/Mexico_City,GMT-6,2251.0,14.193333333333333,89.2,14.139999999999999
6,28,4,Estadio Azteca,Mexico City,19.29701,-99.08911,-21600,America/Mexico_City,GMT-6,2251.0,14.013333333333334,89.73333333333333,13.926666666666666
6,28,5,Estadio Azteca,Mexico City,19.29701,-99.08911,-21600,America/Mexico_City,GMT-6,2251.0,13.960000000000003,90.2,13.926666666666666
6,28,6,Estadio Azteca,Mexico City,19.29701,-99.08911,-21600,America/Mexico_City,GMT-6,2251.0,14.086666666666668,89.93333333333334,14.153333333333332
6,28,7,Estadio Azteca,Mexico City,19.29701,-99.08911,-21600,America/Mexico_City,GMT-6,2251.0,14.513333333333337,88.4,14.633333333333333
6,28,8,Estadio Azteca,Mexico City,19.29701,-99.08911,-21600,America/Mexico_City,GMT-6,2251.0,15.42,84.13333333333334,15.520000000000003
6,28,9,Estadio Azteca,Mexico City,19.29701,-99.08911,-21600,America/Mexico_City,GMT-6,2251.0,16.686666666666667,77.8,16.78
6,28,10,Estadio Azteca,Mexico City,19.29701,-99.08911,-21600,America/Mexico_City,GMT-6,2251.0,18.313333333333333,69.86666666666666,18.666666666666668
6,28,11,Estadio Azteca,Mexico City,19.29701,-99.08911,-21600,America/Mexico_City,GMT-6,2251.0,19.706666666666667,63.86666666666667,20.439999999999998
6,28,12,Estadio Azteca,Mexico City,19.29701,-99.08911,-21600,America/Mexico_City,GMT-6,2251.0,20.72666666666667,59.333333333333336,21.65333333333333
6,28,13,Estadio Azteca,Mexico City,19.29701,-99.08911,-21600,America/Mexico_City,GMT-6,2251.0,21.186666666666667,57.733333333333334,21.993333333333332
6,28,14,Estadio Azteca,Mexico City,19.29701,-99.08911,-21600,America/Mexico_City,GMT-6,2251.0,21.25333333333333,57.266666666666666,21.846666666666668
6,28,15,Estadio Azteca,Mexico City,19.29701,-99.08911,-21600,America/Mexico_City,GMT-6,2251.0,21.119999999999997,58.2,21.42
6,28,16,Estadio Azteca,Mexico City,19.29701,-99.08911,-21600,America/Mexico_City,GMT-6,2251.0,20.186666666666664,63.0,20.06
6,28,17,Estadio Azteca,Mexico City,19.29701,-99.08911,-21600,America/Mexico_City,GMT-6,2251.0,19.326666666666664,66.53333333333333,18.9
6,28,18,Estadio Azteca,Mexico City,19.29701,-99.08911,-21600,America/Mexico_City,GMT-6,2251.0,18.25333333333333,71.53333333333333,17.89333333333333
6,28,19,Estadio Azteca,Mexico City,19.29701,-99.08911,-21600,America/Mexico_City,GMT-6,2251.0,17.34,75.66666666666667,17.279999999999998
6,28,20,Estadio Azteca,Mexico City,19.29701,-99.08911,-21600,America/Mexico_City,GMT-6,2251.0,16.380000000000003,80.66666666666667,16.53333333333333
6,28,21,Estadio Azteca,Mexico City,19.29701,-99.08911,-21600,America/Mexico_City,GMT-6,2251.0,15.573333333333332,84.13333333333334,15.719999999999999
6,28,22,Estadio Azteca,Mexico City,19.29701,-99.08911,-21600,America/Mexico_City,GMT-6,2251.0,15.446666666666667,83.6,15.566666666666665
6,28,23,Estadio Azteca,Mexico City,19.29701,-99.08911,-21600,America/Mexico_City,GMT-6,2251.0,15.146666666666668,85.06666666666666,15.286666666666665
6,10,0,Gillette Stadium,Foxborough,42.07381,-71.239075,-14400,America/New_York,GMT-4,84.0,15.17333333333333,78.8,14.093333333333335
6,10,1,Gillette Stadium,Foxborough,42.07381,-71.239075,-14400,America/New_York,GMT-4,84.0,14.886666666666665,78.46666666666667,13.673333333333336
6,10,2,Gillette Stadium,Foxborough,42.07381,-71.239075,-14400,America/New_York,GMT-4,84.0,14.406666666666665,79.93333333333334,13.200000000000001
6,10,3,Gillette Stadium,Foxborough,42.07381,-71.239075,-14400,America/New_York,GMT-4,84.0,14.106666666666666,81.26666666666667,13.033333333333331
6,10,4,Gillette Stadium,Foxborough,42.07381,-71.239075,-14400,America/New_York,GMT-4,84.0,13.893333333333334,82.4,12.893333333333334
6,10,5,Gillette Stadium,Foxborough,42.07381,-71.239075,-14400,America/New_York,GMT-4,84.0,13.76666666666667,83.53333333333333,12.800000000000002
6,10,6,Gillette Stadium,Foxborough,42.07381,-71.239075,-14400,America/New_York,GMT-4,84.0,14.120000000000003,83.4,13.246666666666668
6,10,7,Gillette Stadium,Foxborough,42.07381,-71.239075,-14400,America/New_York,GMT-4,84.0,15.033333333333335,81.2,14.293333333333331
6,10,8,Gillette Stadium,Foxborough,42.07381,-71.239075,-14400,America/New_York,GMT-4,84.0,16.346666666666668,76.53333333333333,15.686666666666667
6,10,9,Gillette Stadium,Foxborough,42.07381,-71.239075,-14400,America/New_York,GMT-4,84.0,17.606666666666666,70.86666666666666,17.006666666666668
6,10,10,Gillette Stadium,Foxborough,42.07381,-71.239075,-14400,America/New_York,GMT-4,84.0,18.773333333333333,64.86666666666666,18.386666666666667
6,10,11,Gillette Stadium,Foxborough,42.07381,-71.239075,-14400,America/New_York,GMT-4,84.0,19.82,59.53333333333333,19.686666666666667
6,10,12,Gillette Stadium,Foxborough,42.07381,-71.239075,-14400,America/New_York,GMT-4,84.0,20.513333333333335,55.8,20.246666666666666
6,10,13,Gillette Stadium,Foxborough,42.07381,-71.239075,-14400,America/New_York,GMT-4,84.0,20.893333333333334,53.733333333333334,20.313333333333333
6,10,14,Gillette Stadium,Foxborough,42.07381,-71.239075,-14400,America/New_York,GMT-4,84.0,21.160000000000004,52.86666666666667,20.28666666666667
6,10,15,Gillette Stadium,Foxborough,42.07381,-71.239075,-14400,America/New_York,GMT-4,84.0,21.353333333333335,52.266666666666666,20.366666666666667
6,10,16,Gillette Stadium,Foxborough,42.07381,-71.239075,-14400,America/New_York,GMT-4,84.0,21.24666666666667,52.86666666666667,20.08
6,10,17,Gillette Stadium,Foxborough,42.07381,-71.239075,-14400,America/New_York,GMT-4,84.0,20.64,56.4,19.413333333333338
6,10,18,Gillette Stadium,Foxborough,42.07381,-71.239075,-14400,America/New_York,GMT-4,84.0,19.706666666666667,61.53333333333333,18.6
6,10,19,Gillette Stadium,Foxborough,42.07381,-71.239075,-14400,America/New_York,GMT-4,84.0,18.6,67.6,17.75333333333333
6,10,20,Gillette Stadium,Foxborough,42.07381,-71.239075,-14400,America/New_York,GMT-4,84.0,17.433333333333334,71.8,16.71333333333333
6,10,21,Gillette Stadium,Foxborough,42.07381,-71.239075,-14400,America/New_York,GMT-4,84.0,16.413333333333338,75.4,15.68
6,10,22,Gillette Stadium,Foxborough,42.07381,-71.239075,-14400,America/New_York,GMT-4,84.0,15.666666666666666,78.2,14.88
6,10,23,Gillette Stadium,Foxborough,42.07381,-71.239075,-14400,America/New_York,GMT-4,84.0,15.42,78.73333333333333,14.486666666666668
6,11,0,Gillette Stadium,Foxborough,42.07381,-71.239075,-14400,America/New_York,GMT-4,84.0,15.3,82.06666666666666,14.580000000000002
6,11,1,Gillette Stadium,Foxborough,42.07381,-71.239075,-14400,America/New_York,GMT-4,84.0,14.24,82.06666666666666,13.180000000000001
6,11,2,Gillette Stadium,Foxborough,42.07381,-71.239075,-14400,America/New_York,GMT-4,84.0,13.739999999999997,82.0,12.546666666666665
6,11,3,Gillette Stadium,Foxborough,42.07381,-71.239075,-14400,America/New_York,GMT-4,84.0,13.273333333333335,81.86666666666666,12.0
6,11,4,Gillette Stadium,Foxborough,42.07381,-71.239075,-14400,America/New_York,GMT-4,84.0,12.866666666666667,82.06666666666666,11.56
6,11,5,Gillette Stadium,Foxborough,42.07381,-71.239075,-14400,America/New_York,GMT-4,84.0,12.693333333333332,82.2,11.366666666666665
6,11,6,Gillette Stadium,Foxborough,42.07381,-71.239075,-14400,America/New_York,GMT-4,84.0,13.293333333333333,80.33333333333333,12.059999999999999
6,11,7,Gillette Stadium,Foxborough,42.07381,-71.239075,-14400,America/New_York,GMT-4,84.0,14.640000000000002,77.4,13.733333333333333
6,11,8,Gillette Stadium,Foxborough,42.07381,-71.239075,-14400,America/New_York,GMT-4,84.0,16.686666666666667,71.46666666666667,16.173333333333332
6,11,9,Gillette Stadium,Foxborough,42.07381,-71.239075,-14400,America/New_York,GMT-4,84.0,18.740000000000002,63.733333333333334,18.439999999999998
6,11,10,Gillette Stadium,Foxborough,42.07381,-71.239075,-14400,America/New_York,GMT-4,84.0,20.526666666666667,55.4,20.306666666666665
6,11,11,Gillette Stadium,Foxborough,42.07381,-71.239075,-14400,America/New_York,GMT-4,84.0,21.78666666666667,49.46666666666667,21.559999999999995
6,11,12,Gillette Stadium,Foxborough,42.07381,-71.239075,-14400,America/New_York,GMT-4,84.0,22.633333333333333,46.666666666666664,22.45333333333333
6,11,13,Gillette Stadium,Foxborough,42.07381,-71.239075,-14400,America/New_York,GMT-4,84.0,23.246666666666666,45.0,22.926666666666666
6,11,14,Gillette Stadium,Foxborough,42.07381,-71.239075,-14400,America/New_York,GMT-4,84.0,23.5,44.333333333333336,22.82666666666667
6,11,15,Gillette Stadium,Foxborough,42.07381,-71.239075,-14400,America/New_York,GMT-4,84.0,23.446666666666665,45.06666666666667,22.42
6,11,16,Gillette Stadium,Foxborough,42.07381,-71.239075,-14400,America/New_York,GMT-4,84.0,23.13333333333333,46.8,21.833333333333332
6,11,17,Gillette Stadium,Foxborough,42.07381,-71.239075,-14400,America/New_York,GMT-4,84.0,22.726666666666667,50.333333333333336,21.62
6,11,18,Gillette Stadium,Foxborough,42.07381,-71.239075,-14400,America/New_York,GMT-4,84.0,21.966666666666665,56.266666666666666,21.233333333333334
6,11,19,Gillette Stadium,Foxborough,42.07381,-71.239075,-14400,America/New_York,GMT-4,84.0,20.78666666666667,64.6,20.486666666666665
6,11,20,Gillette Stadium,Foxborough,42.07381,-71.239075,-14400,America/New_York,GMT-4,84.0,19.380000000000003,72.06666666666666,19.219999999999995
6,11,21,Gillette Stadium,Foxborough,42.07381,-71.239075,-14400,America/New_York,GMT-4,84.0,18.259999999999998,76.93333333333334,18.1
6,11,22,Gillette Stadium,Foxborough,42.07381,-71.239075,-14400,America/New_York,GMT-4,84.0,17.473333333333336,79.6,17.26
6,11,23,Gillette Stadium,Foxborough,42.07381,-71.239075,-14400,America/New_York,GMT-4,84.0,16.400000000000002,81.06666666666666,15.973333333333336
6,12,0,Gillette Stadium,Foxborough,42.07381,-71.239075,-14400,America/New_York,GMT-4,84.0,16.473333333333333,85.93333333333334,16.253333333333334
6,12,1,Gillette Stadium,Foxborough,42.07381,-71.239075,-14400,America/New_York,GMT-4,84.0,16.02,87.53333333333333,15.879999999999999
6,12,2,Gillette Stadium,Foxborough,42.07381,-71.239075,-14400,America/New_York,GMT-4,84.0,15.713333333333333,88.06666666666666,15.493333333333334
6,12,3,Gillette Stadium,Foxborough,42.07381,-71.239075,-14400,America/New_York,GMT-4,84.0,15.466666666666669,88.6,15.199999999999998
6,12,4,Gillette Stadium,Foxborough,42.07381,-71.239075,-14400,America/New_York,GMT-4,84.0,15.253333333333334,89.2,14.946666666666665
6,12,5,Gillette Stadium,Foxborough,42.07381,-71.239075,-14400,America/New_York,GMT-4,84.0,15.173333333333336,89.86666666666666,14.879999999999999
6,12,6,Gillette Stadium,Foxborough,42.07381,-71.239075,-14400,America/New_York,GMT-4,84.0,15.526666666666669,89.4,15.373333333333335
6,12,7,Gillette Stadium,Foxborough,42.07381,-71.239075,-14400,America/New_York,GMT-4,84.0,16.573333333333334,86.86666666666666,16.8
6,12,8,Gillette Stadium,Foxborough,42.07381,-71.239075,-14400,America/New_York,GMT-4,84.0,18.21333333333333,82.13333333333334,18.806666666666665
6,12,9,Gillette Stadium,Foxborough,42.07381,-71.239075,-14400,America/New_York,GMT-4,84.0,19.96,75.4,20.75333333333333
6,12,10,Gillette Stadium,Foxborough,42.07381,-71.239075,-14400,America/New_York,GMT-4,84.0,21.546666666666667,67.86666666666666,22.279999999999994
6,12,11,Gillette Stadium,Foxborough,42.07381,-71.239075,-14400,America/New_York,GMT-4,84.0,22.699999999999996,61.333333333333336,23.346666666666668
6,12,12,Gillette Stadium,Foxborough,42.07381,-71.239075,-14400,America/New_York,GMT-4,84.0,23.306666666666665,57.93333333333333,23.76666666666667
6,12,13,Gillette Stadium,Foxborough,42.07381,-71.239075,-14400,America/New_York,GMT-4,84.0,23.459999999999997,56.86666666666667,23.706666666666667
6,12,14,Gillette Stadium,Foxborough,42.07381,-71.239075,-14400,America/New_York,GMT-4,84.0,23.44666666666667,56.733333333333334,23.44666666666667
6,12,15,Gillette Stadium,Foxborough,42.07381,-71.239075,-14400,America/New_York,GMT-4,84.0,23.28666666666667,57.4,22.97333333333334
6,12,16,Gillette Stadium,Foxborough,42.07381,-71.239075,-14400,America/New_York,GMT-4,84.0,23.000000000000004,58.46666666666667,22.44666666666667
6,12,17,Gillette Stadium,Foxborough,42.07381,-71.239075,-14400,America/New_York,GMT-4,84.0,22.473333333333336,60.266666666666666,21.69333333333333
6,12,18,Gillette Stadium,Foxborough,42.07381,-71.239075,-14400,America/New_York,GMT-4,84.0,21.80666666666667,63.333333333333336,21.2
6,12,19,Gillette Stadium,Foxborough,42.07381,-71.239075,-14400,America/New_York,GMT-4,84.0,20.866666666666667,68.86666666666666,20.533333333333335
6,12,20,Gillette Stadium,Foxborough,42.07381,-71.239075,-14400,America/New_York,GMT-4,84.0,19.753333333333334,75.66666666666667,19.66
6,12,21,Gillette Stadium,Foxborough,42.07381,-71.239075,-14400,America/New_York,GMT-4,84.0,18.686666666666664,80.26666666666667,18.540000000000003
6,12,22,Gillette Stadium,Foxborough,42.07381,-71.239075,-14400,America/New_York,GMT-4,84.0,17.793333333333333,82.6,17.466666666666665
6,12,23,Gillette Stadium,Foxborough,42.07381,-71.239075,-14400,America/New_York,GMT-4,84.0,17.04,84.2,16.733333333333334
6,13,0,Gillette Stadium,Foxborough,42.07381,-71.239075,-14400,America/New_York,GMT-4,84.0,16.633333333333336,82.73333333333333,16.14666666666667
6,13,1,Gillette Stadium,Foxborough,42.07381,-71.239075,-14400,America/New_York,GMT-4,84.0,16.1,86.66666666666667,15.706666666666662
6,13,2,Gillette Stadium,Foxborough,42.07381,-71.239075,-14400,America/New_York,GMT-4,84.0,15.646666666666668,88.93333333333334,15.346666666666662
6,13,3,Gillette Stadium,Foxborough,42.07381,-71.239075,-14400,America/New_York,GMT-4,84.0,15.286666666666667,90.93333333333334,15.026666666666664
6,13,4,Gillette Stadium,Foxborough,42.07381,-71.239075,-14400,America/New_York,GMT-4,84.0,15.093333333333334,91.86666666666666,14.859999999999996
6,13,5,Gillette Stadium,Foxborough,42.07381,-71.239075,-14400,America/New_York,GMT-4,84.0,15.093333333333332,91.86666666666666,14.893333333333334
6,13,6,Gillette Stadium,Foxborough,42.07381,-71.239075,-14400,America/New_York,GMT-4,84.0,15.553333333333333,90.6,15.52
6,13,7,Gillette Stadium,Foxborough,42.07381,-71.239075,-14400,America/New_York,GMT-4,84.0,16.580000000000002,87.46666666666667,16.813333333333333
6,13,8,Gillette Stadium,Foxborough,42.07381,-71.239075,-14400,America/New_York,GMT-4,84.0,18.093333333333337,82.4,18.626666666666665
6,13,9,Gillette Stadium,Foxborough,42.07381,-71.239075,-14400,America/New_York,GMT-4,84.0,19.78666666666667,75.93333333333334,20.58666666666667
6,13,10,Gillette Stadium,Foxborough,42.07381,-71.239075,-14400,America/New_York,GMT-4,84.0,21.44,68.86666666666666,22.493333333333332
6,13,11,Gillette Stadium,Foxborough,42.07381,-71.239075,-14400,America/New_York,GMT-4,84.0,22.979999999999997,61.53333333333333,24.253333333333334
6,13,12,Gillette Stadium,Foxborough,42.07381,-71.239075,-14400,America/New_York,GMT-4,84.0,24.366666666666667,54.06666666666667,25.759999999999998
6,13,13,Gillette Stadium,Foxborough,42.07381,-71.239075,-14400,America/New_York,GMT-4,84.0,25.42,48.53333333333333,26.753333333333334
6,13,14,Gillette Stadium,Foxborough,42.07381,-71.239075,-14400,America/New_York,GMT-4,84.0,25.98,46.13333333333333,27.08666666666667
6,13,15,Gillette Stadium,Foxborough,42.07381,-71.239075,-14400,America/New_York,GMT-4,84.0,26.066666666666666,46.13333333333333,26.720000000000006
6,13,16,Gillette Stadium,Foxborough,42.07381,-71.239075,-14400,America/New_York,GMT-4,84.0,25.886666666666663,47.2,25.89333333333333
6,13,17,Gillette Stadium,Foxborough,42.07381,-71.239075,-14400,America/New_York,GMT-4,84.0,25.32666666666666,50.0,24.966666666666665
6,13,18,Gillette Stadium,Foxborough,42.07381,-71.239075,-14400,America/New_York,GMT-4,84.0,24.046666666666667,56.0,23.62
6,13,19,Gillette Stadium,Foxborough,42.07381,-71.239075,-14400,America/New_York,GMT-4,84.0,22.36,63.2,22.186666666666664
6,13,20,Gillette Stadium,Foxborough,42.07381,-71.239075,-14400,America/New_York,GMT-4,84.0,20.613333333333333,69.46666666666667,20.526666666666667
6,13,21,Gillette Stadium,Foxborough,42.07381,-71.239075,-14400,America/New_York,GMT-4,84.0,19.266666666666666,73.53333333333333,19.14
6,13,22,Gillette Stadium,Foxborough,42.07381,-71.239075,-14400,America/New_York,GMT-4,84.0,18.126666666666665,76.13333333333334,17.813333333333336
6,13,23,Gillette Stadium,Foxborough,42.07381,-71.239075,-14400,America/New_York,GMT-4,84.0,17.273333333333333,79.6,16.82
6,14,0,Gillette Stadium,Foxborough,42.07381,-71.239075,-14400,America/New_York,GMT-4,84.0,16.433333333333334,84.2,16.133333333333336
6,14,1,Gillette Stadium,Foxborough,42.07381,-71.239075,-14400,America/New_York,GMT-4,84.0,16.24,82.06666666666666,15.653333333333332
6,14,2,Gillette Stadium,Foxborough,42.07381,-71.239075,-14400,America/New_York,GMT-4,84.0,15.926666666666668,83.33333333333333,15.413333333333332
6,14,3,Gillette Stadium,Foxborough,42.07381,-71.239075,-14400,America/New_York,GMT-4,84.0,15.586666666666668,84.6,15.153333333333332
6,14,4,Gillette Stadium,Foxborough,42.07381,-71.239075,-14400,America/New_York,GMT-4,84.0,15.213333333333333,86.13333333333334,14.793333333333331
6,14,5,Gillette Stadium,Foxborough,42.07381,-71.239075,-14400,America/New_York,GMT-4,84.0,15.040000000000001,87.6,14.620000000000001
6,14,6,Gillette Stadium,Foxborough,42.07381,-71.239075,-14400,America/New_York,GMT-4,84.0,15.5,87.2,15.213333333333333
6,14,7,Gillette Stadium,Foxborough,42.07381,-71.239075,-14400,America/New_York,GMT-4,84.0,16.586666666666666,83.2,16.359999999999996
6,14,8,Gillette Stadium,Foxborough,42.07381,-71.239075,-14400,America/New_York,GMT-4,84.0,18.12,77.33333333333333,17.926666666666662
6,14,9,Gillette Stadium,Foxborough,42.07381,-71.239075,-14400,America/New_York,GMT-4,84.0,19.533333333333335,70.6,19.27333333333333
6,14,10,Gillette Stadium,Foxborough,42.07381,-71.239075,-14400,America/New_York,GMT-4,84.0,20.773333333333337,65.66666666666667,20.666666666666668
6,14,11,Gillette Stadium,Foxborough,42.07381,-71.239075,-14400,America/New_York,GMT-4,84.0,21.693333333333335,62.4,21.773333333333333
6,14,12,Gillette Stadium,Foxborough,42.07381,-71.239075,-14400,America/New_York,GMT-4,84.0,22.413333333333334,60.8,22.606666666666666
6,14,13,Gillette Stadium,Foxborough,42.07381,-71.239075,-14400,America/New_York,GMT-4,84.0,22.726666666666667,60.86666666666667,22.76
6,14,14,Gillette Stadium,Foxborough,42.07381,-71.239075,-14400,America/New_York,GMT-4,84.0,22.86666666666667,60.46666666666667,22.566666666666663
6,14,15,Gillette Stadium,Foxborough,42.07381,-71.239075,-14400,America/New_York,GMT-4,84.0,22.826666666666668,60.666666666666664,22.2
6,14,16,Gillette Stadium,Foxborough,42.07381,-71.239075,-14400,America/New_York,GMT-4,84.0,22.513333333333335,62.4,21.880000000000003
6,14,17,Gillette Stadium,Foxborough,42.07381,-71.239075,-14400,America/New_York,GMT-4,84.0,21.546666666666667,68.66666666666667,21.279999999999998
6,14,18,Gillette Stadium,Foxborough,42.07381,-71.239075,-14400,America/New_York,GMT-4,84.0,20.313333333333336,75.93333333333334,20.42666666666667
6,14,19,Gillette Stadium,Foxborough,42.07381,-71.239075,-14400,America/New_York,GMT-4,84.0,19.146666666666665,82.26666666666667,19.593333333333337
6,14,20,Gillette Stadium,Foxborough,42.07381,-71.239075,-14400,America/New_York,GMT-4,84.0,18.166666666666668,86.2,18.666666666666668
6,14,21,Gillette Stadium,Foxborough,42.07381,-71.239075,-14400,America/New_York,GMT-4,84.0,17.36,89.06666666666666,17.880000000000003
6,14,22,Gillette Stadium,Foxborough,42.07381,-71.239075,-14400,America/New_York,GMT-4,84.0,16.766666666666666,90.46666666666667,17.18
6,14,23,Gillette Stadium,Foxborough,42.07381,-71.239075,-14400,America/New_York,GMT-4,84.0,16.606666666666666,87.06666666666666,16.64
6,15,0,Gillette Stadium,Foxborough,42.07381,-71.239075,-14400,America/New_York,GMT-4,84.0,16.06,86.93333333333334,16.066666666666666
6,15,1,Gillette Stadium,Foxborough,42.07381,-71.239075,-14400,America/New_York,GMT-4,84.0,15.826666666666672,91.6,16.066666666666666
6,15,2,Gillette Stadium,Foxborough,42.07381,-71.239075,-14400,America/New_York,GMT-4,84.0,15.606666666666667,92.26666666666667,15.8
6,15,3,Gillette Stadium,Foxborough,42.07381,-71.239075,-14400,America/New_York,GMT-4,84.0,15.42,92.86666666666666,15.546666666666669
6,15,4,Gillette Stadium,Foxborough,42.07381,-71.239075,-14400,America/New_York,GMT-4,84.0,15.186666666666666,93.0,15.153333333333336
6,15,5,Gillette Stadium,Foxborough,42.07381,-71.239075,-14400,America/New_York,GMT-4,84.0,14.986666666666666,93.2,14.846666666666668
6,15,6,Gillette Stadium,Foxborough,42.07381,-71.239075,-14400,America/New_York,GMT-4,84.0,15.099999999999998,92.46666666666667,14.873333333333335
6,15,7,Gillette Stadium,Foxborough,42.07381,-71.239075,-14400,America/New_York,GMT-4,84.0,15.720000000000002,90.26666666666667,15.546666666666669
6,15,8,Gillette Stadium,Foxborough,42.07381,-71.239075,-14400,America/New_York,GMT-4,84.0,16.8,85.2,16.58666666666667
6,15,9,Gillette Stadium,Foxborough,42.07381,-71.239075,-14400,America/New_York,GMT-4,84.0,17.98,79.0,17.833333333333336
6,15,10,Gillette Stadium,Foxborough,42.07381,-71.239075,-14400,America/New_York,GMT-4,84.0,19.079999999999995,72.93333333333334,19.060000000000002
6,15,11,Gillette Stadium,Foxborough,42.07381,-71.239075,-14400,America/New_York,GMT-4,84.0,20.08,67.26666666666667,20.246666666666673
6,15,12,Gillette Stadium,Foxborough,42.07381,-71.239075,-14400,America/New_York,GMT-4,84.0,20.959999999999997,62.2,21.160000000000004
6,15,13,Gillette Stadium,Foxborough,42.07381,-71.239075,-14400,America/New_York,GMT-4,84.0,21.71333333333333,57.86666666666667,21.82
6,15,14,Gillette Stadium,Foxborough,42.07381,-71.239075,-14400,America/New_York,GMT-4,84.0,22.233333333333338,55.93333333333333,22.166666666666668
6,15,15,Gillette Stadium,Foxborough,42.07381,-71.239075,-14400,America/New_York,GMT-4,84.0,22.253333333333337,56.2,21.959999999999997
6,15,16,Gillette Stadium,Foxborough,42.07381,-71.239075,-14400,America/New_York,GMT-4,84.0,22.15333333333334,56.4,21.553333333333335
6,15,17,Gillette Stadium,Foxborough,42.07381,-71.239075,-14400,America/New_York,GMT-4,84.0,21.719999999999995,57.53333333333333,20.973333333333336
6,15,18,Gillette Stadium,Foxborough,42.07381,-71.239075,-14400,America/New_York,GMT-4,84.0,21.126666666666665,60.6,20.62
6,15,19,Gillette Stadium,Foxborough,42.07381,-71.239075,-14400,America/New_York,GMT-4,84.0,20.040000000000003,66.73333333333333,19.94
6,15,20,Gillette Stadium,Foxborough,42.07381,-71.239075,-14400,America/New_York,GMT-4,84.0,18.8,72.86666666666666,18.90666666666667
6,15,21,Gillette Stadium,Foxborough,42.07381,-71.239075,-14400,America/New_York,GMT-4,84.0,17.753333333333334,76.26666666666667,17.69333333333333
6,15,22,Gillette Stadium,Foxborough,42.07381,-71.239075,-14400,America/New_York,GMT-4,84.0,16.93333333333333,77.73333333333333,16.613333333333333
6,15,23,Gillette Stadium,Foxborough,42.07381,-71.239075,-14400,America/New_York,GMT-4,84.0,16.426666666666666,82.26666666666667,16.226666666666667
6,16,0,Gillette Stadium,Foxborough,42.07381,-71.239075,-14400,America/New_York,GMT-4,84.0,15.740000000000002,79.4,15.033333333333333
6,16,1,Gillette Stadium,Foxborough,42.07381,-71.239075,-14400,America/New_York,GMT-4,84.0,15.093333333333332,81.86666666666666,14.46
6,16,2,Gillette Stadium,Foxborough,42.07381,-71.239075,-14400,America/New_York,GMT-4,84.0,14.493333333333334,84.13333333333334,13.773333333333335
6,16,3,Gillette Stadium,Foxborough,42.07381,-71.239075,-14400,America/New_York,GMT-4,84.0,13.94,86.33333333333333,13.153333333333334
6,16,4,Gillette Stadium,Foxborough,42.07381,-71.239075,-14400,America/New_York,GMT-4,84.0,13.466666666666669,87.73333333333333,12.593333333333334
6,16,5,Gillette Stadium,Foxborough,42.07381,-71.239075,-14400,America/New_York,GMT-4,84.0,13.153333333333334,88.2,12.146666666666667
6,16,6,Gillette Stadium,Foxborough,42.07381,-71.239075,-14400,America/New_York,GMT-4,84.0,13.600000000000001,86.66666666666667,12.659999999999998
6,16,7,Gillette Stadium,Foxborough,42.07381,-71.239075,-14400,America/New_York,GMT-4,84.0,14.986666666666668,81.73333333333333,14.233333333333333
6,16,8,Gillette Stadium,Foxborough,42.07381,-71.239075,-14400,America/New_York,GMT-4,84.0,16.993333333333332,73.8,16.413333333333338
6,16,9,Gillette Stadium,Foxborough,42.07381,-71.239075,-14400,America/New_York,GMT-4,84.0,18.906666666666663,64.93333333333334,18.44
6,16,10,Gillette Stadium,Foxborough,42.07381,-71.239075,-14400,America/New_York,GMT-4,84.0,20.380000000000003,56.93333333333333,20.026666666666664
6,16,11,Gillette Stadium,Foxborough,42.07381,-71.239075,-14400,America/New_York,GMT-4,84.0,21.453333333333337,50.53333333333333,21.266666666666666
6,16,12,Gillette Stadium,Foxborough,42.07381,-71.239075,-14400,America/New_York,GMT-4,84.0,22.133333333333336,46.06666666666667,21.973333333333333
6,16,13,Gillette Stadium,Foxborough,42.07381,-71.239075,-14400,America/New_York,GMT-4,84.0,22.633333333333333,43.333333333333336,22.38
6,16,14,Gillette Stadium,Foxborough,42.07381,-71.239075,-14400,America/New_York,GMT-4,84.0,23.013333333333332,42.13333333333333,22.613333333333337
6,16,15,Gillette Stadium,Foxborough,42.07381,-71.239075,-14400,America/New_York,GMT-4,84.0,23.206666666666667,42.13333333333333,22.486666666666668
6,16,16,Gillette Stadium,Foxborough,42.07381,-71.239075,-14400,America/New_York,GMT-4,84.0,23.033333333333335,44.0,21.84666666666666
6,16,17,Gillette Stadium,Foxborough,42.07381,-71.239075,-14400,America/New_York,GMT-4,84.0,22.400000000000002,47.86666666666667,20.926666666666666
6,16,18,Gillette Stadium,Foxborough,42.07381,-71.239075,-14400,America/New_York,GMT-4,84.0,21.38,54.4,19.993333333333332
6,16,19,Gillette Stadium,Foxborough,42.07381,-71.239075,-14400,America/New_York,GMT-4,84.0,20.033333333333328,62.733333333333334,19.066666666666666
6,16,20,Gillette Stadium,Foxborough,42.07381,-71.239075,-14400,America/New_York,GMT-4,84.0,18.6,69.6,17.826666666666664
6,16,21,Gillette Stadium,Foxborough,42.07381,-71.239075,-14400,America/New_York,GMT-4,84.0,17.466666666666665,73.66666666666667,16.68666666666667
6,16,22,Gillette Stadium,Foxborough,42.07381,-71.239075,-14400,America/New_York,GMT-4,84.0,16.746666666666666,75.26666666666667,15.820000000000002
6,16,23,Gillette Stadium,Foxborough,42.07381,-71.239075,-14400,America/New_York,GMT-4,84.0,16.26666666666667,77.33333333333333,15.460000000000003
6,17,0,Gillette Stadium,Foxborough,42.07381,-71.239075,-14400,America/New_York,GMT-4,84.0,16.32,79.2,15.466666666666663
6,17,1,Gillette Stadium,Foxborough,42.07381,-71.239075,-14400,America/New_York,GMT-4,84.0,15.553333333333333,80.6,14.706666666666662
6,17,2,Gillette Stadium,Foxborough,42.07381,-71.239075,-14400,America/New_York,GMT-4,84.0,15.293333333333333,82.06666666666666,14.533333333333331
6,17,3,Gillette Stadium,Foxborough,42.07381,-71.239075,-14400,America/New_York,GMT-4,84.0,15.053333333333333,84.46666666666667,14.426666666666666
6,17,4,Gillette Stadium,Foxborough,42.07381,-71.239075,-14400,America/New_York,GMT-4,84.0,14.833333333333332,86.93333333333334,14.346666666666666
6,17,5,Gillette Stadium,Foxborough,42.07381,-71.239075,-14400,America/New_York,GMT-4,84.0,14.793333333333331,88.8,14.473333333333333
6,17,6,Gillette Stadium,Foxborough,42.07381,-71.239075,-14400,America/New_York,GMT-4,84.0,15.253333333333332,88.46666666666667,15.12
6,17,7,Gillette Stadium,Foxborough,42.07381,-71.239075,-14400,America/New_York,GMT-4,84.0,16.39333333333333,85.8,16.533333333333335
6,17,8,Gillette Stadium,Foxborough,42.07381,-71.239075,-14400,America/New_York,GMT-4,84.0,17.999999999999996,81.2,18.38
6,17,9,Gillette Stadium,Foxborough,42.07381,-71.239075,-14400,America/New_York,GMT-4,84.0,19.706666666666663,74.8,20.173333333333336
6,17,10,Gillette Stadium,Foxborough,42.07381,-71.239075,-14400,America/New_York,GMT-4,84.0,21.04666666666667,69.4,21.580000000000002
6,17,11,Gillette Stadium,Foxborough,42.07381,-71.239075,-14400,America/New_York,GMT-4,84.0,22.066666666666666,65.33333333333333,22.78666666666667
6,17,12,Gillette Stadium,Foxborough,42.07381,-71.239075,-14400,America/New_York,GMT-4,84.0,22.88666666666667,62.93333333333333,23.860000000000003
6,17,13,Gillette Stadium,Foxborough,42.07381,-71.239075,-14400,America/New_York,GMT-4,84.0,23.17333333333334,62.2,24.146666666666665
6,17,14,Gillette Stadium,Foxborough,42.07381,-71.239075,-14400,America/New_York,GMT-4,84.0,23.213333333333335,62.4,24.09333333333333
6,17,15,Gillette Stadium,Foxborough,42.07381,-71.239075,-14400,America/New_York,GMT-4,84.0,22.946666666666665,63.733333333333334,23.526666666666664
6,17,16,Gillette Stadium,Foxborough,42.07381,-71.239075,-14400,America/New_York,GMT-4,84.0,22.993333333333332,63.4,23.266666666666662
6,17,17,Gillette Stadium,Foxborough,42.07381,-71.239075,-14400,America/New_York,GMT-4,84.0,22.686666666666664,64.0,22.5
6,17,18,Gillette Stadium,Foxborough,42.07381,-71.239075,-14400,America/New_York,GMT-4,84.0,21.900000000000002,66.8,21.57333333333333
6,17,19,Gillette Stadium,Foxborough,42.07381,-71.239075,-14400,America/New_York,GMT-4,84.0,20.666666666666668,72.0,20.39333333333333
6,17,20,Gillette Stadium,Foxborough,42.07381,-71.239075,-14400,America/New_York,GMT-4,84.0,19.486666666666668,76.46666666666667,19.346666666666668
6,17,21,Gillette Stadium,Foxborough,42.07381,-71.239075,-14400,America/New_York,GMT-4,84.0,18.63333333333333,78.33333333333333,18.35333333333333
6,17,22,Gillette Stadium,Foxborough,42.07381,-71.239075,-14400,America/New_York,GMT-4,84.0,18.040000000000003,78.4,17.526666666666664
6,17,23,Gillette Stadium,Foxborough,42.07381,-71.239075,-14400,America/New_York,GMT-4,84.0,17.16,78.46666666666667,16.386666666666663
6,18,0,Gillette Stadium,Foxborough,42.07381,-71.239075,-14400,America/New_York,GMT-4,84.0,17.213333333333335,79.73333333333333,16.48
6,18,1,Gillette Stadium,Foxborough,42.07381,-71.239075,-14400,America/New_York,GMT-4,84.0,16.953333333333333,79.73333333333333,16.12666666666667
6,18,2,Gillette Stadium,Foxborough,42.07381,-71.239075,-14400,America/New_York,GMT-4,84.0,16.660000000000004,81.26666666666667,15.900000000000002
6,18,3,Gillette Stadium,Foxborough,42.07381,-71.239075,-14400,America/New_York,GMT-4,84.0,16.333333333333332,83.13333333333334,15.753333333333334
6,18,4,Gillette Stadium,Foxborough,42.07381,-71.239075,-14400,America/New_York,GMT-4,84.0,16.02,85.0,15.546666666666665
6,18,5,Gillette Stadium,Foxborough,42.07381,-71.239075,-14400,America/New_York,GMT-4,84.0,15.933333333333334,86.06666666666666,15.513333333333332
6,18,6,Gillette Stadium,Foxborough,42.07381,-71.239075,-14400,America/New_York,GMT-4,84.0,16.36,85.4,15.999999999999998
6,18,7,Gillette Stadium,Foxborough,42.07381,-71.239075,-14400,America/New_York,GMT-4,84.0,17.366666666666667,82.73333333333333,17.146666666666665
6,18,8,Gillette Stadium,Foxborough,42.07381,-71.239075,-14400,America/New_York,GMT-4,84.0,18.746666666666666,78.26666666666667,18.75333333333333
6,18,9,Gillette Stadium,Foxborough,42.07381,-71.239075,-14400,America/New_York,GMT-4,84.0,20.106666666666666,72.26666666666667,20.206666666666667
6,18,10,Gillette Stadium,Foxborough,42.07381,-71.239075,-14400,America/New_York,GMT-4,84.0,21.48,65.86666666666666,21.69333333333333
6,18,11,Gillette Stadium,Foxborough,42.07381,-71.239075,-14400,America/New_York,GMT-4,84.0,22.579999999999995,60.666666666666664,22.860000000000003
6,18,12,Gillette Stadium,Foxborough,42.07381,-71.239075,-14400,America/New_York,GMT-4,84.0,23.433333333333334,57.666666666666664,23.806666666666665
6,18,13,Gillette Stadium,Foxborough,42.07381,-71.239075,-14400,America/New_York,GMT-4,84.0,24.060000000000002,55.666666666666664,24.446666666666665
6,18,14,Gillette Stadium,Foxborough,42.07381,-71.239075,-14400,America/New_York,GMT-4,84.0,24.640000000000004,54.13333333333333,24.953333333333333
6,18,15,Gillette Stadium,Foxborough,42.07381,-71.239075,-14400,America/New_York,GMT-4,84.0,24.973333333333336,53.46666666666667,25.126666666666665
6,18,16,Gillette Stadium,Foxborough,42.07381,-71.239075,-14400,America/New_York,GMT-4,84.0,24.8,54.8,24.679999999999996
6,18,17,Gillette Stadium,Foxborough,42.07381,-71.239075,-14400,America/New_York,GMT-4,84.0,23.993333333333336,58.266666666666666,23.686666666666664
6,18,18,Gillette Stadium,Foxborough,42.07381,-71.239075,-14400,America/New_York,GMT-4,84.0,22.833333333333332,63.0,22.50666666666666
6,18,19,Gillette Stadium,Foxborough,42.07381,-71.239075,-14400,America/New_York,GMT-4,84.0,21.42666666666667,68.86666666666666,21.199999999999996
6,18,20,Gillette Stadium,Foxborough,42.07381,-71.239075,-14400,America/New_York,GMT-4,84.0,20.080000000000002,74.0,19.873333333333335
6,18,21,Gillette Stadium,Foxborough,42.07381,-71.239075,-14400,America/New_York,GMT-4,84.0,18.966666666666665,77.6,18.686666666666667
6,18,22,Gillette Stadium,Foxborough,42.07381,-71.239075,-14400,America/New_York,GMT-4,84.0,18.113333333333337,79.6,17.726666666666667
6,18,23,Gillette Stadium,Foxborough,42.07381,-71.239075,-14400,America/New_York,GMT-4,84.0,17.586666666666666,79.6,17.026666666666664
6,19,0,Gillette Stadium,Foxborough,42.07381,-71.239075,-14400,America/New_York,GMT-4,84.0,17.353333333333335,82.66666666666667,17.2
6,19,1,Gillette Stadium,Foxborough,42.07381,-71.239075,-14400,America/New_York,GMT-4,84.0,16.74,84.4,16.486666666666668
6,19,2,Gillette Stadium,Foxborough,42.07381,-71.239075,-14400,America/New_York,GMT-4,84.0,16.446666666666665,86.33333333333333,16.240000000000002
6,19,3,Gillette Stadium,Foxborough,42.07381,-71.239075,-14400,America/New_York,GMT-4,84.0,16.2,88.0,15.946666666666665
6,19,4,Gillette Stadium,Foxborough,42.07381,-71.239075,-14400,America/New_York,GMT-4,84.0,16.026666666666664,89.13333333333334,15.719999999999999
6,19,5,Gillette Stadium,Foxborough,42.07381,-71.239075,-14400,America/New_York,GMT-4,84.0,15.973333333333333,89.46666666666667,15.646666666666668
6,19,6,Gillette Stadium,Foxborough,42.07381,-71.239075,-14400,America/New_York,GMT-4,84.0,16.26,89.06666666666666,16.10666666666667
6,19,7,Gillette Stadium,Foxborough,42.07381,-71.239075,-14400,America/New_York,GMT-4,84.0,17.06,87.0,17.14
6,19,8,Gillette Stadium,Foxborough,42.07381,-71.239075,-14400,America/New_York,GMT-4,84.0,18.453333333333333,83.0,18.833333333333332
6,19,9,Gillette Stadium,Foxborough,42.07381,-71.239075,-14400,America/New_York,GMT-4,84.0,20.066666666666666,77.53333333333333,20.693333333333335
6,19,10,Gillette Stadium,Foxborough,42.07381,-71.239075,-14400,America/New_York,GMT-4,84.0,21.71333333333333,71.33333333333333,22.566666666666666
6,19,11,Gillette Stadium,Foxborough,42.07381,-71.239075,-14400,America/New_York,GMT-4,84.0,23.28666666666667,64.86666666666666,24.52
6,19,12,Gillette Stadium,Foxborough,42.07381,-71.239075,-14400,America/New_York,GMT-4,84.0,24.56,59.53333333333333,26.006666666666664
6,19,13,Gillette Stadium,Foxborough,42.07381,-71.239075,-14400,America/New_York,GMT-4,84.0,25.44666666666667,56.266666666666666,26.946666666666665
6,19,14,Gillette Stadium,Foxborough,42.07381,-71.239075,-14400,America/New_York,GMT-4,84.0,25.720000000000002,55.0,26.813333333333333
6,19,15,Gillette Stadium,Foxborough,42.07381,-71.239075,-14400,America/New_York,GMT-4,84.0,25.720000000000002,54.333333333333336,26.31333333333333
6,19,16,Gillette Stadium,Foxborough,42.07381,-71.239075,-14400,America/New_York,GMT-4,84.0,25.246666666666666,56.0,25.54
6,19,17,Gillette Stadium,Foxborough,42.07381,-71.239075,-14400,America/New_York,GMT-4,84.0,24.493333333333332,59.0,24.726666666666663
6,19,18,Gillette Stadium,Foxborough,42.07381,-71.239075,-14400,America/New_York,GMT-4,84.0,23.35333333333333,63.733333333333334,23.666666666666664
6,19,19,Gillette Stadium,Foxborough,42.07381,-71.239075,-14400,America/New_York,GMT-4,84.0,22.09333333333333,67.66666666666667,22.4
6,19,20,Gillette Stadium,Foxborough,42.07381,-71.239075,-14400,America/New_York,GMT-4,84.0,20.893333333333334,72.06666666666666,21.246666666666666
6,19,21,Gillette Stadium,Foxborough,42.07381,-71.239075,-14400,America/New_York,GMT-4,84.0,19.853333333333335,75.53333333333333,20.166666666666668
6,19,22,Gillette Stadium,Foxborough,42.07381,-71.239075,-14400,America/New_York,GMT-4,84.0,19.040000000000003,78.6,19.299999999999997
6,19,23,Gillette Stadium,Foxborough,42.07381,-71.239075,-14400,America/New_York,GMT-4,84.0,18.1,80.66666666666667,18.07333333333333
6,20,0,Gillette Stadium,Foxborough,42.07381,-71.239075,-14400,America/New_York,GMT-4,84.0,17.833333333333332,83.93333333333334,18.166666666666668
6,20,1,Gillette Stadium,Foxborough,42.07381,-71.239075,-14400,America/New_York,GMT-4,84.0,17.386666666666663,83.06666666666666,17.39333333333333
6,20,2,Gillette Stadium,Foxborough,42.07381,-71.239075,-14400,America/New_York,GMT-4,84.0,17.09333333333333,82.86666666666666,16.93333333333333
6,20,3,Gillette Stadium,Foxborough,42.07381,-71.239075,-14400,America/New_York,GMT-4,84.0,16.880000000000003,82.13333333333334,16.60666666666667
6,20,4,Gillette Stadium,Foxborough,42.07381,-71.239075,-14400,America/New_York,GMT-4,84.0,16.700000000000003,81.73333333333333,16.36
6,20,5,Gillette Stadium,Foxborough,42.07381,-71.239075,-14400,America/New_York,GMT-4,84.0,16.633333333333336,81.46666666666667,16.32
6,20,6,Gillette Stadium,Foxborough,42.07381,-71.239075,-14400,America/New_York,GMT-4,84.0,16.98,79.73333333333333,16.653333333333332
6,20,7,Gillette Stadium,Foxborough,42.07381,-71.239075,-14400,America/New_York,GMT-4,84.0,17.81333333333333,76.6,17.57333333333333
6,20,8,Gillette Stadium,Foxborough,42.07381,-71.239075,-14400,America/New_York,GMT-4,84.0,19.333333333333332,70.66666666666667,19.113333333333333
6,20,9,Gillette Stadium,Foxborough,42.07381,-71.239075,-14400,America/New_York,GMT-4,84.0,21.1,64.2,21.02
6,20,10,Gillette Stadium,Foxborough,42.07381,-71.239075,-14400,America/New_York,GMT-4,84.0,22.88,57.4,23.01333333333333
6,20,11,Gillette Stadium,Foxborough,42.07381,-71.239075,-14400,America/New_York,GMT-4,84.0,24.386666666666663,51.8,24.879999999999995
6,20,12,Gillette Stadium,Foxborough,42.07381,-71.239075,-14400,America/New_York,GMT-4,84.0,25.426666666666662,48.13333333333333,26.199999999999992
6,20,13,Gillette Stadium,Foxborough,42.07381,-71.239075,-14400,America/New_York,GMT-4,84.0,26.326666666666664,45.13333333333333,27.139999999999993
6,20,14,Gillette Stadium,Foxborough,42.07381,-71.239075,-14400,America/New_York,GMT-4,84.0,26.733333333333334,44.46666666666667,27.366666666666664
6,20,15,Gillette Stadium,Foxborough,42.07381,-71.239075,-14400,America/New_York,GMT-4,84.0,26.860000000000003,44.93333333333333,27.046666666666663
6,20,16,Gillette Stadium,Foxborough,42.07381,-71.239075,-14400,America/New_York,GMT-4,84.0,26.473333333333333,47.333333333333336,26.146666666666665
6,20,17,Gillette Stadium,Foxborough,42.07381,-71.239075,-14400,America/New_York,GMT-4,84.0,25.90666666666666,50.53333333333333,25.439999999999998
6,20,18,Gillette Stadium,Foxborough,42.07381,-71.239075,-14400,America/New_York,GMT-4,84.0,25.08,55.53333333333333,24.939999999999998
6,20,19,Gillette Stadium,Foxborough,42.07381,-71.239075,-14400,America/New_York,GMT-4,84.0,23.753333333333334,62.53333333333333,24.139999999999993
6,20,20,Gillette Stadium,Foxborough,42.07381,-71.239075,-14400,America/New_York,GMT-4,84.0,22.119999999999997,69.13333333333334,22.66
6,20,21,Gillette Stadium,Foxborough,42.07381,-71.239075,-14400,America/New_York,GMT-4,84.0,20.533333333333335,74.86666666666666,21.10666666666667
6,20,22,Gillette Stadium,Foxborough,42.07381,-71.239075,-14400,America/New_York,GMT-4,84.0,19.360000000000003,79.66666666666667,19.973333333333336
6,20,23,Gillette Stadium,Foxborough,42.07381,-71.239075,-14400,America/New_York,GMT-4,84.0,18.48666666666667,82.53333333333333,19.026666666666667
6,21,0,Gillette Stadium,Foxborough,42.07381,-71.239075,-14400,America/New_York,GMT-4,84.0,17.493333333333332,89.73333333333333,18.133333333333333
6,21,1,Gillette Stadium,Foxborough,42.07381,-71.239075,-14400,America/New_York,GMT-4,84.0,17.30666666666667,89.53333333333333,17.953333333333333
6,21,2,Gillette Stadium,Foxborough,42.07381,-71.239075,-14400,America/New_York,GMT-4,84.0,16.866666666666664,90.66666666666667,17.486666666666668
6,21,3,Gillette Stadium,Foxborough,42.07381,-71.239075,-14400,America/New_York,GMT-4,84.0,16.5,91.6,17.1
6,21,4,Gillette Stadium,Foxborough,42.07381,-71.239075,-14400,America/New_York,GMT-4,84.0,16.28666666666667,92.2,16.87333333333333
6,21,5,Gillette Stadium,Foxborough,42.07381,-71.239075,-14400,America/New_York,GMT-4,84.0,16.206666666666667,92.66666666666667,16.786666666666665
6,21,6,Gillette Stadium,Foxborough,42.07381,-71.239075,-14400,America/New_York,GMT-4,84.0,16.8,90.86666666666666,17.59333333333333
6,21,7,Gillette Stadium,Foxborough,42.07381,-71.239075,-14400,America/New_York,GMT-4,84.0,18.026666666666664,86.73333333333333,19.119999999999997
6,21,8,Gillette Stadium,Foxborough,42.07381,-71.239075,-14400,America/New_York,GMT-4,84.0,20.06,78.6,21.339999999999993
6,21,9,Gillette Stadium,Foxborough,42.07381,-71.239075,-14400,America/New_York,GMT-4,84.0,22.026666666666664,70.06666666666666,23.326666666666664
6,21,10,Gillette Stadium,Foxborough,42.07381,-71.239075,-14400,America/New_York,GMT-4,84.0,23.626666666666665,62.86666666666667,24.926666666666666
6,21,11,Gillette Stadium,Foxborough,42.07381,-71.239075,-14400,America/New_York,GMT-4,84.0,24.326666666666668,60.266666666666666,25.72666666666667
6,21,12,Gillette Stadium,Foxborough,42.07381,-71.239075,-14400,America/New_York,GMT-4,84.0,24.753333333333334,58.86666666666667,26.06
6,21,13,Gillette Stadium,Foxborough,42.07381,-71.239075,-14400,America/New_York,GMT-4,84.0,24.873333333333335,58.46666666666667,26.02
6,21,14,Gillette Stadium,Foxborough,42.07381,-71.239075,-14400,America/New_York,GMT-4,84.0,25.006666666666668,56.86666666666667,25.813333333333333
6,21,15,Gillette Stadium,Foxborough,42.07381,-71.239075,-14400,America/New_York,GMT-4,84.0,24.80666666666667,56.666666666666664,25.273333333333333
6,21,16,Gillette Stadium,Foxborough,42.07381,-71.239075,-14400,America/New_York,GMT-4,84.0,24.473333333333333,57.333333333333336,24.68666666666666
6,21,17,Gillette Stadium,Foxborough,42.07381,-71.239075,-14400,America/New_York,GMT-4,84.0,23.986666666666665,59.46666666666667,24.14
6,21,18,Gillette Stadium,Foxborough,42.07381,-71.239075,-14400,America/New_York,GMT-4,84.0,23.21333333333333,63.93333333333333,23.653333333333332
6,21,19,Gillette Stadium,Foxborough,42.07381,-71.239075,-14400,America/New_York,GMT-4,84.0,22.093333333333337,70.26666666666667,22.74666666666667
6,21,20,Gillette Stadium,Foxborough,42.07381,-71.239075,-14400,America/New_York,GMT-4,84.0,20.573333333333334,78.33333333333333,21.30666666666667
6,21,21,Gillette Stadium,Foxborough,42.07381,-71.239075,-14400,America/New_York,GMT-4,84.0,19.179999999999996,84.53333333333333,19.84
6,21,22,Gillette Stadium,Foxborough,42.07381,-71.239075,-14400,America/New_York,GMT-4,84.0,18.086666666666666,88.86666666666666,18.653333333333332
6,21,23,Gillette Stadium,Foxborough,42.07381,-71.239075,-14400,America/New_York,GMT-4,84.0,17.74666666666667,89.4,18.38
6,22,0,Gillette Stadium,Foxborough,42.07381,-71.239075,-14400,America/New_York,GMT-4,84.0,17.240000000000002,92.26666666666667,17.986666666666668
6,22,1,Gillette Stadium,Foxborough,42.07381,-71.239075,-14400,America/New_York,GMT-4,84.0,16.933333333333334,92.93333333333334,17.526666666666664
6,22,2,Gillette Stadium,Foxborough,42.07381,-71.239075,-14400,America/New_York,GMT-4,84.0,16.826666666666668,93.0,17.32
6,22,3,Gillette Stadium,Foxborough,42.07381,-71.239075,-14400,America/New_York,GMT-4,84.0,16.78666666666667,93.06666666666666,17.273333333333333
6,22,4,Gillette Stadium,Foxborough,42.07381,-71.239075,-14400,America/New_York,GMT-4,84.0,16.779999999999998,93.4,17.39333333333333
6,22,5,Gillette Stadium,Foxborough,42.07381,-71.239075,-14400,America/New_York,GMT-4,84.0,16.933333333333334,93.4,17.68
6,22,6,Gillette Stadium,Foxborough,42.07381,-71.239075,-14400,America/New_York,GMT-4,84.0,17.5,91.93333333333334,18.433333333333334
6,22,7,Gillette Stadium,Foxborough,42.07381,-71.239075,-14400,America/New_York,GMT-4,84.0,18.413333333333334,89.0,19.486666666666665
6,22,8,Gillette Stadium,Foxborough,42.07381,-71.239075,-14400,America/New_York,GMT-4,84.0,19.54,85.0,20.786666666666658
6,22,9,Gillette Stadium,Foxborough,42.07381,-71.239075,-14400,America/New_York,GMT-4,84.0,20.69333333333333,80.46666666666667,22.04
6,22,10,Gillette Stadium,Foxborough,42.07381,-71.239075,-14400,America/New_York,GMT-4,84.0,21.793333333333333,75.53333333333333,23.2
6,22,11,Gillette Stadium,Foxborough,42.07381,-71.239075,-14400,America/New_York,GMT-4,84.0,22.886666666666663,70.0,24.233333333333334
6,22,12,Gillette Stadium,Foxborough,42.07381,-71.239075,-14400,America/New_York,GMT-4,84.0,23.966666666666665,64.4,25.29333333333333
6,22,13,Gillette Stadium,Foxborough,42.07381,-71.239075,-14400,America/New_York,GMT-4,84.0,24.72666666666667,61.06666666666667,26.16
6,22,14,Gillette Stadium,Foxborough,42.07381,-71.239075,-14400,America/New_York,GMT-4,84.0,25.15333333333334,59.333333333333336,26.64
6,22,15,Gillette Stadium,Foxborough,42.07381,-71.239075,-14400,America/New_York,GMT-4,84.0,24.966666666666672,60.2,26.240000000000002
6,22,16,Gillette Stadium,Foxborough,42.07381,-71.239075,-14400,America/New_York,GMT-4,84.0,24.560000000000006,61.93333333333333,25.5
6,22,17,Gillette Stadium,Foxborough,42.07381,-71.239075,-14400,America/New_York,GMT-4,84.0,23.85333333333334,65.73333333333333,24.65333333333333
6,22,18,Gillette Stadium,Foxborough,42.07381,-71.239075,-14400,America/New_York,GMT-4,84.0,22.913333333333338,70.33333333333333,23.833333333333336
6,22,19,Gillette Stadium,Foxborough,42.07381,-71.239075,-14400,America/New_York,GMT-4,84.0,21.766666666666666,75.66666666666667,22.86666666666667
6,22,20,Gillette Stadium,Foxborough,42.07381,-71.239075,-14400,America/New_York,GMT-4,84.0,20.279999999999998,81.66666666666667,21.473333333333336
6,22,21,Gillette Stadium,Foxborough,42.07381,-71.239075,-14400,America/New_York,GMT-4,84.0,19.04666666666667,87.06666666666666,20.240000000000002
6,22,22,Gillette Stadium,Foxborough,42.07381,-71.239075,-14400,America/New_York,GMT-4,84.0,18.139999999999997,90.2,19.206666666666663
6,22,23,Gillette Stadium,Foxborough,42.07381,-71.239075,-14400,America/New_York,GMT-4,84.0,17.639999999999997,91.6,18.55333333333333
6,23,0,Gillette Stadium,Foxborough,42.07381,-71.239075,-14400,America/New_York,GMT-4,84.0,18.126666666666665,90.86666666666666,19.133333333333333
6,23,1,Gillette Stadium,Foxborough,42.07381,-71.239075,-14400,America/New_York,GMT-4,84.0,17.046666666666667,93.13333333333334,17.8
6,23,2,Gillette Stadium,Foxborough,42.07381,-71.239075,-14400,America/New_York,GMT-4,84.0,16.69333333333333,93.93333333333334,17.366666666666667
6,23,3,Gillette Stadium,Foxborough,42.07381,-71.239075,-14400,America/New_York,GMT-4,84.0,16.386666666666667,94.4,17.013333333333332
6,23,4,Gillette Stadium,Foxborough,42.07381,-71.239075,-14400,America/New_York,GMT-4,84.0,16.21333333333333,94.53333333333333,16.826666666666664
6,23,5,Gillette Stadium,Foxborough,42.07381,-71.239075,-14400,America/New_York,GMT-4,84.0,16.213333333333335,94.0,16.8
6,23,6,Gillette Stadium,Foxborough,42.07381,-71.239075,-14400,America/New_York,GMT-4,84.0,16.633333333333333,92.13333333333334,17.30666666666667
6,23,7,Gillette Stadium,Foxborough,42.07381,-71.239075,-14400,America/New_York,GMT-4,84.0,17.646666666666665,87.93333333333334,18.493333333333336
6,23,8,Gillette Stadium,Foxborough,42.07381,-71.239075,-14400,America/New_York,GMT-4,84.0,19.186666666666664,81.26666666666667,20.2
6,23,9,Gillette Stadium,Foxborough,42.07381,-71.239075,-14400,America/New_York,GMT-4,84.0,20.886666666666667,74.13333333333334,21.986666666666668
6,23,10,Gillette Stadium,Foxborough,42.07381,-71.239075,-14400,America/New_York,GMT-4,84.0,22.38,68.46666666666667,23.706666666666663
6,23,11,Gillette Stadium,Foxborough,42.07381,-71.239075,-14400,America/New_York,GMT-4,84.0,23.85333333333333,63.733333333333334,25.62
6,23,12,Gillette Stadium,Foxborough,42.07381,-71.239075,-14400,America/New_York,GMT-4,84.0,25.173333333333332,59.266666666666666,27.233333333333334
6,23,13,Gillette Stadium,Foxborough,42.07381,-71.239075,-14400,America/New_York,GMT-4,84.0,26.32,54.666666666666664,28.42666666666667
6,23,14,Gillette Stadium,Foxborough,42.07381,-71.239075,-14400,America/New_York,GMT-4,84.0,26.946666666666665,52.266666666666666,28.746666666666663
6,23,15,Gillette Stadium,Foxborough,42.07381,-71.239075,-14400,America/New_York,GMT-4,84.0,27.179999999999996,51.86666666666667,28.699999999999996
6,23,16,Gillette Stadium,Foxborough,42.07381,-71.239075,-14400,America/New_York,GMT-4,84.0,26.973333333333333,53.8,28.186666666666667
6,23,17,Gillette Stadium,Foxborough,42.07381,-71.239075,-14400,America/New_York,GMT-4,84.0,26.18666666666667,58.06666666666667,27.306666666666672
6,23,18,Gillette Stadium,Foxborough,42.07381,-71.239075,-14400,America/New_York,GMT-4,84.0,24.86666666666667,65.06666666666666,26.053333333333338
6,23,19,Gillette Stadium,Foxborough,42.07381,-71.239075,-14400,America/New_York,GMT-4,84.0,23.453333333333333,71.06666666666666,24.713333333333335
6,23,20,Gillette Stadium,Foxborough,42.07381,-71.239075,-14400,America/New_York,GMT-4,84.0,22.21333333333333,76.46666666666667,23.56
6,23,21,Gillette Stadium,Foxborough,42.07381,-71.239075,-14400,America/New_York,GMT-4,84.0,21.300000000000004,80.0,22.660000000000004
6,23,22,Gillette Stadium,Foxborough,42.07381,-71.239075,-14400,America/New_York,GMT-4,84.0,20.52,84.13333333333334,21.93333333333333
6,23,23,Gillette Stadium,Foxborough,42.07381,-71.239075,-14400,America/New_York,GMT-4,84.0,19.259999999999998,88.0,20.486666666666665
6,24,0,Gillette Stadium,Foxborough,42.07381,-71.239075,-14400,America/New_York,GMT-4,84.0,19.55333333333333,87.06666666666666,20.71333333333333
6,24,1,Gillette Stadium,Foxborough,42.07381,-71.239075,-14400,America/New_York,GMT-4,84.0,19.139999999999997,89.53333333333333,20.459999999999997
6,24,2,Gillette Stadium,Foxborough,42.07381,-71.239075,-14400,America/New_York,GMT-4,84.0,18.919999999999998,90.06666666666666,20.21333333333333
6,24,3,Gillette Stadium,Foxborough,42.07381,-71.239075,-14400,America/New_York,GMT-4,84.0,18.853333333333335,90.4,20.28666666666667
6,24,4,Gillette Stadium,Foxborough,42.07381,-71.239075,-14400,America/New_York,GMT-4,84.0,18.759999999999998,91.06666666666666,20.253333333333337
6,24,5,Gillette Stadium,Foxborough,42.07381,-71.239075,-14400,America/New_York,GMT-4,84.0,18.813333333333333,91.33333333333333,20.40666666666667
6,24,6,Gillette Stadium,Foxborough,42.07381,-71.239075,-14400,America/New_York,GMT-4,84.0,19.279999999999998,89.6,20.886666666666667
6,24,7,Gillette Stadium,Foxborough,42.07381,-71.239075,-14400,America/New_York,GMT-4,84.0,20.24666666666667,85.33333333333333,21.953333333333333
6,24,8,Gillette Stadium,Foxborough,42.07381,-71.239075,-14400,America/New_York,GMT-4,84.0,21.720000000000002,78.53333333333333,23.393333333333334
6,24,9,Gillette Stadium,Foxborough,42.07381,-71.239075,-14400,America/New_York,GMT-4,84.0,23.066666666666666,71.0,24.64
6,24,10,Gillette Stadium,Foxborough,42.07381,-71.239075,-14400,America/New_York,GMT-4,84.0,24.279999999999998,64.46666666666667,25.793333333333333
6,24,11,Gillette Stadium,Foxborough,42.07381,-71.239075,-14400,America/New_York,GMT-4,84.0,25.246666666666666,59.13333333333333,26.819999999999997
6,24,12,Gillette Stadium,Foxborough,42.07381,-71.239075,-14400,America/New_York,GMT-4,84.0,26.14,56.06666666666667,27.779999999999998
6,24,13,Gillette Stadium,Foxborough,42.07381,-71.239075,-14400,America/New_York,GMT-4,84.0,26.84666666666667,53.6,28.326666666666668
6,24,14,Gillette Stadium,Foxborough,42.07381,-71.239075,-14400,America/New_York,GMT-4,84.0,27.406666666666663,51.333333333333336,28.64666666666667
6,24,15,Gillette Stadium,Foxborough,42.07381,-71.239075,-14400,America/New_York,GMT-4,84.0,27.486666666666665,49.6,28.186666666666664
6,24,16,Gillette Stadium,Foxborough,42.07381,-71.239075,-14400,America/New_York,GMT-4,84.0,27.293333333333333,48.733333333333334,27.54666666666667
6,24,17,Gillette Stadium,Foxborough,42.07381,-71.239075,-14400,America/New_York,GMT-4,84.0,26.653333333333332,50.2,26.599999999999998
6,24,18,Gillette Stadium,Foxborough,42.07381,-71.239075,-14400,America/New_York,GMT-4,84.0,25.646666666666665,55.4,25.799999999999997
6,24,19,Gillette Stadium,Foxborough,42.07381,-71.239075,-14400,America/New_York,GMT-4,84.0,24.126666666666665,63.6,24.673333333333336
6,24,20,Gillette Stadium,Foxborough,42.07381,-71.239075,-14400,America/New_York,GMT-4,84.0,22.493333333333332,72.26666666666667,23.34666666666667
6,24,21,Gillette Stadium,Foxborough,42.07381,-71.239075,-14400,America/New_York,GMT-4,84.0,21.253333333333334,77.93333333333334,22.213333333333335
6,24,22,Gillette Stadium,Foxborough,42.07381,-71.239075,-14400,America/New_York,GMT-4,84.0,20.586666666666666,80.73333333333333,21.5
6,24,23,Gillette Stadium,Foxborough,42.07381,-71.239075,-14400,America/New_York,GMT-4,84.0,20.026666666666664,84.2,21.08
6,25,0,Gillette Stadium,Foxborough,42.07381,-71.239075,-14400,America/New_York,GMT-4,84.0,20.246666666666663,83.93333333333334,21.299999999999997
6,25,1,Gillette Stadium,Foxborough,42.07381,-71.239075,-14400,America/New_York,GMT-4,84.0,19.639999999999997,85.6,20.613333333333333
6,25,2,Gillette Stadium,Foxborough,42.07381,-71.239075,-14400,America/New_York,GMT-4,84.0,19.280000000000005,87.4,20.279999999999998
6,25,3,Gillette Stadium,Foxborough,42.07381,-71.239075,-14400,America/New_York,GMT-4,84.0,18.933333333333334,88.6,19.986666666666665
6,25,4,Gillette Stadium,Foxborough,42.07381,-71.239075,-14400,America/New_York,GMT-4,84.0,18.660000000000004,89.06666666666666,19.639999999999997
6,25,5,Gillette Stadium,Foxborough,42.07381,-71.239075,-14400,America/New_York,GMT-4,84.0,18.59333333333333,88.73333333333333,19.48
6,25,6,Gillette Stadium,Foxborough,42.07381,-71.239075,-14400,America/New_York,GMT-4,84.0,19.060000000000002,87.13333333333334,20.026666666666664
6,25,7,Gillette Stadium,Foxborough,42.07381,-71.239075,-14400,America/New_York,GMT-4,84.0,20.033333333333335,84.0,21.219999999999995
6,25,8,Gillette Stadium,Foxborough,42.07381,-71.239075,-14400,America/New_York,GMT-4,84.0,21.69333333333333,78.46666666666667,23.16
6,25,9,Gillette Stadium,Foxborough,42.07381,-71.239075,-14400,America/New_York,GMT-4,84.0,23.46666666666666,71.73333333333333,25.146666666666665
6,25,10,Gillette Stadium,Foxborough,42.07381,-71.239075,-14400,America/New_York,GMT-4,84.0,25.179999999999996,64.46666666666667,27.01333333333333
6,25,11,Gillette Stadium,Foxborough,42.07381,-71.239075,-14400,America/New_York,GMT-4,84.0,26.39333333333333,58.93333333333333,28.419999999999998
6,25,12,Gillette Stadium,Foxborough,42.07381,-71.239075,-14400,America/New_York,GMT-4,84.0,27.266666666666666,55.733333333333334,29.526666666666664
6,25,13,Gillette Stadium,Foxborough,42.07381,-71.239075,-14400,America/New_York,GMT-4,84.0,27.56,55.8,29.92666666666667
6,25,14,Gillette Stadium,Foxborough,42.07381,-71.239075,-14400,America/New_York,GMT-4,84.0,27.706666666666667,56.666666666666664,30.040000000000003
6,25,15,Gillette Stadium,Foxborough,42.07381,-71.239075,-14400,America/New_York,GMT-4,84.0,27.780000000000005,56.53333333333333,29.786666666666665
6,25,16,Gillette Stadium,Foxborough,42.07381,-71.239075,-14400,America/New_York,GMT-4,84.0,28.00666666666667,55.46666666666667,29.713333333333328
6,25,17,Gillette Stadium,Foxborough,42.07381,-71.239075,-14400,America/New_York,GMT-4,84.0,27.673333333333336,57.266666666666666,29.239999999999995
6,25,18,Gillette Stadium,Foxborough,42.07381,-71.239075,-14400,America/New_York,GMT-4,84.0,26.793333333333333,61.93333333333333,28.426666666666662
6,25,19,Gillette Stadium,Foxborough,42.07381,-71.239075,-14400,America/New_York,GMT-4,84.0,25.39333333333333,68.46666666666667,27.219999999999995
6,25,20,Gillette Stadium,Foxborough,42.07381,-71.239075,-14400,America/New_York,GMT-4,84.0,23.82,74.33333333333333,25.599999999999998
6,25,21,Gillette Stadium,Foxborough,42.07381,-71.239075,-14400,America/New_York,GMT-4,84.0,22.426666666666666,79.06666666666666,24.073333333333327
6,25,22,Gillette Stadium,Foxborough,42.07381,-71.239075,-14400,America/New_York,GMT-4,84.0,21.499999999999996,81.8,22.926666666666666
6,25,23,Gillette Stadium,Foxborough,42.07381,-71.239075,-14400,America/New_York,GMT-4,84.0,20.81333333333333,82.86666666666666,22.05333333333333
6,26,0,Gillette Stadium,Foxborough,42.07381,-71.239075,-14400,America/New_York,GMT-4,84.0,20.466666666666665,85.13333333333334,21.626666666666665
6,26,1,Gillette Stadium,Foxborough,42.07381,-71.239075,-14400,America/New_York,GMT-4,84.0,20.386666666666667,85.26666666666667,21.62
6,26,2,Gillette Stadium,Foxborough,42.07381,-71.239075,-14400,America/New_York,GMT-4,84.0,20.106666666666666,84.8,21.073333333333334
6,26,3,Gillette Stadium,Foxborough,42.07381,-71.239075,-14400,America/New_York,GMT-4,84.0,19.93333333333333,83.26666666666667,20.633333333333333
6,26,4,Gillette Stadium,Foxborough,42.07381,-71.239075,-14400,America/New_York,GMT-4,84.0,19.779999999999998,82.0,20.246666666666666
6,26,5,Gillette Stadium,Foxborough,42.07381,-71.239075,-14400,America/New_York,GMT-4,84.0,19.773333333333333,81.46666666666667,20.213333333333335
6,26,6,Gillette Stadium,Foxborough,42.07381,-71.239075,-14400,America/New_York,GMT-4,84.0,20.006666666666668,81.0,20.560000000000002
6,26,7,Gillette Stadium,Foxborough,42.07381,-71.239075,-14400,America/New_York,GMT-4,84.0,20.8,78.46666666666667,21.553333333333335
6,26,8,Gillette Stadium,Foxborough,42.07381,-71.239075,-14400,America/New_York,GMT-4,84.0,22.08,74.13333333333334,23.013333333333332
6,26,9,Gillette Stadium,Foxborough,42.07381,-71.239075,-14400,America/New_York,GMT-4,84.0,23.633333333333333,68.46666666666667,24.64
6,26,10,Gillette Stadium,Foxborough,42.07381,-71.239075,-14400,America/New_York,GMT-4,84.0,24.973333333333333,63.4,26.02
6,26,11,Gillette Stadium,Foxborough,42.07381,-71.239075,-14400,America/New_York,GMT-4,84.0,25.866666666666667,60.46666666666667,27.046666666666667
6,26,12,Gillette Stadium,Foxborough,42.07381,-71.239075,-14400,America/New_York,GMT-4,84.0,26.459999999999997,58.46666666666667,27.65333333333333
6,26,13,Gillette Stadium,Foxborough,42.07381,-71.239075,-14400,America/New_York,GMT-4,84.0,26.926666666666666,57.4,28.08666666666666
6,26,14,Gillette Stadium,Foxborough,42.07381,-71.239075,-14400,America/New_York,GMT-4,84.0,27.073333333333334,57.266666666666666,28.04
6,26,15,Gillette Stadium,Foxborough,42.07381,-71.239075,-14400,America/New_York,GMT-4,84.0,26.813333333333336,58.733333333333334,27.5
6,26,16,Gillette Stadium,Foxborough,42.07381,-71.239075,-14400,America/New_York,GMT-4,84.0,26.066666666666666,61.8,26.533333333333335
6,26,17,Gillette Stadium,Foxborough,42.07381,-71.239075,-14400,America/New_York,GMT-4,84.0,25.16666666666667,66.33333333333333,25.686666666666667
6,26,18,Gillette Stadium,Foxborough,42.07381,-71.239075,-14400,America/New_York,GMT-4,84.0,24.13333333333333,72.26666666666667,25.046666666666667
6,26,19,Gillette Stadium,Foxborough,42.07381,-71.239075,-14400,America/New_York,GMT-4,84.0,23.17333333333333,78.33333333333333,24.6
6,26,20,Gillette Stadium,Foxborough,42.07381,-71.239075,-14400,America/New_York,GMT-4,84.0,22.373333333333335,82.6,24.166666666666668
6,26,21,Gillette Stadium,Foxborough,42.07381,-71.239075,-14400,America/New_York,GMT-4,84.0,21.71333333333333,85.06666666666666,23.62
6,26,22,Gillette Stadium,Foxborough,42.07381,-71.239075,-14400,America/New_York,GMT-4,84.0,21.05333333333333,85.73333333333333,22.620000000000005
6,26,23,Gillette Stadium,Foxborough,42.07381,-71.239075,-14400,America/New_York,GMT-4,84.0,20.719999999999995,85.33333333333333,22.040000000000003
6,27,0,Gillette Stadium,Foxborough,42.07381,-71.239075,-14400,America/New_York,GMT-4,84.0,19.566666666666663,84.4,20.23333333333333
6,27,1,Gillette Stadium,Foxborough,42.07381,-71.239075,-14400,America/New_York,GMT-4,84.0,19.519999999999996,88.46666666666667,20.586666666666662
6,27,2,Gillette Stadium,Foxborough,42.07381,-71.239075,-14400,America/New_York,GMT-4,84.0,19.293333333333337,90.2,20.433333333333334
6,27,3,Gillette Stadium,Foxborough,42.07381,-71.239075,-14400,America/New_York,GMT-4,84.0,19.2,91.26666666666667,20.40666666666667
6,27,4,Gillette Stadium,Foxborough,42.07381,-71.239075,-14400,America/New_York,GMT-4,84.0,19.1,91.86666666666666,20.24666666666667
6,27,5,Gillette Stadium,Foxborough,42.07381,-71.239075,-14400,America/New_York,GMT-4,84.0,19.033333333333335,92.0,20.053333333333335
6,27,6,Gillette Stadium,Foxborough,42.07381,-71.239075,-14400,America/New_York,GMT-4,84.0,19.173333333333332,91.13333333333334,20.10666666666667
6,27,7,Gillette Stadium,Foxborough,42.07381,-71.239075,-14400,America/New_York,GMT-4,84.0,19.726666666666667,88.4,20.579999999999995
6,27,8,Gillette Stadium,Foxborough,42.07381,-71.239075,-14400,America/New_York,GMT-4,84.0,20.773333333333333,83.6,21.62
6,27,9,Gillette Stadium,Foxborough,42.07381,-71.239075,-14400,America/New_York,GMT-4,84.0,21.94,78.06666666666666,22.726666666666667
6,27,10,Gillette Stadium,Foxborough,42.07381,-71.239075,-14400,America/New_York,GMT-4,84.0,23.09333333333333,72.4,23.866666666666667
6,27,11,Gillette Stadium,Foxborough,42.07381,-71.239075,-14400,America/New_York,GMT-4,84.0,23.873333333333328,68.73333333333333,24.666666666666668
6,27,12,Gillette Stadium,Foxborough,42.07381,-71.239075,-14400,America/New_York,GMT-4,84.0,24.393333333333327,66.86666666666666,25.359999999999996
6,27,13,Gillette Stadium,Foxborough,42.07381,-71.239075,-14400,America/New_York,GMT-4,84.0,24.719999999999995,66.33333333333333,25.866666666666667
6,27,14,Gillette Stadium,Foxborough,42.07381,-71.239075,-14400,America/New_York,GMT-4,84.0,24.880000000000003,66.13333333333334,25.953333333333333
6,27,15,Gillette Stadium,Foxborough,42.07381,-71.239075,-14400,America/New_York,GMT-4,84.0,25.060000000000002,65.33333333333333,25.89333333333333
6,27,16,Gillette Stadium,Foxborough,42.07381,-71.239075,-14400,America/New_York,GMT-4,84.0,24.88,66.2,25.419999999999998
6,27,17,Gillette Stadium,Foxborough,42.07381,-71.239075,-14400,America/New_York,GMT-4,84.0,24.506666666666664,68.26666666666667,25.013333333333332
6,27,18,Gillette Stadium,Foxborough,42.07381,-71.239075,-14400,America/New_York,GMT-4,84.0,23.686666666666664,72.06666666666666,24.26
6,27,19,Gillette Stadium,Foxborough,42.07381,-71.239075,-14400,America/New_York,GMT-4,84.0,22.74,75.33333333333333,23.44
6,27,20,Gillette Stadium,Foxborough,42.07381,-71.239075,-14400,America/New_York,GMT-4,84.0,21.766666666666662,77.86666666666666,22.48
6,27,21,Gillette Stadium,Foxborough,42.07381,-71.239075,-14400,America/New_York,GMT-4,84.0,20.919999999999998,79.13333333333334,21.493333333333332
6,27,22,Gillette Stadium,Foxborough,42.07381,-71.239075,-14400,America/New_York,GMT-4,84.0,20.16,79.26666666666667,20.473333333333333
6,27,23,Gillette Stadium,Foxborough,42.07381,-71.239075,-14400,America/New_York,GMT-4,84.0,19.81333333333333,81.46666666666667,20.259999999999998
6,28,0,Gillette Stadium,Foxborough,42.07381,-71.239075,-14400,America/New_York,GMT-4,84.0,18.946666666666665,81.6,19.333333333333336
6,28,1,Gillette Stadium,Foxborough,42.07381,-71.239075,-14400,America/New_York,GMT-4,84.0,18.459999999999997,77.86666666666666,18.253333333333337
6,28,2,Gillette Stadium,Foxborough,42.07381,-71.239075,-14400,America/New_York,GMT-4,84.0,18.013333333333335,77.73333333333333,17.7
6,28,3,Gillette Stadium,Foxborough,42.07381,-71.239075,-14400,America/New_York,GMT-4,84.0,17.613333333333333,77.73333333333333,17.2
6,28,4,Gillette Stadium,Foxborough,42.07381,-71.239075,-14400,America/New_York,GMT-4,84.0,17.21333333333333,79.13333333333334,16.833333333333336
6,28,5,Gillette Stadium,Foxborough,42.07381,-71.239075,-14400,America/New_York,GMT-4,84.0,16.993333333333332,81.0,16.70666666666667
6,28,6,Gillette Stadium,Foxborough,42.07381,-71.239075,-14400,America/New_York,GMT-4,84.0,17.266666666666666,82.6,17.220000000000002
6,28,7,Gillette Stadium,Foxborough,42.07381,-71.239075,-14400,America/New_York,GMT-4,84.0,18.12666666666667,81.93333333333334,18.42
6,28,8,Gillette Stadium,Foxborough,42.07381,-71.239075,-14400,America/New_York,GMT-4,84.0,19.413333333333338,78.73333333333333,19.98
6,28,9,Gillette Stadium,Foxborough,42.07381,-71.239075,-14400,America/New_York,GMT-4,84.0,20.766666666666666,74.4,21.64666666666667
6,28,10,Gillette Stadium,Foxborough,42.07381,-71.239075,-14400,America/New_York,GMT-4,84.0,22.033333333333335,69.93333333333334,23.15333333333333
6,28,11,Gillette Stadium,Foxborough,42.07381,-71.239075,-14400,America/New_York,GMT-4,84.0,23.173333333333332,66.13333333333334,24.5
6,28,12,Gillette Stadium,Foxborough,42.07381,-71.239075,-14400,America/New_York,GMT-4,84.0,24.1,62.333333333333336,25.486666666666668
6,28,13,Gillette Stadium,Foxborough,42.07381,-71.239075,-14400,America/New_York,GMT-4,84.0,24.833333333333332,59.733333333333334,26.220000000000006
6,28,14,Gillette Stadium,Foxborough,42.07381,-71.239075,-14400,America/New_York,GMT-4,84.0,25.373333333333328,57.53333333333333,26.686666666666667
6,28,15,Gillette Stadium,Foxborough,42.07381,-71.239075,-14400,America/New_York,GMT-4,84.0,25.69333333333333,56.666666666666664,26.813333333333336
6,28,16,Gillette Stadium,Foxborough,42.07381,-71.239075,-14400,America/New_York,GMT-4,84.0,25.853333333333335,55.86666666666667,26.66
6,28,17,Gillette Stadium,Foxborough,42.07381,-71.239075,-14400,America/New_York,GMT-4,84.0,25.720000000000002,57.333333333333336,26.533333333333328
6,28,18,Gillette Stadium,Foxborough,42.07381,-71.239075,-14400,America/New_York,GMT-4,84.0,25.006666666666668,62.666666666666664,26.04666666666667
6,28,19,Gillette Stadium,Foxborough,42.07381,-71.239075,-14400,America/New_York,GMT-4,84.0,23.779999999999998,70.13333333333334,25.12666666666667
6,28,20,Gillette Stadium,Foxborough,42.07381,-71.239075,-14400,America/New_York,GMT-4,84.0,22.279999999999998,77.6,23.77333333333333
6,28,21,Gillette Stadium,Foxborough,42.07381,-71.239075,-14400,America/New_York,GMT-4,84.0,21.08,82.33333333333333,22.593333333333337
6,28,22,Gillette Stadium,Foxborough,42.07381,-71.239075,-14400,America/New_York,GMT-4,84.0,20.173333333333332,85.73333333333333,21.673333333333336
6,28,23,Gillette Stadium,Foxborough,42.07381,-71.239075,-14400,America/New_York,GMT-4,84.0,19.506666666666664,84.26666666666667,20.46
6,10,0,Lincoln Financial Field,Philadelphia,39.89455,-75.18826,-14400,America/New_York,GMT-4,1.0,19.366666666666667,70.4,19.4
6,10,1,Lincoln Financial Field,Philadelphia,39.89455,-75.18826,-14400,America/New_York,GMT-4,1.0,18.54666666666667,75.93333333333334,18.740000000000002
6,10,2,Lincoln Financial Field,Philadelphia,39.89455,-75.18826,-14400,America/New_York,GMT-4,1.0,18.046666666666667,77.93333333333334,18.226666666666667
6,10,3,Lincoln Financial Field,Philadelphia,39.89455,-75.18826,-14400,America/New_York,GMT-4,1.0,17.586666666666666,80.26666666666667,17.886666666666667
6,10,4,Lincoln Financial Field,Philadelphia,39.89455,-75.18826,-14400,America/New_York,GMT-4,1.0,17.153333333333332,83.06666666666666,17.540000000000003
6,10,5,Lincoln Financial Field,Philadelphia,39.89455,-75.18826,-14400,America/New_York,GMT-4,1.0,16.906666666666666,85.33333333333333,17.386666666666667
6,10,6,Lincoln Financial Field,Philadelphia,39.89455,-75.18826,-14400,America/New_York,GMT-4,1.0,17.273333333333333,84.66666666666667,17.779999999999998
6,10,7,Lincoln Financial Field,Philadelphia,39.89455,-75.18826,-14400,America/New_York,GMT-4,1.0,18.366666666666667,80.13333333333334,18.860000000000003
6,10,8,Lincoln Financial Field,Philadelphia,39.89455,-75.18826,-14400,America/New_York,GMT-4,1.0,19.82,73.2,20.133333333333336
6,10,9,Lincoln Financial Field,Philadelphia,39.89455,-75.18826,-14400,America/New_York,GMT-4,1.0,21.319999999999997,66.06666666666666,21.380000000000003
6,10,10,Lincoln Financial Field,Philadelphia,39.89455,-75.18826,-14400,America/New_York,GMT-4,1.0,22.599999999999998,60.266666666666666,22.466666666666665
6,10,11,Lincoln Financial Field,Philadelphia,39.89455,-75.18826,-14400,America/New_York,GMT-4,1.0,23.806666666666665,54.666666666666664,23.666666666666668
6,10,12,Lincoln Financial Field,Philadelphia,39.89455,-75.18826,-14400,America/New_York,GMT-4,1.0,24.806666666666665,50.06666666666667,24.673333333333336
6,10,13,Lincoln Financial Field,Philadelphia,39.89455,-75.18826,-14400,America/New_York,GMT-4,1.0,25.69333333333333,46.13333333333333,25.44666666666667
6,10,14,Lincoln Financial Field,Philadelphia,39.89455,-75.18826,-14400,America/New_York,GMT-4,1.0,26.40666666666667,43.266666666666666,25.886666666666667
6,10,15,Lincoln Financial Field,Philadelphia,39.89455,-75.18826,-14400,America/New_York,GMT-4,1.0,26.92666666666667,41.333333333333336,26.139999999999997
6,10,16,Lincoln Financial Field,Philadelphia,39.89455,-75.18826,-14400,America/New_York,GMT-4,1.0,27.086666666666666,40.0,25.853333333333335
6,10,17,Lincoln Financial Field,Philadelphia,39.89455,-75.18826,-14400,America/New_York,GMT-4,1.0,26.913333333333334,39.2,25.320000000000004
6,10,18,Lincoln Financial Field,Philadelphia,39.89455,-75.18826,-14400,America/New_York,GMT-4,1.0,26.30666666666667,40.06666666666667,24.59333333333334
6,10,19,Lincoln Financial Field,Philadelphia,39.89455,-75.18826,-14400,America/New_York,GMT-4,1.0,25.13333333333333,43.0,23.7
6,10,20,Lincoln Financial Field,Philadelphia,39.89455,-75.18826,-14400,America/New_York,GMT-4,1.0,23.64,47.93333333333333,22.58
6,10,21,Lincoln Financial Field,Philadelphia,39.89455,-75.18826,-14400,America/New_York,GMT-4,1.0,22.14,53.53333333333333,21.466666666666672
6,10,22,Lincoln Financial Field,Philadelphia,39.89455,-75.18826,-14400,America/New_York,GMT-4,1.0,21.146666666666665,57.86666666666667,20.713333333333335
6,10,23,Lincoln Financial Field,Philadelphia,39.89455,-75.18826,-14400,America/New_York,GMT-4,1.0,20.186666666666664,64.86666666666666,20.12
6,11,0,Lincoln Financial Field,Philadelphia,39.89455,-75.18826,-14400,America/New_York,GMT-4,1.0,19.206666666666663,70.93333333333334,19.119999999999997
6,11,1,Lincoln Financial Field,Philadelphia,39.89455,-75.18826,-14400,America/New_York,GMT-4,1.0,19.006666666666668,68.66666666666667,18.8
6,11,2,Lincoln Financial Field,Philadelphia,39.89455,-75.18826,-14400,America/New_York,GMT-4,1.0,18.653333333333332,71.86666666666666,18.559999999999995
6,11,3,Lincoln Financial Field,Philadelphia,39.89455,-75.18826,-14400,America/New_York,GMT-4,1.0,18.413333333333338,74.8,18.52
6,11,4,Lincoln Financial Field,Philadelphia,39.89455,-75.18826,-14400,America/New_York,GMT-4,1.0,18.053333333333335,77.0,18.180000000000003
6,11,5,Lincoln Financial Field,Philadelphia,39.89455,-75.18826,-14400,America/New_York,GMT-4,1.0,17.566666666666666,78.8,17.66
6,11,6,Lincoln Financial Field,Philadelphia,39.89455,-75.18826,-14400,America/New_York,GMT-4,1.0,17.53333333333334,77.4,17.42
6,11,7,Lincoln Financial Field,Philadelphia,39.89455,-75.18826,-14400,America/New_York,GMT-4,1.0,18.166666666666668,74.46666666666667,18.173333333333336
6,11,8,Lincoln Financial Field,Philadelphia,39.89455,-75.18826,-14400,America/New_York,GMT-4,1.0,19.580000000000002,69.06666666666666,19.619999999999997
6,11,9,Lincoln Financial Field,Philadelphia,39.89455,-75.18826,-14400,America/New_York,GMT-4,1.0,21.066666666666666,63.733333333333334,21.199999999999996
6,11,10,Lincoln Financial Field,Philadelphia,39.89455,-75.18826,-14400,America/New_York,GMT-4,1.0,22.446666666666665,57.8,22.57333333333333
6,11,11,Lincoln Financial Field,Philadelphia,39.89455,-75.18826,-14400,America/New_York,GMT-4,1.0,23.459999999999997,53.0,23.62666666666666
6,11,12,Lincoln Financial Field,Philadelphia,39.89455,-75.18826,-14400,America/New_York,GMT-4,1.0,24.053333333333335,50.2,24.113333333333333
6,11,13,Lincoln Financial Field,Philadelphia,39.89455,-75.18826,-14400,America/New_York,GMT-4,1.0,24.386666666666667,49.2,24.246666666666666
6,11,14,Lincoln Financial Field,Philadelphia,39.89455,-75.18826,-14400,America/New_York,GMT-4,1.0,24.526666666666667,49.06666666666667,24.206666666666667
6,11,15,Lincoln Financial Field,Philadelphia,39.89455,-75.18826,-14400,America/New_York,GMT-4,1.0,24.726666666666674,48.8,24.313333333333336
6,11,16,Lincoln Financial Field,Philadelphia,39.89455,-75.18826,-14400,America/New_York,GMT-4,1.0,24.833333333333336,48.266666666666666,24.24666666666667
6,11,17,Lincoln Financial Field,Philadelphia,39.89455,-75.18826,-14400,America/New_York,GMT-4,1.0,24.8,48.06666666666667,24.09333333333334
6,11,18,Lincoln Financial Field,Philadelphia,39.89455,-75.18826,-14400,America/New_York,GMT-4,1.0,24.439999999999998,49.46666666666667,23.826666666666668
6,11,19,Lincoln Financial Field,Philadelphia,39.89455,-75.18826,-14400,America/New_York,GMT-4,1.0,23.70666666666666,53.333333333333336,23.320000000000004
6,11,20,Lincoln Financial Field,Philadelphia,39.89455,-75.18826,-14400,America/New_York,GMT-4,1.0,22.506666666666664,59.8,22.34
6,11,21,Lincoln Financial Field,Philadelphia,39.89455,-75.18826,-14400,America/New_York,GMT-4,1.0,21.173333333333332,67.33333333333333,21.173333333333332
6,11,22,Lincoln Financial Field,Philadelphia,39.89455,-75.18826,-14400,America/New_York,GMT-4,1.0,20.013333333333332,73.93333333333334,20.14666666666666
6,11,23,Lincoln Financial Field,Philadelphia,39.89455,-75.18826,-14400,America/New_York,GMT-4,1.0,19.519999999999996,73.0,19.58
6,12,0,Lincoln Financial Field,Philadelphia,39.89455,-75.18826,-14400,America/New_York,GMT-4,1.0,19.173333333333332,80.2,19.613333333333333
6,12,1,Lincoln Financial Field,Philadelphia,39.89455,-75.18826,-14400,America/New_York,GMT-4,1.0,18.366666666666667,83.0,18.74666666666667
6,12,2,Lincoln Financial Field,Philadelphia,39.89455,-75.18826,-14400,America/New_York,GMT-4,1.0,18.133333333333333,84.06666666666666,18.57333333333333
6,12,3,Lincoln Financial Field,Philadelphia,39.89455,-75.18826,-14400,America/New_York,GMT-4,1.0,17.88,85.26666666666667,18.30666666666667
6,12,4,Lincoln Financial Field,Philadelphia,39.89455,-75.18826,-14400,America/New_York,GMT-4,1.0,17.706666666666667,86.46666666666667,18.16
6,12,5,Lincoln Financial Field,Philadelphia,39.89455,-75.18826,-14400,America/New_York,GMT-4,1.0,17.60666666666667,87.6,18.166666666666668
6,12,6,Lincoln Financial Field,Philadelphia,39.89455,-75.18826,-14400,America/New_York,GMT-4,1.0,17.860000000000003,87.6,18.553333333333335
6,12,7,Lincoln Financial Field,Philadelphia,39.89455,-75.18826,-14400,America/New_York,GMT-4,1.0,18.493333333333336,86.13333333333334,19.473333333333336
6,12,8,Lincoln Financial Field,Philadelphia,39.89455,-75.18826,-14400,America/New_York,GMT-4,1.0,19.586666666666666,82.73333333333333,20.706666666666667
6,12,9,Lincoln Financial Field,Philadelphia,39.89455,-75.18826,-14400,America/New_York,GMT-4,1.0,21.040000000000003,77.2,22.213333333333328
6,12,10,Lincoln Financial Field,Philadelphia,39.89455,-75.18826,-14400,America/New_York,GMT-4,1.0,22.66666666666667,69.86666666666666,23.653333333333332
6,12,11,Lincoln Financial Field,Philadelphia,39.89455,-75.18826,-14400,America/New_York,GMT-4,1.0,24.300000000000004,62.13333333333333,25.166666666666668
6,12,12,Lincoln Financial Field,Philadelphia,39.89455,-75.18826,-14400,America/New_York,GMT-4,1.0,25.64666666666667,55.86666666666667,26.546666666666667
6,12,13,Lincoln Financial Field,Philadelphia,39.89455,-75.18826,-14400,America/New_York,GMT-4,1.0,26.740000000000002,51.53333333333333,27.75333333333333
6,12,14,Lincoln Financial Field,Philadelphia,39.89455,-75.18826,-14400,America/New_York,GMT-4,1.0,27.466666666666672,48.6,28.36
6,12,15,Lincoln Financial Field,Philadelphia,39.89455,-75.18826,-14400,America/New_York,GMT-4,1.0,27.80666666666667,47.4,28.333333333333332
6,12,16,Lincoln Financial Field,Philadelphia,39.89455,-75.18826,-14400,America/New_York,GMT-4,1.0,27.333333333333336,50.0,27.493333333333332
6,12,17,Lincoln Financial Field,Philadelphia,39.89455,-75.18826,-14400,America/New_York,GMT-4,1.0,26.58,53.86666666666667,26.453333333333333
6,12,18,Lincoln Financial Field,Philadelphia,39.89455,-75.18826,-14400,America/New_York,GMT-4,1.0,25.679999999999996,58.53333333333333,25.7
6,12,19,Lincoln Financial Field,Philadelphia,39.89455,-75.18826,-14400,America/New_York,GMT-4,1.0,24.919999999999998,61.46666666666667,25.246666666666666
6,12,20,Lincoln Financial Field,Philadelphia,39.89455,-75.18826,-14400,America/New_York,GMT-4,1.0,23.8,65.73333333333333,24.606666666666666
6,12,21,Lincoln Financial Field,Philadelphia,39.89455,-75.18826,-14400,America/New_York,GMT-4,1.0,22.633333333333333,69.46666666666667,23.546666666666667
6,12,22,Lincoln Financial Field,Philadelphia,39.89455,-75.18826,-14400,America/New_York,GMT-4,1.0,21.493333333333332,73.06666666666666,22.286666666666665
6,12,23,Lincoln Financial Field,Philadelphia,39.89455,-75.18826,-14400,America/New_York,GMT-4,1.0,20.246666666666663,76.8,20.779999999999998
6,13,0,Lincoln Financial Field,Philadelphia,39.89455,-75.18826,-14400,America/New_York,GMT-4,1.0,19.939999999999998,78.53333333333333,20.753333333333334
6,13,1,Lincoln Financial Field,Philadelphia,39.89455,-75.18826,-14400,America/New_York,GMT-4,1.0,19.026666666666667,83.8,19.993333333333332
6,13,2,Lincoln Financial Field,Philadelphia,39.89455,-75.18826,-14400,America/New_York,GMT-4,1.0,18.446666666666665,87.06666666666666,19.54
6,13,3,Lincoln Financial Field,Philadelphia,39.89455,-75.18826,-14400,America/New_York,GMT-4,1.0,18.006666666666664,88.53333333333333,19.04
6,13,4,Lincoln Financial Field,Philadelphia,39.89455,-75.18826,-14400,America/New_York,GMT-4,1.0,17.626666666666665,88.8,18.473333333333336
6,13,5,Lincoln Financial Field,Philadelphia,39.89455,-75.18826,-14400,America/New_York,GMT-4,1.0,17.413333333333338,88.2,18.14
6,13,6,Lincoln Financial Field,Philadelphia,39.89455,-75.18826,-14400,America/New_York,GMT-4,1.0,17.74,86.33333333333333,18.540000000000003
6,13,7,Lincoln Financial Field,Philadelphia,39.89455,-75.18826,-14400,America/New_York,GMT-4,1.0,18.793333333333333,82.0,19.726666666666674
6,13,8,Lincoln Financial Field,Philadelphia,39.89455,-75.18826,-14400,America/New_York,GMT-4,1.0,20.59333333333333,75.0,21.59333333333333
6,13,9,Lincoln Financial Field,Philadelphia,39.89455,-75.18826,-14400,America/New_York,GMT-4,1.0,22.553333333333335,66.6,23.466666666666665
6,13,10,Lincoln Financial Field,Philadelphia,39.89455,-75.18826,-14400,America/New_York,GMT-4,1.0,24.326666666666664,58.8,25.21333333333333
6,13,11,Lincoln Financial Field,Philadelphia,39.89455,-75.18826,-14400,America/New_York,GMT-4,1.0,25.793333333333337,52.46666666666667,26.82
6,13,12,Lincoln Financial Field,Philadelphia,39.89455,-75.18826,-14400,America/New_York,GMT-4,1.0,27.02,47.733333333333334,28.153333333333332
6,13,13,Lincoln Financial Field,Philadelphia,39.89455,-75.18826,-14400,America/New_York,GMT-4,1.0,27.85333333333334,44.733333333333334,28.680000000000003
6,13,14,Lincoln Financial Field,Philadelphia,39.89455,-75.18826,-14400,America/New_York,GMT-4,1.0,28.26666666666667,43.13333333333333,28.58
6,13,15,Lincoln Financial Field,Philadelphia,39.89455,-75.18826,-14400,America/New_York,GMT-4,1.0,28.473333333333336,42.6,28.366666666666667
6,13,16,Lincoln Financial Field,Philadelphia,39.89455,-75.18826,-14400,America/New_York,GMT-4,1.0,28.44,43.266666666666666,28.220000000000002
6,13,17,Lincoln Financial Field,Philadelphia,39.89455,-75.18826,-14400,America/New_York,GMT-4,1.0,28.200000000000003,44.733333333333334,27.86666666666667
6,13,18,Lincoln Financial Field,Philadelphia,39.89455,-75.18826,-14400,America/New_York,GMT-4,1.0,27.433333333333334,47.86666666666667,27.080000000000002
6,13,19,Lincoln Financial Field,Philadelphia,39.89455,-75.18826,-14400,America/New_York,GMT-4,1.0,26.279999999999998,52.0,26.1
6,13,20,Lincoln Financial Field,Philadelphia,39.89455,-75.18826,-14400,America/New_York,GMT-4,1.0,24.613333333333337,57.266666666666666,24.68
6,13,21,Lincoln Financial Field,Philadelphia,39.89455,-75.18826,-14400,America/New_York,GMT-4,1.0,23.113333333333333,62.13333333333333,23.439999999999998
6,13,22,Lincoln Financial Field,Philadelphia,39.89455,-75.18826,-14400,America/New_York,GMT-4,1.0,21.933333333333334,66.93333333333334,22.433333333333334
6,13,23,Lincoln Financial Field,Philadelphia,39.89455,-75.18826,-14400,America/New_York,GMT-4,1.0,20.95333333333333,72.46666666666667,21.619999999999997
6,14,0,Lincoln Financial Field,Philadelphia,39.89455,-75.18826,-14400,America/New_York,GMT-4,1.0,20.180000000000003,77.06666666666666,21.2
6,14,1,Lincoln Financial Field,Philadelphia,39.89455,-75.18826,-14400,America/New_York,GMT-4,1.0,20.253333333333334,77.0,21.166666666666668
6,14,2,Lincoln Financial Field,Philadelphia,39.89455,-75.18826,-14400,America/New_York,GMT-4,1.0,19.92666666666667,78.46666666666667,20.720000000000002
6,14,3,Lincoln Financial Field,Philadelphia,39.89455,-75.18826,-14400,America/New_York,GMT-4,1.0,19.566666666666666,79.73333333333333,20.206666666666663
6,14,4,Lincoln Financial Field,Philadelphia,39.89455,-75.18826,-14400,America/New_York,GMT-4,1.0,19.20666666666667,81.13333333333334,19.82
6,14,5,Lincoln Financial Field,Philadelphia,39.89455,-75.18826,-14400,America/New_York,GMT-4,1.0,18.933333333333334,82.46666666666667,19.59333333333333
6,14,6,Lincoln Financial Field,Philadelphia,39.89455,-75.18826,-14400,America/New_York,GMT-4,1.0,19.100000000000005,82.13333333333334,19.78666666666667
6,14,7,Lincoln Financial Field,Philadelphia,39.89455,-75.18826,-14400,America/New_York,GMT-4,1.0,19.746666666666666,79.46666666666667,20.453333333333333
6,14,8,Lincoln Financial Field,Philadelphia,39.89455,-75.18826,-14400,America/New_York,GMT-4,1.0,20.759999999999998,75.73333333333333,21.35333333333333
6,14,9,Lincoln Financial Field,Philadelphia,39.89455,-75.18826,-14400,America/New_York,GMT-4,1.0,21.87333333333333,71.4,22.42666666666667
6,14,10,Lincoln Financial Field,Philadelphia,39.89455,-75.18826,-14400,America/New_York,GMT-4,1.0,22.88,68.13333333333334,23.54666666666667
6,14,11,Lincoln Financial Field,Philadelphia,39.89455,-75.18826,-14400,America/New_York,GMT-4,1.0,23.786666666666665,64.6,24.653333333333332
6,14,12,Lincoln Financial Field,Philadelphia,39.89455,-75.18826,-14400,America/New_York,GMT-4,1.0,24.506666666666668,62.266666666666666,25.626666666666665
6,14,13,Lincoln Financial Field,Philadelphia,39.89455,-75.18826,-14400,America/New_York,GMT-4,1.0,25.026666666666667,60.53333333333333,26.133333333333333
6,14,14,Lincoln Financial Field,Philadelphia,39.89455,-75.18826,-14400,America/New_York,GMT-4,1.0,25.46,58.93333333333333,26.62666666666666
6,14,15,Lincoln Financial Field,Philadelphia,39.89455,-75.18826,-14400,America/New_York,GMT-4,1.0,25.97333333333334,56.733333333333334,27.07333333333333
6,14,16,Lincoln Financial Field,Philadelphia,39.89455,-75.18826,-14400,America/New_York,GMT-4,1.0,26.540000000000003,53.6,27.44666666666667
6,14,17,Lincoln Financial Field,Philadelphia,39.89455,-75.18826,-14400,America/New_York,GMT-4,1.0,26.666666666666668,52.333333333333336,27.093333333333337
6,14,18,Lincoln Financial Field,Philadelphia,39.89455,-75.18826,-14400,America/New_York,GMT-4,1.0,25.839999999999996,55.266666666666666,25.866666666666667
6,14,19,Lincoln Financial Field,Philadelphia,39.89455,-75.18826,-14400,America/New_York,GMT-4,1.0,24.44,61.86666666666667,24.673333333333336
6,14,20,Lincoln Financial Field,Philadelphia,39.89455,-75.18826,-14400,America/New_York,GMT-4,1.0,22.71333333333333,68.2,23.160000000000004
6,14,21,Lincoln Financial Field,Philadelphia,39.89455,-75.18826,-14400,America/New_York,GMT-4,1.0,21.48,72.2,22.18666666666667
6,14,22,Lincoln Financial Field,Philadelphia,39.89455,-75.18826,-14400,America/New_York,GMT-4,1.0,20.426666666666666,75.06666666666666,21.133333333333333
6,14,23,Lincoln Financial Field,Philadelphia,39.89455,-75.18826,-14400,America/New_York,GMT-4,1.0,20.273333333333333,76.06666666666666,21.173333333333336
6,15,0,Lincoln Financial Field,Philadelphia,39.89455,-75.18826,-14400,America/New_York,GMT-4,1.0,18.68,79.46666666666667,19.246666666666666
6,15,1,Lincoln Financial Field,Philadelphia,39.89455,-75.18826,-14400,America/New_York,GMT-4,1.0,18.44666666666667,83.46666666666667,19.26
6,15,2,Lincoln Financial Field,Philadelphia,39.89455,-75.18826,-14400,America/New_York,GMT-4,1.0,18.02,84.93333333333334,18.82
6,15,3,Lincoln Financial Field,Philadelphia,39.89455,-75.18826,-14400,America/New_York,GMT-4,1.0,17.673333333333336,86.26666666666667,18.466666666666665
6,15,4,Lincoln Financial Field,Philadelphia,39.89455,-75.18826,-14400,America/New_York,GMT-4,1.0,17.459999999999997,87.53333333333333,18.273333333333333
6,15,5,Lincoln Financial Field,Philadelphia,39.89455,-75.18826,-14400,America/New_York,GMT-4,1.0,17.273333333333333,87.8,17.94
6,15,6,Lincoln Financial Field,Philadelphia,39.89455,-75.18826,-14400,America/New_York,GMT-4,1.0,17.406666666666663,86.6,17.946666666666665
6,15,7,Lincoln Financial Field,Philadelphia,39.89455,-75.18826,-14400,America/New_York,GMT-4,1.0,18.106666666666666,81.93333333333334,18.413333333333338
6,15,8,Lincoln Financial Field,Philadelphia,39.89455,-75.18826,-14400,America/New_York,GMT-4,1.0,19.52,74.93333333333334,19.726666666666667
6,15,9,Lincoln Financial Field,Philadelphia,39.89455,-75.18826,-14400,America/New_York,GMT-4,1.0,21.086666666666662,66.86666666666666,21.206666666666667
6,15,10,Lincoln Financial Field,Philadelphia,39.89455,-75.18826,-14400,America/New_York,GMT-4,1.0,22.60666666666667,59.266666666666666,22.873333333333335
6,15,11,Lincoln Financial Field,Philadelphia,39.89455,-75.18826,-14400,America/New_York,GMT-4,1.0,23.893333333333334,52.86666666666667,24.32666666666667
6,15,12,Lincoln Financial Field,Philadelphia,39.89455,-75.18826,-14400,America/New_York,GMT-4,1.0,24.94666666666667,48.2,25.473333333333336
6,15,13,Lincoln Financial Field,Philadelphia,39.89455,-75.18826,-14400,America/New_York,GMT-4,1.0,25.720000000000002,45.266666666666666,26.086666666666666
6,15,14,Lincoln Financial Field,Philadelphia,39.89455,-75.18826,-14400,America/New_York,GMT-4,1.0,26.21333333333333,43.46666666666667,26.2
6,15,15,Lincoln Financial Field,Philadelphia,39.89455,-75.18826,-14400,America/New_York,GMT-4,1.0,26.48,42.46666666666667,26.113333333333337
6,15,16,Lincoln Financial Field,Philadelphia,39.89455,-75.18826,-14400,America/New_York,GMT-4,1.0,26.546666666666667,42.06666666666667,25.733333333333338
6,15,17,Lincoln Financial Field,Philadelphia,39.89455,-75.18826,-14400,America/New_York,GMT-4,1.0,26.34666666666666,42.733333333333334,25.213333333333335
6,15,18,Lincoln Financial Field,Philadelphia,39.89455,-75.18826,-14400,America/New_York,GMT-4,1.0,25.613333333333333,45.0,24.24
6,15,19,Lincoln Financial Field,Philadelphia,39.89455,-75.18826,-14400,America/New_York,GMT-4,1.0,24.313333333333336,49.8,23.19333333333333
6,15,20,Lincoln Financial Field,Philadelphia,39.89455,-75.18826,-14400,America/New_York,GMT-4,1.0,22.586666666666666,56.2,21.88
6,15,21,Lincoln Financial Field,Philadelphia,39.89455,-75.18826,-14400,America/New_York,GMT-4,1.0,20.993333333333332,63.0,20.673333333333332
6,15,22,Lincoln Financial Field,Philadelphia,39.89455,-75.18826,-14400,America/New_York,GMT-4,1.0,19.68,68.53333333333333,19.533333333333328
6,15,23,Lincoln Financial Field,Philadelphia,39.89455,-75.18826,-14400,America/New_York,GMT-4,1.0,19.026666666666664,74.93333333333334,19.26
6,16,0,Lincoln Financial Field,Philadelphia,39.89455,-75.18826,-14400,America/New_York,GMT-4,1.0,18.393333333333334,75.66666666666667,18.353333333333335
6,16,1,Lincoln Financial Field,Philadelphia,39.89455,-75.18826,-14400,America/New_York,GMT-4,1.0,17.84,75.13333333333334,17.60666666666667
6,16,2,Lincoln Financial Field,Philadelphia,39.89455,-75.18826,-14400,America/New_York,GMT-4,1.0,17.386666666666663,76.66666666666667,17.16
6,16,3,Lincoln Financial Field,Philadelphia,39.89455,-75.18826,-14400,America/New_York,GMT-4,1.0,16.853333333333335,79.33333333333333,16.693333333333335
6,16,4,Lincoln Financial Field,Philadelphia,39.89455,-75.18826,-14400,America/New_York,GMT-4,1.0,16.566666666666666,81.06666666666666,16.506666666666664
6,16,5,Lincoln Financial Field,Philadelphia,39.89455,-75.18826,-14400,America/New_York,GMT-4,1.0,16.506666666666668,81.46666666666667,16.453333333333333
6,16,6,Lincoln Financial Field,Philadelphia,39.89455,-75.18826,-14400,America/New_York,GMT-4,1.0,16.866666666666667,80.0,16.78
6,16,7,Lincoln Financial Field,Philadelphia,39.89455,-75.18826,-14400,America/New_York,GMT-4,1.0,17.720000000000006,76.66666666666667,17.613333333333333
6,16,8,Lincoln Financial Field,Philadelphia,39.89455,-75.18826,-14400,America/New_York,GMT-4,1.0,19.06,72.06666666666666,18.886666666666667
6,16,9,Lincoln Financial Field,Philadelphia,39.89455,-75.18826,-14400,America/New_York,GMT-4,1.0,20.439999999999998,67.4,20.313333333333336
6,16,10,Lincoln Financial Field,Philadelphia,39.89455,-75.18826,-14400,America/New_York,GMT-4,1.0,21.653333333333332,63.06666666666667,21.466666666666665
6,16,11,Lincoln Financial Field,Philadelphia,39.89455,-75.18826,-14400,America/New_York,GMT-4,1.0,22.520000000000003,60.46666666666667,22.580000000000002
6,16,12,Lincoln Financial Field,Philadelphia,39.89455,-75.18826,-14400,America/New_York,GMT-4,1.0,23.153333333333332,59.06666666666667,23.46
6,16,13,Lincoln Financial Field,Philadelphia,39.89455,-75.18826,-14400,America/New_York,GMT-4,1.0,23.66,58.733333333333334,24.299999999999997
6,16,14,Lincoln Financial Field,Philadelphia,39.89455,-75.18826,-14400,America/New_York,GMT-4,1.0,24.139999999999997,58.2,24.69333333333333
6,16,15,Lincoln Financial Field,Philadelphia,39.89455,-75.18826,-14400,America/New_York,GMT-4,1.0,24.606666666666666,57.333333333333336,25.060000000000006
6,16,16,Lincoln Financial Field,Philadelphia,39.89455,-75.18826,-14400,America/New_York,GMT-4,1.0,24.95333333333333,56.13333333333333,25.139999999999997
6,16,17,Lincoln Financial Field,Philadelphia,39.89455,-75.18826,-14400,America/New_York,GMT-4,1.0,24.87333333333333,55.86666666666667,24.87333333333333
6,16,18,Lincoln Financial Field,Philadelphia,39.89455,-75.18826,-14400,America/New_York,GMT-4,1.0,24.186666666666664,58.266666666666666,24.04
6,16,19,Lincoln Financial Field,Philadelphia,39.89455,-75.18826,-14400,America/New_York,GMT-4,1.0,23.15333333333333,61.266666666666666,23.026666666666664
6,16,20,Lincoln Financial Field,Philadelphia,39.89455,-75.18826,-14400,America/New_York,GMT-4,1.0,21.933333333333334,65.26666666666667,21.92666666666667
6,16,21,Lincoln Financial Field,Philadelphia,39.89455,-75.18826,-14400,America/New_York,GMT-4,1.0,20.866666666666667,68.93333333333334,20.960000000000004
6,16,22,Lincoln Financial Field,Philadelphia,39.89455,-75.18826,-14400,America/New_York,GMT-4,1.0,19.819999999999997,73.93333333333334,20.000000000000007
6,16,23,Lincoln Financial Field,Philadelphia,39.89455,-75.18826,-14400,America/New_York,GMT-4,1.0,18.94666666666667,76.0,19.086666666666666
6,17,0,Lincoln Financial Field,Philadelphia,39.89455,-75.18826,-14400,America/New_York,GMT-4,1.0,19.040000000000003,79.13333333333334,19.506666666666664
6,17,1,Lincoln Financial Field,Philadelphia,39.89455,-75.18826,-14400,America/New_York,GMT-4,1.0,18.206666666666667,83.33333333333333,18.733333333333334
6,17,2,Lincoln Financial Field,Philadelphia,39.89455,-75.18826,-14400,America/New_York,GMT-4,1.0,18.086666666666666,83.6,18.653333333333332
6,17,3,Lincoln Financial Field,Philadelphia,39.89455,-75.18826,-14400,America/New_York,GMT-4,1.0,17.966666666666672,83.46666666666667,18.5
6,17,4,Lincoln Financial Field,Philadelphia,39.89455,-75.18826,-14400,America/New_York,GMT-4,1.0,17.653333333333332,83.93333333333334,18.193333333333335
6,17,5,Lincoln Financial Field,Philadelphia,39.89455,-75.18826,-14400,America/New_York,GMT-4,1.0,17.35333333333334,85.06666666666666,17.946666666666665
6,17,6,Lincoln Financial Field,Philadelphia,39.89455,-75.18826,-14400,America/New_York,GMT-4,1.0,17.58,84.0,18.15333333333333
6,17,7,Lincoln Financial Field,Philadelphia,39.89455,-75.18826,-14400,America/New_York,GMT-4,1.0,18.57333333333333,80.0,19.1
6,17,8,Lincoln Financial Field,Philadelphia,39.89455,-75.18826,-14400,America/New_York,GMT-4,1.0,20.166666666666664,74.06666666666666,20.660000000000004
6,17,9,Lincoln Financial Field,Philadelphia,39.89455,-75.18826,-14400,America/New_York,GMT-4,1.0,21.946666666666665,67.2,22.366666666666667
6,17,10,Lincoln Financial Field,Philadelphia,39.89455,-75.18826,-14400,America/New_York,GMT-4,1.0,23.566666666666666,60.86666666666667,23.993333333333336
6,17,11,Lincoln Financial Field,Philadelphia,39.89455,-75.18826,-14400,America/New_York,GMT-4,1.0,25.05333333333333,54.4,25.45333333333333
6,17,12,Lincoln Financial Field,Philadelphia,39.89455,-75.18826,-14400,America/New_York,GMT-4,1.0,26.36,48.93333333333333,26.71333333333333
6,17,13,Lincoln Financial Field,Philadelphia,39.89455,-75.18826,-14400,America/New_York,GMT-4,1.0,27.213333333333328,45.333333333333336,27.326666666666664
6,17,14,Lincoln Financial Field,Philadelphia,39.89455,-75.18826,-14400,America/New_York,GMT-4,1.0,27.759999999999998,43.46666666666667,27.626666666666665
6,17,15,Lincoln Financial Field,Philadelphia,39.89455,-75.18826,-14400,America/New_York,GMT-4,1.0,27.973333333333333,43.0,27.64666666666667
6,17,16,Lincoln Financial Field,Philadelphia,39.89455,-75.18826,-14400,America/New_York,GMT-4,1.0,28.059999999999995,42.666666666666664,27.53333333333334
6,17,17,Lincoln Financial Field,Philadelphia,39.89455,-75.18826,-14400,America/New_York,GMT-4,1.0,27.859999999999996,43.13333333333333,27.133333333333336
6,17,18,Lincoln Financial Field,Philadelphia,39.89455,-75.18826,-14400,America/New_York,GMT-4,1.0,27.266666666666666,44.666666666666664,26.453333333333333
6,17,19,Lincoln Financial Field,Philadelphia,39.89455,-75.18826,-14400,America/New_York,GMT-4,1.0,26.160000000000004,48.266666666666666,25.580000000000002
6,17,20,Lincoln Financial Field,Philadelphia,39.89455,-75.18826,-14400,America/New_York,GMT-4,1.0,24.66666666666667,53.06666666666667,24.32
6,17,21,Lincoln Financial Field,Philadelphia,39.89455,-75.18826,-14400,America/New_York,GMT-4,1.0,23.213333333333335,58.53333333333333,23.14
6,17,22,Lincoln Financial Field,Philadelphia,39.89455,-75.18826,-14400,America/New_York,GMT-4,1.0,21.913333333333334,64.53333333333333,22.02
6,17,23,Lincoln Financial Field,Philadelphia,39.89455,-75.18826,-14400,America/New_York,GMT-4,1.0,20.4,72.13333333333334,20.686666666666667
6,18,0,Lincoln Financial Field,Philadelphia,39.89455,-75.18826,-14400,America/New_York,GMT-4,1.0,20.29333333333334,71.46666666666667,20.55333333333333
6,18,1,Lincoln Financial Field,Philadelphia,39.89455,-75.18826,-14400,America/New_York,GMT-4,1.0,19.493333333333336,74.93333333333334,19.753333333333334
6,18,2,Lincoln Financial Field,Philadelphia,39.89455,-75.18826,-14400,America/New_York,GMT-4,1.0,19.119999999999997,75.2,19.200000000000003
6,18,3,Lincoln Financial Field,Philadelphia,39.89455,-75.18826,-14400,America/New_York,GMT-4,1.0,18.886666666666663,74.93333333333334,18.793333333333337
6,18,4,Lincoln Financial Field,Philadelphia,39.89455,-75.18826,-14400,America/New_York,GMT-4,1.0,18.646666666666665,75.4,18.486666666666668
6,18,5,Lincoln Financial Field,Philadelphia,39.89455,-75.18826,-14400,America/New_York,GMT-4,1.0,18.459999999999997,76.86666666666666,18.373333333333335
6,18,6,Lincoln Financial Field,Philadelphia,39.89455,-75.18826,-14400,America/New_York,GMT-4,1.0,18.766666666666662,77.0,18.779999999999998
6,18,7,Lincoln Financial Field,Philadelphia,39.89455,-75.18826,-14400,America/New_York,GMT-4,1.0,19.706666666666667,74.26666666666667,19.78666666666667
6,18,8,Lincoln Financial Field,Philadelphia,39.89455,-75.18826,-14400,America/New_York,GMT-4,1.0,21.233333333333334,68.4,21.233333333333338
6,18,9,Lincoln Financial Field,Philadelphia,39.89455,-75.18826,-14400,America/New_York,GMT-4,1.0,22.84666666666667,62.06666666666667,22.813333333333333
6,18,10,Lincoln Financial Field,Philadelphia,39.89455,-75.18826,-14400,America/New_York,GMT-4,1.0,24.400000000000002,56.53333333333333,24.54666666666667
6,18,11,Lincoln Financial Field,Philadelphia,39.89455,-75.18826,-14400,America/New_York,GMT-4,1.0,25.72666666666667,52.2,26.240000000000002
6,18,12,Lincoln Financial Field,Philadelphia,39.89455,-75.18826,-14400,America/New_York,GMT-4,1.0,26.85333333333333,48.53333333333333,27.653333333333332
6,18,13,Lincoln Financial Field,Philadelphia,39.89455,-75.18826,-14400,America/New_York,GMT-4,1.0,27.713333333333328,45.8,28.486666666666665
6,18,14,Lincoln Financial Field,Philadelphia,39.89455,-75.18826,-14400,America/New_York,GMT-4,1.0,28.07333333333333,45.13333333333333,28.55333333333333
6,18,15,Lincoln Financial Field,Philadelphia,39.89455,-75.18826,-14400,America/New_York,GMT-4,1.0,28.220000000000002,44.8,28.266666666666666
6,18,16,Lincoln Financial Field,Philadelphia,39.89455,-75.18826,-14400,America/New_York,GMT-4,1.0,28.146666666666665,44.86666666666667,27.826666666666668
6,18,17,Lincoln Financial Field,Philadelphia,39.89455,-75.18826,-14400,America/New_York,GMT-4,1.0,27.77333333333333,45.8,27.206666666666667
6,18,18,Lincoln Financial Field,Philadelphia,39.89455,-75.18826,-14400,America/New_York,GMT-4,1.0,27.053333333333335,48.13333333333333,26.533333333333335
6,18,19,Lincoln Financial Field,Philadelphia,39.89455,-75.18826,-14400,America/New_York,GMT-4,1.0,25.759999999999998,52.13333333333333,25.48666666666667
6,18,20,Lincoln Financial Field,Philadelphia,39.89455,-75.18826,-14400,America/New_York,GMT-4,1.0,24.40666666666666,56.266666666666666,24.433333333333334
6,18,21,Lincoln Financial Field,Philadelphia,39.89455,-75.18826,-14400,America/New_York,GMT-4,1.0,23.060000000000002,60.2,23.186666666666667
6,18,22,Lincoln Financial Field,Philadelphia,39.89455,-75.18826,-14400,America/New_York,GMT-4,1.0,22.113333333333333,63.2,22.206666666666663
6,18,23,Lincoln Financial Field,Philadelphia,39.89455,-75.18826,-14400,America/New_York,GMT-4,1.0,21.186666666666667,67.26666666666667,21.339999999999996
6,19,0,Lincoln Financial Field,Philadelphia,39.89455,-75.18826,-14400,America/New_York,GMT-4,1.0,20.766666666666662,70.26666666666667,21.1
6,19,1,Lincoln Financial Field,Philadelphia,39.89455,-75.18826,-14400,America/New_York,GMT-4,1.0,20.37333333333333,72.2,20.733333333333338
6,19,2,Lincoln Financial Field,Philadelphia,39.89455,-75.18826,-14400,America/New_York,GMT-4,1.0,19.793333333333333,75.53333333333333,20.253333333333334
6,19,3,Lincoln Financial Field,Philadelphia,39.89455,-75.18826,-14400,America/New_York,GMT-4,1.0,19.526666666666664,77.33333333333333,20.093333333333337
6,19,4,Lincoln Financial Field,Philadelphia,39.89455,-75.18826,-14400,America/New_York,GMT-4,1.0,19.113333333333337,79.53333333333333,19.72666666666667
6,19,5,Lincoln Financial Field,Philadelphia,39.89455,-75.18826,-14400,America/New_York,GMT-4,1.0,18.833333333333332,81.26666666666667,19.526666666666664
6,19,6,Lincoln Financial Field,Philadelphia,39.89455,-75.18826,-14400,America/New_York,GMT-4,1.0,18.959999999999997,81.13333333333334,19.68
6,19,7,Lincoln Financial Field,Philadelphia,39.89455,-75.18826,-14400,America/New_York,GMT-4,1.0,19.926666666666666,76.8,20.61333333333333
6,19,8,Lincoln Financial Field,Philadelphia,39.89455,-75.18826,-14400,America/New_York,GMT-4,1.0,21.566666666666666,70.6,22.306666666666665
6,19,9,Lincoln Financial Field,Philadelphia,39.89455,-75.18826,-14400,America/New_York,GMT-4,1.0,23.453333333333333,63.6,24.333333333333332
6,19,10,Lincoln Financial Field,Philadelphia,39.89455,-75.18826,-14400,America/New_York,GMT-4,1.0,25.286666666666672,57.6,26.66666666666667
6,19,11,Lincoln Financial Field,Philadelphia,39.89455,-75.18826,-14400,America/New_York,GMT-4,1.0,26.673333333333336,52.4,28.42
6,19,12,Lincoln Financial Field,Philadelphia,39.89455,-75.18826,-14400,America/New_York,GMT-4,1.0,27.706666666666667,48.733333333333334,29.64666666666667
6,19,13,Lincoln Financial Field,Philadelphia,39.89455,-75.18826,-14400,America/New_York,GMT-4,1.0,28.54666666666667,45.93333333333333,30.34666666666667
6,19,14,Lincoln Financial Field,Philadelphia,39.89455,-75.18826,-14400,America/New_York,GMT-4,1.0,29.34,43.266666666666666,30.813333333333336
6,19,15,Lincoln Financial Field,Philadelphia,39.89455,-75.18826,-14400,America/New_York,GMT-4,1.0,29.566666666666666,42.93333333333333,30.540000000000003
6,19,16,Lincoln Financial Field,Philadelphia,39.89455,-75.18826,-14400,America/New_York,GMT-4,1.0,29.10666666666667,45.0,29.5
6,19,17,Lincoln Financial Field,Philadelphia,39.89455,-75.18826,-14400,America/New_York,GMT-4,1.0,28.053333333333335,48.86666666666667,28.01333333333333
6,19,18,Lincoln Financial Field,Philadelphia,39.89455,-75.18826,-14400,America/New_York,GMT-4,1.0,26.913333333333334,52.13333333333333,26.733333333333334
6,19,19,Lincoln Financial Field,Philadelphia,39.89455,-75.18826,-14400,America/New_York,GMT-4,1.0,25.63333333333333,56.266666666666666,25.64
6,19,20,Lincoln Financial Field,Philadelphia,39.89455,-75.18826,-14400,America/New_York,GMT-4,1.0,24.14,61.266666666666666,24.4
6,19,21,Lincoln Financial Field,Philadelphia,39.89455,-75.18826,-14400,America/New_York,GMT-4,1.0,22.740000000000002,65.8,23.106666666666673
6,19,22,Lincoln Financial Field,Philadelphia,39.89455,-75.18826,-14400,America/New_York,GMT-4,1.0,21.64666666666667,68.6,22.006666666666668
6,19,23,Lincoln Financial Field,Philadelphia,39.89455,-75.18826,-14400,America/New_York,GMT-4,1.0,21.233333333333334,68.73333333333333,21.5
6,20,0,Lincoln Financial Field,Philadelphia,39.89455,-75.18826,-14400,America/New_York,GMT-4,1.0,20.619999999999997,74.2,21.31333333333333
6,20,1,Lincoln Financial Field,Philadelphia,39.89455,-75.18826,-14400,America/New_York,GMT-4,1.0,19.77333333333333,76.73333333333333,20.379999999999995
6,20,2,Lincoln Financial Field,Philadelphia,39.89455,-75.18826,-14400,America/New_York,GMT-4,1.0,19.153333333333332,78.53333333333333,19.653333333333332
6,20,3,Lincoln Financial Field,Philadelphia,39.89455,-75.18826,-14400,America/New_York,GMT-4,1.0,18.546666666666667,79.66666666666667,18.913333333333338
6,20,4,Lincoln Financial Field,Philadelphia,39.89455,-75.18826,-14400,America/New_York,GMT-4,1.0,17.94666666666667,80.93333333333334,18.233333333333334
6,20,5,Lincoln Financial Field,Philadelphia,39.89455,-75.18826,-14400,America/New_York,GMT-4,1.0,17.613333333333333,82.26666666666667,17.946666666666665
6,20,6,Lincoln Financial Field,Philadelphia,39.89455,-75.18826,-14400,America/New_York,GMT-4,1.0,17.87333333333333,82.33333333333333,18.313333333333333
6,20,7,Lincoln Financial Field,Philadelphia,39.89455,-75.18826,-14400,America/New_York,GMT-4,1.0,18.73333333333333,80.0,19.293333333333333
6,20,8,Lincoln Financial Field,Philadelphia,39.89455,-75.18826,-14400,America/New_York,GMT-4,1.0,20.339999999999996,74.6,20.98
6,20,9,Lincoln Financial Field,Philadelphia,39.89455,-75.18826,-14400,America/New_York,GMT-4,1.0,22.10666666666667,67.8,22.746666666666666
6,20,10,Lincoln Financial Field,Philadelphia,39.89455,-75.18826,-14400,America/New_York,GMT-4,1.0,23.92,60.733333333333334,24.639999999999997
6,20,11,Lincoln Financial Field,Philadelphia,39.89455,-75.18826,-14400,America/New_York,GMT-4,1.0,25.366666666666664,55.266666666666666,26.27333333333333
6,20,12,Lincoln Financial Field,Philadelphia,39.89455,-75.18826,-14400,America/New_York,GMT-4,1.0,26.566666666666663,50.8,27.720000000000002
6,20,13,Lincoln Financial Field,Philadelphia,39.89455,-75.18826,-14400,America/New_York,GMT-4,1.0,27.560000000000002,47.333333333333336,28.833333333333332
6,20,14,Lincoln Financial Field,Philadelphia,39.89455,-75.18826,-14400,America/New_York,GMT-4,1.0,28.426666666666666,44.2,29.60666666666667
6,20,15,Lincoln Financial Field,Philadelphia,39.89455,-75.18826,-14400,America/New_York,GMT-4,1.0,29.019999999999996,42.2,29.84
6,20,16,Lincoln Financial Field,Philadelphia,39.89455,-75.18826,-14400,America/New_York,GMT-4,1.0,29.259999999999998,41.46666666666667,29.56666666666667
6,20,17,Lincoln Financial Field,Philadelphia,39.89455,-75.18826,-14400,America/New_York,GMT-4,1.0,29.079999999999995,42.46666666666667,29.026666666666674
6,20,18,Lincoln Financial Field,Philadelphia,39.89455,-75.18826,-14400,America/New_York,GMT-4,1.0,28.486666666666668,46.333333333333336,28.573333333333334
6,20,19,Lincoln Financial Field,Philadelphia,39.89455,-75.18826,-14400,America/New_York,GMT-4,1.0,27.159999999999993,52.2,27.566666666666663
6,20,20,Lincoln Financial Field,Philadelphia,39.89455,-75.18826,-14400,America/New_York,GMT-4,1.0,25.413333333333334,59.46666666666667,26.086666666666662
6,20,21,Lincoln Financial Field,Philadelphia,39.89455,-75.18826,-14400,America/New_York,GMT-4,1.0,23.720000000000002,65.13333333333334,24.473333333333333
6,20,22,Lincoln Financial Field,Philadelphia,39.89455,-75.18826,-14400,America/New_York,GMT-4,1.0,22.586666666666666,69.06666666666666,23.38
6,20,23,Lincoln Financial Field,Philadelphia,39.89455,-75.18826,-14400,America/New_York,GMT-4,1.0,21.54666666666667,71.66666666666667,22.32
6,21,0,Lincoln Financial Field,Philadelphia,39.89455,-75.18826,-14400,America/New_York,GMT-4,1.0,21.286666666666665,76.2,22.179999999999996
6,21,1,Lincoln Financial Field,Philadelphia,39.89455,-75.18826,-14400,America/New_York,GMT-4,1.0,20.5,77.0,21.25333333333333
6,21,2,Lincoln Financial Field,Philadelphia,39.89455,-75.18826,-14400,America/New_York,GMT-4,1.0,19.946666666666665,78.46666666666667,20.646666666666665
6,21,3,Lincoln Financial Field,Philadelphia,39.89455,-75.18826,-14400,America/New_York,GMT-4,1.0,19.513333333333332,79.46666666666667,20.173333333333332
6,21,4,Lincoln Financial Field,Philadelphia,39.89455,-75.18826,-14400,America/New_York,GMT-4,1.0,19.293333333333337,80.4,20.040000000000003
6,21,5,Lincoln Financial Field,Philadelphia,39.89455,-75.18826,-14400,America/New_York,GMT-4,1.0,19.14666666666667,82.26666666666667,20.08
6,21,6,Lincoln Financial Field,Philadelphia,39.89455,-75.18826,-14400,America/New_York,GMT-4,1.0,19.466666666666665,82.46666666666667,20.54666666666667
6,21,7,Lincoln Financial Field,Philadelphia,39.89455,-75.18826,-14400,America/New_York,GMT-4,1.0,20.233333333333334,80.26666666666667,21.360000000000003
6,21,8,Lincoln Financial Field,Philadelphia,39.89455,-75.18826,-14400,America/New_York,GMT-4,1.0,21.706666666666663,74.86666666666666,22.866666666666667
6,21,9,Lincoln Financial Field,Philadelphia,39.89455,-75.18826,-14400,America/New_York,GMT-4,1.0,23.333333333333332,68.46666666666667,24.506666666666664
6,21,10,Lincoln Financial Field,Philadelphia,39.89455,-75.18826,-14400,America/New_York,GMT-4,1.0,24.92,62.733333333333334,26.21333333333333
6,21,11,Lincoln Financial Field,Philadelphia,39.89455,-75.18826,-14400,America/New_York,GMT-4,1.0,26.19333333333333,57.666666666666664,27.486666666666668
6,21,12,Lincoln Financial Field,Philadelphia,39.89455,-75.18826,-14400,America/New_York,GMT-4,1.0,27.233333333333334,53.46666666666667,28.593333333333337
6,21,13,Lincoln Financial Field,Philadelphia,39.89455,-75.18826,-14400,America/New_York,GMT-4,1.0,28.013333333333335,50.4,29.346666666666668
6,21,14,Lincoln Financial Field,Philadelphia,39.89455,-75.18826,-14400,America/New_York,GMT-4,1.0,28.48,49.2,29.713333333333335
6,21,15,Lincoln Financial Field,Philadelphia,39.89455,-75.18826,-14400,America/New_York,GMT-4,1.0,28.713333333333335,48.93333333333333,29.673333333333336
6,21,16,Lincoln Financial Field,Philadelphia,39.89455,-75.18826,-14400,America/New_York,GMT-4,1.0,28.65333333333334,49.53333333333333,29.173333333333336
6,21,17,Lincoln Financial Field,Philadelphia,39.89455,-75.18826,-14400,America/New_York,GMT-4,1.0,28.346666666666668,50.93333333333333,28.600000000000005
6,21,18,Lincoln Financial Field,Philadelphia,39.89455,-75.18826,-14400,America/New_York,GMT-4,1.0,27.713333333333328,53.93333333333333,27.986666666666668
6,21,19,Lincoln Financial Field,Philadelphia,39.89455,-75.18826,-14400,America/New_York,GMT-4,1.0,26.52,59.6,27.113333333333333
6,21,20,Lincoln Financial Field,Philadelphia,39.89455,-75.18826,-14400,America/New_York,GMT-4,1.0,25.206666666666667,65.06666666666666,26.10666666666667
6,21,21,Lincoln Financial Field,Philadelphia,39.89455,-75.18826,-14400,America/New_York,GMT-4,1.0,23.980000000000004,69.8,25.02
6,21,22,Lincoln Financial Field,Philadelphia,39.89455,-75.18826,-14400,America/New_York,GMT-4,1.0,23.106666666666666,72.8,24.179999999999996
6,21,23,Lincoln Financial Field,Philadelphia,39.89455,-75.18826,-14400,America/New_York,GMT-4,1.0,22.213333333333328,74.26666666666667,23.179999999999996
6,22,0,Lincoln Financial Field,Philadelphia,39.89455,-75.18826,-14400,America/New_York,GMT-4,1.0,21.3,81.53333333333333,22.673333333333332
6,22,1,Lincoln Financial Field,Philadelphia,39.89455,-75.18826,-14400,America/New_York,GMT-4,1.0,21.333333333333332,80.2,22.493333333333332
6,22,2,Lincoln Financial Field,Philadelphia,39.89455,-75.18826,-14400,America/New_York,GMT-4,1.0,21.013333333333335,80.8,22.113333333333333
6,22,3,Lincoln Financial Field,Philadelphia,39.89455,-75.18826,-14400,America/New_York,GMT-4,1.0,20.773333333333333,81.13333333333334,21.833333333333332
6,22,4,Lincoln Financial Field,Philadelphia,39.89455,-75.18826,-14400,America/New_York,GMT-4,1.0,20.493333333333336,82.2,21.546666666666667
6,22,5,Lincoln Financial Field,Philadelphia,39.89455,-75.18826,-14400,America/New_York,GMT-4,1.0,20.34,83.2,21.446666666666665
6,22,6,Lincoln Financial Field,Philadelphia,39.89455,-75.18826,-14400,America/New_York,GMT-4,1.0,20.56666666666667,83.0,21.77333333333333
6,22,7,Lincoln Financial Field,Philadelphia,39.89455,-75.18826,-14400,America/New_York,GMT-4,1.0,21.246666666666666,80.86666666666666,22.546666666666667
6,22,8,Lincoln Financial Field,Philadelphia,39.89455,-75.18826,-14400,America/New_York,GMT-4,1.0,22.380000000000003,77.4,23.819999999999997
6,22,9,Lincoln Financial Field,Philadelphia,39.89455,-75.18826,-14400,America/New_York,GMT-4,1.0,23.6,74.0,25.10666666666667
6,22,10,Lincoln Financial Field,Philadelphia,39.89455,-75.18826,-14400,America/New_York,GMT-4,1.0,24.88,69.8,26.42
6,22,11,Lincoln Financial Field,Philadelphia,39.89455,-75.18826,-14400,America/New_York,GMT-4,1.0,25.860000000000003,65.73333333333333,27.266666666666666
6,22,12,Lincoln Financial Field,Philadelphia,39.89455,-75.18826,-14400,America/New_York,GMT-4,1.0,26.54,62.733333333333334,27.81333333333333
6,22,13,Lincoln Financial Field,Philadelphia,39.89455,-75.18826,-14400,America/New_York,GMT-4,1.0,26.866666666666667,61.666666666666664,27.933333333333334
6,22,14,Lincoln Financial Field,Philadelphia,39.89455,-75.18826,-14400,America/New_York,GMT-4,1.0,27.026666666666667,61.266666666666666,27.906666666666663
6,22,15,Lincoln Financial Field,Philadelphia,39.89455,-75.18826,-14400,America/New_York,GMT-4,1.0,26.986666666666668,60.666666666666664,27.733333333333334
6,22,16,Lincoln Financial Field,Philadelphia,39.89455,-75.18826,-14400,America/New_York,GMT-4,1.0,26.88666666666667,60.6,27.553333333333335
6,22,17,Lincoln Financial Field,Philadelphia,39.89455,-75.18826,-14400,America/New_York,GMT-4,1.0,26.6,61.333333333333336,27.25333333333333
6,22,18,Lincoln Financial Field,Philadelphia,39.89455,-75.18826,-14400,America/New_York,GMT-4,1.0,26.16,62.86666666666667,26.83333333333333
6,22,19,Lincoln Financial Field,Philadelphia,39.89455,-75.18826,-14400,America/New_York,GMT-4,1.0,25.266666666666666,66.0,26.16
6,22,20,Lincoln Financial Field,Philadelphia,39.89455,-75.18826,-14400,America/New_York,GMT-4,1.0,24.10666666666667,70.73333333333333,25.333333333333332
6,22,21,Lincoln Financial Field,Philadelphia,39.89455,-75.18826,-14400,America/New_York,GMT-4,1.0,22.966666666666665,75.8,24.540000000000003
6,22,22,Lincoln Financial Field,Philadelphia,39.89455,-75.18826,-14400,America/New_York,GMT-4,1.0,21.92,80.4,23.65333333333333
6,22,23,Lincoln Financial Field,Philadelphia,39.89455,-75.18826,-14400,America/New_York,GMT-4,1.0,21.566666666666666,81.26666666666667,23.166666666666664
6,23,0,Lincoln Financial Field,Philadelphia,39.89455,-75.18826,-14400,America/New_York,GMT-4,1.0,21.16666666666667,83.4,22.900000000000002
6,23,1,Lincoln Financial Field,Philadelphia,39.89455,-75.18826,-14400,America/New_York,GMT-4,1.0,20.433333333333334,85.2,21.98
6,23,2,Lincoln Financial Field,Philadelphia,39.89455,-75.18826,-14400,America/New_York,GMT-4,1.0,20.22666666666667,85.73333333333333,21.733333333333334
6,23,3,Lincoln Financial Field,Philadelphia,39.89455,-75.18826,-14400,America/New_York,GMT-4,1.0,20.046666666666667,85.66666666666667,21.473333333333333
6,23,4,Lincoln Financial Field,Philadelphia,39.89455,-75.18826,-14400,America/New_York,GMT-4,1.0,19.84,85.4,21.21333333333333
6,23,5,Lincoln Financial Field,Philadelphia,39.89455,-75.18826,-14400,America/New_York,GMT-4,1.0,19.766666666666666,84.53333333333333,21.02
6,23,6,Lincoln Financial Field,Philadelphia,39.89455,-75.18826,-14400,America/New_York,GMT-4,1.0,20.12,82.53333333333333,21.226666666666667
6,23,7,Lincoln Financial Field,Philadelphia,39.89455,-75.18826,-14400,America/New_York,GMT-4,1.0,20.893333333333334,79.73333333333333,21.993333333333332
6,23,8,Lincoln Financial Field,Philadelphia,39.89455,-75.18826,-14400,America/New_York,GMT-4,1.0,22.080000000000002,75.86666666666666,23.3
6,23,9,Lincoln Financial Field,Philadelphia,39.89455,-75.18826,-14400,America/New_York,GMT-4,1.0,23.380000000000003,71.4,24.800000000000004
6,23,10,Lincoln Financial Field,Philadelphia,39.89455,-75.18826,-14400,America/New_York,GMT-4,1.0,24.646666666666665,66.73333333333333,26.333333333333332
6,23,11,Lincoln Financial Field,Philadelphia,39.89455,-75.18826,-14400,America/New_York,GMT-4,1.0,25.793333333333333,62.46666666666667,27.806666666666665
6,23,12,Lincoln Financial Field,Philadelphia,39.89455,-75.18826,-14400,America/New_York,GMT-4,1.0,26.773333333333333,59.53333333333333,29.080000000000002
6,23,13,Lincoln Financial Field,Philadelphia,39.89455,-75.18826,-14400,America/New_York,GMT-4,1.0,27.813333333333333,56.2,30.153333333333332
6,23,14,Lincoln Financial Field,Philadelphia,39.89455,-75.18826,-14400,America/New_York,GMT-4,1.0,28.68,52.93333333333333,30.740000000000002
6,23,15,Lincoln Financial Field,Philadelphia,39.89455,-75.18826,-14400,America/New_York,GMT-4,1.0,29.133333333333333,50.6,30.866666666666664
6,23,16,Lincoln Financial Field,Philadelphia,39.89455,-75.18826,-14400,America/New_York,GMT-4,1.0,29.113333333333333,49.93333333333333,30.366666666666664
6,23,17,Lincoln Financial Field,Philadelphia,39.89455,-75.18826,-14400,America/New_York,GMT-4,1.0,28.853333333333335,50.2,29.85333333333333
6,23,18,Lincoln Financial Field,Philadelphia,39.89455,-75.18826,-14400,America/New_York,GMT-4,1.0,28.579999999999995,51.2,29.500000000000004
6,23,19,Lincoln Financial Field,Philadelphia,39.89455,-75.18826,-14400,America/New_York,GMT-4,1.0,27.64,55.6,28.913333333333338
6,23,20,Lincoln Financial Field,Philadelphia,39.89455,-75.18826,-14400,America/New_York,GMT-4,1.0,25.9,64.4,27.60666666666667
6,23,21,Lincoln Financial Field,Philadelphia,39.89455,-75.18826,-14400,America/New_York,GMT-4,1.0,24.199999999999996,72.46666666666667,26.213333333333335
6,23,22,Lincoln Financial Field,Philadelphia,39.89455,-75.18826,-14400,America/New_York,GMT-4,1.0,23.019999999999996,78.0,25.106666666666673
6,23,23,Lincoln Financial Field,Philadelphia,39.89455,-75.18826,-14400,America/New_York,GMT-4,1.0,22.1,80.66666666666667,24.000000000000004
6,24,0,Lincoln Financial Field,Philadelphia,39.89455,-75.18826,-14400,America/New_York,GMT-4,1.0,21.8,80.4,23.653333333333332
6,24,1,Lincoln Financial Field,Philadelphia,39.89455,-75.18826,-14400,America/New_York,GMT-4,1.0,21.460000000000004,85.8,23.759999999999998
6,24,2,Lincoln Financial Field,Philadelphia,39.89455,-75.18826,-14400,America/New_York,GMT-4,1.0,21.206666666666667,86.73333333333333,23.519999999999996
6,24,3,Lincoln Financial Field,Philadelphia,39.89455,-75.18826,-14400,America/New_York,GMT-4,1.0,21.0,87.4,23.286666666666665
6,24,4,Lincoln Financial Field,Philadelphia,39.89455,-75.18826,-14400,America/New_York,GMT-4,1.0,20.686666666666667,87.93333333333334,22.86666666666667
6,24,5,Lincoln Financial Field,Philadelphia,39.89455,-75.18826,-14400,America/New_York,GMT-4,1.0,20.433333333333334,88.4,22.546666666666674
6,24,6,Lincoln Financial Field,Philadelphia,39.89455,-75.18826,-14400,America/New_York,GMT-4,1.0,20.560000000000002,87.73333333333333,22.64666666666667
6,24,7,Lincoln Financial Field,Philadelphia,39.89455,-75.18826,-14400,America/New_York,GMT-4,1.0,21.253333333333334,84.66666666666667,23.34
6,24,8,Lincoln Financial Field,Philadelphia,39.89455,-75.18826,-14400,America/New_York,GMT-4,1.0,22.6,77.93333333333334,24.586666666666666
6,24,9,Lincoln Financial Field,Philadelphia,39.89455,-75.18826,-14400,America/New_York,GMT-4,1.0,24.126666666666665,69.4,25.913333333333334
6,24,10,Lincoln Financial Field,Philadelphia,39.89455,-75.18826,-14400,America/New_York,GMT-4,1.0,25.579999999999995,61.13333333333333,27.126666666666665
6,24,11,Lincoln Financial Field,Philadelphia,39.89455,-75.18826,-14400,America/New_York,GMT-4,1.0,26.75333333333333,54.6,28.23333333333333
6,24,12,Lincoln Financial Field,Philadelphia,39.89455,-75.18826,-14400,America/New_York,GMT-4,1.0,27.75333333333333,50.06666666666667,29.373333333333328
6,24,13,Lincoln Financial Field,Philadelphia,39.89455,-75.18826,-14400,America/New_York,GMT-4,1.0,28.653333333333332,46.733333333333334,30.35333333333333
6,24,14,Lincoln Financial Field,Philadelphia,39.89455,-75.18826,-14400,America/New_York,GMT-4,1.0,29.38,44.266666666666666,30.93333333333333
6,24,15,Lincoln Financial Field,Philadelphia,39.89455,-75.18826,-14400,America/New_York,GMT-4,1.0,29.713333333333335,42.733333333333334,30.660000000000004
6,24,16,Lincoln Financial Field,Philadelphia,39.89455,-75.18826,-14400,America/New_York,GMT-4,1.0,29.71333333333333,41.93333333333333,29.98
6,24,17,Lincoln Financial Field,Philadelphia,39.89455,-75.18826,-14400,America/New_York,GMT-4,1.0,29.40666666666667,41.86666666666667,29.04
6,24,18,Lincoln Financial Field,Philadelphia,39.89455,-75.18826,-14400,America/New_York,GMT-4,1.0,28.886666666666667,42.8,28.299999999999997
6,24,19,Lincoln Financial Field,Philadelphia,39.89455,-75.18826,-14400,America/New_York,GMT-4,1.0,27.826666666666664,46.2,27.399999999999995
6,24,20,Lincoln Financial Field,Philadelphia,39.89455,-75.18826,-14400,America/New_York,GMT-4,1.0,26.266666666666666,52.333333333333336,26.32666666666666
6,24,21,Lincoln Financial Field,Philadelphia,39.89455,-75.18826,-14400,America/New_York,GMT-4,1.0,24.606666666666666,59.46666666666667,25.173333333333332
6,24,22,Lincoln Financial Field,Philadelphia,39.89455,-75.18826,-14400,America/New_York,GMT-4,1.0,23.273333333333333,65.6,24.18
6,24,23,Lincoln Financial Field,Philadelphia,39.89455,-75.18826,-14400,America/New_York,GMT-4,1.0,22.4,73.86666666666666,23.819999999999997
6,25,0,Lincoln Financial Field,Philadelphia,39.89455,-75.18826,-14400,America/New_York,GMT-4,1.0,22.480000000000004,73.53333333333333,23.90666666666667
6,25,1,Lincoln Financial Field,Philadelphia,39.89455,-75.18826,-14400,America/New_York,GMT-4,1.0,21.420000000000005,73.53333333333333,22.48666666666667
6,25,2,Lincoln Financial Field,Philadelphia,39.89455,-75.18826,-14400,America/New_York,GMT-4,1.0,20.913333333333338,75.66666666666667,21.986666666666668
6,25,3,Lincoln Financial Field,Philadelphia,39.89455,-75.18826,-14400,America/New_York,GMT-4,1.0,20.36,77.8,21.326666666666664
6,25,4,Lincoln Financial Field,Philadelphia,39.89455,-75.18826,-14400,America/New_York,GMT-4,1.0,19.926666666666666,79.33333333333333,20.833333333333332
6,25,5,Lincoln Financial Field,Philadelphia,39.89455,-75.18826,-14400,America/New_York,GMT-4,1.0,19.466666666666665,81.46666666666667,20.433333333333334
6,25,6,Lincoln Financial Field,Philadelphia,39.89455,-75.18826,-14400,America/New_York,GMT-4,1.0,19.846666666666668,81.26666666666667,21.09333333333333
6,25,7,Lincoln Financial Field,Philadelphia,39.89455,-75.18826,-14400,America/New_York,GMT-4,1.0,21.02,78.33333333333333,22.646666666666665
6,25,8,Lincoln Financial Field,Philadelphia,39.89455,-75.18826,-14400,America/New_York,GMT-4,1.0,23.060000000000002,72.33333333333333,25.060000000000002
6,25,9,Lincoln Financial Field,Philadelphia,39.89455,-75.18826,-14400,America/New_York,GMT-4,1.0,25.206666666666667,64.33333333333333,27.413333333333338
6,25,10,Lincoln Financial Field,Philadelphia,39.89455,-75.18826,-14400,America/New_York,GMT-4,1.0,27.206666666666667,56.0,29.573333333333338
6,25,11,Lincoln Financial Field,Philadelphia,39.89455,-75.18826,-14400,America/New_York,GMT-4,1.0,28.773333333333333,48.266666666666666,31.220000000000002
6,25,12,Lincoln Financial Field,Philadelphia,39.89455,-75.18826,-14400,America/New_York,GMT-4,1.0,29.973333333333336,42.93333333333333,32.49333333333333
6,25,13,Lincoln Financial Field,Philadelphia,39.89455,-75.18826,-14400,America/New_York,GMT-4,1.0,30.92,39.13333333333333,33.21333333333333
6,25,14,Lincoln Financial Field,Philadelphia,39.89455,-75.18826,-14400,America/New_York,GMT-4,1.0,31.339999999999996,37.666666666666664,33.14
6,25,15,Lincoln Financial Field,Philadelphia,39.89455,-75.18826,-14400,America/New_York,GMT-4,1.0,31.31333333333333,38.2,32.57333333333334
6,25,16,Lincoln Financial Field,Philadelphia,39.89455,-75.18826,-14400,America/New_York,GMT-4,1.0,30.726666666666667,41.06666666666667,31.480000000000004
6,25,17,Lincoln Financial Field,Philadelphia,39.89455,-75.18826,-14400,America/New_York,GMT-4,1.0,30.119999999999997,44.4,30.720000000000006
6,25,18,Lincoln Financial Field,Philadelphia,39.89455,-75.18826,-14400,America/New_York,GMT-4,1.0,29.46666666666666,47.93333333333333,30.12666666666667
6,25,19,Lincoln Financial Field,Philadelphia,39.89455,-75.18826,-14400,America/New_York,GMT-4,1.0,28.5,53.06666666666667,29.65333333333333
6,25,20,Lincoln Financial Field,Philadelphia,39.89455,-75.18826,-14400,America/New_York,GMT-4,1.0,27.14666666666667,59.53333333333333,28.8
6,25,21,Lincoln Financial Field,Philadelphia,39.89455,-75.18826,-14400,America/New_York,GMT-4,1.0,25.686666666666667,66.73333333333333,27.75333333333333
6,25,22,Lincoln Financial Field,Philadelphia,39.89455,-75.18826,-14400,America/New_York,GMT-4,1.0,24.613333333333337,72.26666666666667,26.8
6,25,23,Lincoln Financial Field,Philadelphia,39.89455,-75.18826,-14400,America/New_York,GMT-4,1.0,23.513333333333335,73.4,25.326666666666664
6,26,0,Lincoln Financial Field,Philadelphia,39.89455,-75.18826,-14400,America/New_York,GMT-4,1.0,23.166666666666668,79.33333333333333,25.153333333333332
6,26,1,Lincoln Financial Field,Philadelphia,39.89455,-75.18826,-14400,America/New_York,GMT-4,1.0,22.96666666666666,80.8,25.033333333333335
6,26,2,Lincoln Financial Field,Philadelphia,39.89455,-75.18826,-14400,America/New_York,GMT-4,1.0,22.63333333333333,82.53333333333333,24.706666666666663
6,26,3,Lincoln Financial Field,Philadelphia,39.89455,-75.18826,-14400,America/New_York,GMT-4,1.0,22.37333333333333,83.86666666666666,24.48
6,26,4,Lincoln Financial Field,Philadelphia,39.89455,-75.18826,-14400,America/New_York,GMT-4,1.0,22.146666666666665,84.93333333333334,24.30666666666667
6,26,5,Lincoln Financial Field,Philadelphia,39.89455,-75.18826,-14400,America/New_York,GMT-4,1.0,22.026666666666667,85.6,24.279999999999998
6,26,6,Lincoln Financial Field,Philadelphia,39.89455,-75.18826,-14400,America/New_York,GMT-4,1.0,22.26,85.13333333333334,24.62666666666667
6,26,7,Lincoln Financial Field,Philadelphia,39.89455,-75.18826,-14400,America/New_York,GMT-4,1.0,23.086666666666662,83.2,25.66666666666667
6,26,8,Lincoln Financial Field,Philadelphia,39.89455,-75.18826,-14400,America/New_York,GMT-4,1.0,24.446666666666665,79.33333333333333,27.173333333333336
6,26,9,Lincoln Financial Field,Philadelphia,39.89455,-75.18826,-14400,America/New_York,GMT-4,1.0,25.946666666666662,74.73333333333333,28.933333333333337
6,26,10,Lincoln Financial Field,Philadelphia,39.89455,-75.18826,-14400,America/New_York,GMT-4,1.0,27.46666666666666,69.0,30.580000000000002
6,26,11,Lincoln Financial Field,Philadelphia,39.89455,-75.18826,-14400,America/New_York,GMT-4,1.0,28.946666666666662,62.8,32.32
6,26,12,Lincoln Financial Field,Philadelphia,39.89455,-75.18826,-14400,America/New_York,GMT-4,1.0,30.32,56.2,33.586666666666666
6,26,13,Lincoln Financial Field,Philadelphia,39.89455,-75.18826,-14400,America/New_York,GMT-4,1.0,31.040000000000003,52.733333333333334,34.1
6,26,14,Lincoln Financial Field,Philadelphia,39.89455,-75.18826,-14400,America/New_York,GMT-4,1.0,31.06666666666667,52.6,33.8
6,26,15,Lincoln Financial Field,Philadelphia,39.89455,-75.18826,-14400,America/New_York,GMT-4,1.0,30.560000000000002,54.8,32.96
6,26,16,Lincoln Financial Field,Philadelphia,39.89455,-75.18826,-14400,America/New_York,GMT-4,1.0,29.880000000000003,57.333333333333336,31.866666666666667
6,26,17,Lincoln Financial Field,Philadelphia,39.89455,-75.18826,-14400,America/New_York,GMT-4,1.0,29.32,59.266666666666666,31.040000000000003
6,26,18,Lincoln Financial Field,Philadelphia,39.89455,-75.18826,-14400,America/New_York,GMT-4,1.0,28.68,61.666666666666664,30.279999999999998
6,26,19,Lincoln Financial Field,Philadelphia,39.89455,-75.18826,-14400,America/New_York,GMT-4,1.0,27.74,64.53333333333333,29.579999999999995
6,26,20,Lincoln Financial Field,Philadelphia,39.89455,-75.18826,-14400,America/New_York,GMT-4,1.0,26.266666666666666,69.26666666666667,28.199999999999996
6,26,21,Lincoln Financial Field,Philadelphia,39.89455,-75.18826,-14400,America/New_York,GMT-4,1.0,24.886666666666667,73.46666666666667,26.84666666666666
6,26,22,Lincoln Financial Field,Philadelphia,39.89455,-75.18826,-14400,America/New_York,GMT-4,1.0,23.866666666666667,76.66666666666667,25.733333333333334
6,26,23,Lincoln Financial Field,Philadelphia,39.89455,-75.18826,-14400,America/New_York,GMT-4,1.0,23.486666666666665,77.8,25.346666666666668
6,27,0,Lincoln Financial Field,Philadelphia,39.89455,-75.18826,-14400,America/New_York,GMT-4,1.0,22.293333333333333,82.6,24.106666666666673
6,27,1,Lincoln Financial Field,Philadelphia,39.89455,-75.18826,-14400,America/New_York,GMT-4,1.0,22.12,85.26666666666667,23.966666666666672
6,27,2,Lincoln Financial Field,Philadelphia,39.89455,-75.18826,-14400,America/New_York,GMT-4,1.0,21.673333333333336,87.66666666666667,23.493333333333332
6,27,3,Lincoln Financial Field,Philadelphia,39.89455,-75.18826,-14400,America/New_York,GMT-4,1.0,21.446666666666665,88.46666666666667,23.266666666666666
6,27,4,Lincoln Financial Field,Philadelphia,39.89455,-75.18826,-14400,America/New_York,GMT-4,1.0,21.293333333333333,88.6,23.100000000000005
6,27,5,Lincoln Financial Field,Philadelphia,39.89455,-75.18826,-14400,America/New_York,GMT-4,1.0,21.25333333333333,88.8,23.086666666666666
6,27,6,Lincoln Financial Field,Philadelphia,39.89455,-75.18826,-14400,America/New_York,GMT-4,1.0,21.48,88.13333333333334,23.366666666666667
6,27,7,Lincoln Financial Field,Philadelphia,39.89455,-75.18826,-14400,America/New_York,GMT-4,1.0,21.939999999999998,86.4,23.766666666666666
6,27,8,Lincoln Financial Field,Philadelphia,39.89455,-75.18826,-14400,America/New_York,GMT-4,1.0,22.56,82.93333333333334,24.246666666666663
6,27,9,Lincoln Financial Field,Philadelphia,39.89455,-75.18826,-14400,America/New_York,GMT-4,1.0,23.199999999999996,79.26666666666667,24.86666666666667
6,27,10,Lincoln Financial Field,Philadelphia,39.89455,-75.18826,-14400,America/New_York,GMT-4,1.0,23.873333333333335,76.06666666666666,25.74666666666667
6,27,11,Lincoln Financial Field,Philadelphia,39.89455,-75.18826,-14400,America/New_York,GMT-4,1.0,24.92,72.13333333333334,27.280000000000005
6,27,12,Lincoln Financial Field,Philadelphia,39.89455,-75.18826,-14400,America/New_York,GMT-4,1.0,26.08,67.93333333333334,28.720000000000002
6,27,13,Lincoln Financial Field,Philadelphia,39.89455,-75.18826,-14400,America/New_York,GMT-4,1.0,27.42,62.93333333333333,30.21333333333333
6,27,14,Lincoln Financial Field,Philadelphia,39.89455,-75.18826,-14400,America/New_York,GMT-4,1.0,28.173333333333332,60.0,30.58
6,27,15,Lincoln Financial Field,Philadelphia,39.89455,-75.18826,-14400,America/New_York,GMT-4,1.0,28.153333333333332,60.46666666666667,30.006666666666664
6,27,16,Lincoln Financial Field,Philadelphia,39.89455,-75.18826,-14400,America/New_York,GMT-4,1.0,27.7,62.46666666666667,29.09999999999999
6,27,17,Lincoln Financial Field,Philadelphia,39.89455,-75.18826,-14400,America/New_York,GMT-4,1.0,26.993333333333336,65.26666666666667,28.246666666666663
6,27,18,Lincoln Financial Field,Philadelphia,39.89455,-75.18826,-14400,America/New_York,GMT-4,1.0,26.49333333333334,66.26666666666667,27.92666666666667
6,27,19,Lincoln Financial Field,Philadelphia,39.89455,-75.18826,-14400,America/New_York,GMT-4,1.0,25.753333333333334,68.13333333333334,27.393333333333338
6,27,20,Lincoln Financial Field,Philadelphia,39.89455,-75.18826,-14400,America/New_York,GMT-4,1.0,24.8,71.13333333333334,26.66666666666667
6,27,21,Lincoln Financial Field,Philadelphia,39.89455,-75.18826,-14400,America/New_York,GMT-4,1.0,23.846666666666668,74.46666666666667,25.773333333333333
6,27,22,Lincoln Financial Field,Philadelphia,39.89455,-75.18826,-14400,America/New_York,GMT-4,1.0,22.89333333333333,77.73333333333333,24.746666666666666
6,27,23,Lincoln Financial Field,Philadelphia,39.89455,-75.18826,-14400,America/New_York,GMT-4,1.0,22.619999999999997,79.66666666666667,24.433333333333337
6,28,0,Lincoln Financial Field,Philadelphia,39.89455,-75.18826,-14400,America/New_York,GMT-4,1.0,21.673333333333336,77.4,22.946666666666665
6,28,1,Lincoln Financial Field,Philadelphia,39.89455,-75.18826,-14400,America/New_York,GMT-4,1.0,21.233333333333338,78.53333333333333,22.32
6,28,2,Lincoln Financial Field,Philadelphia,39.89455,-75.18826,-14400,America/New_York,GMT-4,1.0,20.819999999999997,77.86666666666666,21.619999999999997
6,28,3,Lincoln Financial Field,Philadelphia,39.89455,-75.18826,-14400,America/New_York,GMT-4,1.0,20.41333333333333,78.33333333333333,21.106666666666662
6,28,4,Lincoln Financial Field,Philadelphia,39.89455,-75.18826,-14400,America/New_York,GMT-4,1.0,20.133333333333333,78.33333333333333,20.793333333333337
6,28,5,Lincoln Financial Field,Philadelphia,39.89455,-75.18826,-14400,America/New_York,GMT-4,1.0,19.88,78.8,20.613333333333337
6,28,6,Lincoln Financial Field,Philadelphia,39.89455,-75.18826,-14400,America/New_York,GMT-4,1.0,19.939999999999998,78.86666666666666,20.82
6,28,7,Lincoln Financial Field,Philadelphia,39.89455,-75.18826,-14400,America/New_York,GMT-4,1.0,20.453333333333333,77.93333333333334,21.473333333333336
6,28,8,Lincoln Financial Field,Philadelphia,39.89455,-75.18826,-14400,America/New_York,GMT-4,1.0,21.446666666666665,73.8,22.393333333333334
6,28,9,Lincoln Financial Field,Philadelphia,39.89455,-75.18826,-14400,America/New_York,GMT-4,1.0,22.660000000000004,68.6,23.560000000000002
6,28,10,Lincoln Financial Field,Philadelphia,39.89455,-75.18826,-14400,America/New_York,GMT-4,1.0,23.87333333333333,63.0,24.90666666666667
6,28,11,Lincoln Financial Field,Philadelphia,39.89455,-75.18826,-14400,America/New_York,GMT-4,1.0,25.146666666666665,58.6,26.600000000000005
6,28,12,Lincoln Financial Field,Philadelphia,39.89455,-75.18826,-14400,America/New_York,GMT-4,1.0,26.36,54.6,28.26666666666667
6,28,13,Lincoln Financial Field,Philadelphia,39.89455,-75.18826,-14400,America/New_York,GMT-4,1.0,27.493333333333332,51.333333333333336,29.73333333333334
6,28,14,Lincoln Financial Field,Philadelphia,39.89455,-75.18826,-14400,America/New_York,GMT-4,1.0,28.35333333333333,49.266666666666666,30.613333333333337
6,28,15,Lincoln Financial Field,Philadelphia,39.89455,-75.18826,-14400,America/New_York,GMT-4,1.0,28.826666666666664,48.46666666666667,30.88
6,28,16,Lincoln Financial Field,Philadelphia,39.89455,-75.18826,-14400,America/New_York,GMT-4,1.0,28.919999999999998,48.266666666666666,30.35333333333333
6,28,17,Lincoln Financial Field,Philadelphia,39.89455,-75.18826,-14400,America/New_York,GMT-4,1.0,28.639999999999997,48.266666666666666,29.526666666666667
6,28,18,Lincoln Financial Field,Philadelphia,39.89455,-75.18826,-14400,America/New_York,GMT-4,1.0,28.13333333333333,49.46666666666667,28.740000000000002
6,28,19,Lincoln Financial Field,Philadelphia,39.89455,-75.18826,-14400,America/New_York,GMT-4,1.0,27.006666666666664,54.46666666666667,27.88666666666667
6,28,20,Lincoln Financial Field,Philadelphia,39.89455,-75.18826,-14400,America/New_York,GMT-4,1.0,25.473333333333336,61.6,26.680000000000003
6,28,21,Lincoln Financial Field,Philadelphia,39.89455,-75.18826,-14400,America/New_York,GMT-4,1.0,24.026666666666664,67.6,25.40666666666667
6,28,22,Lincoln Financial Field,Philadelphia,39.89455,-75.18826,-14400,America/New_York,GMT-4,1.0,22.92,71.46666666666667,24.259999999999998
6,28,23,Lincoln Financial Field,Philadelphia,39.89455,-75.18826,-14400,America/New_York,GMT-4,1.0,22.27333333333333,75.13333333333334,23.68
6,10,0,BC Place,Vancouver,49.244286,-123.133575,-25200,America/Vancouver,GMT-7,18.0,12.833333333333334,87.13333333333334,11.56
6,10,1,BC Place,Vancouver,49.244286,-123.133575,-25200,America/Vancouver,GMT-7,18.0,12.453333333333331,89.66666666666667,10.993333333333334
6,10,2,BC Place,Vancouver,49.244286,-123.133575,-25200,America/Vancouver,GMT-7,18.0,12.3,90.4,10.913333333333332
6,10,3,BC Place,Vancouver,49.244286,-123.133575,-25200,America/Vancouver,GMT-7,18.0,12.099999999999998,91.53333333333333,10.780000000000001
6,10,4,BC Place,Vancouver,49.244286,-123.133575,-25200,America/Vancouver,GMT-7,18.0,11.906666666666665,92.26666666666667,10.573333333333334
6,10,5,BC Place,Vancouver,49.244286,-123.133575,-25200,America/Vancouver,GMT-7,18.0,11.839999999999998,92.6,10.526666666666669
6,10,6,BC Place,Vancouver,49.244286,-123.133575,-25200,America/Vancouver,GMT-7,18.0,12.013333333333332,91.8,10.713333333333335
6,10,7,BC Place,Vancouver,49.244286,-123.133575,-25200,America/Vancouver,GMT-7,18.0,12.446666666666667,89.6,11.233333333333333
6,10,8,BC Place,Vancouver,49.244286,-123.133575,-25200,America/Vancouver,GMT-7,18.0,13.099999999999998,86.0,11.95333333333333
6,10,9,BC Place,Vancouver,49.244286,-123.133575,-25200,America/Vancouver,GMT-7,18.0,13.833333333333334,82.2,12.766666666666667
6,10,10,BC Place,Vancouver,49.244286,-123.133575,-25200,America/Vancouver,GMT-7,18.0,14.546666666666665,79.46666666666667,13.606666666666667
6,10,11,BC Place,Vancouver,49.244286,-123.133575,-25200,America/Vancouver,GMT-7,18.0,15.22,76.86666666666666,14.413333333333334
6,10,12,BC Place,Vancouver,49.244286,-123.133575,-25200,America/Vancouver,GMT-7,18.0,15.913333333333334,72.73333333333333,15.286666666666665
6,10,13,BC Place,Vancouver,49.244286,-123.133575,-25200,America/Vancouver,GMT-7,18.0,16.58,68.0,15.986666666666668
6,10,14,BC Place,Vancouver,49.244286,-123.133575,-25200,America/Vancouver,GMT-7,18.0,17.07333333333333,64.73333333333333,16.46
6,10,15,BC Place,Vancouver,49.244286,-123.133575,-25200,America/Vancouver,GMT-7,18.0,17.293333333333333,64.26666666666667,16.586666666666666
6,10,16,BC Place,Vancouver,49.244286,-123.133575,-25200,America/Vancouver,GMT-7,18.0,17.253333333333334,65.26666666666667,16.39333333333333
6,10,17,BC Place,Vancouver,49.244286,-123.133575,-25200,America/Vancouver,GMT-7,18.0,17.006666666666668,66.53333333333333,16.05333333333333
6,10,18,BC Place,Vancouver,49.244286,-123.133575,-25200,America/Vancouver,GMT-7,18.0,16.546666666666667,67.8,15.58
6,10,19,BC Place,Vancouver,49.244286,-123.133575,-25200,America/Vancouver,GMT-7,18.0,15.96,70.0,14.973333333333333
6,10,20,BC Place,Vancouver,49.244286,-123.133575,-25200,America/Vancouver,GMT-7,18.0,15.233333333333336,73.66666666666667,14.299999999999999
6,10,21,BC Place,Vancouver,49.244286,-123.133575,-25200,America/Vancouver,GMT-7,18.0,14.520000000000003,78.0,13.533333333333333
6,10,22,BC Place,Vancouver,49.244286,-123.133575,-25200,America/Vancouver,GMT-7,18.0,13.906666666666668,81.2,13.046666666666669
6,10,23,BC Place,Vancouver,49.244286,-123.133575,-25200,America/Vancouver,GMT-7,18.0,13.28,84.66666666666667,12.186666666666667
6,11,0,BC Place,Vancouver,49.244286,-123.133575,-25200,America/Vancouver,GMT-7,18.0,13.526666666666669,83.86666666666666,12.806666666666667
6,11,1,BC Place,Vancouver,49.244286,-123.133575,-25200,America/Vancouver,GMT-7,18.0,13.04,86.4,12.313333333333333
6,11,2,BC Place,Vancouver,49.244286,-123.133575,-25200,America/Vancouver,GMT-7,18.0,12.793333333333333,87.2,12.013333333333332
6,11,3,BC Place,Vancouver,49.244286,-123.133575,-25200,America/Vancouver,GMT-7,18.0,12.453333333333335,88.46666666666667,11.613333333333333
6,11,4,BC Place,Vancouver,49.244286,-123.133575,-25200,America/Vancouver,GMT-7,18.0,12.28,89.26666666666667,11.446666666666667
6,11,5,BC Place,Vancouver,49.244286,-123.133575,-25200,America/Vancouver,GMT-7,18.0,12.26,89.2,11.493333333333332
6,11,6,BC Place,Vancouver,49.244286,-123.133575,-25200,America/Vancouver,GMT-7,18.0,12.593333333333332,87.93333333333334,11.826666666666666
6,11,7,BC Place,Vancouver,49.244286,-123.133575,-25200,America/Vancouver,GMT-7,18.0,13.153333333333334,85.33333333333333,12.253333333333334
6,11,8,BC Place,Vancouver,49.244286,-123.133575,-25200,America/Vancouver,GMT-7,18.0,13.866666666666667,82.26666666666667,12.76
6,11,9,BC Place,Vancouver,49.244286,-123.133575,-25200,America/Vancouver,GMT-7,18.0,14.693333333333333,77.66666666666667,13.293333333333333
6,11,10,BC Place,Vancouver,49.244286,-123.133575,-25200,America/Vancouver,GMT-7,18.0,15.42,73.8,13.886666666666667
6,11,11,BC Place,Vancouver,49.244286,-123.133575,-25200,America/Vancouver,GMT-7,18.0,16.020000000000003,70.73333333333333,14.466666666666669
6,11,12,BC Place,Vancouver,49.244286,-123.133575,-25200,America/Vancouver,GMT-7,18.0,16.320000000000004,69.33333333333333,14.900000000000002
6,11,13,BC Place,Vancouver,49.244286,-123.133575,-25200,America/Vancouver,GMT-7,18.0,16.546666666666667,67.33333333333333,15.1
6,11,14,BC Place,Vancouver,49.244286,-123.133575,-25200,America/Vancouver,GMT-7,18.0,16.613333333333333,66.06666666666666,15.086666666666668
6,11,15,BC Place,Vancouver,49.244286,-123.133575,-25200,America/Vancouver,GMT-7,18.0,16.793333333333337,65.2,15.246666666666666
6,11,16,BC Place,Vancouver,49.244286,-123.133575,-25200,America/Vancouver,GMT-7,18.0,16.959999999999997,64.46666666666667,15.286666666666665
6,11,17,BC Place,Vancouver,49.244286,-123.133575,-25200,America/Vancouver,GMT-7,18.0,17.000000000000004,65.0,15.319999999999999
6,11,18,BC Place,Vancouver,49.244286,-123.133575,-25200,America/Vancouver,GMT-7,18.0,16.793333333333333,66.06666666666666,15.179999999999998
6,11,19,BC Place,Vancouver,49.244286,-123.133575,-25200,America/Vancouver,GMT-7,18.0,16.333333333333332,68.6,15.019999999999998
6,11,20,BC Place,Vancouver,49.244286,-123.133575,-25200,America/Vancouver,GMT-7,18.0,15.78,71.6,14.833333333333332
6,11,21,BC Place,Vancouver,49.244286,-123.133575,-25200,America/Vancouver,GMT-7,18.0,15.133333333333331,75.53333333333333,14.45333333333333
6,11,22,BC Place,Vancouver,49.244286,-123.133575,-25200,America/Vancouver,GMT-7,18.0,14.573333333333332,78.86666666666666,14.01333333333333
6,11,23,BC Place,Vancouver,49.244286,-123.133575,-25200,America/Vancouver,GMT-7,18.0,13.973333333333334,82.0,13.346666666666666
6,12,0,BC Place,Vancouver,49.244286,-123.133575,-25200,America/Vancouver,GMT-7,18.0,13.419999999999996,83.26666666666667,12.700000000000001
6,12,1,BC Place,Vancouver,49.244286,-123.133575,-25200,America/Vancouver,GMT-7,18.0,13.193333333333332,84.06666666666666,12.280000000000001
6,12,2,BC Place,Vancouver,49.244286,-123.133575,-25200,America/Vancouver,GMT-7,18.0,12.819999999999999,84.33333333333333,11.726666666666665
6,12,3,BC Place,Vancouver,49.244286,-123.133575,-25200,America/Vancouver,GMT-7,18.0,12.513333333333332,84.4,11.186666666666667
6,12,4,BC Place,Vancouver,49.244286,-123.133575,-25200,America/Vancouver,GMT-7,18.0,12.146666666666667,85.93333333333334,10.740000000000002
6,12,5,BC Place,Vancouver,49.244286,-123.133575,-25200,America/Vancouver,GMT-7,18.0,12.073333333333332,86.86666666666666,10.6
6,12,6,BC Place,Vancouver,49.244286,-123.133575,-25200,America/Vancouver,GMT-7,18.0,12.240000000000002,86.66666666666667,10.733333333333333
6,12,7,BC Place,Vancouver,49.244286,-123.133575,-25200,America/Vancouver,GMT-7,18.0,12.666666666666666,84.53333333333333,10.92
6,12,8,BC Place,Vancouver,49.244286,-123.133575,-25200,America/Vancouver,GMT-7,18.0,13.153333333333334,82.26666666666667,11.3
6,12,9,BC Place,Vancouver,49.244286,-123.133575,-25200,America/Vancouver,GMT-7,18.0,13.626666666666667,80.26666666666667,11.733333333333336
6,12,10,BC Place,Vancouver,49.244286,-123.133575,-25200,America/Vancouver,GMT-7,18.0,14.153333333333334,78.66666666666667,12.360000000000003
6,12,11,BC Place,Vancouver,49.244286,-123.133575,-25200,America/Vancouver,GMT-7,18.0,14.726666666666667,76.66666666666667,13.16
6,12,12,BC Place,Vancouver,49.244286,-123.133575,-25200,America/Vancouver,GMT-7,18.0,15.393333333333334,73.86666666666666,14.193333333333333
6,12,13,BC Place,Vancouver,49.244286,-123.133575,-25200,America/Vancouver,GMT-7,18.0,16.1,70.53333333333333,15.386666666666665
6,12,14,BC Place,Vancouver,49.244286,-123.133575,-25200,America/Vancouver,GMT-7,18.0,16.76,67.33333333333333,16.46666666666667
6,12,15,BC Place,Vancouver,49.244286,-123.133575,-25200,America/Vancouver,GMT-7,18.0,17.233333333333334,64.93333333333334,16.96
6,12,16,BC Place,Vancouver,49.244286,-123.133575,-25200,America/Vancouver,GMT-7,18.0,17.393333333333334,63.13333333333333,16.7
6,12,17,BC Place,Vancouver,49.244286,-123.133575,-25200,America/Vancouver,GMT-7,18.0,17.14666666666667,63.266666666666666,15.88
6,12,18,BC Place,Vancouver,49.244286,-123.133575,-25200,America/Vancouver,GMT-7,18.0,16.706666666666667,64.66666666666667,15.200000000000001
6,12,19,BC Place,Vancouver,49.244286,-123.133575,-25200,America/Vancouver,GMT-7,18.0,16.16,67.13333333333334,14.740000000000002
6,12,20,BC Place,Vancouver,49.244286,-123.133575,-25200,America/Vancouver,GMT-7,18.0,15.43333333333333,71.33333333333333,14.313333333333334
6,12,21,BC Place,Vancouver,49.244286,-123.133575,-25200,America/Vancouver,GMT-7,18.0,14.646666666666667,75.46666666666667,13.753333333333334
6,12,22,BC Place,Vancouver,49.244286,-123.133575,-25200,America/Vancouver,GMT-7,18.0,13.966666666666665,79.53333333333333,13.333333333333336
6,12,23,BC Place,Vancouver,49.244286,-123.133575,-25200,America/Vancouver,GMT-7,18.0,13.666666666666664,81.46666666666667,13.013333333333334
6,13,0,BC Place,Vancouver,49.244286,-123.133575,-25200,America/Vancouver,GMT-7,18.0,13.113333333333335,83.2,12.286666666666667
6,13,1,BC Place,Vancouver,49.244286,-123.133575,-25200,America/Vancouver,GMT-7,18.0,12.913333333333332,85.86666666666666,12.379999999999999
6,13,2,BC Place,Vancouver,49.244286,-123.133575,-25200,America/Vancouver,GMT-7,18.0,12.44,88.86666666666666,11.780000000000001
6,13,3,BC Place,Vancouver,49.244286,-123.133575,-25200,America/Vancouver,GMT-7,18.0,12.18,89.86666666666666,11.446666666666667
6,13,4,BC Place,Vancouver,49.244286,-123.133575,-25200,America/Vancouver,GMT-7,18.0,12.066666666666665,89.06666666666666,11.113333333333335
6,13,5,BC Place,Vancouver,49.244286,-123.133575,-25200,America/Vancouver,GMT-7,18.0,12.179999999999998,87.66666666666667,11.0
6,13,6,BC Place,Vancouver,49.244286,-123.133575,-25200,America/Vancouver,GMT-7,18.0,12.56,85.33333333333333,11.180000000000001
6,13,7,BC Place,Vancouver,49.244286,-123.133575,-25200,America/Vancouver,GMT-7,18.0,13.040000000000001,83.4,11.593333333333332
6,13,8,BC Place,Vancouver,49.244286,-123.133575,-25200,America/Vancouver,GMT-7,18.0,13.56,81.2,12.120000000000001
6,13,9,BC Place,Vancouver,49.244286,-123.133575,-25200,America/Vancouver,GMT-7,18.0,14.16,78.46666666666667,12.726666666666668
6,13,10,BC Place,Vancouver,49.244286,-123.133575,-25200,America/Vancouver,GMT-7,18.0,14.686666666666666,76.26666666666667,13.253333333333336
6,13,11,BC Place,Vancouver,49.244286,-123.133575,-25200,America/Vancouver,GMT-7,18.0,15.23333333333333,73.8,13.906666666666668
6,13,12,BC Place,Vancouver,49.244286,-123.133575,-25200,America/Vancouver,GMT-7,18.0,15.593333333333332,71.93333333333334,14.406666666666666
6,13,13,BC Place,Vancouver,49.244286,-123.133575,-25200,America/Vancouver,GMT-7,18.0,16.05333333333333,69.06666666666666,15.0
6,13,14,BC Place,Vancouver,49.244286,-123.133575,-25200,America/Vancouver,GMT-7,18.0,16.473333333333333,65.93333333333334,15.293333333333331
6,13,15,BC Place,Vancouver,49.244286,-123.133575,-25200,America/Vancouver,GMT-7,18.0,16.886666666666667,63.53333333333333,15.493333333333332
6,13,16,BC Place,Vancouver,49.244286,-123.133575,-25200,America/Vancouver,GMT-7,18.0,16.866666666666667,63.86666666666667,15.266666666666667
6,13,17,BC Place,Vancouver,49.244286,-123.133575,-25200,America/Vancouver,GMT-7,18.0,16.466666666666665,66.46666666666667,14.793333333333333
6,13,18,BC Place,Vancouver,49.244286,-123.133575,-25200,America/Vancouver,GMT-7,18.0,15.953333333333331,68.8,14.459999999999999
6,13,19,BC Place,Vancouver,49.244286,-123.133575,-25200,America/Vancouver,GMT-7,18.0,15.5,69.73333333333333,14.013333333333332
6,13,20,BC Place,Vancouver,49.244286,-123.133575,-25200,America/Vancouver,GMT-7,18.0,15.006666666666666,71.46666666666667,13.506666666666664
6,13,21,BC Place,Vancouver,49.244286,-123.133575,-25200,America/Vancouver,GMT-7,18.0,14.306666666666667,74.6,12.626666666666665
6,13,22,BC Place,Vancouver,49.244286,-123.133575,-25200,America/Vancouver,GMT-7,18.0,13.626666666666665,78.46666666666667,12.006666666666664
6,13,23,BC Place,Vancouver,49.244286,-123.133575,-25200,America/Vancouver,GMT-7,18.0,13.393333333333334,80.33333333333333,12.226666666666665
6,14,0,BC Place,Vancouver,49.244286,-123.133575,-25200,America/Vancouver,GMT-7,18.0,12.520000000000001,82.46666666666667,11.033333333333331
6,14,1,BC Place,Vancouver,49.244286,-123.133575,-25200,America/Vancouver,GMT-7,18.0,12.333333333333334,83.26666666666667,10.746666666666666
6,14,2,BC Place,Vancouver,49.244286,-123.133575,-25200,America/Vancouver,GMT-7,18.0,12.073333333333334,83.8,10.326666666666664
6,14,3,BC Place,Vancouver,49.244286,-123.133575,-25200,America/Vancouver,GMT-7,18.0,11.740000000000002,84.8,9.860000000000001
6,14,4,BC Place,Vancouver,49.244286,-123.133575,-25200,America/Vancouver,GMT-7,18.0,11.520000000000001,85.2,9.379999999999999
6,14,5,BC Place,Vancouver,49.244286,-123.133575,-25200,America/Vancouver,GMT-7,18.0,11.473333333333333,85.53333333333333,9.180000000000001
6,14,6,BC Place,Vancouver,49.244286,-123.133575,-25200,America/Vancouver,GMT-7,18.0,11.739999999999998,84.4,9.34
6,14,7,BC Place,Vancouver,49.244286,-123.133575,-25200,America/Vancouver,GMT-7,18.0,12.173333333333334,83.0,9.92
6,14,8,BC Place,Vancouver,49.244286,-123.133575,-25200,America/Vancouver,GMT-7,18.0,12.719999999999999,80.93333333333334,10.566666666666666
6,14,9,BC Place,Vancouver,49.244286,-123.133575,-25200,America/Vancouver,GMT-7,18.0,13.199999999999998,78.4,11.073333333333334
6,14,10,BC Place,Vancouver,49.244286,-123.133575,-25200,America/Vancouver,GMT-7,18.0,13.706666666666667,75.53333333333333,11.606666666666666
6,14,11,BC Place,Vancouver,49.244286,-123.133575,-25200,America/Vancouver,GMT-7,18.0,14.173333333333336,72.6,12.12
6,14,12,BC Place,Vancouver,49.244286,-123.133575,-25200,America/Vancouver,GMT-7,18.0,14.780000000000001,69.4,12.91333333333333
6,14,13,BC Place,Vancouver,49.244286,-123.133575,-25200,America/Vancouver,GMT-7,18.0,15.353333333333333,66.46666666666667,13.686666666666666
6,14,14,BC Place,Vancouver,49.244286,-123.133575,-25200,America/Vancouver,GMT-7,18.0,15.966666666666667,63.46666666666667,14.72
6,14,15,BC Place,Vancouver,49.244286,-123.133575,-25200,America/Vancouver,GMT-7,18.0,16.413333333333334,62.4,15.346666666666668
6,14,16,BC Place,Vancouver,49.244286,-123.133575,-25200,America/Vancouver,GMT-7,18.0,16.553333333333335,61.86666666666667,15.400000000000002
6,14,17,BC Place,Vancouver,49.244286,-123.133575,-25200,America/Vancouver,GMT-7,18.0,16.326666666666668,62.13333333333333,14.740000000000002
6,14,18,BC Place,Vancouver,49.244286,-123.133575,-25200,America/Vancouver,GMT-7,18.0,15.979999999999999,62.333333333333336,14.18666666666667
6,14,19,BC Place,Vancouver,49.244286,-123.133575,-25200,America/Vancouver,GMT-7,18.0,15.62,63.6,13.873333333333333
6,14,20,BC Place,Vancouver,49.244286,-123.133575,-25200,America/Vancouver,GMT-7,18.0,15.086666666666666,68.4,13.679999999999998
6,14,21,BC Place,Vancouver,49.244286,-123.133575,-25200,America/Vancouver,GMT-7,18.0,14.306666666666667,74.26666666666667,13.126666666666665
6,14,22,BC Place,Vancouver,49.244286,-123.133575,-25200,America/Vancouver,GMT-7,18.0,13.42,79.53333333333333,12.266666666666664
6,14,23,BC Place,Vancouver,49.244286,-123.133575,-25200,America/Vancouver,GMT-7,18.0,12.860000000000001,81.6,11.546666666666665
6,15,0,BC Place,Vancouver,49.244286,-123.133575,-25200,America/Vancouver,GMT-7,18.0,12.106666666666666,85.26666666666667,10.62
6,15,1,BC Place,Vancouver,49.244286,-123.133575,-25200,America/Vancouver,GMT-7,18.0,11.32,87.46666666666667,9.419999999999998
6,15,2,BC Place,Vancouver,49.244286,-123.133575,-25200,America/Vancouver,GMT-7,18.0,11.026666666666667,89.0,9.293333333333333
6,15,3,BC Place,Vancouver,49.244286,-123.133575,-25200,America/Vancouver,GMT-7,18.0,10.853333333333332,89.86666666666666,9.360000000000001
6,15,4,BC Place,Vancouver,49.244286,-123.133575,-25200,America/Vancouver,GMT-7,18.0,10.879999999999999,90.53333333333333,9.606666666666666
6,15,5,BC Place,Vancouver,49.244286,-123.133575,-25200,America/Vancouver,GMT-7,18.0,10.919999999999998,90.53333333333333,9.766666666666667
6,15,6,BC Place,Vancouver,49.244286,-123.133575,-25200,America/Vancouver,GMT-7,18.0,11.273333333333333,88.6,10.073333333333332
6,15,7,BC Place,Vancouver,49.244286,-123.133575,-25200,America/Vancouver,GMT-7,18.0,11.793333333333331,84.73333333333333,10.459999999999999
6,15,8,BC Place,Vancouver,49.244286,-123.133575,-25200,America/Vancouver,GMT-7,18.0,12.633333333333331,80.0,11.12
6,15,9,BC Place,Vancouver,49.244286,-123.133575,-25200,America/Vancouver,GMT-7,18.0,13.479999999999997,76.2,11.98
6,15,10,BC Place,Vancouver,49.244286,-123.133575,-25200,America/Vancouver,GMT-7,18.0,14.259999999999998,73.86666666666666,12.986666666666668
6,15,11,BC Place,Vancouver,49.244286,-123.133575,-25200,America/Vancouver,GMT-7,18.0,14.879999999999999,71.93333333333334,13.786666666666667
6,15,12,BC Place,Vancouver,49.244286,-123.133575,-25200,America/Vancouver,GMT-7,18.0,15.199999999999998,70.66666666666667,14.266666666666667
6,15,13,BC Place,Vancouver,49.244286,-123.133575,-25200,America/Vancouver,GMT-7,18.0,15.439999999999998,68.66666666666667,14.56
6,15,14,BC Place,Vancouver,49.244286,-123.133575,-25200,America/Vancouver,GMT-7,18.0,15.679999999999998,66.53333333333333,15.013333333333334
6,15,15,BC Place,Vancouver,49.244286,-123.133575,-25200,America/Vancouver,GMT-7,18.0,15.99333333333333,64.2,15.3
6,15,16,BC Place,Vancouver,49.244286,-123.133575,-25200,America/Vancouver,GMT-7,18.0,16.18,63.13333333333333,15.240000000000002
6,15,17,BC Place,Vancouver,49.244286,-123.133575,-25200,America/Vancouver,GMT-7,18.0,16.21333333333333,62.333333333333336,14.893333333333336
6,15,18,BC Place,Vancouver,49.244286,-123.133575,-25200,America/Vancouver,GMT-7,18.0,16.146666666666665,62.333333333333336,14.660000000000002
6,15,19,BC Place,Vancouver,49.244286,-123.133575,-25200,America/Vancouver,GMT-7,18.0,15.8,63.86666666666667,14.42
6,15,20,BC Place,Vancouver,49.244286,-123.133575,-25200,America/Vancouver,GMT-7,18.0,15.226666666666667,67.66666666666667,14.166666666666666
6,15,21,BC Place,Vancouver,49.244286,-123.133575,-25200,America/Vancouver,GMT-7,18.0,14.54,72.06666666666666,13.780000000000001
6,15,22,BC Place,Vancouver,49.244286,-123.133575,-25200,America/Vancouver,GMT-7,18.0,13.919999999999998,76.93333333333334,13.346666666666668
6,15,23,BC Place,Vancouver,49.244286,-123.133575,-25200,America/Vancouver,GMT-7,18.0,13.013333333333332,81.2,12.0
6,16,0,BC Place,Vancouver,49.244286,-123.133575,-25200,America/Vancouver,GMT-7,18.0,12.746666666666666,86.06666666666666,11.960000000000003
6,16,1,BC Place,Vancouver,49.244286,-123.133575,-25200,America/Vancouver,GMT-7,18.0,12.28,88.66666666666667,11.513333333333334
6,16,2,BC Place,Vancouver,49.244286,-123.133575,-25200,America/Vancouver,GMT-7,18.0,11.939999999999998,89.2,10.933333333333332
6,16,3,BC Place,Vancouver,49.244286,-123.133575,-25200,America/Vancouver,GMT-7,18.0,11.606666666666664,89.8,10.439999999999998
6,16,4,BC Place,Vancouver,49.244286,-123.133575,-25200,America/Vancouver,GMT-7,18.0,11.52,90.06666666666666,10.280000000000001
6,16,5,BC Place,Vancouver,49.244286,-123.133575,-25200,America/Vancouver,GMT-7,18.0,11.586666666666666,90.13333333333334,10.42
6,16,6,BC Place,Vancouver,49.244286,-123.133575,-25200,America/Vancouver,GMT-7,18.0,11.946666666666667,88.6,10.819999999999999
6,16,7,BC Place,Vancouver,49.244286,-123.133575,-25200,America/Vancouver,GMT-7,18.0,12.46,85.26666666666667,11.293333333333331
6,16,8,BC Place,Vancouver,49.244286,-123.133575,-25200,America/Vancouver,GMT-7,18.0,13.12,81.0,11.906666666666665
6,16,9,BC Place,Vancouver,49.244286,-123.133575,-25200,America/Vancouver,GMT-7,18.0,13.786666666666665,77.53333333333333,12.553333333333335
6,16,10,BC Place,Vancouver,49.244286,-123.133575,-25200,America/Vancouver,GMT-7,18.0,14.386666666666665,75.13333333333334,13.240000000000002
6,16,11,BC Place,Vancouver,49.244286,-123.133575,-25200,America/Vancouver,GMT-7,18.0,14.973333333333333,73.33333333333333,13.940000000000001
6,16,12,BC Place,Vancouver,49.244286,-123.133575,-25200,America/Vancouver,GMT-7,18.0,15.5,72.4,14.653333333333332
6,16,13,BC Place,Vancouver,49.244286,-123.133575,-25200,America/Vancouver,GMT-7,18.0,15.879999999999997,71.93333333333334,15.206666666666667
6,16,14,BC Place,Vancouver,49.244286,-123.133575,-25200,America/Vancouver,GMT-7,18.0,16.279999999999998,70.8,15.713333333333335
6,16,15,BC Place,Vancouver,49.244286,-123.133575,-25200,America/Vancouver,GMT-7,18.0,16.673333333333332,68.2,16.153333333333332
6,16,16,BC Place,Vancouver,49.244286,-123.133575,-25200,America/Vancouver,GMT-7,18.0,16.98,64.73333333333333,16.053333333333335
6,16,17,BC Place,Vancouver,49.244286,-123.133575,-25200,America/Vancouver,GMT-7,18.0,16.986666666666668,62.06666666666667,15.553333333333335
6,16,18,BC Place,Vancouver,49.244286,-123.133575,-25200,America/Vancouver,GMT-7,18.0,16.70666666666667,61.06666666666667,14.886666666666667
6,16,19,BC Place,Vancouver,49.244286,-123.133575,-25200,America/Vancouver,GMT-7,18.0,16.28666666666667,62.4,14.6
6,16,20,BC Place,Vancouver,49.244286,-123.133575,-25200,America/Vancouver,GMT-7,18.0,15.626666666666667,66.93333333333334,14.333333333333334
6,16,21,BC Place,Vancouver,49.244286,-123.133575,-25200,America/Vancouver,GMT-7,18.0,14.839999999999998,71.93333333333334,13.806666666666667
6,16,22,BC Place,Vancouver,49.244286,-123.133575,-25200,America/Vancouver,GMT-7,18.0,14.013333333333332,77.4,13.086666666666668
6,16,23,BC Place,Vancouver,49.244286,-123.133575,-25200,America/Vancouver,GMT-7,18.0,13.293333333333331,82.13333333333334,12.473333333333334
6,17,0,BC Place,Vancouver,49.244286,-123.133575,-25200,America/Vancouver,GMT-7,18.0,13.153333333333334,81.06666666666666,12.06
6,17,1,BC Place,Vancouver,49.244286,-123.133575,-25200,America/Vancouver,GMT-7,18.0,12.526666666666667,85.06666666666666,11.466666666666667
6,17,2,BC Place,Vancouver,49.244286,-123.133575,-25200,America/Vancouver,GMT-7,18.0,11.993333333333334,86.8,10.853333333333332
6,17,3,BC Place,Vancouver,49.244286,-123.133575,-25200,America/Vancouver,GMT-7,18.0,11.580000000000002,87.46666666666667,10.346666666666666
6,17,4,BC Place,Vancouver,49.244286,-123.133575,-25200,America/Vancouver,GMT-7,18.0,11.42,87.33333333333333,10.159999999999998
6,17,5,BC Place,Vancouver,49.244286,-123.133575,-25200,America/Vancouver,GMT-7,18.0,11.513333333333334,86.26666666666667,10.04
6,17,6,BC Place,Vancouver,49.244286,-123.133575,-25200,America/Vancouver,GMT-7,18.0,11.886666666666667,84.13333333333334,10.106666666666664
6,17,7,BC Place,Vancouver,49.244286,-123.133575,-25200,America/Vancouver,GMT-7,18.0,12.460000000000003,80.66666666666667,10.346666666666666
6,17,8,BC Place,Vancouver,49.244286,-123.133575,-25200,America/Vancouver,GMT-7,18.0,13.193333333333333,76.53333333333333,10.966666666666665
6,17,9,BC Place,Vancouver,49.244286,-123.133575,-25200,America/Vancouver,GMT-7,18.0,14.026666666666667,72.66666666666667,11.806666666666667
6,17,10,BC Place,Vancouver,49.244286,-123.133575,-25200,America/Vancouver,GMT-7,18.0,14.879999999999999,69.33333333333333,12.886666666666667
6,17,11,BC Place,Vancouver,49.244286,-123.133575,-25200,America/Vancouver,GMT-7,18.0,15.6,67.46666666666667,13.946666666666664
6,17,12,BC Place,Vancouver,49.244286,-123.133575,-25200,America/Vancouver,GMT-7,18.0,16.166666666666664,66.26666666666667,14.973333333333333
6,17,13,BC Place,Vancouver,49.244286,-123.133575,-25200,America/Vancouver,GMT-7,18.0,16.56666666666667,65.33333333333333,15.686666666666666
6,17,14,BC Place,Vancouver,49.244286,-123.133575,-25200,America/Vancouver,GMT-7,18.0,16.94,64.2,16.253333333333334
6,17,15,BC Place,Vancouver,49.244286,-123.133575,-25200,America/Vancouver,GMT-7,18.0,17.19333333333333,63.46666666666667,16.466666666666665
6,17,16,BC Place,Vancouver,49.244286,-123.133575,-25200,America/Vancouver,GMT-7,18.0,17.40666666666667,62.733333333333334,16.406666666666666
6,17,17,BC Place,Vancouver,49.244286,-123.133575,-25200,America/Vancouver,GMT-7,18.0,17.413333333333334,62.06666666666667,16.04
6,17,18,BC Place,Vancouver,49.244286,-123.133575,-25200,America/Vancouver,GMT-7,18.0,17.220000000000002,61.733333333333334,15.673333333333336
6,17,19,BC Place,Vancouver,49.244286,-123.133575,-25200,America/Vancouver,GMT-7,18.0,16.753333333333337,62.4,15.206666666666669
6,17,20,BC Place,Vancouver,49.244286,-123.133575,-25200,America/Vancouver,GMT-7,18.0,16.1,64.66666666666667,14.719999999999999
6,17,21,BC Place,Vancouver,49.244286,-123.133575,-25200,America/Vancouver,GMT-7,18.0,15.353333333333333,67.8,14.033333333333333
6,17,22,BC Place,Vancouver,49.244286,-123.133575,-25200,America/Vancouver,GMT-7,18.0,14.566666666666668,71.73333333333333,13.306666666666667
6,17,23,BC Place,Vancouver,49.244286,-123.133575,-25200,America/Vancouver,GMT-7,18.0,13.82666666666667,76.6,12.646666666666667
6,18,0,BC Place,Vancouver,49.244286,-123.133575,-25200,America/Vancouver,GMT-7,18.0,13.120000000000003,80.2,11.82
6,18,1,BC Place,Vancouver,49.244286,-123.133575,-25200,America/Vancouver,GMT-7,18.0,12.879999999999999,82.0,11.38
6,18,2,BC Place,Vancouver,49.244286,-123.133575,-25200,America/Vancouver,GMT-7,18.0,12.51333333333333,84.26666666666667,11.0
6,18,3,BC Place,Vancouver,49.244286,-123.133575,-25200,America/Vancouver,GMT-7,18.0,12.3,85.8,10.76
6,18,4,BC Place,Vancouver,49.244286,-123.133575,-25200,America/Vancouver,GMT-7,18.0,12.213333333333333,86.33333333333333,10.673333333333334
6,18,5,BC Place,Vancouver,49.244286,-123.133575,-25200,America/Vancouver,GMT-7,18.0,12.139999999999999,86.8,10.479999999999999
6,18,6,BC Place,Vancouver,49.244286,-123.133575,-25200,America/Vancouver,GMT-7,18.0,12.133333333333331,86.33333333333333,10.253333333333334
6,18,7,BC Place,Vancouver,49.244286,-123.133575,-25200,America/Vancouver,GMT-7,18.0,12.46,83.13333333333334,10.26
6,18,8,BC Place,Vancouver,49.244286,-123.133575,-25200,America/Vancouver,GMT-7,18.0,13.020000000000001,79.06666666666666,10.733333333333333
6,18,9,BC Place,Vancouver,49.244286,-123.133575,-25200,America/Vancouver,GMT-7,18.0,13.620000000000001,76.33333333333333,11.506666666666666
6,18,10,BC Place,Vancouver,49.244286,-123.133575,-25200,America/Vancouver,GMT-7,18.0,14.18,75.13333333333334,12.426666666666668
6,18,11,BC Place,Vancouver,49.244286,-123.133575,-25200,America/Vancouver,GMT-7,18.0,14.673333333333334,74.53333333333333,13.306666666666667
6,18,12,BC Place,Vancouver,49.244286,-123.133575,-25200,America/Vancouver,GMT-7,18.0,15.293333333333333,72.46666666666667,14.280000000000001
6,18,13,BC Place,Vancouver,49.244286,-123.133575,-25200,America/Vancouver,GMT-7,18.0,16.02,68.93333333333334,15.333333333333334
6,18,14,BC Place,Vancouver,49.244286,-123.133575,-25200,America/Vancouver,GMT-7,18.0,16.59333333333333,65.4,15.953333333333335
6,18,15,BC Place,Vancouver,49.244286,-123.133575,-25200,America/Vancouver,GMT-7,18.0,16.846666666666668,63.13333333333333,16.073333333333334
6,18,16,BC Place,Vancouver,49.244286,-123.133575,-25200,America/Vancouver,GMT-7,18.0,16.8,62.333333333333336,15.706666666666667
6,18,17,BC Place,Vancouver,49.244286,-123.133575,-25200,America/Vancouver,GMT-7,18.0,16.560000000000002,62.0,15.120000000000003
6,18,18,BC Place,Vancouver,49.244286,-123.133575,-25200,America/Vancouver,GMT-7,18.0,16.28666666666667,61.86666666666667,14.593333333333334
6,18,19,BC Place,Vancouver,49.244286,-123.133575,-25200,America/Vancouver,GMT-7,18.0,15.813333333333334,63.46666666666667,14.113333333333333
6,18,20,BC Place,Vancouver,49.244286,-123.133575,-25200,America/Vancouver,GMT-7,18.0,15.173333333333334,68.0,13.84
6,18,21,BC Place,Vancouver,49.244286,-123.133575,-25200,America/Vancouver,GMT-7,18.0,14.466666666666667,72.26666666666667,13.433333333333332
6,18,22,BC Place,Vancouver,49.244286,-123.133575,-25200,America/Vancouver,GMT-7,18.0,13.700000000000001,77.06666666666666,12.826666666666666
6,18,23,BC Place,Vancouver,49.244286,-123.133575,-25200,America/Vancouver,GMT-7,18.0,13.393333333333336,78.33333333333333,12.286666666666667
6,19,0,BC Place,Vancouver,49.244286,-123.133575,-25200,America/Vancouver,GMT-7,18.0,12.540000000000003,84.73333333333333,11.433333333333335
6,19,1,BC Place,Vancouver,49.244286,-123.133575,-25200,America/Vancouver,GMT-7,18.0,11.893333333333334,86.26666666666667,10.693333333333335
6,19,2,BC Place,Vancouver,49.244286,-123.133575,-25200,America/Vancouver,GMT-7,18.0,11.566666666666665,88.13333333333334,10.306666666666668
6,19,3,BC Place,Vancouver,49.244286,-123.133575,-25200,America/Vancouver,GMT-7,18.0,11.26,89.46666666666667,9.946666666666665
6,19,4,BC Place,Vancouver,49.244286,-123.133575,-25200,America/Vancouver,GMT-7,18.0,11.086666666666668,90.33333333333333,9.706666666666667
6,19,5,BC Place,Vancouver,49.244286,-123.133575,-25200,America/Vancouver,GMT-7,18.0,11.133333333333333,90.0,9.7
6,19,6,BC Place,Vancouver,49.244286,-123.133575,-25200,America/Vancouver,GMT-7,18.0,11.466666666666667,88.8,10.073333333333334
6,19,7,BC Place,Vancouver,49.244286,-123.133575,-25200,America/Vancouver,GMT-7,18.0,12.133333333333333,85.73333333333333,10.82
6,19,8,BC Place,Vancouver,49.244286,-123.133575,-25200,America/Vancouver,GMT-7,18.0,13.02,82.06666666666666,11.893333333333334
6,19,9,BC Place,Vancouver,49.244286,-123.133575,-25200,America/Vancouver,GMT-7,18.0,14.033333333333333,77.86666666666666,13.073333333333334
6,19,10,BC Place,Vancouver,49.244286,-123.133575,-25200,America/Vancouver,GMT-7,18.0,14.899999999999999,74.4,14.06
6,19,11,BC Place,Vancouver,49.244286,-123.133575,-25200,America/Vancouver,GMT-7,18.0,15.573333333333332,72.0,14.76
6,19,12,BC Place,Vancouver,49.244286,-123.133575,-25200,America/Vancouver,GMT-7,18.0,16.013333333333335,70.33333333333333,15.26666666666667
6,19,13,BC Place,Vancouver,49.244286,-123.133575,-25200,America/Vancouver,GMT-7,18.0,16.433333333333334,68.2,15.906666666666666
6,19,14,BC Place,Vancouver,49.244286,-123.133575,-25200,America/Vancouver,GMT-7,18.0,16.813333333333336,65.66666666666667,16.393333333333334
6,19,15,BC Place,Vancouver,49.244286,-123.133575,-25200,America/Vancouver,GMT-7,18.0,17.040000000000003,64.13333333333334,16.533333333333335
6,19,16,BC Place,Vancouver,49.244286,-123.133575,-25200,America/Vancouver,GMT-7,18.0,16.993333333333332,64.6,16.10666666666667
6,19,17,BC Place,Vancouver,49.244286,-123.133575,-25200,America/Vancouver,GMT-7,18.0,16.82,65.6,15.593333333333337
6,19,18,BC Place,Vancouver,49.244286,-123.133575,-25200,America/Vancouver,GMT-7,18.0,16.62,66.66666666666667,15.206666666666669
6,19,19,BC Place,Vancouver,49.244286,-123.133575,-25200,America/Vancouver,GMT-7,18.0,16.313333333333336,67.8,14.88
6,19,20,BC Place,Vancouver,49.244286,-123.133575,-25200,America/Vancouver,GMT-7,18.0,15.639999999999999,71.66666666666667,14.373333333333333
6,19,21,BC Place,Vancouver,49.244286,-123.133575,-25200,America/Vancouver,GMT-7,18.0,14.806666666666668,76.6,13.706666666666667
6,19,22,BC Place,Vancouver,49.244286,-123.133575,-25200,America/Vancouver,GMT-7,18.0,14.026666666666669,81.26666666666667,13.066666666666668
6,19,23,BC Place,Vancouver,49.244286,-123.133575,-25200,America/Vancouver,GMT-7,18.0,13.213333333333336,83.46666666666667,12.22
6,20,0,BC Place,Vancouver,49.244286,-123.133575,-25200,America/Vancouver,GMT-7,18.0,13.653333333333334,83.4,12.860000000000001
6,20,1,BC Place,Vancouver,49.244286,-123.133575,-25200,America/Vancouver,GMT-7,18.0,12.66,85.33333333333333,11.686666666666666
6,20,2,BC Place,Vancouver,49.244286,-123.133575,-25200,America/Vancouver,GMT-7,18.0,12.259999999999998,85.73333333333333,11.226666666666667
6,20,3,BC Place,Vancouver,49.244286,-123.133575,-25200,America/Vancouver,GMT-7,18.0,12.006666666666666,85.6,10.860000000000001
6,20,4,BC Place,Vancouver,49.244286,-123.133575,-25200,America/Vancouver,GMT-7,18.0,11.826666666666666,85.93333333333334,10.566666666666668
6,20,5,BC Place,Vancouver,49.244286,-123.133575,-25200,America/Vancouver,GMT-7,18.0,12.066666666666668,85.73333333333333,10.813333333333334
6,20,6,BC Place,Vancouver,49.244286,-123.133575,-25200,America/Vancouver,GMT-7,18.0,12.573333333333334,85.13333333333334,11.373333333333335
6,20,7,BC Place,Vancouver,49.244286,-123.133575,-25200,America/Vancouver,GMT-7,18.0,13.360000000000003,83.33333333333333,12.26
6,20,8,BC Place,Vancouver,49.244286,-123.133575,-25200,America/Vancouver,GMT-7,18.0,14.126666666666667,81.13333333333334,13.113333333333333
6,20,9,BC Place,Vancouver,49.244286,-123.133575,-25200,America/Vancouver,GMT-7,18.0,14.893333333333334,79.13333333333334,14.026666666666667
6,20,10,BC Place,Vancouver,49.244286,-123.133575,-25200,America/Vancouver,GMT-7,18.0,15.593333333333334,77.2,14.886666666666667
6,20,11,BC Place,Vancouver,49.244286,-123.133575,-25200,America/Vancouver,GMT-7,18.0,16.166666666666668,75.46666666666667,15.546666666666669
6,20,12,BC Place,Vancouver,49.244286,-123.133575,-25200,America/Vancouver,GMT-7,18.0,16.706666666666667,73.4,16.166666666666668
6,20,13,BC Place,Vancouver,49.244286,-123.133575,-25200,America/Vancouver,GMT-7,18.0,17.326666666666664,71.0,16.866666666666667
6,20,14,BC Place,Vancouver,49.244286,-123.133575,-25200,America/Vancouver,GMT-7,18.0,17.88,69.0,17.48
6,20,15,BC Place,Vancouver,49.244286,-123.133575,-25200,America/Vancouver,GMT-7,18.0,18.313333333333333,67.66666666666667,17.87333333333333
6,20,16,BC Place,Vancouver,49.244286,-123.133575,-25200,America/Vancouver,GMT-7,18.0,18.580000000000002,66.2,18.013333333333335
6,20,17,BC Place,Vancouver,49.244286,-123.133575,-25200,America/Vancouver,GMT-7,18.0,18.626666666666665,66.0,17.89333333333333
6,20,18,BC Place,Vancouver,49.244286,-123.133575,-25200,America/Vancouver,GMT-7,18.0,18.406666666666663,66.73333333333333,17.62
6,20,19,BC Place,Vancouver,49.244286,-123.133575,-25200,America/Vancouver,GMT-7,18.0,17.87333333333333,69.26666666666667,17.173333333333332
6,20,20,BC Place,Vancouver,49.244286,-123.133575,-25200,America/Vancouver,GMT-7,18.0,17.166666666666668,72.66666666666667,16.753333333333334
6,20,21,BC Place,Vancouver,49.244286,-123.133575,-25200,America/Vancouver,GMT-7,18.0,16.393333333333334,76.33333333333333,16.166666666666668
6,20,22,BC Place,Vancouver,49.244286,-123.133575,-25200,America/Vancouver,GMT-7,18.0,15.726666666666667,79.13333333333334,15.493333333333336
6,20,23,BC Place,Vancouver,49.244286,-123.133575,-25200,America/Vancouver,GMT-7,18.0,14.653333333333334,81.66666666666667,14.120000000000001
6,21,0,BC Place,Vancouver,49.244286,-123.133575,-25200,America/Vancouver,GMT-7,18.0,15.040000000000001,82.2,14.52
6,21,1,BC Place,Vancouver,49.244286,-123.133575,-25200,America/Vancouver,GMT-7,18.0,14.506666666666666,80.4,13.506666666666668
6,21,2,BC Place,Vancouver,49.244286,-123.133575,-25200,America/Vancouver,GMT-7,18.0,13.986666666666666,82.33333333333333,12.806666666666667
6,21,3,BC Place,Vancouver,49.244286,-123.133575,-25200,America/Vancouver,GMT-7,18.0,13.546666666666669,84.6,12.259999999999998
6,21,4,BC Place,Vancouver,49.244286,-123.133575,-25200,America/Vancouver,GMT-7,18.0,13.18666666666667,87.0,11.886666666666665
6,21,5,BC Place,Vancouver,49.244286,-123.133575,-25200,America/Vancouver,GMT-7,18.0,13.373333333333335,87.26666666666667,12.113333333333333
6,21,6,BC Place,Vancouver,49.244286,-123.133575,-25200,America/Vancouver,GMT-7,18.0,13.926666666666668,85.4,12.753333333333334
6,21,7,BC Place,Vancouver,49.244286,-123.133575,-25200,America/Vancouver,GMT-7,18.0,14.606666666666666,83.53333333333333,13.5
6,21,8,BC Place,Vancouver,49.244286,-123.133575,-25200,America/Vancouver,GMT-7,18.0,15.160000000000002,82.2,14.12
6,21,9,BC Place,Vancouver,49.244286,-123.133575,-25200,America/Vancouver,GMT-7,18.0,15.840000000000002,80.4,14.96
6,21,10,BC Place,Vancouver,49.244286,-123.133575,-25200,America/Vancouver,GMT-7,18.0,16.566666666666666,78.26666666666667,15.993333333333336
6,21,11,BC Place,Vancouver,49.244286,-123.133575,-25200,America/Vancouver,GMT-7,18.0,17.279999999999998,76.13333333333334,17.1
6,21,12,BC Place,Vancouver,49.244286,-123.133575,-25200,America/Vancouver,GMT-7,18.0,17.933333333333334,74.26666666666667,18.113333333333333
6,21,13,BC Place,Vancouver,49.244286,-123.133575,-25200,America/Vancouver,GMT-7,18.0,18.446666666666665,72.13333333333334,18.826666666666664
6,21,14,BC Place,Vancouver,49.244286,-123.133575,-25200,America/Vancouver,GMT-7,18.0,18.873333333333335,70.06666666666666,19.299999999999997
6,21,15,BC Place,Vancouver,49.244286,-123.133575,-25200,America/Vancouver,GMT-7,18.0,19.186666666666667,68.8,19.613333333333337
6,21,16,BC Place,Vancouver,49.244286,-123.133575,-25200,America/Vancouver,GMT-7,18.0,19.373333333333335,68.4,19.639999999999997
6,21,17,BC Place,Vancouver,49.244286,-123.133575,-25200,America/Vancouver,GMT-7,18.0,19.27333333333333,69.06666666666666,19.379999999999995
6,21,18,BC Place,Vancouver,49.244286,-123.133575,-25200,America/Vancouver,GMT-7,18.0,19.040000000000003,69.73333333333333,18.939999999999998
6,21,19,BC Place,Vancouver,49.244286,-123.133575,-25200,America/Vancouver,GMT-7,18.0,18.69333333333333,70.93333333333334,18.58
6,21,20,BC Place,Vancouver,49.244286,-123.133575,-25200,America/Vancouver,GMT-7,18.0,18.106666666666666,74.26666666666667,18.086666666666666
6,21,21,BC Place,Vancouver,49.244286,-123.133575,-25200,America/Vancouver,GMT-7,18.0,17.21333333333333,79.13333333333334,17.30666666666667
6,21,22,BC Place,Vancouver,49.244286,-123.133575,-25200,America/Vancouver,GMT-7,18.0,16.346666666666668,83.86666666666666,16.53333333333333
6,21,23,BC Place,Vancouver,49.244286,-123.133575,-25200,America/Vancouver,GMT-7,18.0,15.673333333333336,83.2,15.559999999999999
6,22,0,BC Place,Vancouver,49.244286,-123.133575,-25200,America/Vancouver,GMT-7,18.0,15.026666666666666,89.2,14.873333333333333
6,22,1,BC Place,Vancouver,49.244286,-123.133575,-25200,America/Vancouver,GMT-7,18.0,14.753333333333332,91.26666666666667,14.833333333333332
6,22,2,BC Place,Vancouver,49.244286,-123.133575,-25200,America/Vancouver,GMT-7,18.0,14.306666666666668,91.8,14.326666666666666
6,22,3,BC Place,Vancouver,49.244286,-123.133575,-25200,America/Vancouver,GMT-7,18.0,14.073333333333336,91.13333333333334,13.946666666666667
6,22,4,BC Place,Vancouver,49.244286,-123.133575,-25200,America/Vancouver,GMT-7,18.0,13.840000000000002,90.53333333333333,13.466666666666669
6,22,5,BC Place,Vancouver,49.244286,-123.133575,-25200,America/Vancouver,GMT-7,18.0,13.793333333333335,90.13333333333334,13.173333333333336
6,22,6,BC Place,Vancouver,49.244286,-123.133575,-25200,America/Vancouver,GMT-7,18.0,13.953333333333335,89.26666666666667,13.120000000000003
6,22,7,BC Place,Vancouver,49.244286,-123.133575,-25200,America/Vancouver,GMT-7,18.0,14.56,86.8,13.526666666666667
6,22,8,BC Place,Vancouver,49.244286,-123.133575,-25200,America/Vancouver,GMT-7,18.0,15.313333333333334,83.06666666666666,14.126666666666669
6,22,9,BC Place,Vancouver,49.244286,-123.133575,-25200,America/Vancouver,GMT-7,18.0,16.046666666666667,79.53333333333333,14.813333333333333
6,22,10,BC Place,Vancouver,49.244286,-123.133575,-25200,America/Vancouver,GMT-7,18.0,16.64,76.8,15.620000000000003
6,22,11,BC Place,Vancouver,49.244286,-123.133575,-25200,America/Vancouver,GMT-7,18.0,17.233333333333334,74.6,16.52
6,22,12,BC Place,Vancouver,49.244286,-123.133575,-25200,America/Vancouver,GMT-7,18.0,17.833333333333332,72.06666666666666,17.44
6,22,13,BC Place,Vancouver,49.244286,-123.133575,-25200,America/Vancouver,GMT-7,18.0,18.513333333333332,68.86666666666666,18.393333333333334
6,22,14,BC Place,Vancouver,49.244286,-123.133575,-25200,America/Vancouver,GMT-7,18.0,19.166666666666668,65.6,19.259999999999998
6,22,15,BC Place,Vancouver,49.244286,-123.133575,-25200,America/Vancouver,GMT-7,18.0,19.586666666666666,63.93333333333333,19.793333333333333
6,22,16,BC Place,Vancouver,49.244286,-123.133575,-25200,America/Vancouver,GMT-7,18.0,19.753333333333334,63.4,19.67333333333333
6,22,17,BC Place,Vancouver,49.244286,-123.133575,-25200,America/Vancouver,GMT-7,18.0,19.39333333333333,64.53333333333333,18.90666666666667
6,22,18,BC Place,Vancouver,49.244286,-123.133575,-25200,America/Vancouver,GMT-7,18.0,19.013333333333332,65.6,18.27333333333333
6,22,19,BC Place,Vancouver,49.244286,-123.133575,-25200,America/Vancouver,GMT-7,18.0,18.360000000000003,68.33333333333333,17.693333333333335
6,22,20,BC Place,Vancouver,49.244286,-123.133575,-25200,America/Vancouver,GMT-7,18.0,17.69333333333333,73.13333333333334,17.313333333333333
6,22,21,BC Place,Vancouver,49.244286,-123.133575,-25200,America/Vancouver,GMT-7,18.0,16.76,78.86666666666666,16.506666666666668
6,22,22,BC Place,Vancouver,49.244286,-123.133575,-25200,America/Vancouver,GMT-7,18.0,15.873333333333331,83.6,15.560000000000002
6,22,23,BC Place,Vancouver,49.244286,-123.133575,-25200,America/Vancouver,GMT-7,18.0,15.393333333333329,86.73333333333333,15.139999999999999
6,23,0,BC Place,Vancouver,49.244286,-123.133575,-25200,America/Vancouver,GMT-7,18.0,14.746666666666666,85.6,14.093333333333334
6,23,1,BC Place,Vancouver,49.244286,-123.133575,-25200,America/Vancouver,GMT-7,18.0,14.526666666666666,85.06666666666666,13.553333333333335
6,23,2,BC Place,Vancouver,49.244286,-123.133575,-25200,America/Vancouver,GMT-7,18.0,14.226666666666665,84.2,13.020000000000001
6,23,3,BC Place,Vancouver,49.244286,-123.133575,-25200,America/Vancouver,GMT-7,18.0,13.806666666666668,83.93333333333334,12.406666666666668
6,23,4,BC Place,Vancouver,49.244286,-123.133575,-25200,America/Vancouver,GMT-7,18.0,13.413333333333332,84.26666666666667,11.88
6,23,5,BC Place,Vancouver,49.244286,-123.133575,-25200,America/Vancouver,GMT-7,18.0,13.139999999999999,85.0,11.613333333333337
6,23,6,BC Place,Vancouver,49.244286,-123.133575,-25200,America/Vancouver,GMT-7,18.0,13.23333333333333,84.53333333333333,11.726666666666667
6,23,7,BC Place,Vancouver,49.244286,-123.133575,-25200,America/Vancouver,GMT-7,18.0,13.73333333333333,81.93333333333334,12.246666666666668
6,23,8,BC Place,Vancouver,49.244286,-123.133575,-25200,America/Vancouver,GMT-7,18.0,14.573333333333332,77.46666666666667,13.113333333333335
6,23,9,BC Place,Vancouver,49.244286,-123.133575,-25200,America/Vancouver,GMT-7,18.0,15.479999999999999,72.86666666666666,14.133333333333333
6,23,10,BC Place,Vancouver,49.244286,-123.133575,-25200,America/Vancouver,GMT-7,18.0,16.313333333333333,69.8,15.28
6,23,11,BC Place,Vancouver,49.244286,-123.133575,-25200,America/Vancouver,GMT-7,18.0,16.933333333333334,68.93333333333334,16.279999999999998
6,23,12,BC Place,Vancouver,49.244286,-123.133575,-25200,America/Vancouver,GMT-7,18.0,17.360000000000003,69.4,17.113333333333333
6,23,13,BC Place,Vancouver,49.244286,-123.133575,-25200,America/Vancouver,GMT-7,18.0,17.71333333333333,69.13333333333334,17.673333333333336
6,23,14,BC Place,Vancouver,49.244286,-123.133575,-25200,America/Vancouver,GMT-7,18.0,18.040000000000003,68.0,18.166666666666668
6,23,15,BC Place,Vancouver,49.244286,-123.133575,-25200,America/Vancouver,GMT-7,18.0,18.313333333333333,66.6,18.366666666666667
6,23,16,BC Place,Vancouver,49.244286,-123.133575,-25200,America/Vancouver,GMT-7,18.0,18.386666666666663,64.86666666666666,18.2
6,23,17,BC Place,Vancouver,49.244286,-123.133575,-25200,America/Vancouver,GMT-7,18.0,18.28666666666667,63.733333333333334,17.646666666666665
6,23,18,BC Place,Vancouver,49.244286,-123.133575,-25200,America/Vancouver,GMT-7,18.0,18.1,62.93333333333333,17.3
6,23,19,BC Place,Vancouver,49.244286,-123.133575,-25200,America/Vancouver,GMT-7,18.0,17.873333333333335,64.53333333333333,17.12666666666667
6,23,20,BC Place,Vancouver,49.244286,-123.133575,-25200,America/Vancouver,GMT-7,18.0,17.386666666666667,69.0,16.92
6,23,21,BC Place,Vancouver,49.244286,-123.133575,-25200,America/Vancouver,GMT-7,18.0,16.62666666666667,75.06666666666666,16.286666666666665
6,23,22,BC Place,Vancouver,49.244286,-123.133575,-25200,America/Vancouver,GMT-7,18.0,15.706666666666669,81.33333333333333,15.466666666666667
6,23,23,BC Place,Vancouver,49.244286,-123.133575,-25200,America/Vancouver,GMT-7,18.0,15.08,84.6,14.666666666666664
6,24,0,BC Place,Vancouver,49.244286,-123.133575,-25200,America/Vancouver,GMT-7,18.0,14.719999999999999,85.13333333333334,14.540000000000001
6,24,1,BC Place,Vancouver,49.244286,-123.133575,-25200,America/Vancouver,GMT-7,18.0,13.766666666666664,87.2,13.306666666666668
6,24,2,BC Place,Vancouver,49.244286,-123.133575,-25200,America/Vancouver,GMT-7,18.0,13.313333333333333,88.33333333333333,12.76
6,24,3,BC Place,Vancouver,49.244286,-123.133575,-25200,America/Vancouver,GMT-7,18.0,12.913333333333332,89.86666666666666,12.233333333333333
6,24,4,BC Place,Vancouver,49.244286,-123.133575,-25200,America/Vancouver,GMT-7,18.0,12.693333333333335,90.4,11.893333333333336
6,24,5,BC Place,Vancouver,49.244286,-123.133575,-25200,America/Vancouver,GMT-7,18.0,12.760000000000002,90.33333333333333,11.926666666666668
6,24,6,BC Place,Vancouver,49.244286,-123.133575,-25200,America/Vancouver,GMT-7,18.0,13.340000000000002,88.53333333333333,12.493333333333334
6,24,7,BC Place,Vancouver,49.244286,-123.133575,-25200,America/Vancouver,GMT-7,18.0,14.286666666666665,85.46666666666667,13.520000000000001
6,24,8,BC Place,Vancouver,49.244286,-123.133575,-25200,America/Vancouver,GMT-7,18.0,15.406666666666666,80.8,14.766666666666667
6,24,9,BC Place,Vancouver,49.244286,-123.133575,-25200,America/Vancouver,GMT-7,18.0,16.433333333333334,76.33333333333333,16.05333333333333
6,24,10,BC Place,Vancouver,49.244286,-123.133575,-25200,America/Vancouver,GMT-7,18.0,17.279999999999994,73.13333333333334,17.166666666666668
6,24,11,BC Place,Vancouver,49.244286,-123.133575,-25200,America/Vancouver,GMT-7,18.0,17.946666666666665,71.13333333333334,18.153333333333332
6,24,12,BC Place,Vancouver,49.244286,-123.133575,-25200,America/Vancouver,GMT-7,18.0,18.5,69.13333333333334,19.04666666666667
6,24,13,BC Place,Vancouver,49.244286,-123.133575,-25200,America/Vancouver,GMT-7,18.0,19.04,66.66666666666667,19.886666666666663
6,24,14,BC Place,Vancouver,49.244286,-123.133575,-25200,America/Vancouver,GMT-7,18.0,19.553333333333335,64.06666666666666,20.513333333333332
6,24,15,BC Place,Vancouver,49.244286,-123.133575,-25200,America/Vancouver,GMT-7,18.0,19.94666666666667,61.8,20.766666666666666
6,24,16,BC Place,Vancouver,49.244286,-123.133575,-25200,America/Vancouver,GMT-7,18.0,19.92,60.86666666666667,20.16666666666667
6,24,17,BC Place,Vancouver,49.244286,-123.133575,-25200,America/Vancouver,GMT-7,18.0,19.66,61.333333333333336,19.333333333333332
6,24,18,BC Place,Vancouver,49.244286,-123.133575,-25200,America/Vancouver,GMT-7,18.0,19.206666666666667,62.93333333333333,18.540000000000003
6,24,19,BC Place,Vancouver,49.244286,-123.133575,-25200,America/Vancouver,GMT-7,18.0,18.820000000000004,64.73333333333333,18.27333333333333
6,24,20,BC Place,Vancouver,49.244286,-123.133575,-25200,America/Vancouver,GMT-7,18.0,18.206666666666667,68.4,18.013333333333332
6,24,21,BC Place,Vancouver,49.244286,-123.133575,-25200,America/Vancouver,GMT-7,18.0,17.42,74.13333333333334,17.619999999999997
6,24,22,BC Place,Vancouver,49.244286,-123.133575,-25200,America/Vancouver,GMT-7,18.0,16.673333333333336,79.4,17.080000000000002
6,24,23,BC Place,Vancouver,49.244286,-123.133575,-25200,America/Vancouver,GMT-7,18.0,15.633333333333333,83.46666666666667,15.82666666666667
6,25,0,BC Place,Vancouver,49.244286,-123.133575,-25200,America/Vancouver,GMT-7,18.0,16.2,82.46666666666667,16.106666666666666
6,25,1,BC Place,Vancouver,49.244286,-123.133575,-25200,America/Vancouver,GMT-7,18.0,15.366666666666669,84.0,15.273333333333335
6,25,2,BC Place,Vancouver,49.244286,-123.133575,-25200,America/Vancouver,GMT-7,18.0,15.040000000000001,84.53333333333333,15.053333333333335
6,25,3,BC Place,Vancouver,49.244286,-123.133575,-25200,America/Vancouver,GMT-7,18.0,14.773333333333335,84.46666666666667,14.753333333333334
6,25,4,BC Place,Vancouver,49.244286,-123.133575,-25200,America/Vancouver,GMT-7,18.0,14.733333333333336,83.66666666666667,14.580000000000002
6,25,5,BC Place,Vancouver,49.244286,-123.133575,-25200,America/Vancouver,GMT-7,18.0,14.639999999999999,84.4,14.30666666666667
6,25,6,BC Place,Vancouver,49.244286,-123.133575,-25200,America/Vancouver,GMT-7,18.0,15.073333333333332,83.46666666666667,14.613333333333337
6,25,7,BC Place,Vancouver,49.244286,-123.133575,-25200,America/Vancouver,GMT-7,18.0,15.486666666666666,83.33333333333333,14.86666666666667
6,25,8,BC Place,Vancouver,49.244286,-123.133575,-25200,America/Vancouver,GMT-7,18.0,16.306666666666665,80.66666666666667,15.54
6,25,9,BC Place,Vancouver,49.244286,-123.133575,-25200,America/Vancouver,GMT-7,18.0,17.1,78.33333333333333,16.37333333333333
6,25,10,BC Place,Vancouver,49.244286,-123.133575,-25200,America/Vancouver,GMT-7,18.0,17.953333333333333,76.13333333333334,17.55333333333333
6,25,11,BC Place,Vancouver,49.244286,-123.133575,-25200,America/Vancouver,GMT-7,18.0,18.76,74.0,18.886666666666667
6,25,12,BC Place,Vancouver,49.244286,-123.133575,-25200,America/Vancouver,GMT-7,18.0,19.546666666666667,71.06666666666666,20.153333333333332
6,25,13,BC Place,Vancouver,49.244286,-123.133575,-25200,America/Vancouver,GMT-7,18.0,20.240000000000002,68.06666666666666,21.046666666666667
6,25,14,BC Place,Vancouver,49.244286,-123.133575,-25200,America/Vancouver,GMT-7,18.0,20.953333333333337,64.4,21.660000000000004
6,25,15,BC Place,Vancouver,49.244286,-123.133575,-25200,America/Vancouver,GMT-7,18.0,21.52,61.8,21.966666666666672
6,25,16,BC Place,Vancouver,49.244286,-123.133575,-25200,America/Vancouver,GMT-7,18.0,21.933333333333334,59.6,21.993333333333332
6,25,17,BC Place,Vancouver,49.244286,-123.133575,-25200,America/Vancouver,GMT-7,18.0,21.953333333333333,58.666666666666664,21.540000000000003
6,25,18,BC Place,Vancouver,49.244286,-123.133575,-25200,America/Vancouver,GMT-7,18.0,21.64,59.06666666666667,20.906666666666663
6,25,19,BC Place,Vancouver,49.244286,-123.133575,-25200,America/Vancouver,GMT-7,18.0,21.04666666666667,61.2,20.320000000000004
6,25,20,BC Place,Vancouver,49.244286,-123.133575,-25200,America/Vancouver,GMT-7,18.0,20.266666666666662,65.73333333333333,19.893333333333338
6,25,21,BC Place,Vancouver,49.244286,-123.133575,-25200,America/Vancouver,GMT-7,18.0,19.34666666666666,71.33333333333333,19.326666666666668
6,25,22,BC Place,Vancouver,49.244286,-123.133575,-25200,America/Vancouver,GMT-7,18.0,18.439999999999998,76.0,18.566666666666666
6,25,23,BC Place,Vancouver,49.244286,-123.133575,-25200,America/Vancouver,GMT-7,18.0,17.279999999999998,79.6,17.319999999999997
6,26,0,BC Place,Vancouver,49.244286,-123.133575,-25200,America/Vancouver,GMT-7,18.0,17.27333333333333,80.73333333333333,17.306666666666665
6,26,1,BC Place,Vancouver,49.244286,-123.133575,-25200,America/Vancouver,GMT-7,18.0,16.73333333333333,82.46666666666667,16.726666666666667
6,26,2,BC Place,Vancouver,49.244286,-123.133575,-25200,America/Vancouver,GMT-7,18.0,16.526666666666664,83.2,16.613333333333333
6,26,3,BC Place,Vancouver,49.244286,-123.133575,-25200,America/Vancouver,GMT-7,18.0,16.433333333333334,83.46666666666667,16.66
6,26,4,BC Place,Vancouver,49.244286,-123.133575,-25200,America/Vancouver,GMT-7,18.0,16.266666666666666,83.93333333333334,16.526666666666667
6,26,5,BC Place,Vancouver,49.244286,-123.133575,-25200,America/Vancouver,GMT-7,18.0,16.06,85.06666666666666,16.306666666666665
6,26,6,BC Place,Vancouver,49.244286,-123.133575,-25200,America/Vancouver,GMT-7,18.0,16.053333333333335,85.33333333333333,16.226666666666667
6,26,7,BC Place,Vancouver,49.244286,-123.133575,-25200,America/Vancouver,GMT-7,18.0,16.426666666666666,84.06666666666666,16.599999999999998
6,26,8,BC Place,Vancouver,49.244286,-123.133575,-25200,America/Vancouver,GMT-7,18.0,17.246666666666666,80.53333333333333,17.39333333333333
6,26,9,BC Place,Vancouver,49.244286,-123.133575,-25200,America/Vancouver,GMT-7,18.0,18.206666666666667,76.73333333333333,18.426666666666666
6,26,10,BC Place,Vancouver,49.244286,-123.133575,-25200,America/Vancouver,GMT-7,18.0,19.113333333333337,74.0,19.57333333333333
6,26,11,BC Place,Vancouver,49.244286,-123.133575,-25200,America/Vancouver,GMT-7,18.0,19.833333333333332,71.8,20.539999999999996
6,26,12,BC Place,Vancouver,49.244286,-123.133575,-25200,America/Vancouver,GMT-7,18.0,20.353333333333335,70.13333333333334,21.306666666666665
6,26,13,BC Place,Vancouver,49.244286,-123.133575,-25200,America/Vancouver,GMT-7,18.0,20.660000000000004,69.26666666666667,21.779999999999994
6,26,14,BC Place,Vancouver,49.244286,-123.133575,-25200,America/Vancouver,GMT-7,18.0,20.920000000000005,68.93333333333334,22.106666666666666
6,26,15,BC Place,Vancouver,49.244286,-123.133575,-25200,America/Vancouver,GMT-7,18.0,21.21333333333333,68.46666666666667,22.386666666666663
6,26,16,BC Place,Vancouver,49.244286,-123.133575,-25200,America/Vancouver,GMT-7,18.0,21.619999999999997,66.33333333333333,22.48
6,26,17,BC Place,Vancouver,49.244286,-123.133575,-25200,America/Vancouver,GMT-7,18.0,21.726666666666667,64.93333333333334,22.219999999999995
6,26,18,BC Place,Vancouver,49.244286,-123.133575,-25200,America/Vancouver,GMT-7,18.0,21.57333333333333,64.4,21.746666666666666
6,26,19,BC Place,Vancouver,49.244286,-123.133575,-25200,America/Vancouver,GMT-7,18.0,21.120000000000005,66.2,21.246666666666666
6,26,20,BC Place,Vancouver,49.244286,-123.133575,-25200,America/Vancouver,GMT-7,18.0,20.46,69.4,20.68
6,26,21,BC Place,Vancouver,49.244286,-123.133575,-25200,America/Vancouver,GMT-7,18.0,19.64666666666666,73.13333333333334,19.90666666666667
6,26,22,BC Place,Vancouver,49.244286,-123.133575,-25200,America/Vancouver,GMT-7,18.0,18.813333333333333,76.13333333333334,19.03333333333334
6,26,23,BC Place,Vancouver,49.244286,-123.133575,-25200,America/Vancouver,GMT-7,18.0,17.98,78.53333333333333,18.106666666666666
6,27,0,BC Place,Vancouver,49.244286,-123.133575,-25200,America/Vancouver,GMT-7,18.0,18.153333333333332,75.73333333333333,18.086666666666666
6,27,1,BC Place,Vancouver,49.244286,-123.133575,-25200,America/Vancouver,GMT-7,18.0,17.74,77.53333333333333,17.740000000000002
6,27,2,BC Place,Vancouver,49.244286,-123.133575,-25200,America/Vancouver,GMT-7,18.0,17.313333333333333,78.66666666666667,17.27333333333333
6,27,3,BC Place,Vancouver,49.244286,-123.133575,-25200,America/Vancouver,GMT-7,18.0,16.76,80.4,16.726666666666667
6,27,4,BC Place,Vancouver,49.244286,-123.133575,-25200,America/Vancouver,GMT-7,18.0,16.18,82.93333333333334,16.11333333333333
6,27,5,BC Place,Vancouver,49.244286,-123.133575,-25200,America/Vancouver,GMT-7,18.0,16.026666666666667,83.86666666666666,15.913333333333332
6,27,6,BC Place,Vancouver,49.244286,-123.133575,-25200,America/Vancouver,GMT-7,18.0,16.406666666666663,82.73333333333333,16.226666666666667
6,27,7,BC Place,Vancouver,49.244286,-123.133575,-25200,America/Vancouver,GMT-7,18.0,17.019999999999996,80.6,16.893333333333334
6,27,8,BC Place,Vancouver,49.244286,-123.133575,-25200,America/Vancouver,GMT-7,18.0,17.81333333333333,77.4,17.8
6,27,9,BC Place,Vancouver,49.244286,-123.133575,-25200,America/Vancouver,GMT-7,18.0,18.55333333333333,74.26666666666667,18.706666666666667
6,27,10,BC Place,Vancouver,49.244286,-123.133575,-25200,America/Vancouver,GMT-7,18.0,19.413333333333334,70.66666666666667,19.75333333333333
6,27,11,BC Place,Vancouver,49.244286,-123.133575,-25200,America/Vancouver,GMT-7,18.0,20.2,69.53333333333333,20.879999999999995
6,27,12,BC Place,Vancouver,49.244286,-123.133575,-25200,America/Vancouver,GMT-7,18.0,20.779999999999998,68.86666666666666,21.746666666666666
6,27,13,BC Place,Vancouver,49.244286,-123.133575,-25200,America/Vancouver,GMT-7,18.0,21.379999999999995,66.86666666666666,22.566666666666663
6,27,14,BC Place,Vancouver,49.244286,-123.133575,-25200,America/Vancouver,GMT-7,18.0,22.06,63.266666666666666,23.326666666666668
6,27,15,BC Place,Vancouver,49.244286,-123.133575,-25200,America/Vancouver,GMT-7,18.0,22.666666666666668,60.266666666666666,23.92666666666667
6,27,16,BC Place,Vancouver,49.244286,-123.133575,-25200,America/Vancouver,GMT-7,18.0,22.839999999999996,59.4,23.853333333333335
6,27,17,BC Place,Vancouver,49.244286,-123.133575,-25200,America/Vancouver,GMT-7,18.0,22.50666666666666,61.4,23.3
6,27,18,BC Place,Vancouver,49.244286,-123.133575,-25200,America/Vancouver,GMT-7,18.0,21.83333333333333,64.8,22.493333333333332
6,27,19,BC Place,Vancouver,49.244286,-123.133575,-25200,America/Vancouver,GMT-7,18.0,21.006666666666664,68.26666666666667,21.56
6,27,20,BC Place,Vancouver,49.244286,-123.133575,-25200,America/Vancouver,GMT-7,18.0,20.32,69.86666666666666,20.673333333333336
6,27,21,BC Place,Vancouver,49.244286,-123.133575,-25200,America/Vancouver,GMT-7,18.0,19.880000000000003,70.0,20.0
6,27,22,BC Place,Vancouver,49.244286,-123.133575,-25200,America/Vancouver,GMT-7,18.0,19.453333333333333,70.8,19.433333333333337
6,27,23,BC Place,Vancouver,49.244286,-123.133575,-25200,America/Vancouver,GMT-7,18.0,18.793333333333333,73.06666666666666,18.74666666666667
6,28,0,BC Place,Vancouver,49.244286,-123.133575,-25200,America/Vancouver,GMT-7,18.0,18.026666666666667,77.86666666666666,17.953333333333333
6,28,1,BC Place,Vancouver,49.244286,-123.133575,-25200,America/Vancouver,GMT-7,18.0,17.513333333333335,80.53333333333333,17.459999999999997
6,28,2,BC Place,Vancouver,49.244286,-123.133575,-25200,America/Vancouver,GMT-7,18.0,17.02,82.86666666666666,16.986666666666665
6,28,3,BC Place,Vancouver,49.244286,-123.133575,-25200,America/Vancouver,GMT-7,18.0,16.993333333333332,81.73333333333333,16.8
6,28,4,BC Place,Vancouver,49.244286,-123.133575,-25200,America/Vancouver,GMT-7,18.0,16.966666666666665,80.33333333333333,16.62666666666667
6,28,5,BC Place,Vancouver,49.244286,-123.133575,-25200,America/Vancouver,GMT-7,18.0,16.713333333333328,80.73333333333333,16.306666666666665
6,28,6,BC Place,Vancouver,49.244286,-123.133575,-25200,America/Vancouver,GMT-7,18.0,16.473333333333333,81.66666666666667,15.973333333333333
6,28,7,BC Place,Vancouver,49.244286,-123.133575,-25200,America/Vancouver,GMT-7,18.0,16.68,80.4,16.173333333333332
6,28,8,BC Place,Vancouver,49.244286,-123.133575,-25200,America/Vancouver,GMT-7,18.0,17.506666666666668,76.33333333333333,17.000000000000004
6,28,9,BC Place,Vancouver,49.244286,-123.133575,-25200,America/Vancouver,GMT-7,18.0,18.540000000000003,71.2,18.1
6,28,10,BC Place,Vancouver,49.244286,-123.133575,-25200,America/Vancouver,GMT-7,18.0,19.55333333333333,66.93333333333334,19.206666666666663
6,28,11,BC Place,Vancouver,49.244286,-123.133575,-25200,America/Vancouver,GMT-7,18.0,20.413333333333334,63.53333333333333,20.38
6,28,12,BC Place,Vancouver,49.244286,-123.133575,-25200,America/Vancouver,GMT-7,18.0,21.05333333333333,61.46666666666667,21.366666666666667
6,28,13,BC Place,Vancouver,49.244286,-123.133575,-25200,America/Vancouver,GMT-7,18.0,21.58,60.0,22.266666666666666
6,28,14,BC Place,Vancouver,49.244286,-123.133575,-25200,America/Vancouver,GMT-7,18.0,21.913333333333338,59.733333333333334,22.71333333333333
6,28,15,BC Place,Vancouver,49.244286,-123.133575,-25200,America/Vancouver,GMT-7,18.0,22.18,59.733333333333334,23.086666666666666
6,28,16,BC Place,Vancouver,49.244286,-123.133575,-25200,America/Vancouver,GMT-7,18.0,22.08,60.266666666666666,22.65333333333333
6,28,17,BC Place,Vancouver,49.244286,-123.133575,-25200,America/Vancouver,GMT-7,18.0,21.839999999999996,60.06666666666667,22.013333333333335
6,28,18,BC Place,Vancouver,49.244286,-123.133575,-25200,America/Vancouver,GMT-7,18.0,21.5,59.86666666666667,21.35333333333333
6,28,19,BC Place,Vancouver,49.244286,-123.133575,-25200,America/Vancouver,GMT-7,18.0,21.34,60.06666666666667,21.166666666666664
6,28,20,BC Place,Vancouver,49.244286,-123.133575,-25200,America/Vancouver,GMT-7,18.0,20.966666666666672,63.6,20.973333333333336
6,28,21,BC Place,Vancouver,49.244286,-123.133575,-25200,America/Vancouver,GMT-7,18.0,20.320000000000004,68.06666666666666,20.313333333333336
6,28,22,BC Place,Vancouver,49.244286,-123.133575,-25200,America/Vancouver,GMT-7,18.0,19.373333333333335,73.06666666666666,19.393333333333334
6,28,23,BC Place,Vancouver,49.244286,-123.133575,-25200,America/Vancouver,GMT-7,18.0,18.713333333333335,74.73333333333333,18.573333333333334
6,10,0,AT&T Stadium,Dallas,32.724075,-97.14285,-18000,America/Chicago,GMT-5,193.0,25.506666666666668,79.86666666666666,28.900000000000002
6,10,1,AT&T Stadium,Dallas,32.724075,-97.14285,-18000,America/Chicago,GMT-5,193.0,25.386666666666667,79.86666666666666,28.673333333333343
6,10,2,AT&T Stadium,Dallas,32.724075,-97.14285,-18000,America/Chicago,GMT-5,193.0,25.1,81.13333333333334,28.280000000000005
6,10,3,AT&T Stadium,Dallas,32.724075,-97.14285,-18000,America/Chicago,GMT-5,193.0,24.839999999999996,81.86666666666666,27.913333333333334
6,10,4,AT&T Stadium,Dallas,32.724075,-97.14285,-18000,America/Chicago,GMT-5,193.0,24.58,82.26666666666667,27.459999999999997
6,10,5,AT&T Stadium,Dallas,32.724075,-97.14285,-18000,America/Chicago,GMT-5,193.0,24.2,83.06666666666666,26.813333333333336
6,10,6,AT&T Stadium,Dallas,32.724075,-97.14285,-18000,America/Chicago,GMT-5,193.0,24.06,84.53333333333333,26.686666666666667
6,10,7,AT&T Stadium,Dallas,32.724075,-97.14285,-18000,America/Chicago,GMT-5,193.0,24.339999999999996,84.66666666666667,27.286666666666672
6,10,8,AT&T Stadium,Dallas,32.724075,-97.14285,-18000,America/Chicago,GMT-5,193.0,25.019999999999996,83.26666666666667,28.40666666666667
6,10,9,AT&T Stadium,Dallas,32.724075,-97.14285,-18000,America/Chicago,GMT-5,193.0,25.939999999999998,79.66666666666667,29.493333333333336
6,10,10,AT&T Stadium,Dallas,32.724075,-97.14285,-18000,America/Chicago,GMT-5,193.0,26.7,76.73333333333333,30.30666666666667
6,10,11,AT&T Stadium,Dallas,32.724075,-97.14285,-18000,America/Chicago,GMT-5,193.0,27.613333333333337,73.53333333333333,31.313333333333333
6,10,12,AT&T Stadium,Dallas,32.724075,-97.14285,-18000,America/Chicago,GMT-5,193.0,28.42666666666667,71.0,32.353333333333325
6,10,13,AT&T Stadium,Dallas,32.724075,-97.14285,-18000,America/Chicago,GMT-5,193.0,29.320000000000004,68.2,33.43333333333333
6,10,14,AT&T Stadium,Dallas,32.724075,-97.14285,-18000,America/Chicago,GMT-5,193.0,30.060000000000006,65.53333333333333,34.266666666666666
6,10,15,AT&T Stadium,Dallas,32.724075,-97.14285,-18000,America/Chicago,GMT-5,193.0,30.680000000000007,62.666666666666664,34.65333333333333
6,10,16,AT&T Stadium,Dallas,32.724075,-97.14285,-18000,America/Chicago,GMT-5,193.0,30.9,61.06666666666667,34.333333333333336
6,10,17,AT&T Stadium,Dallas,32.724075,-97.14285,-18000,America/Chicago,GMT-5,193.0,30.82,60.2,33.64666666666666
6,10,18,AT&T Stadium,Dallas,32.724075,-97.14285,-18000,America/Chicago,GMT-5,193.0,29.88,64.13333333333334,32.65333333333333
6,10,19,AT&T Stadium,Dallas,32.724075,-97.14285,-18000,America/Chicago,GMT-5,193.0,28.693333333333335,69.46666666666667,31.96
6,10,20,AT&T Stadium,Dallas,32.724075,-97.14285,-18000,America/Chicago,GMT-5,193.0,27.19333333333333,75.93333333333334,30.780000000000005
6,10,21,AT&T Stadium,Dallas,32.724075,-97.14285,-18000,America/Chicago,GMT-5,193.0,26.246666666666666,79.0,29.759999999999998
6,10,22,AT&T Stadium,Dallas,32.724075,-97.14285,-18000,America/Chicago,GMT-5,193.0,25.660000000000004,80.46666666666667,28.959999999999994
6,10,23,AT&T Stadium,Dallas,32.724075,-97.14285,-18000,America/Chicago,GMT-5,193.0,25.573333333333334,80.06666666666666,28.906666666666663
6,11,0,AT&T Stadium,Dallas,32.724075,-97.14285,-18000,America/Chicago,GMT-5,193.0,24.959999999999997,82.06666666666666,28.139999999999997
6,11,1,AT&T Stadium,Dallas,32.724075,-97.14285,-18000,America/Chicago,GMT-5,193.0,24.593333333333337,83.13333333333334,27.659999999999993
6,11,2,AT&T Stadium,Dallas,32.724075,-97.14285,-18000,America/Chicago,GMT-5,193.0,24.280000000000005,83.86666666666666,27.02666666666666
6,11,3,AT&T Stadium,Dallas,32.724075,-97.14285,-18000,America/Chicago,GMT-5,193.0,24.026666666666664,85.2,26.719999999999995
6,11,4,AT&T Stadium,Dallas,32.724075,-97.14285,-18000,America/Chicago,GMT-5,193.0,23.88,86.2,26.566666666666666
6,11,5,AT&T Stadium,Dallas,32.724075,-97.14285,-18000,America/Chicago,GMT-5,193.0,23.740000000000002,87.26666666666667,26.553333333333335
6,11,6,AT&T Stadium,Dallas,32.724075,-97.14285,-18000,America/Chicago,GMT-5,193.0,23.666666666666664,87.8,26.506666666666668
6,11,7,AT&T Stadium,Dallas,32.724075,-97.14285,-18000,America/Chicago,GMT-5,193.0,23.986666666666665,86.93333333333334,26.813333333333333
6,11,8,AT&T Stadium,Dallas,32.724075,-97.14285,-18000,America/Chicago,GMT-5,193.0,24.74,84.4,27.553333333333335
6,11,9,AT&T Stadium,Dallas,32.724075,-97.14285,-18000,America/Chicago,GMT-5,193.0,25.93333333333333,80.26666666666667,28.779999999999994
6,11,10,AT&T Stadium,Dallas,32.724075,-97.14285,-18000,America/Chicago,GMT-5,193.0,27.12,76.26666666666667,30.24
6,11,11,AT&T Stadium,Dallas,32.724075,-97.14285,-18000,America/Chicago,GMT-5,193.0,28.346666666666668,71.86666666666666,31.82
6,11,12,AT&T Stadium,Dallas,32.724075,-97.14285,-18000,America/Chicago,GMT-5,193.0,29.259999999999998,68.26666666666667,33.006666666666675
6,11,13,AT&T Stadium,Dallas,32.724075,-97.14285,-18000,America/Chicago,GMT-5,193.0,29.95333333333333,65.0,33.8
6,11,14,AT&T Stadium,Dallas,32.724075,-97.14285,-18000,America/Chicago,GMT-5,193.0,30.519999999999996,62.06666666666667,34.11333333333333
6,11,15,AT&T Stadium,Dallas,32.724075,-97.14285,-18000,America/Chicago,GMT-5,193.0,30.939999999999998,59.86666666666667,34.20666666666667
6,11,16,AT&T Stadium,Dallas,32.724075,-97.14285,-18000,America/Chicago,GMT-5,193.0,31.239999999999995,58.4,33.986666666666665
6,11,17,AT&T Stadium,Dallas,32.724075,-97.14285,-18000,America/Chicago,GMT-5,193.0,30.566666666666663,60.8,32.92
6,11,18,AT&T Stadium,Dallas,32.724075,-97.14285,-18000,America/Chicago,GMT-5,193.0,29.513333333333332,66.93333333333334,32.093333333333334
6,11,19,AT&T Stadium,Dallas,32.724075,-97.14285,-18000,America/Chicago,GMT-5,193.0,28.160000000000004,72.4,30.913333333333334
6,11,20,AT&T Stadium,Dallas,32.724075,-97.14285,-18000,America/Chicago,GMT-5,193.0,27.18,76.0,30.073333333333338
6,11,21,AT&T Stadium,Dallas,32.724075,-97.14285,-18000,America/Chicago,GMT-5,193.0,26.393333333333334,76.73333333333333,29.040000000000006
6,11,22,AT&T Stadium,Dallas,32.724075,-97.14285,-18000,America/Chicago,GMT-5,193.0,25.759999999999998,78.8,28.513333333333335
6,11,23,AT&T Stadium,Dallas,32.724075,-97.14285,-18000,America/Chicago,GMT-5,193.0,25.32,80.86666666666666,28.433333333333334
6,12,0,AT&T Stadium,Dallas,32.724075,-97.14285,-18000,America/Chicago,GMT-5,193.0,25.240000000000002,79.6,27.966666666666672
6,12,1,AT&T Stadium,Dallas,32.724075,-97.14285,-18000,America/Chicago,GMT-5,193.0,24.680000000000003,82.0,27.406666666666673
6,12,2,AT&T Stadium,Dallas,32.724075,-97.14285,-18000,America/Chicago,GMT-5,193.0,24.44,82.4,26.966666666666672
6,12,3,AT&T Stadium,Dallas,32.724075,-97.14285,-18000,America/Chicago,GMT-5,193.0,24.239999999999995,82.4,26.51333333333333
6,12,4,AT&T Stadium,Dallas,32.724075,-97.14285,-18000,America/Chicago,GMT-5,193.0,24.013333333333332,83.13333333333334,26.226666666666663
6,12,5,AT&T Stadium,Dallas,32.724075,-97.14285,-18000,America/Chicago,GMT-5,193.0,23.639999999999997,84.0,25.886666666666663
6,12,6,AT&T Stadium,Dallas,32.724075,-97.14285,-18000,America/Chicago,GMT-5,193.0,23.34,85.86666666666666,25.773333333333333
6,12,7,AT&T Stadium,Dallas,32.724075,-97.14285,-18000,America/Chicago,GMT-5,193.0,23.466666666666665,86.46666666666667,26.073333333333334
6,12,8,AT&T Stadium,Dallas,32.724075,-97.14285,-18000,America/Chicago,GMT-5,193.0,24.02666666666666,85.86666666666666,26.873333333333335
6,12,9,AT&T Stadium,Dallas,32.724075,-97.14285,-18000,America/Chicago,GMT-5,193.0,25.1,82.46666666666667,28.073333333333338
6,12,10,AT&T Stadium,Dallas,32.724075,-97.14285,-18000,America/Chicago,GMT-5,193.0,26.173333333333336,78.46666666666667,29.313333333333336
6,12,11,AT&T Stadium,Dallas,32.724075,-97.14285,-18000,America/Chicago,GMT-5,193.0,27.333333333333332,73.73333333333333,30.813333333333333
6,12,12,AT&T Stadium,Dallas,32.724075,-97.14285,-18000,America/Chicago,GMT-5,193.0,28.619999999999997,68.26666666666667,32.71333333333334
6,12,13,AT&T Stadium,Dallas,32.724075,-97.14285,-18000,America/Chicago,GMT-5,193.0,29.946666666666665,62.4,34.28666666666667
6,12,14,AT&T Stadium,Dallas,32.724075,-97.14285,-18000,America/Chicago,GMT-5,193.0,31.173333333333332,57.13333333333333,35.62666666666667
6,12,15,AT&T Stadium,Dallas,32.724075,-97.14285,-18000,America/Chicago,GMT-5,193.0,31.873333333333328,54.06666666666667,35.94666666666667
6,12,16,AT&T Stadium,Dallas,32.724075,-97.14285,-18000,America/Chicago,GMT-5,193.0,32.19999999999999,52.46666666666667,35.85333333333333
6,12,17,AT&T Stadium,Dallas,32.724075,-97.14285,-18000,America/Chicago,GMT-5,193.0,32.21333333333333,52.266666666666666,35.22
6,12,18,AT&T Stadium,Dallas,32.724075,-97.14285,-18000,America/Chicago,GMT-5,193.0,31.63333333333333,54.266666666666666,34.266666666666666
6,12,19,AT&T Stadium,Dallas,32.724075,-97.14285,-18000,America/Chicago,GMT-5,193.0,30.42,59.733333333333334,33.12666666666667
6,12,20,AT&T Stadium,Dallas,32.724075,-97.14285,-18000,America/Chicago,GMT-5,193.0,28.880000000000003,65.66666666666667,31.66
6,12,21,AT&T Stadium,Dallas,32.724075,-97.14285,-18000,America/Chicago,GMT-5,193.0,27.580000000000002,70.6,30.34666666666666
6,12,22,AT&T Stadium,Dallas,32.724075,-97.14285,-18000,America/Chicago,GMT-5,193.0,26.726666666666667,72.86666666666666,29.31333333333333
6,12,23,AT&T Stadium,Dallas,32.724075,-97.14285,-18000,America/Chicago,GMT-5,193.0,25.92,76.46666666666667,28.55333333333333
6,13,0,AT&T Stadium,Dallas,32.724075,-97.14285,-18000,America/Chicago,GMT-5,193.0,25.699999999999996,77.26666666666667,28.40666666666667
6,13,1,AT&T Stadium,Dallas,32.724075,-97.14285,-18000,America/Chicago,GMT-5,193.0,24.993333333333336,78.6,27.500000000000004
6,13,2,AT&T Stadium,Dallas,32.724075,-97.14285,-18000,America/Chicago,GMT-5,193.0,24.473333333333336,80.26666666666667,26.880000000000003
6,13,3,AT&T Stadium,Dallas,32.724075,-97.14285,-18000,America/Chicago,GMT-5,193.0,24.02,82.33333333333333,26.420000000000005
6,13,4,AT&T Stadium,Dallas,32.724075,-97.14285,-18000,America/Chicago,GMT-5,193.0,23.573333333333334,85.0,26.14
6,13,5,AT&T Stadium,Dallas,32.724075,-97.14285,-18000,America/Chicago,GMT-5,193.0,23.226666666666667,86.93333333333334,25.893333333333334
6,13,6,AT&T Stadium,Dallas,32.724075,-97.14285,-18000,America/Chicago,GMT-5,193.0,23.093333333333337,88.6,25.986666666666668
6,13,7,AT&T Stadium,Dallas,32.724075,-97.14285,-18000,America/Chicago,GMT-5,193.0,23.4,88.46666666666667,26.413333333333334
6,13,8,AT&T Stadium,Dallas,32.724075,-97.14285,-18000,America/Chicago,GMT-5,193.0,24.240000000000002,86.06666666666666,27.413333333333334
6,13,9,AT&T Stadium,Dallas,32.724075,-97.14285,-18000,America/Chicago,GMT-5,193.0,25.426666666666666,81.4,28.659999999999993
6,13,10,AT&T Stadium,Dallas,32.724075,-97.14285,-18000,America/Chicago,GMT-5,193.0,26.820000000000004,76.06666666666666,30.319999999999993
6,13,11,AT&T Stadium,Dallas,32.724075,-97.14285,-18000,America/Chicago,GMT-5,193.0,28.320000000000004,70.73333333333333,32.36666666666666
6,13,12,AT&T Stadium,Dallas,32.724075,-97.14285,-18000,America/Chicago,GMT-5,193.0,29.77333333333333,65.26666666666667,34.23333333333333
6,13,13,AT&T Stadium,Dallas,32.724075,-97.14285,-18000,America/Chicago,GMT-5,193.0,30.946666666666662,60.4,35.65333333333333
6,13,14,AT&T Stadium,Dallas,32.724075,-97.14285,-18000,America/Chicago,GMT-5,193.0,31.720000000000002,57.13333333333333,36.406666666666666
6,13,15,AT&T Stadium,Dallas,32.724075,-97.14285,-18000,America/Chicago,GMT-5,193.0,32.239999999999995,55.2,36.75999999999999
6,13,16,AT&T Stadium,Dallas,32.724075,-97.14285,-18000,America/Chicago,GMT-5,193.0,32.54,54.266666666666666,36.593333333333334
6,13,17,AT&T Stadium,Dallas,32.724075,-97.14285,-18000,America/Chicago,GMT-5,193.0,32.62666666666667,53.46666666666667,35.906666666666666
6,13,18,AT&T Stadium,Dallas,32.724075,-97.14285,-18000,America/Chicago,GMT-5,193.0,32.11333333333334,54.86666666666667,35.02
6,13,19,AT&T Stadium,Dallas,32.724075,-97.14285,-18000,America/Chicago,GMT-5,193.0,30.960000000000004,60.333333333333336,34.080000000000005
6,13,20,AT&T Stadium,Dallas,32.724075,-97.14285,-18000,America/Chicago,GMT-5,193.0,29.5,66.66666666666667,32.906666666666666
6,13,21,AT&T Stadium,Dallas,32.724075,-97.14285,-18000,America/Chicago,GMT-5,193.0,28.240000000000002,71.93333333333334,31.7
6,13,22,AT&T Stadium,Dallas,32.724075,-97.14285,-18000,America/Chicago,GMT-5,193.0,27.37333333333333,73.73333333333333,30.486666666666665
6,13,23,AT&T Stadium,Dallas,32.724075,-97.14285,-18000,America/Chicago,GMT-5,193.0,26.500000000000004,75.6,29.413333333333334
6,14,0,AT&T Stadium,Dallas,32.724075,-97.14285,-18000,America/Chicago,GMT-5,193.0,26.066666666666666,77.46666666666667,28.766666666666666
6,14,1,AT&T Stadium,Dallas,32.724075,-97.14285,-18000,America/Chicago,GMT-5,193.0,25.76,79.33333333333333,28.666666666666668
6,14,2,AT&T Stadium,Dallas,32.724075,-97.14285,-18000,America/Chicago,GMT-5,193.0,25.26,81.33333333333333,28.146666666666665
6,14,3,AT&T Stadium,Dallas,32.724075,-97.14285,-18000,America/Chicago,GMT-5,193.0,24.71333333333333,83.33333333333333,27.419999999999998
6,14,4,AT&T Stadium,Dallas,32.724075,-97.14285,-18000,America/Chicago,GMT-5,193.0,24.24,85.0,26.80666666666667
6,14,5,AT&T Stadium,Dallas,32.724075,-97.14285,-18000,America/Chicago,GMT-5,193.0,23.84666666666666,86.2,26.360000000000003
6,14,6,AT&T Stadium,Dallas,32.724075,-97.14285,-18000,America/Chicago,GMT-5,193.0,23.866666666666667,87.33333333333333,26.820000000000004
6,14,7,AT&T Stadium,Dallas,32.724075,-97.14285,-18000,America/Chicago,GMT-5,193.0,24.439999999999998,86.33333333333333,27.666666666666668
6,14,8,AT&T Stadium,Dallas,32.724075,-97.14285,-18000,America/Chicago,GMT-5,193.0,25.60666666666667,82.93333333333334,29.12
6,14,9,AT&T Stadium,Dallas,32.724075,-97.14285,-18000,America/Chicago,GMT-5,193.0,26.860000000000003,78.13333333333334,30.43333333333333
6,14,10,AT&T Stadium,Dallas,32.724075,-97.14285,-18000,America/Chicago,GMT-5,193.0,28.04,73.53333333333333,31.84666666666667
6,14,11,AT&T Stadium,Dallas,32.724075,-97.14285,-18000,America/Chicago,GMT-5,193.0,29.046666666666667,69.33333333333333,33.04666666666667
6,14,12,AT&T Stadium,Dallas,32.724075,-97.14285,-18000,America/Chicago,GMT-5,193.0,29.939999999999998,65.06666666666666,34.02666666666667
6,14,13,AT&T Stadium,Dallas,32.724075,-97.14285,-18000,America/Chicago,GMT-5,193.0,30.633333333333333,61.86666666666667,34.733333333333334
6,14,14,AT&T Stadium,Dallas,32.724075,-97.14285,-18000,America/Chicago,GMT-5,193.0,31.10666666666667,60.0,35.20666666666667
6,14,15,AT&T Stadium,Dallas,32.724075,-97.14285,-18000,America/Chicago,GMT-5,193.0,31.246666666666666,59.733333333333334,35.026666666666664
6,14,16,AT&T Stadium,Dallas,32.724075,-97.14285,-18000,America/Chicago,GMT-5,193.0,31.34666666666667,59.2,34.8
6,14,17,AT&T Stadium,Dallas,32.724075,-97.14285,-18000,America/Chicago,GMT-5,193.0,31.453333333333337,58.8,34.50000000000001
6,14,18,AT&T Stadium,Dallas,32.724075,-97.14285,-18000,America/Chicago,GMT-5,193.0,31.28666666666667,59.06666666666667,34.28
6,14,19,AT&T Stadium,Dallas,32.724075,-97.14285,-18000,America/Chicago,GMT-5,193.0,30.293333333333337,62.06666666666667,33.080000000000005
6,14,20,AT&T Stadium,Dallas,32.724075,-97.14285,-18000,America/Chicago,GMT-5,193.0,28.860000000000003,66.4,31.62666666666667
6,14,21,AT&T Stadium,Dallas,32.724075,-97.14285,-18000,America/Chicago,GMT-5,193.0,27.806666666666672,69.33333333333333,30.47333333333334
6,14,22,AT&T Stadium,Dallas,32.724075,-97.14285,-18000,America/Chicago,GMT-5,193.0,27.03333333333334,72.13333333333334,29.64666666666667
6,14,23,AT&T Stadium,Dallas,32.724075,-97.14285,-18000,America/Chicago,GMT-5,193.0,26.60666666666667,74.46666666666667,29.240000000000002
6,15,0,AT&T Stadium,Dallas,32.724075,-97.14285,-18000,America/Chicago,GMT-5,193.0,25.933333333333334,76.26666666666667,28.44
6,15,1,AT&T Stadium,Dallas,32.724075,-97.14285,-18000,America/Chicago,GMT-5,193.0,25.293333333333333,78.8,27.753333333333334
6,15,2,AT&T Stadium,Dallas,32.724075,-97.14285,-18000,America/Chicago,GMT-5,193.0,24.86,79.8,27.18666666666667
6,15,3,AT&T Stadium,Dallas,32.724075,-97.14285,-18000,America/Chicago,GMT-5,193.0,24.319999999999997,81.2,26.553333333333335
6,15,4,AT&T Stadium,Dallas,32.724075,-97.14285,-18000,America/Chicago,GMT-5,193.0,23.959999999999997,82.46666666666667,26.253333333333334
6,15,5,AT&T Stadium,Dallas,32.724075,-97.14285,-18000,America/Chicago,GMT-5,193.0,23.513333333333332,84.46666666666667,25.933333333333334
6,15,6,AT&T Stadium,Dallas,32.724075,-97.14285,-18000,America/Chicago,GMT-5,193.0,23.740000000000002,85.0,26.48
6,15,7,AT&T Stadium,Dallas,32.724075,-97.14285,-18000,America/Chicago,GMT-5,193.0,24.426666666666666,84.13333333333334,27.453333333333326
6,15,8,AT&T Stadium,Dallas,32.724075,-97.14285,-18000,America/Chicago,GMT-5,193.0,25.866666666666664,80.53333333333333,29.226666666666667
6,15,9,AT&T Stadium,Dallas,32.724075,-97.14285,-18000,America/Chicago,GMT-5,193.0,27.0,77.0,30.526666666666664
6,15,10,AT&T Stadium,Dallas,32.724075,-97.14285,-18000,America/Chicago,GMT-5,193.0,28.066666666666666,72.46666666666667,31.74
6,15,11,AT&T Stadium,Dallas,32.724075,-97.14285,-18000,America/Chicago,GMT-5,193.0,29.053333333333338,67.73333333333333,32.86
6,15,12,AT&T Stadium,Dallas,32.724075,-97.14285,-18000,America/Chicago,GMT-5,193.0,30.160000000000004,62.8,34.133333333333326
6,15,13,AT&T Stadium,Dallas,32.724075,-97.14285,-18000,America/Chicago,GMT-5,193.0,31.120000000000005,59.333333333333336,35.29333333333333
6,15,14,AT&T Stadium,Dallas,32.724075,-97.14285,-18000,America/Chicago,GMT-5,193.0,31.846666666666668,56.86666666666667,36.02666666666667
6,15,15,AT&T Stadium,Dallas,32.724075,-97.14285,-18000,America/Chicago,GMT-5,193.0,32.38666666666667,54.93333333333333,36.366666666666674
6,15,16,AT&T Stadium,Dallas,32.724075,-97.14285,-18000,America/Chicago,GMT-5,193.0,32.74666666666667,53.266666666666666,36.11333333333334
6,15,17,AT&T Stadium,Dallas,32.724075,-97.14285,-18000,America/Chicago,GMT-5,193.0,32.29333333333334,53.93333333333333,34.86666666666667
6,15,18,AT&T Stadium,Dallas,32.724075,-97.14285,-18000,America/Chicago,GMT-5,193.0,31.626666666666665,56.86666666666667,34.14666666666667
6,15,19,AT&T Stadium,Dallas,32.724075,-97.14285,-18000,America/Chicago,GMT-5,193.0,29.919999999999998,63.4,32.60666666666667
6,15,20,AT&T Stadium,Dallas,32.724075,-97.14285,-18000,America/Chicago,GMT-5,193.0,28.639999999999997,68.2,31.613333333333337
6,15,21,AT&T Stadium,Dallas,32.724075,-97.14285,-18000,America/Chicago,GMT-5,193.0,27.313333333333333,71.8,30.02
6,15,22,AT&T Stadium,Dallas,32.724075,-97.14285,-18000,America/Chicago,GMT-5,193.0,26.946666666666665,72.0,29.453333333333333
6,15,23,AT&T Stadium,Dallas,32.724075,-97.14285,-18000,America/Chicago,GMT-5,193.0,26.40666666666667,74.33333333333333,28.95333333333333
6,16,0,AT&T Stadium,Dallas,32.724075,-97.14285,-18000,America/Chicago,GMT-5,193.0,27.113333333333337,69.13333333333334,29.38666666666666
6,16,1,AT&T Stadium,Dallas,32.724075,-97.14285,-18000,America/Chicago,GMT-5,193.0,26.513333333333335,72.0,28.799999999999994
6,16,2,AT&T Stadium,Dallas,32.724075,-97.14285,-18000,America/Chicago,GMT-5,193.0,26.09333333333333,74.73333333333333,28.459999999999997
6,16,3,AT&T Stadium,Dallas,32.724075,-97.14285,-18000,America/Chicago,GMT-5,193.0,25.66666666666667,77.53333333333333,28.240000000000006
6,16,4,AT&T Stadium,Dallas,32.724075,-97.14285,-18000,America/Chicago,GMT-5,193.0,25.200000000000003,80.4,27.966666666666672
6,16,5,AT&T Stadium,Dallas,32.724075,-97.14285,-18000,America/Chicago,GMT-5,193.0,24.840000000000007,82.53333333333333,27.820000000000004
6,16,6,AT&T Stadium,Dallas,32.724075,-97.14285,-18000,America/Chicago,GMT-5,193.0,24.36666666666667,83.93333333333334,27.12666666666667
6,16,7,AT&T Stadium,Dallas,32.724075,-97.14285,-18000,America/Chicago,GMT-5,193.0,24.35333333333334,83.53333333333333,27.053333333333335
6,16,8,AT&T Stadium,Dallas,32.724075,-97.14285,-18000,America/Chicago,GMT-5,193.0,25.06666666666667,81.0,27.819999999999997
6,16,9,AT&T Stadium,Dallas,32.724075,-97.14285,-18000,America/Chicago,GMT-5,193.0,26.673333333333336,76.0,29.80666666666667
6,16,10,AT&T Stadium,Dallas,32.724075,-97.14285,-18000,America/Chicago,GMT-5,193.0,28.513333333333332,69.13333333333334,32.02
6,16,11,AT&T Stadium,Dallas,32.724075,-97.14285,-18000,America/Chicago,GMT-5,193.0,30.113333333333337,62.13333333333333,33.940000000000005
6,16,12,AT&T Stadium,Dallas,32.724075,-97.14285,-18000,America/Chicago,GMT-5,193.0,31.453333333333333,56.06666666666667,35.72666666666667
6,16,13,AT&T Stadium,Dallas,32.724075,-97.14285,-18000,America/Chicago,GMT-5,193.0,32.62666666666667,51.0,37.11333333333334
6,16,14,AT&T Stadium,Dallas,32.724075,-97.14285,-18000,America/Chicago,GMT-5,193.0,33.580000000000005,47.13333333333333,38.23333333333334
6,16,15,AT&T Stadium,Dallas,32.724075,-97.14285,-18000,America/Chicago,GMT-5,193.0,34.226666666666674,44.0,38.66000000000001
6,16,16,AT&T Stadium,Dallas,32.724075,-97.14285,-18000,America/Chicago,GMT-5,193.0,34.56666666666667,42.333333333333336,38.54
6,16,17,AT&T Stadium,Dallas,32.724075,-97.14285,-18000,America/Chicago,GMT-5,193.0,34.45333333333334,42.46666666666667,37.480000000000004
6,16,18,AT&T Stadium,Dallas,32.724075,-97.14285,-18000,America/Chicago,GMT-5,193.0,33.906666666666666,44.733333333333334,36.32000000000001
6,16,19,AT&T Stadium,Dallas,32.724075,-97.14285,-18000,America/Chicago,GMT-5,193.0,32.47333333333333,51.4,34.86666666666667
6,16,20,AT&T Stadium,Dallas,32.724075,-97.14285,-18000,America/Chicago,GMT-5,193.0,30.879999999999995,57.8,33.59333333333333
6,16,21,AT&T Stadium,Dallas,32.724075,-97.14285,-18000,America/Chicago,GMT-5,193.0,29.40666666666667,63.06666666666667,32.24
6,16,22,AT&T Stadium,Dallas,32.724075,-97.14285,-18000,America/Chicago,GMT-5,193.0,28.566666666666666,64.66666666666667,31.146666666666665
6,16,23,AT&T Stadium,Dallas,32.724075,-97.14285,-18000,America/Chicago,GMT-5,193.0,27.78666666666667,66.66666666666667,30.16
6,17,0,AT&T Stadium,Dallas,32.724075,-97.14285,-18000,America/Chicago,GMT-5,193.0,27.306666666666665,68.33333333333333,29.393333333333334
6,17,1,AT&T Stadium,Dallas,32.724075,-97.14285,-18000,America/Chicago,GMT-5,193.0,26.759999999999998,67.4,28.826666666666668
6,17,2,AT&T Stadium,Dallas,32.724075,-97.14285,-18000,America/Chicago,GMT-5,193.0,26.193333333333335,68.66666666666667,28.14666666666667
6,17,3,AT&T Stadium,Dallas,32.724075,-97.14285,-18000,America/Chicago,GMT-5,193.0,25.633333333333336,71.13333333333334,27.713333333333335
6,17,4,AT&T Stadium,Dallas,32.724075,-97.14285,-18000,America/Chicago,GMT-5,193.0,25.100000000000005,74.4,27.40666666666667
6,17,5,AT&T Stadium,Dallas,32.724075,-97.14285,-18000,America/Chicago,GMT-5,193.0,24.666666666666664,77.2,27.086666666666666
6,17,6,AT&T Stadium,Dallas,32.724075,-97.14285,-18000,America/Chicago,GMT-5,193.0,24.473333333333333,79.73333333333333,27.119999999999997
6,17,7,AT&T Stadium,Dallas,32.724075,-97.14285,-18000,America/Chicago,GMT-5,193.0,24.973333333333326,79.46666666666667,27.833333333333332
6,17,8,AT&T Stadium,Dallas,32.724075,-97.14285,-18000,America/Chicago,GMT-5,193.0,26.139999999999997,76.46666666666667,29.26666666666667
6,17,9,AT&T Stadium,Dallas,32.724075,-97.14285,-18000,America/Chicago,GMT-5,193.0,27.786666666666665,70.73333333333333,31.000000000000004
6,17,10,AT&T Stadium,Dallas,32.724075,-97.14285,-18000,America/Chicago,GMT-5,193.0,29.439999999999998,64.6,32.833333333333336
6,17,11,AT&T Stadium,Dallas,32.724075,-97.14285,-18000,America/Chicago,GMT-5,193.0,30.886666666666663,59.2,34.59333333333334
6,17,12,AT&T Stadium,Dallas,32.724075,-97.14285,-18000,America/Chicago,GMT-5,193.0,31.973333333333326,54.733333333333334,35.93333333333333
6,17,13,AT&T Stadium,Dallas,32.724075,-97.14285,-18000,America/Chicago,GMT-5,193.0,32.62666666666666,51.8,36.61333333333334
6,17,14,AT&T Stadium,Dallas,32.724075,-97.14285,-18000,America/Chicago,GMT-5,193.0,33.013333333333335,50.06666666666667,36.72
6,17,15,AT&T Stadium,Dallas,32.724075,-97.14285,-18000,America/Chicago,GMT-5,193.0,33.22,49.333333333333336,36.43999999999999
6,17,16,AT&T Stadium,Dallas,32.724075,-97.14285,-18000,America/Chicago,GMT-5,193.0,33.1,50.46666666666667,35.70666666666667
6,17,17,AT&T Stadium,Dallas,32.724075,-97.14285,-18000,America/Chicago,GMT-5,193.0,32.67333333333333,52.733333333333334,34.96
6,17,18,AT&T Stadium,Dallas,32.724075,-97.14285,-18000,America/Chicago,GMT-5,193.0,32.28666666666666,53.53333333333333,34.13999999999999
6,17,19,AT&T Stadium,Dallas,32.724075,-97.14285,-18000,America/Chicago,GMT-5,193.0,31.733333333333334,54.13333333333333,33.45333333333333
6,17,20,AT&T Stadium,Dallas,32.724075,-97.14285,-18000,America/Chicago,GMT-5,193.0,31.04000000000001,55.666666666666664,32.64
6,17,21,AT&T Stadium,Dallas,32.724075,-97.14285,-18000,America/Chicago,GMT-5,193.0,29.893333333333338,61.0,31.800000000000004
6,17,22,AT&T Stadium,Dallas,32.724075,-97.14285,-18000,America/Chicago,GMT-5,193.0,28.84,66.26666666666667,30.866666666666674
6,17,23,AT&T Stadium,Dallas,32.724075,-97.14285,-18000,America/Chicago,GMT-5,193.0,27.959999999999997,68.53333333333333,30.126666666666672
6,18,0,AT&T Stadium,Dallas,32.724075,-97.14285,-18000,America/Chicago,GMT-5,193.0,27.20666666666666,73.0,29.393333333333334
6,18,1,AT&T Stadium,Dallas,32.724075,-97.14285,-18000,America/Chicago,GMT-5,193.0,26.926666666666662,74.33333333333333,28.753333333333334
6,18,2,AT&T Stadium,Dallas,32.724075,-97.14285,-18000,America/Chicago,GMT-5,193.0,26.54,75.6,28.426666666666666
6,18,3,AT&T Stadium,Dallas,32.724075,-97.14285,-18000,America/Chicago,GMT-5,193.0,26.139999999999997,77.06666666666666,28.39333333333333
6,18,4,AT&T Stadium,Dallas,32.724075,-97.14285,-18000,America/Chicago,GMT-5,193.0,25.659999999999993,79.06666666666666,28.33333333333333
6,18,5,AT&T Stadium,Dallas,32.724075,-97.14285,-18000,America/Chicago,GMT-5,193.0,24.973333333333336,81.26666666666667,27.619999999999997
6,18,6,AT&T Stadium,Dallas,32.724075,-97.14285,-18000,America/Chicago,GMT-5,193.0,24.426666666666666,83.13333333333334,26.879999999999995
6,18,7,AT&T Stadium,Dallas,32.724075,-97.14285,-18000,America/Chicago,GMT-5,193.0,24.406666666666663,83.0,26.68
6,18,8,AT&T Stadium,Dallas,32.724075,-97.14285,-18000,America/Chicago,GMT-5,193.0,24.98,81.13333333333334,27.446666666666665
6,18,9,AT&T Stadium,Dallas,32.724075,-97.14285,-18000,America/Chicago,GMT-5,193.0,25.95333333333333,77.26666666666667,28.52
6,18,10,AT&T Stadium,Dallas,32.724075,-97.14285,-18000,America/Chicago,GMT-5,193.0,27.06,72.93333333333334,30.013333333333335
6,18,11,AT&T Stadium,Dallas,32.724075,-97.14285,-18000,America/Chicago,GMT-5,193.0,28.39333333333333,67.93333333333334,31.79333333333334
6,18,12,AT&T Stadium,Dallas,32.724075,-97.14285,-18000,America/Chicago,GMT-5,193.0,29.72666666666667,62.733333333333334,33.60666666666667
6,18,13,AT&T Stadium,Dallas,32.724075,-97.14285,-18000,America/Chicago,GMT-5,193.0,30.92,57.733333333333334,34.986666666666665
6,18,14,AT&T Stadium,Dallas,32.724075,-97.14285,-18000,America/Chicago,GMT-5,193.0,31.95333333333333,53.333333333333336,36.1
6,18,15,AT&T Stadium,Dallas,32.724075,-97.14285,-18000,America/Chicago,GMT-5,193.0,32.693333333333335,50.06666666666667,36.62
6,18,16,AT&T Stadium,Dallas,32.724075,-97.14285,-18000,America/Chicago,GMT-5,193.0,33.16,47.86666666666667,36.45333333333333
6,18,17,AT&T Stadium,Dallas,32.724075,-97.14285,-18000,America/Chicago,GMT-5,193.0,33.233333333333334,46.93333333333333,35.699999999999996
6,18,18,AT&T Stadium,Dallas,32.724075,-97.14285,-18000,America/Chicago,GMT-5,193.0,32.913333333333334,47.0,34.813333333333325
6,18,19,AT&T Stadium,Dallas,32.724075,-97.14285,-18000,America/Chicago,GMT-5,193.0,32.06666666666667,50.53333333333333,34.16
6,18,20,AT&T Stadium,Dallas,32.724075,-97.14285,-18000,America/Chicago,GMT-5,193.0,30.706666666666667,56.266666666666666,33.18
6,18,21,AT&T Stadium,Dallas,32.724075,-97.14285,-18000,America/Chicago,GMT-5,193.0,29.42666666666667,62.666666666666664,32.28
6,18,22,AT&T Stadium,Dallas,32.724075,-97.14285,-18000,America/Chicago,GMT-5,193.0,28.28666666666667,67.46666666666667,31.12666666666667
6,18,23,AT&T Stadium,Dallas,32.724075,-97.14285,-18000,America/Chicago,GMT-5,193.0,27.706666666666663,70.46666666666667,30.240000000000002
6,19,0,AT&T Stadium,Dallas,32.724075,-97.14285,-18000,America/Chicago,GMT-5,193.0,26.506666666666664,74.73333333333333,29.493333333333332
6,19,1,AT&T Stadium,Dallas,32.724075,-97.14285,-18000,America/Chicago,GMT-5,193.0,25.4,78.0,28.459999999999997
6,19,2,AT&T Stadium,Dallas,32.724075,-97.14285,-18000,America/Chicago,GMT-5,193.0,24.87333333333333,80.4,28.02
6,19,3,AT&T Stadium,Dallas,32.724075,-97.14285,-18000,America/Chicago,GMT-5,193.0,24.61333333333333,81.86666666666666,27.759999999999998
6,19,4,AT&T Stadium,Dallas,32.724075,-97.14285,-18000,America/Chicago,GMT-5,193.0,24.34666666666666,83.26666666666667,27.513333333333332
6,19,5,AT&T Stadium,Dallas,32.724075,-97.14285,-18000,America/Chicago,GMT-5,193.0,24.0,84.86666666666666,27.233333333333334
6,19,6,AT&T Stadium,Dallas,32.724075,-97.14285,-18000,America/Chicago,GMT-5,193.0,24.013333333333332,84.53333333333333,27.13333333333333
6,19,7,AT&T Stadium,Dallas,32.724075,-97.14285,-18000,America/Chicago,GMT-5,193.0,24.466666666666665,83.06666666666666,27.686666666666664
6,19,8,AT&T Stadium,Dallas,32.724075,-97.14285,-18000,America/Chicago,GMT-5,193.0,25.35333333333333,80.2,28.706666666666667
6,19,9,AT&T Stadium,Dallas,32.724075,-97.14285,-18000,America/Chicago,GMT-5,193.0,26.58,76.33333333333333,30.153333333333332
6,19,10,AT&T Stadium,Dallas,32.724075,-97.14285,-18000,America/Chicago,GMT-5,193.0,27.96666666666666,70.6,31.453333333333337
6,19,11,AT&T Stadium,Dallas,32.724075,-97.14285,-18000,America/Chicago,GMT-5,193.0,29.52,63.733333333333334,33.413333333333334
6,19,12,AT&T Stadium,Dallas,32.724075,-97.14285,-18000,America/Chicago,GMT-5,193.0,30.833333333333336,58.2,35.10000000000001
6,19,13,AT&T Stadium,Dallas,32.724075,-97.14285,-18000,America/Chicago,GMT-5,193.0,31.826666666666668,54.53333333333333,36.50666666666667
6,19,14,AT&T Stadium,Dallas,32.724075,-97.14285,-18000,America/Chicago,GMT-5,193.0,32.57333333333334,52.0,37.126666666666665
6,19,15,AT&T Stadium,Dallas,32.724075,-97.14285,-18000,America/Chicago,GMT-5,193.0,33.053333333333335,50.13333333333333,37.24000000000001
6,19,16,AT&T Stadium,Dallas,32.724075,-97.14285,-18000,America/Chicago,GMT-5,193.0,33.440000000000005,48.13333333333333,36.986666666666665
6,19,17,AT&T Stadium,Dallas,32.724075,-97.14285,-18000,America/Chicago,GMT-5,193.0,33.419999999999995,47.53333333333333,36.2
6,19,18,AT&T Stadium,Dallas,32.724075,-97.14285,-18000,America/Chicago,GMT-5,193.0,32.653333333333336,49.53333333333333,34.90666666666666
6,19,19,AT&T Stadium,Dallas,32.724075,-97.14285,-18000,America/Chicago,GMT-5,193.0,31.360000000000003,55.2,33.78666666666666
6,19,20,AT&T Stadium,Dallas,32.724075,-97.14285,-18000,America/Chicago,GMT-5,193.0,29.940000000000005,61.46666666666667,32.9
6,19,21,AT&T Stadium,Dallas,32.724075,-97.14285,-18000,America/Chicago,GMT-5,193.0,29.15333333333334,65.6,32.59333333333333
6,19,22,AT&T Stadium,Dallas,32.724075,-97.14285,-18000,America/Chicago,GMT-5,193.0,28.600000000000005,68.13333333333334,31.986666666666665
6,19,23,AT&T Stadium,Dallas,32.724075,-97.14285,-18000,America/Chicago,GMT-5,193.0,27.72666666666667,70.73333333333333,30.779999999999998
6,20,0,AT&T Stadium,Dallas,32.724075,-97.14285,-18000,America/Chicago,GMT-5,193.0,27.63333333333333,72.0,30.313333333333336
6,20,1,AT&T Stadium,Dallas,32.724075,-97.14285,-18000,America/Chicago,GMT-5,193.0,26.599999999999998,74.93333333333334,29.139999999999997
6,20,2,AT&T Stadium,Dallas,32.724075,-97.14285,-18000,America/Chicago,GMT-5,193.0,26.42,75.13333333333334,28.979999999999997
6,20,3,AT&T Stadium,Dallas,32.724075,-97.14285,-18000,America/Chicago,GMT-5,193.0,26.24666666666667,76.0,28.85333333333333
6,20,4,AT&T Stadium,Dallas,32.724075,-97.14285,-18000,America/Chicago,GMT-5,193.0,26.053333333333338,77.13333333333334,28.7
6,20,5,AT&T Stadium,Dallas,32.724075,-97.14285,-18000,America/Chicago,GMT-5,193.0,25.826666666666668,78.46666666666667,28.54
6,20,6,AT&T Stadium,Dallas,32.724075,-97.14285,-18000,America/Chicago,GMT-5,193.0,25.526666666666667,80.2,28.29333333333333
6,20,7,AT&T Stadium,Dallas,32.724075,-97.14285,-18000,America/Chicago,GMT-5,193.0,25.586666666666662,80.93333333333334,28.466666666666658
6,20,8,AT&T Stadium,Dallas,32.724075,-97.14285,-18000,America/Chicago,GMT-5,193.0,26.21999999999999,78.93333333333334,29.179999999999996
6,20,9,AT&T Stadium,Dallas,32.724075,-97.14285,-18000,America/Chicago,GMT-5,193.0,27.666666666666664,73.26666666666667,30.706666666666663
6,20,10,AT&T Stadium,Dallas,32.724075,-97.14285,-18000,America/Chicago,GMT-5,193.0,29.36666666666666,65.73333333333333,32.586666666666666
6,20,11,AT&T Stadium,Dallas,32.724075,-97.14285,-18000,America/Chicago,GMT-5,193.0,31.046666666666667,58.46666666666667,34.46666666666667
6,20,12,AT&T Stadium,Dallas,32.724075,-97.14285,-18000,America/Chicago,GMT-5,193.0,32.38,53.13333333333333,36.00666666666667
6,20,13,AT&T Stadium,Dallas,32.724075,-97.14285,-18000,America/Chicago,GMT-5,193.0,33.440000000000005,49.333333333333336,37.07333333333334
6,20,14,AT&T Stadium,Dallas,32.724075,-97.14285,-18000,America/Chicago,GMT-5,193.0,34.25333333333333,46.6,37.7
6,20,15,AT&T Stadium,Dallas,32.724075,-97.14285,-18000,America/Chicago,GMT-5,193.0,34.86000000000001,44.2,37.933333333333344
6,20,16,AT&T Stadium,Dallas,32.724075,-97.14285,-18000,America/Chicago,GMT-5,193.0,35.28666666666666,42.2,37.8
6,20,17,AT&T Stadium,Dallas,32.724075,-97.14285,-18000,America/Chicago,GMT-5,193.0,35.38,41.06666666666667,37.24000000000001
6,20,18,AT&T Stadium,Dallas,32.724075,-97.14285,-18000,America/Chicago,GMT-5,193.0,34.96666666666667,42.6,36.53333333333333
6,20,19,AT&T Stadium,Dallas,32.724075,-97.14285,-18000,America/Chicago,GMT-5,193.0,33.92,47.2,35.779999999999994
6,20,20,AT&T Stadium,Dallas,32.724075,-97.14285,-18000,America/Chicago,GMT-5,193.0,32.57333333333333,53.46666666666667,35.07333333333333
6,20,21,AT&T Stadium,Dallas,32.724075,-97.14285,-18000,America/Chicago,GMT-5,193.0,31.293333333333333,58.8,34.26
6,20,22,AT&T Stadium,Dallas,32.724075,-97.14285,-18000,America/Chicago,GMT-5,193.0,30.319999999999997,62.733333333333334,33.35333333333334
6,20,23,AT&T Stadium,Dallas,32.724075,-97.14285,-18000,America/Chicago,GMT-5,193.0,28.85333333333333,68.06666666666666,31.720000000000006
6,21,0,AT&T Stadium,Dallas,32.724075,-97.14285,-18000,America/Chicago,GMT-5,193.0,28.220000000000002,68.93333333333334,30.76
6,21,1,AT&T Stadium,Dallas,32.724075,-97.14285,-18000,America/Chicago,GMT-5,193.0,28.48,69.93333333333334,31.08
6,21,2,AT&T Stadium,Dallas,32.724075,-97.14285,-18000,America/Chicago,GMT-5,193.0,27.986666666666668,71.6,30.486666666666668
6,21,3,AT&T Stadium,Dallas,32.724075,-97.14285,-18000,America/Chicago,GMT-5,193.0,27.486666666666665,73.8,30.099999999999998
6,21,4,AT&T Stadium,Dallas,32.724075,-97.14285,-18000,America/Chicago,GMT-5,193.0,27.03333333333334,75.86666666666666,29.81333333333333
6,21,5,AT&T Stadium,Dallas,32.724075,-97.14285,-18000,America/Chicago,GMT-5,193.0,26.639999999999997,78.0,29.61333333333333
6,21,6,AT&T Stadium,Dallas,32.724075,-97.14285,-18000,America/Chicago,GMT-5,193.0,26.50666666666666,78.8,29.720000000000002
6,21,7,AT&T Stadium,Dallas,32.724075,-97.14285,-18000,America/Chicago,GMT-5,193.0,26.759999999999998,78.53333333333333,30.146666666666665
6,21,8,AT&T Stadium,Dallas,32.724075,-97.14285,-18000,America/Chicago,GMT-5,193.0,27.586666666666662,75.86666666666666,31.086666666666662
6,21,9,AT&T Stadium,Dallas,32.724075,-97.14285,-18000,America/Chicago,GMT-5,193.0,28.80666666666667,71.8,32.346666666666664
6,21,10,AT&T Stadium,Dallas,32.724075,-97.14285,-18000,America/Chicago,GMT-5,193.0,30.173333333333336,66.0,33.8
6,21,11,AT&T Stadium,Dallas,32.724075,-97.14285,-18000,America/Chicago,GMT-5,193.0,31.340000000000007,60.8,35.23333333333333
6,21,12,AT&T Stadium,Dallas,32.724075,-97.14285,-18000,America/Chicago,GMT-5,193.0,31.92,57.86666666666667,35.89333333333333
6,21,13,AT&T Stadium,Dallas,32.724075,-97.14285,-18000,America/Chicago,GMT-5,193.0,32.32,56.2,36.43999999999999
6,21,14,AT&T Stadium,Dallas,32.724075,-97.14285,-18000,America/Chicago,GMT-5,193.0,32.70666666666667,54.53333333333333,36.58
6,21,15,AT&T Stadium,Dallas,32.724075,-97.14285,-18000,America/Chicago,GMT-5,193.0,33.28666666666666,52.266666666666666,36.88666666666666
6,21,16,AT&T Stadium,Dallas,32.724075,-97.14285,-18000,America/Chicago,GMT-5,193.0,33.68666666666667,50.266666666666666,36.68
6,21,17,AT&T Stadium,Dallas,32.724075,-97.14285,-18000,America/Chicago,GMT-5,193.0,33.75333333333334,49.266666666666666,36.06666666666668
6,21,18,AT&T Stadium,Dallas,32.724075,-97.14285,-18000,America/Chicago,GMT-5,193.0,32.84,51.06666666666667,34.593333333333334
6,21,19,AT&T Stadium,Dallas,32.724075,-97.14285,-18000,America/Chicago,GMT-5,193.0,31.49333333333334,55.06666666666667,33.10666666666667
6,21,20,AT&T Stadium,Dallas,32.724075,-97.14285,-18000,America/Chicago,GMT-5,193.0,29.860000000000003,60.333333333333336,31.64
6,21,21,AT&T Stadium,Dallas,32.724075,-97.14285,-18000,America/Chicago,GMT-5,193.0,28.833333333333336,63.333333333333336,30.90666666666667
6,21,22,AT&T Stadium,Dallas,32.724075,-97.14285,-18000,America/Chicago,GMT-5,193.0,27.953333333333337,66.0,30.14
6,21,23,AT&T Stadium,Dallas,32.724075,-97.14285,-18000,America/Chicago,GMT-5,193.0,28.026666666666667,67.46666666666667,30.5
6,22,0,AT&T Stadium,Dallas,32.724075,-97.14285,-18000,America/Chicago,GMT-5,193.0,26.826666666666668,69.8,29.060000000000002
6,22,1,AT&T Stadium,Dallas,32.724075,-97.14285,-18000,America/Chicago,GMT-5,193.0,26.180000000000003,70.6,28.073333333333334
6,22,2,AT&T Stadium,Dallas,32.724075,-97.14285,-18000,America/Chicago,GMT-5,193.0,25.759999999999994,70.86666666666666,27.36
6,22,3,AT&T Stadium,Dallas,32.724075,-97.14285,-18000,America/Chicago,GMT-5,193.0,25.366666666666667,71.33333333333333,26.839999999999996
6,22,4,AT&T Stadium,Dallas,32.724075,-97.14285,-18000,America/Chicago,GMT-5,193.0,24.980000000000004,72.6,26.553333333333335
6,22,5,AT&T Stadium,Dallas,32.724075,-97.14285,-18000,America/Chicago,GMT-5,193.0,24.58,74.26666666666667,26.406666666666673
6,22,6,AT&T Stadium,Dallas,32.724075,-97.14285,-18000,America/Chicago,GMT-5,193.0,24.353333333333335,76.06666666666666,26.473333333333336
6,22,7,AT&T Stadium,Dallas,32.724075,-97.14285,-18000,America/Chicago,GMT-5,193.0,24.633333333333333,76.53333333333333,27.02
6,22,8,AT&T Stadium,Dallas,32.724075,-97.14285,-18000,America/Chicago,GMT-5,193.0,25.54666666666667,74.46666666666667,28.133333333333336
6,22,9,AT&T Stadium,Dallas,32.724075,-97.14285,-18000,America/Chicago,GMT-5,193.0,26.9,69.66666666666667,29.5
6,22,10,AT&T Stadium,Dallas,32.724075,-97.14285,-18000,America/Chicago,GMT-5,193.0,28.37333333333333,63.266666666666666,30.973333333333333
6,22,11,AT&T Stadium,Dallas,32.724075,-97.14285,-18000,America/Chicago,GMT-5,193.0,29.646666666666658,57.86666666666667,32.46
6,22,12,AT&T Stadium,Dallas,32.724075,-97.14285,-18000,America/Chicago,GMT-5,193.0,30.713333333333328,53.8,33.89333333333334
6,22,13,AT&T Stadium,Dallas,32.724075,-97.14285,-18000,America/Chicago,GMT-5,193.0,31.499999999999996,51.13333333333333,34.980000000000004
6,22,14,AT&T Stadium,Dallas,32.724075,-97.14285,-18000,America/Chicago,GMT-5,193.0,32.12,49.13333333333333,35.526666666666664
6,22,15,AT&T Stadium,Dallas,32.724075,-97.14285,-18000,America/Chicago,GMT-5,193.0,32.67333333333333,47.2,35.82666666666667
6,22,16,AT&T Stadium,Dallas,32.724075,-97.14285,-18000,America/Chicago,GMT-5,193.0,32.900000000000006,46.266666666666666,35.56000000000001
6,22,17,AT&T Stadium,Dallas,32.724075,-97.14285,-18000,America/Chicago,GMT-5,193.0,32.9,45.86666666666667,35.02666666666667
6,22,18,AT&T Stadium,Dallas,32.724075,-97.14285,-18000,America/Chicago,GMT-5,193.0,32.36666666666667,47.8,34.186666666666675
6,22,19,AT&T Stadium,Dallas,32.724075,-97.14285,-18000,America/Chicago,GMT-5,193.0,31.506666666666664,51.4,33.346666666666664
6,22,20,AT&T Stadium,Dallas,32.724075,-97.14285,-18000,America/Chicago,GMT-5,193.0,30.139999999999997,57.4,32.29333333333333
6,22,21,AT&T Stadium,Dallas,32.724075,-97.14285,-18000,America/Chicago,GMT-5,193.0,28.986666666666668,62.06666666666667,31.373333333333335
6,22,22,AT&T Stadium,Dallas,32.724075,-97.14285,-18000,America/Chicago,GMT-5,193.0,28.113333333333337,65.93333333333334,30.646666666666665
6,22,23,AT&T Stadium,Dallas,32.724075,-97.14285,-18000,America/Chicago,GMT-5,193.0,27.493333333333336,67.86666666666666,29.946666666666665
6,23,0,AT&T Stadium,Dallas,32.724075,-97.14285,-18000,America/Chicago,GMT-5,193.0,27.68,69.06666666666666,30.366666666666667
6,23,1,AT&T Stadium,Dallas,32.724075,-97.14285,-18000,America/Chicago,GMT-5,193.0,26.773333333333326,71.53333333333333,29.460000000000004
6,23,2,AT&T Stadium,Dallas,32.724075,-97.14285,-18000,America/Chicago,GMT-5,193.0,26.31333333333333,73.53333333333333,29.06666666666667
6,23,3,AT&T Stadium,Dallas,32.724075,-97.14285,-18000,America/Chicago,GMT-5,193.0,25.926666666666666,75.66666666666667,28.753333333333337
6,23,4,AT&T Stadium,Dallas,32.724075,-97.14285,-18000,America/Chicago,GMT-5,193.0,25.566666666666666,77.86666666666666,28.42666666666667
6,23,5,AT&T Stadium,Dallas,32.724075,-97.14285,-18000,America/Chicago,GMT-5,193.0,25.23333333333333,79.93333333333334,28.186666666666667
6,23,6,AT&T Stadium,Dallas,32.724075,-97.14285,-18000,America/Chicago,GMT-5,193.0,25.166666666666664,81.06666666666666,28.266666666666666
6,23,7,AT&T Stadium,Dallas,32.724075,-97.14285,-18000,America/Chicago,GMT-5,193.0,25.57333333333333,80.06666666666666,28.773333333333333
6,23,8,AT&T Stadium,Dallas,32.724075,-97.14285,-18000,America/Chicago,GMT-5,193.0,26.599999999999998,76.6,29.740000000000002
6,23,9,AT&T Stadium,Dallas,32.724075,-97.14285,-18000,America/Chicago,GMT-5,193.0,28.04666666666667,70.93333333333334,31.153333333333332
6,23,10,AT&T Stadium,Dallas,32.724075,-97.14285,-18000,America/Chicago,GMT-5,193.0,29.526666666666664,64.86666666666666,32.64666666666667
6,23,11,AT&T Stadium,Dallas,32.724075,-97.14285,-18000,America/Chicago,GMT-5,193.0,30.873333333333335,59.13333333333333,34.166666666666664
6,23,12,AT&T Stadium,Dallas,32.724075,-97.14285,-18000,America/Chicago,GMT-5,193.0,32.04666666666667,54.0,35.473333333333336
6,23,13,AT&T Stadium,Dallas,32.724075,-97.14285,-18000,America/Chicago,GMT-5,193.0,33.059999999999995,50.0,36.72
6,23,14,AT&T Stadium,Dallas,32.724075,-97.14285,-18000,America/Chicago,GMT-5,193.0,33.89333333333333,46.666666666666664,37.60666666666666
6,23,15,AT&T Stadium,Dallas,32.724075,-97.14285,-18000,America/Chicago,GMT-5,193.0,34.46666666666667,44.4,37.946666666666665
6,23,16,AT&T Stadium,Dallas,32.724075,-97.14285,-18000,America/Chicago,GMT-5,193.0,34.79999999999999,42.53333333333333,37.62
6,23,17,AT&T Stadium,Dallas,32.724075,-97.14285,-18000,America/Chicago,GMT-5,193.0,34.813333333333325,42.2,36.9
6,23,18,AT&T Stadium,Dallas,32.724075,-97.14285,-18000,America/Chicago,GMT-5,193.0,34.04666666666667,45.0,35.90666666666667
6,23,19,AT&T Stadium,Dallas,32.724075,-97.14285,-18000,America/Chicago,GMT-5,193.0,32.9,50.733333333333334,35.186666666666675
6,23,20,AT&T Stadium,Dallas,32.724075,-97.14285,-18000,America/Chicago,GMT-5,193.0,31.46,56.13333333333333,34.21333333333334
6,23,21,AT&T Stadium,Dallas,32.724075,-97.14285,-18000,America/Chicago,GMT-5,193.0,30.4,60.6,33.31333333333334
6,23,22,AT&T Stadium,Dallas,32.724075,-97.14285,-18000,America/Chicago,GMT-5,193.0,29.58,63.13333333333333,32.34666666666667
6,23,23,AT&T Stadium,Dallas,32.724075,-97.14285,-18000,America/Chicago,GMT-5,193.0,28.59333333333333,66.53333333333333,31.3
6,24,0,AT&T Stadium,Dallas,32.724075,-97.14285,-18000,America/Chicago,GMT-5,193.0,28.68666666666666,66.46666666666667,31.16
6,24,1,AT&T Stadium,Dallas,32.724075,-97.14285,-18000,America/Chicago,GMT-5,193.0,28.019999999999996,69.53333333333333,30.56
6,24,2,AT&T Stadium,Dallas,32.724075,-97.14285,-18000,America/Chicago,GMT-5,193.0,27.60666666666667,70.86666666666666,30.08
6,24,3,AT&T Stadium,Dallas,32.724075,-97.14285,-18000,America/Chicago,GMT-5,193.0,27.21333333333333,72.0,29.673333333333336
6,24,4,AT&T Stadium,Dallas,32.724075,-97.14285,-18000,America/Chicago,GMT-5,193.0,26.820000000000004,73.26666666666667,29.40666666666667
6,24,5,AT&T Stadium,Dallas,32.724075,-97.14285,-18000,America/Chicago,GMT-5,193.0,26.44,74.66666666666667,29.133333333333333
6,24,6,AT&T Stadium,Dallas,32.724075,-97.14285,-18000,America/Chicago,GMT-5,193.0,26.180000000000003,75.53333333333333,28.953333333333333
6,24,7,AT&T Stadium,Dallas,32.724075,-97.14285,-18000,America/Chicago,GMT-5,193.0,26.406666666666673,74.73333333333333,29.280000000000005
6,24,8,AT&T Stadium,Dallas,32.724075,-97.14285,-18000,America/Chicago,GMT-5,193.0,27.313333333333336,71.6,30.26
6,24,9,AT&T Stadium,Dallas,32.724075,-97.14285,-18000,America/Chicago,GMT-5,193.0,28.826666666666668,66.53333333333333,31.80666666666667
6,24,10,AT&T Stadium,Dallas,32.724075,-97.14285,-18000,America/Chicago,GMT-5,193.0,30.52,60.2,33.54
6,24,11,AT&T Stadium,Dallas,32.724075,-97.14285,-18000,America/Chicago,GMT-5,193.0,32.086666666666666,53.666666666666664,35.17999999999999
6,24,12,AT&T Stadium,Dallas,32.724075,-97.14285,-18000,America/Chicago,GMT-5,193.0,33.413333333333334,47.86666666666667,36.626666666666665
6,24,13,AT&T Stadium,Dallas,32.724075,-97.14285,-18000,America/Chicago,GMT-5,193.0,34.513333333333335,43.4,37.72666666666667
6,24,14,AT&T Stadium,Dallas,32.724075,-97.14285,-18000,America/Chicago,GMT-5,193.0,35.32000000000001,40.6,38.39333333333333
6,24,15,AT&T Stadium,Dallas,32.724075,-97.14285,-18000,America/Chicago,GMT-5,193.0,35.82666666666667,39.13333333333333,38.566666666666656
6,24,16,AT&T Stadium,Dallas,32.724075,-97.14285,-18000,America/Chicago,GMT-5,193.0,35.919999999999995,39.0,38.22
6,24,17,AT&T Stadium,Dallas,32.724075,-97.14285,-18000,America/Chicago,GMT-5,193.0,35.779999999999994,39.4,37.47333333333333
6,24,18,AT&T Stadium,Dallas,32.724075,-97.14285,-18000,America/Chicago,GMT-5,193.0,35.29333333333333,40.93333333333333,36.73333333333333
6,24,19,AT&T Stadium,Dallas,32.724075,-97.14285,-18000,America/Chicago,GMT-5,193.0,34.39333333333333,43.93333333333333,35.86666666666667
6,24,20,AT&T Stadium,Dallas,32.724075,-97.14285,-18000,America/Chicago,GMT-5,193.0,33.093333333333334,48.46666666666667,34.84666666666667
6,24,21,AT&T Stadium,Dallas,32.724075,-97.14285,-18000,America/Chicago,GMT-5,193.0,31.673333333333336,53.666666666666664,33.559999999999995
6,24,22,AT&T Stadium,Dallas,32.724075,-97.14285,-18000,America/Chicago,GMT-5,193.0,30.519999999999992,58.06666666666667,32.48
6,24,23,AT&T Stadium,Dallas,32.724075,-97.14285,-18000,America/Chicago,GMT-5,193.0,29.473333333333326,62.86666666666667,31.713333333333328
6,25,0,AT&T Stadium,Dallas,32.724075,-97.14285,-18000,America/Chicago,GMT-5,193.0,29.22666666666667,63.4,31.40666666666667
6,25,1,AT&T Stadium,Dallas,32.724075,-97.14285,-18000,America/Chicago,GMT-5,193.0,28.72666666666667,66.6,31.20666666666667
6,25,2,AT&T Stadium,Dallas,32.724075,-97.14285,-18000,America/Chicago,GMT-5,193.0,28.326666666666668,68.66666666666667,30.880000000000003
6,25,3,AT&T Stadium,Dallas,32.724075,-97.14285,-18000,America/Chicago,GMT-5,193.0,27.860000000000003,70.6,30.393333333333334
6,25,4,AT&T Stadium,Dallas,32.724075,-97.14285,-18000,America/Chicago,GMT-5,193.0,27.35333333333334,72.06666666666666,29.766666666666666
6,25,5,AT&T Stadium,Dallas,32.724075,-97.14285,-18000,America/Chicago,GMT-5,193.0,26.86666666666667,73.73333333333333,29.240000000000002
6,25,6,AT&T Stadium,Dallas,32.724075,-97.14285,-18000,America/Chicago,GMT-5,193.0,26.420000000000005,75.8,28.90666666666667
6,25,7,AT&T Stadium,Dallas,32.724075,-97.14285,-18000,America/Chicago,GMT-5,193.0,26.500000000000004,76.53333333333333,29.18
6,25,8,AT&T Stadium,Dallas,32.724075,-97.14285,-18000,America/Chicago,GMT-5,193.0,27.280000000000005,74.2,30.093333333333337
6,25,9,AT&T Stadium,Dallas,32.724075,-97.14285,-18000,America/Chicago,GMT-5,193.0,28.706666666666667,69.06666666666666,31.580000000000002
6,25,10,AT&T Stadium,Dallas,32.724075,-97.14285,-18000,America/Chicago,GMT-5,193.0,30.28666666666667,63.13333333333333,33.413333333333334
6,25,11,AT&T Stadium,Dallas,32.724075,-97.14285,-18000,America/Chicago,GMT-5,193.0,31.740000000000002,57.733333333333334,35.32
6,25,12,AT&T Stadium,Dallas,32.724075,-97.14285,-18000,America/Chicago,GMT-5,193.0,33.06000000000001,52.6,37.120000000000005
6,25,13,AT&T Stadium,Dallas,32.724075,-97.14285,-18000,America/Chicago,GMT-5,193.0,34.14,48.2,38.33333333333333
6,25,14,AT&T Stadium,Dallas,32.724075,-97.14285,-18000,America/Chicago,GMT-5,193.0,34.973333333333336,44.8,39.01333333333333
6,25,15,AT&T Stadium,Dallas,32.724075,-97.14285,-18000,America/Chicago,GMT-5,193.0,35.519999999999996,42.46666666666667,39.10666666666667
6,25,16,AT&T Stadium,Dallas,32.724075,-97.14285,-18000,America/Chicago,GMT-5,193.0,35.81333333333334,40.666666666666664,38.66666666666667
6,25,17,AT&T Stadium,Dallas,32.724075,-97.14285,-18000,America/Chicago,GMT-5,193.0,35.78666666666666,39.8,37.78000000000001
6,25,18,AT&T Stadium,Dallas,32.724075,-97.14285,-18000,America/Chicago,GMT-5,193.0,35.19333333333334,41.6,36.74
6,25,19,AT&T Stadium,Dallas,32.724075,-97.14285,-18000,America/Chicago,GMT-5,193.0,34.13999999999999,45.666666666666664,35.84666666666667
6,25,20,AT&T Stadium,Dallas,32.724075,-97.14285,-18000,America/Chicago,GMT-5,193.0,32.72666666666667,50.6,34.76
6,25,21,AT&T Stadium,Dallas,32.724075,-97.14285,-18000,America/Chicago,GMT-5,193.0,31.526666666666664,53.93333333333333,33.58
6,25,22,AT&T Stadium,Dallas,32.724075,-97.14285,-18000,America/Chicago,GMT-5,193.0,30.553333333333335,56.6,32.42
6,25,23,AT&T Stadium,Dallas,32.724075,-97.14285,-18000,America/Chicago,GMT-5,193.0,29.813333333333333,59.93333333333333,31.74666666666667
6,26,0,AT&T Stadium,Dallas,32.724075,-97.14285,-18000,America/Chicago,GMT-5,193.0,29.26666666666667,63.06666666666667,31.446666666666665
6,26,1,AT&T Stadium,Dallas,32.724075,-97.14285,-18000,America/Chicago,GMT-5,193.0,28.92666666666667,62.86666666666667,30.833333333333332
6,26,2,AT&T Stadium,Dallas,32.724075,-97.14285,-18000,America/Chicago,GMT-5,193.0,28.433333333333334,64.33333333333333,30.333333333333332
6,26,3,AT&T Stadium,Dallas,32.724075,-97.14285,-18000,America/Chicago,GMT-5,193.0,27.959999999999997,66.0,29.833333333333332
6,26,4,AT&T Stadium,Dallas,32.724075,-97.14285,-18000,America/Chicago,GMT-5,193.0,27.473333333333336,68.33333333333333,29.433333333333337
6,26,5,AT&T Stadium,Dallas,32.724075,-97.14285,-18000,America/Chicago,GMT-5,193.0,27.026666666666667,70.93333333333334,29.15333333333334
6,26,6,AT&T Stadium,Dallas,32.724075,-97.14285,-18000,America/Chicago,GMT-5,193.0,26.673333333333336,73.46666666666667,29.120000000000005
6,26,7,AT&T Stadium,Dallas,32.724075,-97.14285,-18000,America/Chicago,GMT-5,193.0,26.88,74.13333333333334,29.60666666666667
6,26,8,AT&T Stadium,Dallas,32.724075,-97.14285,-18000,America/Chicago,GMT-5,193.0,27.693333333333335,71.8,30.466666666666665
6,26,9,AT&T Stadium,Dallas,32.724075,-97.14285,-18000,America/Chicago,GMT-5,193.0,29.10666666666667,66.46666666666667,31.71333333333333
6,26,10,AT&T Stadium,Dallas,32.724075,-97.14285,-18000,America/Chicago,GMT-5,193.0,30.68,60.0,33.28
6,26,11,AT&T Stadium,Dallas,32.724075,-97.14285,-18000,America/Chicago,GMT-5,193.0,32.21999999999999,54.2,35.16
6,26,12,AT&T Stadium,Dallas,32.724075,-97.14285,-18000,America/Chicago,GMT-5,193.0,33.56666666666666,49.266666666666666,37.086666666666666
6,26,13,AT&T Stadium,Dallas,32.724075,-97.14285,-18000,America/Chicago,GMT-5,193.0,34.559999999999995,45.733333333333334,38.466666666666676
6,26,14,AT&T Stadium,Dallas,32.724075,-97.14285,-18000,America/Chicago,GMT-5,193.0,35.27333333333333,43.266666666666666,39.333333333333336
6,26,15,AT&T Stadium,Dallas,32.724075,-97.14285,-18000,America/Chicago,GMT-5,193.0,35.819999999999986,41.13333333333333,39.53999999999999
6,26,16,AT&T Stadium,Dallas,32.724075,-97.14285,-18000,America/Chicago,GMT-5,193.0,36.22,39.13333333333333,39.17333333333333
6,26,17,AT&T Stadium,Dallas,32.724075,-97.14285,-18000,America/Chicago,GMT-5,193.0,36.153333333333336,38.666666666666664,38.17333333333333
6,26,18,AT&T Stadium,Dallas,32.724075,-97.14285,-18000,America/Chicago,GMT-5,193.0,35.586666666666666,40.53333333333333,37.27333333333333
6,26,19,AT&T Stadium,Dallas,32.724075,-97.14285,-18000,America/Chicago,GMT-5,193.0,34.31333333333334,45.2,36.099999999999994
6,26,20,AT&T Stadium,Dallas,32.724075,-97.14285,-18000,America/Chicago,GMT-5,193.0,32.913333333333334,50.2,35.14
6,26,21,AT&T Stadium,Dallas,32.724075,-97.14285,-18000,America/Chicago,GMT-5,193.0,31.40666666666667,56.333333333333336,33.86
6,26,22,AT&T Stadium,Dallas,32.724075,-97.14285,-18000,America/Chicago,GMT-5,193.0,30.333333333333336,60.86666666666667,32.98
6,26,23,AT&T Stadium,Dallas,32.724075,-97.14285,-18000,America/Chicago,GMT-5,193.0,29.67333333333334,62.86666666666667,32.11333333333333
6,27,0,AT&T Stadium,Dallas,32.724075,-97.14285,-18000,America/Chicago,GMT-5,193.0,28.586666666666666,66.86666666666666,31.053333333333335
6,27,1,AT&T Stadium,Dallas,32.724075,-97.14285,-18000,America/Chicago,GMT-5,193.0,28.480000000000004,66.53333333333333,30.873333333333335
6,27,2,AT&T Stadium,Dallas,32.724075,-97.14285,-18000,America/Chicago,GMT-5,193.0,27.980000000000004,68.13333333333334,30.393333333333334
6,27,3,AT&T Stadium,Dallas,32.724075,-97.14285,-18000,America/Chicago,GMT-5,193.0,27.313333333333333,70.86666666666666,29.76
6,27,4,AT&T Stadium,Dallas,32.724075,-97.14285,-18000,America/Chicago,GMT-5,193.0,26.706666666666667,73.66666666666667,29.30666666666667
6,27,5,AT&T Stadium,Dallas,32.724075,-97.14285,-18000,America/Chicago,GMT-5,193.0,26.19333333333333,75.8,28.906666666666663
6,27,6,AT&T Stadium,Dallas,32.724075,-97.14285,-18000,America/Chicago,GMT-5,193.0,25.626666666666665,78.93333333333334,28.526666666666667
6,27,7,AT&T Stadium,Dallas,32.724075,-97.14285,-18000,America/Chicago,GMT-5,193.0,25.446666666666665,80.6,28.640000000000004
6,27,8,AT&T Stadium,Dallas,32.724075,-97.14285,-18000,America/Chicago,GMT-5,193.0,25.813333333333333,80.0,29.213333333333335
6,27,9,AT&T Stadium,Dallas,32.724075,-97.14285,-18000,America/Chicago,GMT-5,193.0,27.04666666666667,74.93333333333334,30.453333333333333
6,27,10,AT&T Stadium,Dallas,32.724075,-97.14285,-18000,America/Chicago,GMT-5,193.0,28.586666666666666,67.93333333333334,31.919999999999998
6,27,11,AT&T Stadium,Dallas,32.724075,-97.14285,-18000,America/Chicago,GMT-5,193.0,30.306666666666672,60.46666666666667,33.89333333333333
6,27,12,AT&T Stadium,Dallas,32.724075,-97.14285,-18000,America/Chicago,GMT-5,193.0,31.846666666666668,54.266666666666666,35.879999999999995
6,27,13,AT&T Stadium,Dallas,32.724075,-97.14285,-18000,America/Chicago,GMT-5,193.0,33.086666666666666,50.13333333333333,37.44666666666667
6,27,14,AT&T Stadium,Dallas,32.724075,-97.14285,-18000,America/Chicago,GMT-5,193.0,33.96,47.46666666666667,38.306666666666665
6,27,15,AT&T Stadium,Dallas,32.724075,-97.14285,-18000,America/Chicago,GMT-5,193.0,34.44666666666667,46.6,38.38666666666666
6,27,16,AT&T Stadium,Dallas,32.724075,-97.14285,-18000,America/Chicago,GMT-5,193.0,34.44000000000001,46.93333333333333,37.71333333333333
6,27,17,AT&T Stadium,Dallas,32.724075,-97.14285,-18000,America/Chicago,GMT-5,193.0,34.18666666666666,47.4,36.65999999999999
6,27,18,AT&T Stadium,Dallas,32.724075,-97.14285,-18000,America/Chicago,GMT-5,193.0,33.54,49.8,35.79333333333333
6,27,19,AT&T Stadium,Dallas,32.724075,-97.14285,-18000,America/Chicago,GMT-5,193.0,32.626666666666665,53.93333333333333,35.1
6,27,20,AT&T Stadium,Dallas,32.724075,-97.14285,-18000,America/Chicago,GMT-5,193.0,31.19333333333333,59.93333333333333,34.00666666666667
6,27,21,AT&T Stadium,Dallas,32.724075,-97.14285,-18000,America/Chicago,GMT-5,193.0,29.946666666666665,64.2,32.826666666666675
6,27,22,AT&T Stadium,Dallas,32.724075,-97.14285,-18000,America/Chicago,GMT-5,193.0,28.98,66.73333333333333,31.680000000000003
6,27,23,AT&T Stadium,Dallas,32.724075,-97.14285,-18000,America/Chicago,GMT-5,193.0,28.719999999999995,67.26666666666667,31.3
6,28,0,AT&T Stadium,Dallas,32.724075,-97.14285,-18000,America/Chicago,GMT-5,193.0,27.973333333333336,65.8,30.026666666666667
6,28,1,AT&T Stadium,Dallas,32.724075,-97.14285,-18000,America/Chicago,GMT-5,193.0,27.533333333333335,71.0,30.206666666666667
6,28,2,AT&T Stadium,Dallas,32.724075,-97.14285,-18000,America/Chicago,GMT-5,193.0,27.120000000000005,73.06666666666666,29.913333333333338
6,28,3,AT&T Stadium,Dallas,32.724075,-97.14285,-18000,America/Chicago,GMT-5,193.0,26.67333333333334,75.2,29.613333333333333
6,28,4,AT&T Stadium,Dallas,32.724075,-97.14285,-18000,America/Chicago,GMT-5,193.0,26.26,77.06666666666666,29.299999999999997
6,28,5,AT&T Stadium,Dallas,32.724075,-97.14285,-18000,America/Chicago,GMT-5,193.0,25.86,78.6,28.90666666666667
6,28,6,AT&T Stadium,Dallas,32.724075,-97.14285,-18000,America/Chicago,GMT-5,193.0,25.599999999999998,79.46666666666667,28.673333333333336
6,28,7,AT&T Stadium,Dallas,32.724075,-97.14285,-18000,America/Chicago,GMT-5,193.0,25.82,78.2,28.90666666666667
6,28,8,AT&T Stadium,Dallas,32.724075,-97.14285,-18000,America/Chicago,GMT-5,193.0,26.65333333333333,73.86666666666666,29.540000000000003
6,28,9,AT&T Stadium,Dallas,32.724075,-97.14285,-18000,America/Chicago,GMT-5,193.0,27.933333333333334,67.53333333333333,30.506666666666668
6,28,10,AT&T Stadium,Dallas,32.724075,-97.14285,-18000,America/Chicago,GMT-5,193.0,29.346666666666668,60.8,31.746666666666666
6,28,11,AT&T Stadium,Dallas,32.724075,-97.14285,-18000,America/Chicago,GMT-5,193.0,30.746666666666666,54.8,33.21333333333333
6,28,12,AT&T Stadium,Dallas,32.724075,-97.14285,-18000,America/Chicago,GMT-5,193.0,31.89333333333333,49.86666666666667,34.38666666666666
6,28,13,AT&T Stadium,Dallas,32.724075,-97.14285,-18000,America/Chicago,GMT-5,193.0,32.91333333333333,45.93333333333333,35.406666666666666
6,28,14,AT&T Stadium,Dallas,32.724075,-97.14285,-18000,America/Chicago,GMT-5,193.0,33.68666666666667,43.266666666666666,36.10666666666667
6,28,15,AT&T Stadium,Dallas,32.724075,-97.14285,-18000,America/Chicago,GMT-5,193.0,34.34,41.13333333333333,36.56000000000001
6,28,16,AT&T Stadium,Dallas,32.724075,-97.14285,-18000,America/Chicago,GMT-5,193.0,34.56666666666667,40.2,36.25333333333333
6,28,17,AT&T Stadium,Dallas,32.724075,-97.14285,-18000,America/Chicago,GMT-5,193.0,34.446666666666665,40.13333333333333,35.413333333333334
6,28,18,AT&T Stadium,Dallas,32.724075,-97.14285,-18000,America/Chicago,GMT-5,193.0,33.86666666666667,41.46666666666667,34.42
6,28,19,AT&T Stadium,Dallas,32.724075,-97.14285,-18000,America/Chicago,GMT-5,193.0,32.86666666666667,44.53333333333333,33.52
6,28,20,AT&T Stadium,Dallas,32.724075,-97.14285,-18000,America/Chicago,GMT-5,193.0,31.486666666666668,48.666666666666664,32.5
6,28,21,AT&T Stadium,Dallas,32.724075,-97.14285,-18000,America/Chicago,GMT-5,193.0,30.233333333333334,52.13333333333333,31.439999999999998
6,28,22,AT&T Stadium,Dallas,32.724075,-97.14285,-18000,America/Chicago,GMT-5,193.0,29.206666666666663,54.86666666666667,30.28666666666667
6,28,23,AT&T Stadium,Dallas,32.724075,-97.14285,-18000,America/Chicago,GMT-5,193.0,28.513333333333332,60.2,30.033333333333335
6,10,0,Estadio BBVA,Guadalupe,25.694199,-100.28293,-21600,America/Monterrey,GMT-6,494.0,25.88666666666667,76.73333333333333,29.626666666666665
6,10,1,Estadio BBVA,Guadalupe,25.694199,-100.28293,-21600,America/Monterrey,GMT-6,494.0,25.03333333333334,81.26666666666667,28.880000000000003
6,10,2,Estadio BBVA,Guadalupe,25.694199,-100.28293,-21600,America/Monterrey,GMT-6,494.0,24.540000000000003,84.0,28.660000000000004
6,10,3,Estadio BBVA,Guadalupe,25.694199,-100.28293,-21600,America/Monterrey,GMT-6,494.0,24.066666666666666,86.06666666666666,28.279999999999998
6,10,4,Estadio BBVA,Guadalupe,25.694199,-100.28293,-21600,America/Monterrey,GMT-6,494.0,23.5,88.86666666666666,27.72666666666667
6,10,5,Estadio BBVA,Guadalupe,25.694199,-100.28293,-21600,America/Monterrey,GMT-6,494.0,23.040000000000003,91.93333333333334,27.193333333333335
6,10,6,Estadio BBVA,Guadalupe,25.694199,-100.28293,-21600,America/Monterrey,GMT-6,494.0,23.053333333333335,92.73333333333333,27.24
6,10,7,Estadio BBVA,Guadalupe,25.694199,-100.28293,-21600,America/Monterrey,GMT-6,494.0,23.673333333333336,90.4,27.906666666666663
6,10,8,Estadio BBVA,Guadalupe,25.694199,-100.28293,-21600,America/Monterrey,GMT-6,494.0,24.886666666666663,83.93333333333334,29.093333333333327
6,10,9,Estadio BBVA,Guadalupe,25.694199,-100.28293,-21600,America/Monterrey,GMT-6,494.0,26.519999999999996,75.6,30.71999999999999
6,10,10,Estadio BBVA,Guadalupe,25.694199,-100.28293,-21600,America/Monterrey,GMT-6,494.0,28.319999999999993,66.73333333333333,32.599999999999994
6,10,11,Estadio BBVA,Guadalupe,25.694199,-100.28293,-21600,America/Monterrey,GMT-6,494.0,30.14666666666666,58.6,34.5
6,10,12,Estadio BBVA,Guadalupe,25.694199,-100.28293,-21600,America/Monterrey,GMT-6,494.0,31.62,52.06666666666667,35.84
6,10,13,Estadio BBVA,Guadalupe,25.694199,-100.28293,-21600,America/Monterrey,GMT-6,494.0,32.56,48.0,36.48
6,10,14,Estadio BBVA,Guadalupe,25.694199,-100.28293,-21600,America/Monterrey,GMT-6,494.0,33.160000000000004,44.666666666666664,36.6
6,10,15,Estadio BBVA,Guadalupe,25.694199,-100.28293,-21600,America/Monterrey,GMT-6,494.0,33.44,42.6,36.2
6,10,16,Estadio BBVA,Guadalupe,25.694199,-100.28293,-21600,America/Monterrey,GMT-6,494.0,33.666666666666664,40.6,35.61333333333334
6,10,17,Estadio BBVA,Guadalupe,25.694199,-100.28293,-21600,America/Monterrey,GMT-6,494.0,33.39333333333333,40.733333333333334,34.72666666666667
6,10,18,Estadio BBVA,Guadalupe,25.694199,-100.28293,-21600,America/Monterrey,GMT-6,494.0,32.88,42.13333333333333,34.17999999999999
6,10,19,Estadio BBVA,Guadalupe,25.694199,-100.28293,-21600,America/Monterrey,GMT-6,494.0,31.86666666666667,46.4,33.61333333333334
6,10,20,Estadio BBVA,Guadalupe,25.694199,-100.28293,-21600,America/Monterrey,GMT-6,494.0,30.506666666666668,52.666666666666664,32.72666666666667
6,10,21,Estadio BBVA,Guadalupe,25.694199,-100.28293,-21600,America/Monterrey,GMT-6,494.0,29.126666666666665,59.13333333333333,31.76
6,10,22,Estadio BBVA,Guadalupe,25.694199,-100.28293,-21600,America/Monterrey,GMT-6,494.0,27.973333333333336,64.8,31.026666666666664
6,10,23,Estadio BBVA,Guadalupe,25.694199,-100.28293,-21600,America/Monterrey,GMT-6,494.0,26.920000000000005,70.53333333333333,30.346666666666668
6,11,0,Estadio BBVA,Guadalupe,25.694199,-100.28293,-21600,America/Monterrey,GMT-6,494.0,26.733333333333338,69.33333333333333,30.08
6,11,1,Estadio BBVA,Guadalupe,25.694199,-100.28293,-21600,America/Monterrey,GMT-6,494.0,25.9,74.6,29.72666666666667
6,11,2,Estadio BBVA,Guadalupe,25.694199,-100.28293,-21600,America/Monterrey,GMT-6,494.0,25.173333333333336,78.46666666666667,29.10666666666667
6,11,3,Estadio BBVA,Guadalupe,25.694199,-100.28293,-21600,America/Monterrey,GMT-6,494.0,24.48666666666667,82.8,28.586666666666666
6,11,4,Estadio BBVA,Guadalupe,25.694199,-100.28293,-21600,America/Monterrey,GMT-6,494.0,24.04666666666667,85.26666666666667,28.193333333333335
6,11,5,Estadio BBVA,Guadalupe,25.694199,-100.28293,-21600,America/Monterrey,GMT-6,494.0,23.486666666666665,89.2,27.680000000000003
6,11,6,Estadio BBVA,Guadalupe,25.694199,-100.28293,-21600,America/Monterrey,GMT-6,494.0,23.079999999999995,90.66666666666667,27.14
6,11,7,Estadio BBVA,Guadalupe,25.694199,-100.28293,-21600,America/Monterrey,GMT-6,494.0,23.186666666666667,89.13333333333334,27.093333333333337
6,11,8,Estadio BBVA,Guadalupe,25.694199,-100.28293,-21600,America/Monterrey,GMT-6,494.0,24.12,83.46666666666667,27.89333333333333
6,11,9,Estadio BBVA,Guadalupe,25.694199,-100.28293,-21600,America/Monterrey,GMT-6,494.0,25.76,75.53333333333333,29.55333333333333
6,11,10,Estadio BBVA,Guadalupe,25.694199,-100.28293,-21600,America/Monterrey,GMT-6,494.0,27.886666666666667,65.53333333333333,31.88
6,11,11,Estadio BBVA,Guadalupe,25.694199,-100.28293,-21600,America/Monterrey,GMT-6,494.0,29.986666666666665,56.0,34.12666666666666
6,11,12,Estadio BBVA,Guadalupe,25.694199,-100.28293,-21600,America/Monterrey,GMT-6,494.0,31.906666666666663,47.733333333333334,35.99333333333333
6,11,13,Estadio BBVA,Guadalupe,25.694199,-100.28293,-21600,America/Monterrey,GMT-6,494.0,33.419999999999995,41.2,36.96
6,11,14,Estadio BBVA,Guadalupe,25.694199,-100.28293,-21600,America/Monterrey,GMT-6,494.0,34.50666666666667,36.4,37.24666666666667
6,11,15,Estadio BBVA,Guadalupe,25.694199,-100.28293,-21600,America/Monterrey,GMT-6,494.0,35.08666666666667,33.46666666666667,36.79333333333334
6,11,16,Estadio BBVA,Guadalupe,25.694199,-100.28293,-21600,America/Monterrey,GMT-6,494.0,35.21333333333333,32.666666666666664,36.019999999999996
6,11,17,Estadio BBVA,Guadalupe,25.694199,-100.28293,-21600,America/Monterrey,GMT-6,494.0,34.76,33.86666666666667,35.04666666666667
6,11,18,Estadio BBVA,Guadalupe,25.694199,-100.28293,-21600,America/Monterrey,GMT-6,494.0,33.70666666666667,37.53333333333333,34.14
6,11,19,Estadio BBVA,Guadalupe,25.694199,-100.28293,-21600,America/Monterrey,GMT-6,494.0,32.20666666666666,43.06666666666667,33.28
6,11,20,Estadio BBVA,Guadalupe,25.694199,-100.28293,-21600,America/Monterrey,GMT-6,494.0,30.77333333333333,48.86666666666667,32.540000000000006
6,11,21,Estadio BBVA,Guadalupe,25.694199,-100.28293,-21600,America/Monterrey,GMT-6,494.0,29.55333333333333,54.13333333333333,31.67333333333334
6,11,22,Estadio BBVA,Guadalupe,25.694199,-100.28293,-21600,America/Monterrey,GMT-6,494.0,28.453333333333333,59.733333333333334,30.80666666666667
6,11,23,Estadio BBVA,Guadalupe,25.694199,-100.28293,-21600,America/Monterrey,GMT-6,494.0,27.506666666666664,64.93333333333334,30.32
6,12,0,Estadio BBVA,Guadalupe,25.694199,-100.28293,-21600,America/Monterrey,GMT-6,494.0,26.713333333333328,67.6,29.193333333333328
6,12,1,Estadio BBVA,Guadalupe,25.694199,-100.28293,-21600,America/Monterrey,GMT-6,494.0,25.56666666666667,74.66666666666667,28.746666666666666
6,12,2,Estadio BBVA,Guadalupe,25.694199,-100.28293,-21600,America/Monterrey,GMT-6,494.0,24.780000000000005,77.93333333333334,28.253333333333334
6,12,3,Estadio BBVA,Guadalupe,25.694199,-100.28293,-21600,America/Monterrey,GMT-6,494.0,24.053333333333335,81.0,27.706666666666667
6,12,4,Estadio BBVA,Guadalupe,25.694199,-100.28293,-21600,America/Monterrey,GMT-6,494.0,23.46,83.4,27.10666666666667
6,12,5,Estadio BBVA,Guadalupe,25.694199,-100.28293,-21600,America/Monterrey,GMT-6,494.0,22.94,87.0,26.68
6,12,6,Estadio BBVA,Guadalupe,25.694199,-100.28293,-21600,America/Monterrey,GMT-6,494.0,23.026666666666664,88.0,26.846666666666668
6,12,7,Estadio BBVA,Guadalupe,25.694199,-100.28293,-21600,America/Monterrey,GMT-6,494.0,23.693333333333335,86.66666666666667,27.626666666666665
6,12,8,Estadio BBVA,Guadalupe,25.694199,-100.28293,-21600,America/Monterrey,GMT-6,494.0,24.986666666666668,81.8,28.966666666666665
6,12,9,Estadio BBVA,Guadalupe,25.694199,-100.28293,-21600,America/Monterrey,GMT-6,494.0,26.64,74.4,30.726666666666667
6,12,10,Estadio BBVA,Guadalupe,25.694199,-100.28293,-21600,America/Monterrey,GMT-6,494.0,28.6,65.33333333333333,32.86666666666667
6,12,11,Estadio BBVA,Guadalupe,25.694199,-100.28293,-21600,America/Monterrey,GMT-6,494.0,30.72666666666667,55.6,35.059999999999995
6,12,12,Estadio BBVA,Guadalupe,25.694199,-100.28293,-21600,America/Monterrey,GMT-6,494.0,32.75333333333334,46.4,36.739999999999995
6,12,13,Estadio BBVA,Guadalupe,25.694199,-100.28293,-21600,America/Monterrey,GMT-6,494.0,34.30666666666666,38.93333333333333,37.46666666666667
6,12,14,Estadio BBVA,Guadalupe,25.694199,-100.28293,-21600,America/Monterrey,GMT-6,494.0,35.35999999999999,33.6,37.57333333333333
6,12,15,Estadio BBVA,Guadalupe,25.694199,-100.28293,-21600,America/Monterrey,GMT-6,494.0,35.93333333333333,30.6,37.239999999999995
6,12,16,Estadio BBVA,Guadalupe,25.694199,-100.28293,-21600,America/Monterrey,GMT-6,494.0,36.17333333333333,28.866666666666667,36.526666666666664
6,12,17,Estadio BBVA,Guadalupe,25.694199,-100.28293,-21600,America/Monterrey,GMT-6,494.0,35.77333333333333,28.866666666666667,35.46
6,12,18,Estadio BBVA,Guadalupe,25.694199,-100.28293,-21600,America/Monterrey,GMT-6,494.0,34.63333333333333,32.6,34.440000000000005
6,12,19,Estadio BBVA,Guadalupe,25.694199,-100.28293,-21600,America/Monterrey,GMT-6,494.0,33.04,38.46666666666667,33.57333333333334
6,12,20,Estadio BBVA,Guadalupe,25.694199,-100.28293,-21600,America/Monterrey,GMT-6,494.0,31.513333333333332,45.46666666666667,32.8
6,12,21,Estadio BBVA,Guadalupe,25.694199,-100.28293,-21600,America/Monterrey,GMT-6,494.0,30.27333333333333,50.4,31.780000000000005
6,12,22,Estadio BBVA,Guadalupe,25.694199,-100.28293,-21600,America/Monterrey,GMT-6,494.0,29.186666666666664,54.666666666666664,30.759999999999998
6,12,23,Estadio BBVA,Guadalupe,25.694199,-100.28293,-21600,America/Monterrey,GMT-6,494.0,27.946666666666665,60.733333333333334,29.88
6,13,0,Estadio BBVA,Guadalupe,25.694199,-100.28293,-21600,America/Monterrey,GMT-6,494.0,26.773333333333326,65.06666666666666,28.986666666666665
6,13,1,Estadio BBVA,Guadalupe,25.694199,-100.28293,-21600,America/Monterrey,GMT-6,494.0,25.88,69.86666666666666,28.446666666666665
6,13,2,Estadio BBVA,Guadalupe,25.694199,-100.28293,-21600,America/Monterrey,GMT-6,494.0,25.006666666666668,74.4,27.913333333333334
6,13,3,Estadio BBVA,Guadalupe,25.694199,-100.28293,-21600,America/Monterrey,GMT-6,494.0,24.26,78.33333333333333,27.54
6,13,4,Estadio BBVA,Guadalupe,25.694199,-100.28293,-21600,America/Monterrey,GMT-6,494.0,23.586666666666666,81.4,27.119999999999997
6,13,5,Estadio BBVA,Guadalupe,25.694199,-100.28293,-21600,America/Monterrey,GMT-6,494.0,23.033333333333335,84.06666666666666,26.639999999999997
6,13,6,Estadio BBVA,Guadalupe,25.694199,-100.28293,-21600,America/Monterrey,GMT-6,494.0,22.900000000000002,85.0,26.426666666666666
6,13,7,Estadio BBVA,Guadalupe,25.694199,-100.28293,-21600,America/Monterrey,GMT-6,494.0,23.360000000000003,84.0,26.833333333333332
6,13,8,Estadio BBVA,Guadalupe,25.694199,-100.28293,-21600,America/Monterrey,GMT-6,494.0,24.6,78.93333333333334,28.066666666666666
6,13,9,Estadio BBVA,Guadalupe,25.694199,-100.28293,-21600,America/Monterrey,GMT-6,494.0,26.413333333333334,70.8,30.02
6,13,10,Estadio BBVA,Guadalupe,25.694199,-100.28293,-21600,America/Monterrey,GMT-6,494.0,28.62,61.06666666666667,32.45333333333333
6,13,11,Estadio BBVA,Guadalupe,25.694199,-100.28293,-21600,America/Monterrey,GMT-6,494.0,30.98,51.266666666666666,34.94666666666667
6,13,12,Estadio BBVA,Guadalupe,25.694199,-100.28293,-21600,America/Monterrey,GMT-6,494.0,33.053333333333335,43.53333333333333,36.78
6,13,13,Estadio BBVA,Guadalupe,25.694199,-100.28293,-21600,America/Monterrey,GMT-6,494.0,34.62,37.666666666666664,37.70000000000001
6,13,14,Estadio BBVA,Guadalupe,25.694199,-100.28293,-21600,America/Monterrey,GMT-6,494.0,35.53333333333333,33.86666666666667,37.78666666666667
6,13,15,Estadio BBVA,Guadalupe,25.694199,-100.28293,-21600,America/Monterrey,GMT-6,494.0,35.77333333333333,31.933333333333334,37.0
6,13,16,Estadio BBVA,Guadalupe,25.694199,-100.28293,-21600,America/Monterrey,GMT-6,494.0,35.51333333333333,32.13333333333333,35.97333333333333
6,13,17,Estadio BBVA,Guadalupe,25.694199,-100.28293,-21600,America/Monterrey,GMT-6,494.0,34.833333333333336,33.93333333333333,34.80666666666666
6,13,18,Estadio BBVA,Guadalupe,25.694199,-100.28293,-21600,America/Monterrey,GMT-6,494.0,33.980000000000004,36.06666666666667,33.99999999999999
6,13,19,Estadio BBVA,Guadalupe,25.694199,-100.28293,-21600,America/Monterrey,GMT-6,494.0,32.76666666666667,38.86666666666667,33.026666666666664
6,13,20,Estadio BBVA,Guadalupe,25.694199,-100.28293,-21600,America/Monterrey,GMT-6,494.0,31.493333333333336,42.266666666666666,32.08
6,13,21,Estadio BBVA,Guadalupe,25.694199,-100.28293,-21600,America/Monterrey,GMT-6,494.0,30.093333333333337,47.93333333333333,31.04
6,13,22,Estadio BBVA,Guadalupe,25.694199,-100.28293,-21600,America/Monterrey,GMT-6,494.0,28.899999999999995,53.666666666666664,30.24
6,13,23,Estadio BBVA,Guadalupe,25.694199,-100.28293,-21600,America/Monterrey,GMT-6,494.0,27.766666666666662,59.93333333333333,29.55333333333333
6,14,0,Estadio BBVA,Guadalupe,25.694199,-100.28293,-21600,America/Monterrey,GMT-6,494.0,27.006666666666668,61.8,28.91333333333333
6,14,1,Estadio BBVA,Guadalupe,25.694199,-100.28293,-21600,America/Monterrey,GMT-6,494.0,26.013333333333335,66.06666666666666,28.31333333333333
6,14,2,Estadio BBVA,Guadalupe,25.694199,-100.28293,-21600,America/Monterrey,GMT-6,494.0,25.160000000000004,70.26666666666667,27.81333333333333
6,14,3,Estadio BBVA,Guadalupe,25.694199,-100.28293,-21600,America/Monterrey,GMT-6,494.0,24.380000000000003,74.2,27.393333333333334
6,14,4,Estadio BBVA,Guadalupe,25.694199,-100.28293,-21600,America/Monterrey,GMT-6,494.0,23.59333333333333,78.53333333333333,26.826666666666664
6,14,5,Estadio BBVA,Guadalupe,25.694199,-100.28293,-21600,America/Monterrey,GMT-6,494.0,22.92,83.66666666666667,26.35333333333333
6,14,6,Estadio BBVA,Guadalupe,25.694199,-100.28293,-21600,America/Monterrey,GMT-6,494.0,22.886666666666667,85.06666666666666,26.38
6,14,7,Estadio BBVA,Guadalupe,25.694199,-100.28293,-21600,America/Monterrey,GMT-6,494.0,23.62666666666666,83.26666666666667,27.2
6,14,8,Estadio BBVA,Guadalupe,25.694199,-100.28293,-21600,America/Monterrey,GMT-6,494.0,25.173333333333336,76.33333333333333,28.72666666666667
6,14,9,Estadio BBVA,Guadalupe,25.694199,-100.28293,-21600,America/Monterrey,GMT-6,494.0,27.133333333333333,68.33333333333333,30.780000000000005
6,14,10,Estadio BBVA,Guadalupe,25.694199,-100.28293,-21600,America/Monterrey,GMT-6,494.0,29.44666666666667,58.266666666666666,33.25333333333334
6,14,11,Estadio BBVA,Guadalupe,25.694199,-100.28293,-21600,America/Monterrey,GMT-6,494.0,31.786666666666672,48.4,35.593333333333334
6,14,12,Estadio BBVA,Guadalupe,25.694199,-100.28293,-21600,America/Monterrey,GMT-6,494.0,33.63333333333334,40.733333333333334,37.14
6,14,13,Estadio BBVA,Guadalupe,25.694199,-100.28293,-21600,America/Monterrey,GMT-6,494.0,34.9,35.06666666666667,37.76666666666666
6,14,14,Estadio BBVA,Guadalupe,25.694199,-100.28293,-21600,America/Monterrey,GMT-6,494.0,35.7,31.2,37.633333333333326
6,14,15,Estadio BBVA,Guadalupe,25.694199,-100.28293,-21600,America/Monterrey,GMT-6,494.0,36.1,29.0,37.059999999999995
6,14,16,Estadio BBVA,Guadalupe,25.694199,-100.28293,-21600,America/Monterrey,GMT-6,494.0,36.04,28.466666666666665,36.033333333333324
6,14,17,Estadio BBVA,Guadalupe,25.694199,-100.28293,-21600,America/Monterrey,GMT-6,494.0,35.34666666666667,30.066666666666666,34.846666666666664
6,14,18,Estadio BBVA,Guadalupe,25.694199,-100.28293,-21600,America/Monterrey,GMT-6,494.0,34.086666666666666,33.53333333333333,33.57333333333334
6,14,19,Estadio BBVA,Guadalupe,25.694199,-100.28293,-21600,America/Monterrey,GMT-6,494.0,32.459999999999994,39.13333333333333,32.52
6,14,20,Estadio BBVA,Guadalupe,25.694199,-100.28293,-21600,America/Monterrey,GMT-6,494.0,30.96666666666666,44.53333333333333,31.486666666666668
6,14,21,Estadio BBVA,Guadalupe,25.694199,-100.28293,-21600,America/Monterrey,GMT-6,494.0,29.793333333333333,49.666666666666664,30.74666666666667
6,14,22,Estadio BBVA,Guadalupe,25.694199,-100.28293,-21600,America/Monterrey,GMT-6,494.0,28.94,53.53333333333333,30.073333333333334
6,14,23,Estadio BBVA,Guadalupe,25.694199,-100.28293,-21600,America/Monterrey,GMT-6,494.0,27.966666666666665,57.86666666666667,29.533333333333328
6,15,0,Estadio BBVA,Guadalupe,25.694199,-100.28293,-21600,America/Monterrey,GMT-6,494.0,26.953333333333333,63.8,28.813333333333333
6,15,1,Estadio BBVA,Guadalupe,25.694199,-100.28293,-21600,America/Monterrey,GMT-6,494.0,25.88,71.53333333333333,28.44
6,15,2,Estadio BBVA,Guadalupe,25.694199,-100.28293,-21600,America/Monterrey,GMT-6,494.0,25.06666666666667,76.53333333333333,28.146666666666665
6,15,3,Estadio BBVA,Guadalupe,25.694199,-100.28293,-21600,America/Monterrey,GMT-6,494.0,24.38666666666667,80.26666666666667,27.726666666666667
6,15,4,Estadio BBVA,Guadalupe,25.694199,-100.28293,-21600,America/Monterrey,GMT-6,494.0,23.95333333333333,82.53333333333333,27.533333333333328
6,15,5,Estadio BBVA,Guadalupe,25.694199,-100.28293,-21600,America/Monterrey,GMT-6,494.0,23.58,84.6,27.34666666666667
6,15,6,Estadio BBVA,Guadalupe,25.694199,-100.28293,-21600,America/Monterrey,GMT-6,494.0,23.666666666666668,84.33333333333333,27.57333333333334
6,15,7,Estadio BBVA,Guadalupe,25.694199,-100.28293,-21600,America/Monterrey,GMT-6,494.0,24.14,82.53333333333333,28.080000000000002
6,15,8,Estadio BBVA,Guadalupe,25.694199,-100.28293,-21600,America/Monterrey,GMT-6,494.0,25.393333333333338,76.66666666666667,29.2
6,15,9,Estadio BBVA,Guadalupe,25.694199,-100.28293,-21600,America/Monterrey,GMT-6,494.0,27.080000000000002,68.53333333333333,30.693333333333328
6,15,10,Estadio BBVA,Guadalupe,25.694199,-100.28293,-21600,America/Monterrey,GMT-6,494.0,28.94,59.6,32.32666666666666
6,15,11,Estadio BBVA,Guadalupe,25.694199,-100.28293,-21600,America/Monterrey,GMT-6,494.0,30.866666666666664,50.86666666666667,34.2
6,15,12,Estadio BBVA,Guadalupe,25.694199,-100.28293,-21600,America/Monterrey,GMT-6,494.0,32.57333333333334,43.333333333333336,35.65333333333333
6,15,13,Estadio BBVA,Guadalupe,25.694199,-100.28293,-21600,America/Monterrey,GMT-6,494.0,33.95333333333334,37.13333333333333,36.473333333333336
6,15,14,Estadio BBVA,Guadalupe,25.694199,-100.28293,-21600,America/Monterrey,GMT-6,494.0,34.760000000000005,33.266666666666666,36.28666666666666
6,15,15,Estadio BBVA,Guadalupe,25.694199,-100.28293,-21600,America/Monterrey,GMT-6,494.0,35.093333333333334,31.666666666666668,35.74
6,15,16,Estadio BBVA,Guadalupe,25.694199,-100.28293,-21600,America/Monterrey,GMT-6,494.0,35.07333333333334,31.466666666666665,35.03333333333333
6,15,17,Estadio BBVA,Guadalupe,25.694199,-100.28293,-21600,America/Monterrey,GMT-6,494.0,34.66,31.733333333333334,34.166666666666664
6,15,18,Estadio BBVA,Guadalupe,25.694199,-100.28293,-21600,America/Monterrey,GMT-6,494.0,33.653333333333336,33.6,33.093333333333334
6,15,19,Estadio BBVA,Guadalupe,25.694199,-100.28293,-21600,America/Monterrey,GMT-6,494.0,32.346666666666664,36.46666666666667,32.06666666666667
6,15,20,Estadio BBVA,Guadalupe,25.694199,-100.28293,-21600,America/Monterrey,GMT-6,494.0,31.01333333333333,40.666666666666664,31.180000000000003
6,15,21,Estadio BBVA,Guadalupe,25.694199,-100.28293,-21600,America/Monterrey,GMT-6,494.0,29.87333333333333,45.6,30.46
6,15,22,Estadio BBVA,Guadalupe,25.694199,-100.28293,-21600,America/Monterrey,GMT-6,494.0,28.993333333333332,49.86666666666667,29.8
6,15,23,Estadio BBVA,Guadalupe,25.694199,-100.28293,-21600,America/Monterrey,GMT-6,494.0,27.940000000000005,56.8,29.226666666666667
6,16,0,Estadio BBVA,Guadalupe,25.694199,-100.28293,-21600,America/Monterrey,GMT-6,494.0,26.326666666666668,63.8,28.08666666666667
6,16,1,Estadio BBVA,Guadalupe,25.694199,-100.28293,-21600,America/Monterrey,GMT-6,494.0,25.90666666666667,66.93333333333334,27.980000000000004
6,16,2,Estadio BBVA,Guadalupe,25.694199,-100.28293,-21600,America/Monterrey,GMT-6,494.0,25.113333333333333,72.2,27.780000000000005
6,16,3,Estadio BBVA,Guadalupe,25.694199,-100.28293,-21600,America/Monterrey,GMT-6,494.0,24.399999999999995,76.4,27.44
6,16,4,Estadio BBVA,Guadalupe,25.694199,-100.28293,-21600,America/Monterrey,GMT-6,494.0,23.793333333333337,79.53333333333333,27.073333333333334
6,16,5,Estadio BBVA,Guadalupe,25.694199,-100.28293,-21600,America/Monterrey,GMT-6,494.0,23.206666666666667,83.33333333333333,26.686666666666667
6,16,6,Estadio BBVA,Guadalupe,25.694199,-100.28293,-21600,America/Monterrey,GMT-6,494.0,23.220000000000002,83.2,26.713333333333328
6,16,7,Estadio BBVA,Guadalupe,25.694199,-100.28293,-21600,America/Monterrey,GMT-6,494.0,23.813333333333333,80.93333333333334,27.326666666666664
6,16,8,Estadio BBVA,Guadalupe,25.694199,-100.28293,-21600,America/Monterrey,GMT-6,494.0,25.213333333333328,74.26666666666667,28.600000000000005
6,16,9,Estadio BBVA,Guadalupe,25.694199,-100.28293,-21600,America/Monterrey,GMT-6,494.0,27.006666666666668,66.33333333333333,30.40666666666667
6,16,10,Estadio BBVA,Guadalupe,25.694199,-100.28293,-21600,America/Monterrey,GMT-6,494.0,29.060000000000002,56.4,32.326666666666675
6,16,11,Estadio BBVA,Guadalupe,25.694199,-100.28293,-21600,America/Monterrey,GMT-6,494.0,31.026666666666667,47.0,34.09333333333333
6,16,12,Estadio BBVA,Guadalupe,25.694199,-100.28293,-21600,America/Monterrey,GMT-6,494.0,32.72,39.93333333333333,35.32666666666667
6,16,13,Estadio BBVA,Guadalupe,25.694199,-100.28293,-21600,America/Monterrey,GMT-6,494.0,33.82,35.6,35.79333333333333
6,16,14,Estadio BBVA,Guadalupe,25.694199,-100.28293,-21600,America/Monterrey,GMT-6,494.0,34.57333333333334,33.0,35.980000000000004
6,16,15,Estadio BBVA,Guadalupe,25.694199,-100.28293,-21600,America/Monterrey,GMT-6,494.0,34.84,31.666666666666668,35.42666666666666
6,16,16,Estadio BBVA,Guadalupe,25.694199,-100.28293,-21600,America/Monterrey,GMT-6,494.0,34.84000000000001,30.933333333333334,34.766666666666666
6,16,17,Estadio BBVA,Guadalupe,25.694199,-100.28293,-21600,America/Monterrey,GMT-6,494.0,34.440000000000005,31.133333333333333,33.73333333333333
6,16,18,Estadio BBVA,Guadalupe,25.694199,-100.28293,-21600,America/Monterrey,GMT-6,494.0,33.48,33.266666666666666,32.76
6,16,19,Estadio BBVA,Guadalupe,25.694199,-100.28293,-21600,America/Monterrey,GMT-6,494.0,31.973333333333326,37.8,31.52
6,16,20,Estadio BBVA,Guadalupe,25.694199,-100.28293,-21600,America/Monterrey,GMT-6,494.0,30.146666666666665,44.0,30.220000000000002
6,16,21,Estadio BBVA,Guadalupe,25.694199,-100.28293,-21600,America/Monterrey,GMT-6,494.0,28.533333333333335,50.6,29.15333333333333
6,16,22,Estadio BBVA,Guadalupe,25.694199,-100.28293,-21600,America/Monterrey,GMT-6,494.0,27.319999999999997,57.06666666666667,28.526666666666664
6,16,23,Estadio BBVA,Guadalupe,25.694199,-100.28293,-21600,America/Monterrey,GMT-6,494.0,26.80666666666667,60.266666666666666,28.219999999999995
6,17,0,Estadio BBVA,Guadalupe,25.694199,-100.28293,-21600,America/Monterrey,GMT-6,494.0,25.56,70.8,27.90666666666667
6,17,1,Estadio BBVA,Guadalupe,25.694199,-100.28293,-21600,America/Monterrey,GMT-6,494.0,24.686666666666667,75.0,27.426666666666673
6,17,2,Estadio BBVA,Guadalupe,25.694199,-100.28293,-21600,America/Monterrey,GMT-6,494.0,24.046666666666667,78.6,27.06
6,17,3,Estadio BBVA,Guadalupe,25.694199,-100.28293,-21600,America/Monterrey,GMT-6,494.0,23.486666666666668,81.66666666666667,26.686666666666667
6,17,4,Estadio BBVA,Guadalupe,25.694199,-100.28293,-21600,America/Monterrey,GMT-6,494.0,23.006666666666668,83.93333333333334,26.386666666666663
6,17,5,Estadio BBVA,Guadalupe,25.694199,-100.28293,-21600,America/Monterrey,GMT-6,494.0,22.63333333333334,85.53333333333333,26.099999999999998
6,17,6,Estadio BBVA,Guadalupe,25.694199,-100.28293,-21600,America/Monterrey,GMT-6,494.0,22.740000000000006,84.46666666666667,26.186666666666664
6,17,7,Estadio BBVA,Guadalupe,25.694199,-100.28293,-21600,America/Monterrey,GMT-6,494.0,23.413333333333338,80.86666666666666,26.759999999999994
6,17,8,Estadio BBVA,Guadalupe,25.694199,-100.28293,-21600,America/Monterrey,GMT-6,494.0,24.766666666666666,74.13333333333334,27.89333333333333
6,17,9,Estadio BBVA,Guadalupe,25.694199,-100.28293,-21600,America/Monterrey,GMT-6,494.0,26.413333333333338,66.66666666666667,29.446666666666665
6,17,10,Estadio BBVA,Guadalupe,25.694199,-100.28293,-21600,America/Monterrey,GMT-6,494.0,28.293333333333337,58.86666666666667,31.380000000000003
6,17,11,Estadio BBVA,Guadalupe,25.694199,-100.28293,-21600,America/Monterrey,GMT-6,494.0,30.14666666666667,51.333333333333336,33.36666666666667
6,17,12,Estadio BBVA,Guadalupe,25.694199,-100.28293,-21600,America/Monterrey,GMT-6,494.0,31.873333333333335,44.333333333333336,34.906666666666666
6,17,13,Estadio BBVA,Guadalupe,25.694199,-100.28293,-21600,America/Monterrey,GMT-6,494.0,33.32666666666667,38.4,35.826666666666675
6,17,14,Estadio BBVA,Guadalupe,25.694199,-100.28293,-21600,America/Monterrey,GMT-6,494.0,34.34666666666667,34.4,35.966666666666676
6,17,15,Estadio BBVA,Guadalupe,25.694199,-100.28293,-21600,America/Monterrey,GMT-6,494.0,34.55333333333333,33.6,35.333333333333336
6,17,16,Estadio BBVA,Guadalupe,25.694199,-100.28293,-21600,America/Monterrey,GMT-6,494.0,34.35333333333334,34.333333333333336,34.36666666666667
6,17,17,Estadio BBVA,Guadalupe,25.694199,-100.28293,-21600,America/Monterrey,GMT-6,494.0,33.733333333333334,35.93333333333333,33.42
6,17,18,Estadio BBVA,Guadalupe,25.694199,-100.28293,-21600,America/Monterrey,GMT-6,494.0,33.1,36.93333333333333,32.760000000000005
6,17,19,Estadio BBVA,Guadalupe,25.694199,-100.28293,-21600,America/Monterrey,GMT-6,494.0,31.953333333333333,40.0,31.9
6,17,20,Estadio BBVA,Guadalupe,25.694199,-100.28293,-21600,America/Monterrey,GMT-6,494.0,30.62666666666667,44.733333333333334,30.919999999999998
6,17,21,Estadio BBVA,Guadalupe,25.694199,-100.28293,-21600,America/Monterrey,GMT-6,494.0,29.24666666666667,50.666666666666664,29.93333333333333
6,17,22,Estadio BBVA,Guadalupe,25.694199,-100.28293,-21600,America/Monterrey,GMT-6,494.0,27.94,57.733333333333334,29.113333333333333
6,17,23,Estadio BBVA,Guadalupe,25.694199,-100.28293,-21600,America/Monterrey,GMT-6,494.0,26.673333333333332,64.46666666666667,28.433333333333337
6,18,0,Estadio BBVA,Guadalupe,25.694199,-100.28293,-21600,America/Monterrey,GMT-6,494.0,25.86,69.8,28.133333333333333
6,18,1,Estadio BBVA,Guadalupe,25.694199,-100.28293,-21600,America/Monterrey,GMT-6,494.0,25.006666666666668,75.13333333333334,27.720000000000002
6,18,2,Estadio BBVA,Guadalupe,25.694199,-100.28293,-21600,America/Monterrey,GMT-6,494.0,24.40666666666667,77.33333333333333,27.300000000000004
6,18,3,Estadio BBVA,Guadalupe,25.694199,-100.28293,-21600,America/Monterrey,GMT-6,494.0,23.833333333333332,80.06666666666666,26.866666666666667
6,18,4,Estadio BBVA,Guadalupe,25.694199,-100.28293,-21600,America/Monterrey,GMT-6,494.0,23.313333333333333,82.73333333333333,26.473333333333336
6,18,5,Estadio BBVA,Guadalupe,25.694199,-100.28293,-21600,America/Monterrey,GMT-6,494.0,23.006666666666668,84.6,26.27333333333333
6,18,6,Estadio BBVA,Guadalupe,25.694199,-100.28293,-21600,America/Monterrey,GMT-6,494.0,23.046666666666663,84.66666666666667,26.433333333333334
6,18,7,Estadio BBVA,Guadalupe,25.694199,-100.28293,-21600,America/Monterrey,GMT-6,494.0,23.74,81.93333333333334,27.233333333333334
6,18,8,Estadio BBVA,Guadalupe,25.694199,-100.28293,-21600,America/Monterrey,GMT-6,494.0,25.12,75.06666666666666,28.526666666666667
6,18,9,Estadio BBVA,Guadalupe,25.694199,-100.28293,-21600,America/Monterrey,GMT-6,494.0,27.060000000000002,65.53333333333333,30.3
6,18,10,Estadio BBVA,Guadalupe,25.694199,-100.28293,-21600,America/Monterrey,GMT-6,494.0,29.15333333333334,55.53333333333333,32.25333333333334
6,18,11,Estadio BBVA,Guadalupe,25.694199,-100.28293,-21600,America/Monterrey,GMT-6,494.0,31.12666666666667,46.733333333333334,34.12
6,18,12,Estadio BBVA,Guadalupe,25.694199,-100.28293,-21600,America/Monterrey,GMT-6,494.0,32.82666666666667,39.8,35.6
6,18,13,Estadio BBVA,Guadalupe,25.694199,-100.28293,-21600,America/Monterrey,GMT-6,494.0,34.22,34.46666666666667,36.473333333333336
6,18,14,Estadio BBVA,Guadalupe,25.694199,-100.28293,-21600,America/Monterrey,GMT-6,494.0,35.17333333333333,31.0,36.64
6,18,15,Estadio BBVA,Guadalupe,25.694199,-100.28293,-21600,America/Monterrey,GMT-6,494.0,35.44666666666667,30.0,36.06000000000001
6,18,16,Estadio BBVA,Guadalupe,25.694199,-100.28293,-21600,America/Monterrey,GMT-6,494.0,35.266666666666666,30.333333333333332,34.973333333333336
6,18,17,Estadio BBVA,Guadalupe,25.694199,-100.28293,-21600,America/Monterrey,GMT-6,494.0,34.4,32.93333333333333,33.71333333333333
6,18,18,Estadio BBVA,Guadalupe,25.694199,-100.28293,-21600,America/Monterrey,GMT-6,494.0,33.379999999999995,35.6,32.72666666666666
6,18,19,Estadio BBVA,Guadalupe,25.694199,-100.28293,-21600,America/Monterrey,GMT-6,494.0,31.86,40.2,31.74
6,18,20,Estadio BBVA,Guadalupe,25.694199,-100.28293,-21600,America/Monterrey,GMT-6,494.0,30.706666666666667,43.666666666666664,31.019999999999996
6,18,21,Estadio BBVA,Guadalupe,25.694199,-100.28293,-21600,America/Monterrey,GMT-6,494.0,29.526666666666667,48.46666666666667,30.180000000000003
6,18,22,Estadio BBVA,Guadalupe,25.694199,-100.28293,-21600,America/Monterrey,GMT-6,494.0,28.42,53.6,29.433333333333337
6,18,23,Estadio BBVA,Guadalupe,25.694199,-100.28293,-21600,America/Monterrey,GMT-6,494.0,27.040000000000003,62.6,28.70666666666667
6,19,0,Estadio BBVA,Guadalupe,25.694199,-100.28293,-21600,America/Monterrey,GMT-6,494.0,26.113333333333337,64.0,27.933333333333334
6,19,1,Estadio BBVA,Guadalupe,25.694199,-100.28293,-21600,America/Monterrey,GMT-6,494.0,25.686666666666664,65.06666666666666,27.62
6,19,2,Estadio BBVA,Guadalupe,25.694199,-100.28293,-21600,America/Monterrey,GMT-6,494.0,25.146666666666665,68.2,27.413333333333338
6,19,3,Estadio BBVA,Guadalupe,25.694199,-100.28293,-21600,America/Monterrey,GMT-6,494.0,24.446666666666665,73.33333333333333,27.173333333333336
6,19,4,Estadio BBVA,Guadalupe,25.694199,-100.28293,-21600,America/Monterrey,GMT-6,494.0,23.740000000000002,78.13333333333334,26.76
6,19,5,Estadio BBVA,Guadalupe,25.694199,-100.28293,-21600,America/Monterrey,GMT-6,494.0,23.220000000000002,82.26666666666667,26.400000000000002
6,19,6,Estadio BBVA,Guadalupe,25.694199,-100.28293,-21600,America/Monterrey,GMT-6,494.0,23.23333333333333,83.66666666666667,26.46
6,19,7,Estadio BBVA,Guadalupe,25.694199,-100.28293,-21600,America/Monterrey,GMT-6,494.0,23.973333333333336,81.2,27.146666666666665
6,19,8,Estadio BBVA,Guadalupe,25.694199,-100.28293,-21600,America/Monterrey,GMT-6,494.0,25.233333333333334,74.93333333333334,28.046666666666663
6,19,9,Estadio BBVA,Guadalupe,25.694199,-100.28293,-21600,America/Monterrey,GMT-6,494.0,26.886666666666663,66.86666666666666,29.39333333333333
6,19,10,Estadio BBVA,Guadalupe,25.694199,-100.28293,-21600,America/Monterrey,GMT-6,494.0,28.89333333333333,57.93333333333333,31.333333333333332
6,19,11,Estadio BBVA,Guadalupe,25.694199,-100.28293,-21600,America/Monterrey,GMT-6,494.0,30.74,50.4,33.17333333333333
6,19,12,Estadio BBVA,Guadalupe,25.694199,-100.28293,-21600,America/Monterrey,GMT-6,494.0,32.11333333333333,44.93333333333333,34.239999999999995
6,19,13,Estadio BBVA,Guadalupe,25.694199,-100.28293,-21600,America/Monterrey,GMT-6,494.0,32.72666666666666,42.06666666666667,34.26666666666667
6,19,14,Estadio BBVA,Guadalupe,25.694199,-100.28293,-21600,America/Monterrey,GMT-6,494.0,33.28666666666666,39.8,34.28
6,19,15,Estadio BBVA,Guadalupe,25.694199,-100.28293,-21600,America/Monterrey,GMT-6,494.0,33.15333333333333,41.4,33.906666666666666
6,19,16,Estadio BBVA,Guadalupe,25.694199,-100.28293,-21600,America/Monterrey,GMT-6,494.0,32.64666666666666,44.666666666666664,33.10666666666666
6,19,17,Estadio BBVA,Guadalupe,25.694199,-100.28293,-21600,America/Monterrey,GMT-6,494.0,31.45333333333333,49.53333333333333,31.826666666666664
6,19,18,Estadio BBVA,Guadalupe,25.694199,-100.28293,-21600,America/Monterrey,GMT-6,494.0,30.43333333333333,52.2,30.886666666666663
6,19,19,Estadio BBVA,Guadalupe,25.694199,-100.28293,-21600,America/Monterrey,GMT-6,494.0,29.433333333333334,54.733333333333334,30.173333333333336
6,19,20,Estadio BBVA,Guadalupe,25.694199,-100.28293,-21600,America/Monterrey,GMT-6,494.0,28.48,57.53333333333333,29.51333333333334
6,19,21,Estadio BBVA,Guadalupe,25.694199,-100.28293,-21600,America/Monterrey,GMT-6,494.0,27.546666666666667,60.86666666666667,28.833333333333336
6,19,22,Estadio BBVA,Guadalupe,25.694199,-100.28293,-21600,America/Monterrey,GMT-6,494.0,26.826666666666664,63.46666666666667,28.420000000000005
6,19,23,Estadio BBVA,Guadalupe,25.694199,-100.28293,-21600,America/Monterrey,GMT-6,494.0,26.366666666666667,64.6,28.17333333333334
6,20,0,Estadio BBVA,Guadalupe,25.694199,-100.28293,-21600,America/Monterrey,GMT-6,494.0,25.846666666666668,68.66666666666667,27.846666666666668
6,20,1,Estadio BBVA,Guadalupe,25.694199,-100.28293,-21600,America/Monterrey,GMT-6,494.0,25.2,70.13333333333334,27.193333333333335
6,20,2,Estadio BBVA,Guadalupe,25.694199,-100.28293,-21600,America/Monterrey,GMT-6,494.0,24.633333333333333,73.13333333333334,26.746666666666666
6,20,3,Estadio BBVA,Guadalupe,25.694199,-100.28293,-21600,America/Monterrey,GMT-6,494.0,24.12,75.86666666666666,26.219999999999995
6,20,4,Estadio BBVA,Guadalupe,25.694199,-100.28293,-21600,America/Monterrey,GMT-6,494.0,23.646666666666665,78.66666666666667,25.82666666666666
6,20,5,Estadio BBVA,Guadalupe,25.694199,-100.28293,-21600,America/Monterrey,GMT-6,494.0,23.32,80.8,25.546666666666667
6,20,6,Estadio BBVA,Guadalupe,25.694199,-100.28293,-21600,America/Monterrey,GMT-6,494.0,23.306666666666665,81.86666666666666,25.80666666666667
6,20,7,Estadio BBVA,Guadalupe,25.694199,-100.28293,-21600,America/Monterrey,GMT-6,494.0,23.720000000000002,80.86666666666666,26.379999999999995
6,20,8,Estadio BBVA,Guadalupe,25.694199,-100.28293,-21600,America/Monterrey,GMT-6,494.0,24.68666666666667,76.86666666666666,27.27333333333333
6,20,9,Estadio BBVA,Guadalupe,25.694199,-100.28293,-21600,America/Monterrey,GMT-6,494.0,26.126666666666672,70.73333333333333,28.539999999999996
6,20,10,Estadio BBVA,Guadalupe,25.694199,-100.28293,-21600,America/Monterrey,GMT-6,494.0,27.880000000000003,63.0,30.06666666666666
6,20,11,Estadio BBVA,Guadalupe,25.694199,-100.28293,-21600,America/Monterrey,GMT-6,494.0,29.613333333333333,56.333333333333336,31.786666666666658
6,20,12,Estadio BBVA,Guadalupe,25.694199,-100.28293,-21600,America/Monterrey,GMT-6,494.0,31.060000000000002,50.93333333333333,33.05999999999999
6,20,13,Estadio BBVA,Guadalupe,25.694199,-100.28293,-21600,America/Monterrey,GMT-6,494.0,32.12,47.13333333333333,33.85333333333333
6,20,14,Estadio BBVA,Guadalupe,25.694199,-100.28293,-21600,America/Monterrey,GMT-6,494.0,32.660000000000004,45.53333333333333,34.013333333333335
6,20,15,Estadio BBVA,Guadalupe,25.694199,-100.28293,-21600,America/Monterrey,GMT-6,494.0,32.88,45.2,33.806666666666665
6,20,16,Estadio BBVA,Guadalupe,25.694199,-100.28293,-21600,America/Monterrey,GMT-6,494.0,32.72666666666667,46.0,33.14666666666667
6,20,17,Estadio BBVA,Guadalupe,25.694199,-100.28293,-21600,America/Monterrey,GMT-6,494.0,32.28,46.46666666666667,32.27333333333333
6,20,18,Estadio BBVA,Guadalupe,25.694199,-100.28293,-21600,America/Monterrey,GMT-6,494.0,31.259999999999994,49.53333333333333,31.313333333333333
6,20,19,Estadio BBVA,Guadalupe,25.694199,-100.28293,-21600,America/Monterrey,GMT-6,494.0,29.926666666666666,54.266666666666666,30.533333333333328
6,20,20,Estadio BBVA,Guadalupe,25.694199,-100.28293,-21600,America/Monterrey,GMT-6,494.0,28.606666666666666,59.53333333333333,29.90666666666667
6,20,21,Estadio BBVA,Guadalupe,25.694199,-100.28293,-21600,America/Monterrey,GMT-6,494.0,27.62,64.26666666666667,29.49333333333334
6,20,22,Estadio BBVA,Guadalupe,25.694199,-100.28293,-21600,America/Monterrey,GMT-6,494.0,27.0,67.0,29.08666666666667
6,20,23,Estadio BBVA,Guadalupe,25.694199,-100.28293,-21600,America/Monterrey,GMT-6,494.0,26.42,68.4,28.540000000000003
6,21,0,Estadio BBVA,Guadalupe,25.694199,-100.28293,-21600,America/Monterrey,GMT-6,494.0,25.573333333333334,72.73333333333333,27.826666666666668
6,21,1,Estadio BBVA,Guadalupe,25.694199,-100.28293,-21600,America/Monterrey,GMT-6,494.0,25.34,71.93333333333334,27.586666666666662
6,21,2,Estadio BBVA,Guadalupe,25.694199,-100.28293,-21600,America/Monterrey,GMT-6,494.0,24.779999999999998,73.53333333333333,27.113333333333333
6,21,3,Estadio BBVA,Guadalupe,25.694199,-100.28293,-21600,America/Monterrey,GMT-6,494.0,24.366666666666664,74.8,26.759999999999998
6,21,4,Estadio BBVA,Guadalupe,25.694199,-100.28293,-21600,America/Monterrey,GMT-6,494.0,23.879999999999995,76.66666666666667,26.333333333333332
6,21,5,Estadio BBVA,Guadalupe,25.694199,-100.28293,-21600,America/Monterrey,GMT-6,494.0,23.34666666666666,79.86666666666666,25.973333333333336
6,21,6,Estadio BBVA,Guadalupe,25.694199,-100.28293,-21600,America/Monterrey,GMT-6,494.0,23.293333333333333,81.13333333333334,25.960000000000004
6,21,7,Estadio BBVA,Guadalupe,25.694199,-100.28293,-21600,America/Monterrey,GMT-6,494.0,23.80666666666667,80.6,26.540000000000006
6,21,8,Estadio BBVA,Guadalupe,25.694199,-100.28293,-21600,America/Monterrey,GMT-6,494.0,25.173333333333336,75.46666666666667,27.80666666666667
6,21,9,Estadio BBVA,Guadalupe,25.694199,-100.28293,-21600,America/Monterrey,GMT-6,494.0,26.733333333333334,69.53333333333333,29.4
6,21,10,Estadio BBVA,Guadalupe,25.694199,-100.28293,-21600,America/Monterrey,GMT-6,494.0,28.333333333333332,63.06666666666667,31.099999999999998
6,21,11,Estadio BBVA,Guadalupe,25.694199,-100.28293,-21600,America/Monterrey,GMT-6,494.0,29.766666666666666,57.266666666666666,32.553333333333335
6,21,12,Estadio BBVA,Guadalupe,25.694199,-100.28293,-21600,America/Monterrey,GMT-6,494.0,31.16,52.13333333333333,33.82666666666667
6,21,13,Estadio BBVA,Guadalupe,25.694199,-100.28293,-21600,America/Monterrey,GMT-6,494.0,32.45333333333333,48.06666666666667,34.86666666666667
6,21,14,Estadio BBVA,Guadalupe,25.694199,-100.28293,-21600,America/Monterrey,GMT-6,494.0,33.42,45.2,35.46
6,21,15,Estadio BBVA,Guadalupe,25.694199,-100.28293,-21600,America/Monterrey,GMT-6,494.0,33.84666666666667,43.53333333333333,35.266666666666666
6,21,16,Estadio BBVA,Guadalupe,25.694199,-100.28293,-21600,America/Monterrey,GMT-6,494.0,33.53333333333333,43.86666666666667,34.29999999999999
6,21,17,Estadio BBVA,Guadalupe,25.694199,-100.28293,-21600,America/Monterrey,GMT-6,494.0,32.586666666666666,46.46666666666667,32.913333333333334
6,21,18,Estadio BBVA,Guadalupe,25.694199,-100.28293,-21600,America/Monterrey,GMT-6,494.0,30.946666666666662,52.53333333333333,31.626666666666665
6,21,19,Estadio BBVA,Guadalupe,25.694199,-100.28293,-21600,America/Monterrey,GMT-6,494.0,29.37333333333333,58.53333333333333,30.759999999999998
6,21,20,Estadio BBVA,Guadalupe,25.694199,-100.28293,-21600,America/Monterrey,GMT-6,494.0,28.019999999999996,65.2,30.253333333333337
6,21,21,Estadio BBVA,Guadalupe,25.694199,-100.28293,-21600,America/Monterrey,GMT-6,494.0,27.173333333333332,69.13333333333334,29.62666666666667
6,21,22,Estadio BBVA,Guadalupe,25.694199,-100.28293,-21600,America/Monterrey,GMT-6,494.0,26.373333333333335,72.8,28.80666666666667
6,21,23,Estadio BBVA,Guadalupe,25.694199,-100.28293,-21600,America/Monterrey,GMT-6,494.0,26.0,72.53333333333333,28.220000000000002
6,22,0,Estadio BBVA,Guadalupe,25.694199,-100.28293,-21600,America/Monterrey,GMT-6,494.0,24.646666666666665,79.93333333333334,27.599999999999998
6,22,1,Estadio BBVA,Guadalupe,25.694199,-100.28293,-21600,America/Monterrey,GMT-6,494.0,24.133333333333333,82.93333333333334,27.28666666666667
6,22,2,Estadio BBVA,Guadalupe,25.694199,-100.28293,-21600,America/Monterrey,GMT-6,494.0,23.626666666666665,85.73333333333333,26.95333333333333
6,22,3,Estadio BBVA,Guadalupe,25.694199,-100.28293,-21600,America/Monterrey,GMT-6,494.0,23.12,87.8,26.48666666666666
6,22,4,Estadio BBVA,Guadalupe,25.694199,-100.28293,-21600,America/Monterrey,GMT-6,494.0,22.673333333333336,89.8,26.09999999999999
6,22,5,Estadio BBVA,Guadalupe,25.694199,-100.28293,-21600,America/Monterrey,GMT-6,494.0,22.26,91.13333333333334,25.686666666666664
6,22,6,Estadio BBVA,Guadalupe,25.694199,-100.28293,-21600,America/Monterrey,GMT-6,494.0,22.293333333333337,91.13333333333334,25.686666666666664
6,22,7,Estadio BBVA,Guadalupe,25.694199,-100.28293,-21600,America/Monterrey,GMT-6,494.0,22.779999999999998,88.4,26.10666666666667
6,22,8,Estadio BBVA,Guadalupe,25.694199,-100.28293,-21600,America/Monterrey,GMT-6,494.0,23.719999999999995,84.06666666666666,26.973333333333333
6,22,9,Estadio BBVA,Guadalupe,25.694199,-100.28293,-21600,America/Monterrey,GMT-6,494.0,24.89333333333333,78.2,28.080000000000002
6,22,10,Estadio BBVA,Guadalupe,25.694199,-100.28293,-21600,America/Monterrey,GMT-6,494.0,26.206666666666667,71.73333333333333,29.313333333333336
6,22,11,Estadio BBVA,Guadalupe,25.694199,-100.28293,-21600,America/Monterrey,GMT-6,494.0,27.613333333333333,64.66666666666667,30.62
6,22,12,Estadio BBVA,Guadalupe,25.694199,-100.28293,-21600,America/Monterrey,GMT-6,494.0,29.1,58.0,31.986666666666668
6,22,13,Estadio BBVA,Guadalupe,25.694199,-100.28293,-21600,America/Monterrey,GMT-6,494.0,30.279999999999998,53.6,33.17333333333333
6,22,14,Estadio BBVA,Guadalupe,25.694199,-100.28293,-21600,America/Monterrey,GMT-6,494.0,30.86666666666667,51.86666666666667,33.54666666666667
6,22,15,Estadio BBVA,Guadalupe,25.694199,-100.28293,-21600,America/Monterrey,GMT-6,494.0,30.766666666666666,52.46666666666667,33.046666666666674
6,22,16,Estadio BBVA,Guadalupe,25.694199,-100.28293,-21600,America/Monterrey,GMT-6,494.0,30.31333333333334,54.333333333333336,32.006666666666675
6,22,17,Estadio BBVA,Guadalupe,25.694199,-100.28293,-21600,America/Monterrey,GMT-6,494.0,29.960000000000004,54.666666666666664,31.259999999999998
6,22,18,Estadio BBVA,Guadalupe,25.694199,-100.28293,-21600,America/Monterrey,GMT-6,494.0,29.42666666666667,55.93333333333333,30.74
6,22,19,Estadio BBVA,Guadalupe,25.694199,-100.28293,-21600,America/Monterrey,GMT-6,494.0,28.660000000000004,58.333333333333336,30.19333333333333
6,22,20,Estadio BBVA,Guadalupe,25.694199,-100.28293,-21600,America/Monterrey,GMT-6,494.0,27.613333333333337,63.6,29.62
6,22,21,Estadio BBVA,Guadalupe,25.694199,-100.28293,-21600,America/Monterrey,GMT-6,494.0,26.673333333333336,68.26666666666667,28.993333333333336
6,22,22,Estadio BBVA,Guadalupe,25.694199,-100.28293,-21600,America/Monterrey,GMT-6,494.0,25.873333333333335,72.6,28.439999999999998
6,22,23,Estadio BBVA,Guadalupe,25.694199,-100.28293,-21600,America/Monterrey,GMT-6,494.0,25.259999999999998,76.0,27.96
6,23,0,Estadio BBVA,Guadalupe,25.694199,-100.28293,-21600,America/Monterrey,GMT-6,494.0,24.44666666666667,80.4,27.486666666666665
6,23,1,Estadio BBVA,Guadalupe,25.694199,-100.28293,-21600,America/Monterrey,GMT-6,494.0,24.006666666666668,83.33333333333333,27.49333333333333
6,23,2,Estadio BBVA,Guadalupe,25.694199,-100.28293,-21600,America/Monterrey,GMT-6,494.0,23.526666666666667,86.06666666666666,27.23333333333333
6,23,3,Estadio BBVA,Guadalupe,25.694199,-100.28293,-21600,America/Monterrey,GMT-6,494.0,23.09333333333333,88.53333333333333,26.939999999999998
6,23,4,Estadio BBVA,Guadalupe,25.694199,-100.28293,-21600,America/Monterrey,GMT-6,494.0,22.806666666666665,90.26666666666667,26.739999999999995
6,23,5,Estadio BBVA,Guadalupe,25.694199,-100.28293,-21600,America/Monterrey,GMT-6,494.0,22.493333333333332,91.53333333333333,26.413333333333334
6,23,6,Estadio BBVA,Guadalupe,25.694199,-100.28293,-21600,America/Monterrey,GMT-6,494.0,22.586666666666666,90.13333333333334,26.433333333333334
6,23,7,Estadio BBVA,Guadalupe,25.694199,-100.28293,-21600,America/Monterrey,GMT-6,494.0,22.986666666666665,86.66666666666667,26.633333333333333
6,23,8,Estadio BBVA,Guadalupe,25.694199,-100.28293,-21600,America/Monterrey,GMT-6,494.0,24.14666666666666,79.53333333333333,27.546666666666667
6,23,9,Estadio BBVA,Guadalupe,25.694199,-100.28293,-21600,America/Monterrey,GMT-6,494.0,25.679999999999996,71.4,28.8
6,23,10,Estadio BBVA,Guadalupe,25.694199,-100.28293,-21600,America/Monterrey,GMT-6,494.0,27.546666666666663,62.6,30.44
6,23,11,Estadio BBVA,Guadalupe,25.694199,-100.28293,-21600,America/Monterrey,GMT-6,494.0,29.29333333333333,54.6,31.92666666666667
6,23,12,Estadio BBVA,Guadalupe,25.694199,-100.28293,-21600,America/Monterrey,GMT-6,494.0,30.726666666666667,48.733333333333334,33.18
6,23,13,Estadio BBVA,Guadalupe,25.694199,-100.28293,-21600,America/Monterrey,GMT-6,494.0,31.653333333333332,45.53333333333333,33.76
6,23,14,Estadio BBVA,Guadalupe,25.694199,-100.28293,-21600,America/Monterrey,GMT-6,494.0,32.32,43.8,34.026666666666664
6,23,15,Estadio BBVA,Guadalupe,25.694199,-100.28293,-21600,America/Monterrey,GMT-6,494.0,32.62666666666666,43.13333333333333,33.76
6,23,16,Estadio BBVA,Guadalupe,25.694199,-100.28293,-21600,America/Monterrey,GMT-6,494.0,32.62,43.2,33.166666666666664
6,23,17,Estadio BBVA,Guadalupe,25.694199,-100.28293,-21600,America/Monterrey,GMT-6,494.0,31.959999999999997,45.6,32.193333333333335
6,23,18,Estadio BBVA,Guadalupe,25.694199,-100.28293,-21600,America/Monterrey,GMT-6,494.0,30.86,49.733333333333334,31.200000000000003
6,23,19,Estadio BBVA,Guadalupe,25.694199,-100.28293,-21600,America/Monterrey,GMT-6,494.0,29.48,55.46666666666667,30.30666666666667
6,23,20,Estadio BBVA,Guadalupe,25.694199,-100.28293,-21600,America/Monterrey,GMT-6,494.0,28.160000000000004,61.333333333333336,29.553333333333338
6,23,21,Estadio BBVA,Guadalupe,25.694199,-100.28293,-21600,America/Monterrey,GMT-6,494.0,26.98,66.6,28.81333333333334
6,23,22,Estadio BBVA,Guadalupe,25.694199,-100.28293,-21600,America/Monterrey,GMT-6,494.0,25.9,71.6,28.073333333333338
6,23,23,Estadio BBVA,Guadalupe,25.694199,-100.28293,-21600,America/Monterrey,GMT-6,494.0,25.1,76.2,27.720000000000002
6,24,0,Estadio BBVA,Guadalupe,25.694199,-100.28293,-21600,America/Monterrey,GMT-6,494.0,24.560000000000002,78.93333333333334,27.279999999999994
6,24,1,Estadio BBVA,Guadalupe,25.694199,-100.28293,-21600,America/Monterrey,GMT-6,494.0,23.64666666666667,83.0,26.69333333333333
6,24,2,Estadio BBVA,Guadalupe,25.694199,-100.28293,-21600,America/Monterrey,GMT-6,494.0,23.200000000000003,84.66666666666667,26.4
6,24,3,Estadio BBVA,Guadalupe,25.694199,-100.28293,-21600,America/Monterrey,GMT-6,494.0,22.793333333333333,86.46666666666667,26.186666666666667
6,24,4,Estadio BBVA,Guadalupe,25.694199,-100.28293,-21600,America/Monterrey,GMT-6,494.0,22.413333333333334,88.46666666666667,25.933333333333334
6,24,5,Estadio BBVA,Guadalupe,25.694199,-100.28293,-21600,America/Monterrey,GMT-6,494.0,22.18,90.06666666666666,25.806666666666672
6,24,6,Estadio BBVA,Guadalupe,25.694199,-100.28293,-21600,America/Monterrey,GMT-6,494.0,22.246666666666666,90.33333333333333,25.94666666666667
6,24,7,Estadio BBVA,Guadalupe,25.694199,-100.28293,-21600,America/Monterrey,GMT-6,494.0,22.873333333333335,87.2,26.46
6,24,8,Estadio BBVA,Guadalupe,25.694199,-100.28293,-21600,America/Monterrey,GMT-6,494.0,24.13333333333333,80.93333333333334,27.553333333333335
6,24,9,Estadio BBVA,Guadalupe,25.694199,-100.28293,-21600,America/Monterrey,GMT-6,494.0,25.786666666666665,72.86666666666666,29.013333333333335
6,24,10,Estadio BBVA,Guadalupe,25.694199,-100.28293,-21600,America/Monterrey,GMT-6,494.0,27.653333333333325,64.73333333333333,30.853333333333335
6,24,11,Estadio BBVA,Guadalupe,25.694199,-100.28293,-21600,America/Monterrey,GMT-6,494.0,29.426666666666666,57.46666666666667,32.66
6,24,12,Estadio BBVA,Guadalupe,25.694199,-100.28293,-21600,America/Monterrey,GMT-6,494.0,30.959999999999994,51.6,34.04
6,24,13,Estadio BBVA,Guadalupe,25.694199,-100.28293,-21600,America/Monterrey,GMT-6,494.0,32.08666666666666,47.333333333333336,34.88
6,24,14,Estadio BBVA,Guadalupe,25.694199,-100.28293,-21600,America/Monterrey,GMT-6,494.0,32.86666666666666,44.266666666666666,35.20666666666667
6,24,15,Estadio BBVA,Guadalupe,25.694199,-100.28293,-21600,America/Monterrey,GMT-6,494.0,33.37333333333333,41.733333333333334,35.026666666666664
6,24,16,Estadio BBVA,Guadalupe,25.694199,-100.28293,-21600,America/Monterrey,GMT-6,494.0,33.51333333333333,40.2,34.24
6,24,17,Estadio BBVA,Guadalupe,25.694199,-100.28293,-21600,America/Monterrey,GMT-6,494.0,33.086666666666666,41.13333333333333,33.22666666666667
6,24,18,Estadio BBVA,Guadalupe,25.694199,-100.28293,-21600,America/Monterrey,GMT-6,494.0,32.226666666666674,44.0,32.42
6,24,19,Estadio BBVA,Guadalupe,25.694199,-100.28293,-21600,America/Monterrey,GMT-6,494.0,30.966666666666676,48.666666666666664,31.566666666666666
6,24,20,Estadio BBVA,Guadalupe,25.694199,-100.28293,-21600,America/Monterrey,GMT-6,494.0,29.633333333333336,53.93333333333333,30.59333333333333
6,24,21,Estadio BBVA,Guadalupe,25.694199,-100.28293,-21600,America/Monterrey,GMT-6,494.0,28.226666666666667,60.46666666666667,29.526666666666664
6,24,22,Estadio BBVA,Guadalupe,25.694199,-100.28293,-21600,America/Monterrey,GMT-6,494.0,27.019999999999996,66.8,28.813333333333333
6,24,23,Estadio BBVA,Guadalupe,25.694199,-100.28293,-21600,America/Monterrey,GMT-6,494.0,25.64666666666666,73.93333333333334,27.993333333333332
6,25,0,Estadio BBVA,Guadalupe,25.694199,-100.28293,-21600,America/Monterrey,GMT-6,494.0,25.36666666666667,74.73333333333333,27.973333333333336
6,25,1,Estadio BBVA,Guadalupe,25.694199,-100.28293,-21600,America/Monterrey,GMT-6,494.0,24.493333333333332,80.2,27.62
6,25,2,Estadio BBVA,Guadalupe,25.694199,-100.28293,-21600,America/Monterrey,GMT-6,494.0,23.8,84.06666666666666,27.28666666666667
6,25,3,Estadio BBVA,Guadalupe,25.694199,-100.28293,-21600,America/Monterrey,GMT-6,494.0,23.199999999999996,87.46666666666667,26.94
6,25,4,Estadio BBVA,Guadalupe,25.694199,-100.28293,-21600,America/Monterrey,GMT-6,494.0,22.71333333333333,89.93333333333334,26.580000000000002
6,25,5,Estadio BBVA,Guadalupe,25.694199,-100.28293,-21600,America/Monterrey,GMT-6,494.0,22.286666666666665,92.13333333333334,26.240000000000002
6,25,6,Estadio BBVA,Guadalupe,25.694199,-100.28293,-21600,America/Monterrey,GMT-6,494.0,22.186666666666667,92.86666666666666,26.13333333333333
6,25,7,Estadio BBVA,Guadalupe,25.694199,-100.28293,-21600,America/Monterrey,GMT-6,494.0,22.52,91.33333333333333,26.366666666666664
6,25,8,Estadio BBVA,Guadalupe,25.694199,-100.28293,-21600,America/Monterrey,GMT-6,494.0,23.580000000000002,86.0,27.30666666666667
6,25,9,Estadio BBVA,Guadalupe,25.694199,-100.28293,-21600,America/Monterrey,GMT-6,494.0,25.186666666666667,77.73333333333333,28.8
6,25,10,Estadio BBVA,Guadalupe,25.694199,-100.28293,-21600,America/Monterrey,GMT-6,494.0,27.259999999999998,67.6,30.879999999999995
6,25,11,Estadio BBVA,Guadalupe,25.694199,-100.28293,-21600,America/Monterrey,GMT-6,494.0,29.366666666666667,58.13333333333333,32.86666666666667
6,25,12,Estadio BBVA,Guadalupe,25.694199,-100.28293,-21600,America/Monterrey,GMT-6,494.0,31.293333333333333,49.733333333333334,34.62
6,25,13,Estadio BBVA,Guadalupe,25.694199,-100.28293,-21600,America/Monterrey,GMT-6,494.0,32.8,43.266666666666666,35.6
6,25,14,Estadio BBVA,Guadalupe,25.694199,-100.28293,-21600,America/Monterrey,GMT-6,494.0,33.806666666666665,38.733333333333334,35.973333333333336
6,25,15,Estadio BBVA,Guadalupe,25.694199,-100.28293,-21600,America/Monterrey,GMT-6,494.0,34.29333333333334,36.333333333333336,35.586666666666666
6,25,16,Estadio BBVA,Guadalupe,25.694199,-100.28293,-21600,America/Monterrey,GMT-6,494.0,34.28666666666667,35.666666666666664,34.64666666666666
6,25,17,Estadio BBVA,Guadalupe,25.694199,-100.28293,-21600,America/Monterrey,GMT-6,494.0,33.733333333333334,37.2,33.61333333333333
6,25,18,Estadio BBVA,Guadalupe,25.694199,-100.28293,-21600,America/Monterrey,GMT-6,494.0,32.906666666666666,39.86666666666667,32.78
6,25,19,Estadio BBVA,Guadalupe,25.694199,-100.28293,-21600,America/Monterrey,GMT-6,494.0,31.593333333333327,44.733333333333334,31.94
6,25,20,Estadio BBVA,Guadalupe,25.694199,-100.28293,-21600,America/Monterrey,GMT-6,494.0,30.226666666666663,50.06666666666667,31.033333333333335
6,25,21,Estadio BBVA,Guadalupe,25.694199,-100.28293,-21600,America/Monterrey,GMT-6,494.0,28.759999999999994,56.06666666666667,29.906666666666663
6,25,22,Estadio BBVA,Guadalupe,25.694199,-100.28293,-21600,America/Monterrey,GMT-6,494.0,27.526666666666664,62.06666666666667,29.106666666666666
6,25,23,Estadio BBVA,Guadalupe,25.694199,-100.28293,-21600,America/Monterrey,GMT-6,494.0,26.393333333333334,68.46666666666667,28.419999999999998
6,26,0,Estadio BBVA,Guadalupe,25.694199,-100.28293,-21600,America/Monterrey,GMT-6,494.0,25.65333333333334,69.6,27.853333333333335
6,26,1,Estadio BBVA,Guadalupe,25.694199,-100.28293,-21600,America/Monterrey,GMT-6,494.0,24.84666666666667,76.0,27.726666666666667
6,26,2,Estadio BBVA,Guadalupe,25.694199,-100.28293,-21600,America/Monterrey,GMT-6,494.0,24.126666666666672,80.13333333333334,27.38
6,26,3,Estadio BBVA,Guadalupe,25.694199,-100.28293,-21600,America/Monterrey,GMT-6,494.0,23.480000000000008,83.73333333333333,27.046666666666667
6,26,4,Estadio BBVA,Guadalupe,25.694199,-100.28293,-21600,America/Monterrey,GMT-6,494.0,23.06,86.06666666666666,26.779999999999998
6,26,5,Estadio BBVA,Guadalupe,25.694199,-100.28293,-21600,America/Monterrey,GMT-6,494.0,22.686666666666667,88.33333333333333,26.453333333333333
6,26,6,Estadio BBVA,Guadalupe,25.694199,-100.28293,-21600,America/Monterrey,GMT-6,494.0,22.64666666666667,89.13333333333334,26.34
6,26,7,Estadio BBVA,Guadalupe,25.694199,-100.28293,-21600,America/Monterrey,GMT-6,494.0,22.973333333333336,87.93333333333334,26.56666666666667
6,26,8,Estadio BBVA,Guadalupe,25.694199,-100.28293,-21600,America/Monterrey,GMT-6,494.0,24.03333333333334,82.73333333333333,27.513333333333335
6,26,9,Estadio BBVA,Guadalupe,25.694199,-100.28293,-21600,America/Monterrey,GMT-6,494.0,25.660000000000004,74.66666666666667,29.093333333333337
6,26,10,Estadio BBVA,Guadalupe,25.694199,-100.28293,-21600,America/Monterrey,GMT-6,494.0,27.67333333333334,65.33333333333333,31.18666666666667
6,26,11,Estadio BBVA,Guadalupe,25.694199,-100.28293,-21600,America/Monterrey,GMT-6,494.0,29.660000000000007,56.4,33.2
6,26,12,Estadio BBVA,Guadalupe,25.694199,-100.28293,-21600,America/Monterrey,GMT-6,494.0,31.380000000000003,48.86666666666667,34.79333333333333
6,26,13,Estadio BBVA,Guadalupe,25.694199,-100.28293,-21600,America/Monterrey,GMT-6,494.0,32.733333333333334,42.666666666666664,35.61333333333333
6,26,14,Estadio BBVA,Guadalupe,25.694199,-100.28293,-21600,America/Monterrey,GMT-6,494.0,33.64,38.53333333333333,35.8
6,26,15,Estadio BBVA,Guadalupe,25.694199,-100.28293,-21600,America/Monterrey,GMT-6,494.0,34.18,35.666666666666664,35.38
6,26,16,Estadio BBVA,Guadalupe,25.694199,-100.28293,-21600,America/Monterrey,GMT-6,494.0,34.24666666666667,34.53333333333333,34.440000000000005
6,26,17,Estadio BBVA,Guadalupe,25.694199,-100.28293,-21600,America/Monterrey,GMT-6,494.0,33.553333333333335,35.53333333333333,33.093333333333334
6,26,18,Estadio BBVA,Guadalupe,25.694199,-100.28293,-21600,America/Monterrey,GMT-6,494.0,32.45333333333333,38.333333333333336,31.89333333333333
6,26,19,Estadio BBVA,Guadalupe,25.694199,-100.28293,-21600,America/Monterrey,GMT-6,494.0,31.013333333333335,42.53333333333333,30.826666666666668
6,26,20,Estadio BBVA,Guadalupe,25.694199,-100.28293,-21600,America/Monterrey,GMT-6,494.0,29.8,46.666666666666664,30.0
6,26,21,Estadio BBVA,Guadalupe,25.694199,-100.28293,-21600,America/Monterrey,GMT-6,494.0,28.573333333333334,51.06666666666667,29.12666666666667
6,26,22,Estadio BBVA,Guadalupe,25.694199,-100.28293,-21600,America/Monterrey,GMT-6,494.0,27.480000000000004,56.0,28.386666666666667
6,26,23,Estadio BBVA,Guadalupe,25.694199,-100.28293,-21600,America/Monterrey,GMT-6,494.0,26.526666666666667,62.733333333333334,28.086666666666666
6,27,0,Estadio BBVA,Guadalupe,25.694199,-100.28293,-21600,America/Monterrey,GMT-6,494.0,25.259999999999998,71.8,27.57333333333333
6,27,1,Estadio BBVA,Guadalupe,25.694199,-100.28293,-21600,America/Monterrey,GMT-6,494.0,24.88,72.53333333333333,27.36666666666666
6,27,2,Estadio BBVA,Guadalupe,25.694199,-100.28293,-21600,America/Monterrey,GMT-6,494.0,24.233333333333338,76.26666666666667,27.106666666666662
6,27,3,Estadio BBVA,Guadalupe,25.694199,-100.28293,-21600,America/Monterrey,GMT-6,494.0,23.63333333333334,80.46666666666667,26.81333333333333
6,27,4,Estadio BBVA,Guadalupe,25.694199,-100.28293,-21600,America/Monterrey,GMT-6,494.0,23.066666666666666,84.86666666666666,26.466666666666665
6,27,5,Estadio BBVA,Guadalupe,25.694199,-100.28293,-21600,America/Monterrey,GMT-6,494.0,22.686666666666664,88.4,26.246666666666666
6,27,6,Estadio BBVA,Guadalupe,25.694199,-100.28293,-21600,America/Monterrey,GMT-6,494.0,22.71333333333333,89.0,26.36
6,27,7,Estadio BBVA,Guadalupe,25.694199,-100.28293,-21600,America/Monterrey,GMT-6,494.0,23.18,87.0,26.82
6,27,8,Estadio BBVA,Guadalupe,25.694199,-100.28293,-21600,America/Monterrey,GMT-6,494.0,24.25333333333333,81.33333333333333,27.813333333333333
6,27,9,Estadio BBVA,Guadalupe,25.694199,-100.28293,-21600,America/Monterrey,GMT-6,494.0,25.793333333333333,73.73333333333333,29.24
6,27,10,Estadio BBVA,Guadalupe,25.694199,-100.28293,-21600,America/Monterrey,GMT-6,494.0,27.646666666666665,65.0,31.186666666666667
6,27,11,Estadio BBVA,Guadalupe,25.694199,-100.28293,-21600,America/Monterrey,GMT-6,494.0,29.6,56.53333333333333,33.173333333333325
6,27,12,Estadio BBVA,Guadalupe,25.694199,-100.28293,-21600,America/Monterrey,GMT-6,494.0,31.30666666666667,49.13333333333333,34.56666666666667
6,27,13,Estadio BBVA,Guadalupe,25.694199,-100.28293,-21600,America/Monterrey,GMT-6,494.0,32.473333333333336,43.93333333333333,35.07333333333333
6,27,14,Estadio BBVA,Guadalupe,25.694199,-100.28293,-21600,America/Monterrey,GMT-6,494.0,32.98666666666667,41.46666666666667,34.833333333333336
6,27,15,Estadio BBVA,Guadalupe,25.694199,-100.28293,-21600,America/Monterrey,GMT-6,494.0,33.07333333333334,40.8,34.25333333333333
6,27,16,Estadio BBVA,Guadalupe,25.694199,-100.28293,-21600,America/Monterrey,GMT-6,494.0,32.88666666666666,40.86666666666667,33.38
6,27,17,Estadio BBVA,Guadalupe,25.694199,-100.28293,-21600,America/Monterrey,GMT-6,494.0,32.49999999999999,41.46666666666667,32.57333333333334
6,27,18,Estadio BBVA,Guadalupe,25.694199,-100.28293,-21600,America/Monterrey,GMT-6,494.0,31.58,43.93333333333333,31.746666666666666
6,27,19,Estadio BBVA,Guadalupe,25.694199,-100.28293,-21600,America/Monterrey,GMT-6,494.0,30.173333333333336,49.13333333333333,30.71333333333333
6,27,20,Estadio BBVA,Guadalupe,25.694199,-100.28293,-21600,America/Monterrey,GMT-6,494.0,28.646666666666665,55.4,29.60666666666667
6,27,21,Estadio BBVA,Guadalupe,25.694199,-100.28293,-21600,America/Monterrey,GMT-6,494.0,27.38,61.46666666666667,28.7
6,27,22,Estadio BBVA,Guadalupe,25.694199,-100.28293,-21600,America/Monterrey,GMT-6,494.0,26.433333333333334,67.0,28.24666666666667
6,27,23,Estadio BBVA,Guadalupe,25.694199,-100.28293,-21600,America/Monterrey,GMT-6,494.0,25.833333333333332,69.46666666666667,27.9
6,28,0,Estadio BBVA,Guadalupe,25.694199,-100.28293,-21600,America/Monterrey,GMT-6,494.0,24.613333333333333,78.06666666666666,27.360000000000003
6,28,1,Estadio BBVA,Guadalupe,25.694199,-100.28293,-21600,America/Monterrey,GMT-6,494.0,24.12,81.33333333333333,27.26666666666667
6,28,2,Estadio BBVA,Guadalupe,25.694199,-100.28293,-21600,America/Monterrey,GMT-6,494.0,23.599999999999998,84.13333333333334,26.94
6,28,3,Estadio BBVA,Guadalupe,25.694199,-100.28293,-21600,America/Monterrey,GMT-6,494.0,23.186666666666664,86.4,26.579999999999995
6,28,4,Estadio BBVA,Guadalupe,25.694199,-100.28293,-21600,America/Monterrey,GMT-6,494.0,22.866666666666664,88.2,26.366666666666667
6,28,5,Estadio BBVA,Guadalupe,25.694199,-100.28293,-21600,America/Monterrey,GMT-6,494.0,22.64666666666667,89.4,26.220000000000002
6,28,6,Estadio BBVA,Guadalupe,25.694199,-100.28293,-21600,America/Monterrey,GMT-6,494.0,22.706666666666667,88.93333333333334,26.333333333333332
6,28,7,Estadio BBVA,Guadalupe,25.694199,-100.28293,-21600,America/Monterrey,GMT-6,494.0,23.2,85.93333333333334,26.78666666666667
6,28,8,Estadio BBVA,Guadalupe,25.694199,-100.28293,-21600,America/Monterrey,GMT-6,494.0,24.293333333333337,79.8,27.733333333333338
6,28,9,Estadio BBVA,Guadalupe,25.694199,-100.28293,-21600,America/Monterrey,GMT-6,494.0,25.819999999999997,72.46666666666667,29.13333333333333
6,28,10,Estadio BBVA,Guadalupe,25.694199,-100.28293,-21600,America/Monterrey,GMT-6,494.0,27.55333333333333,64.73333333333333,30.833333333333332
6,28,11,Estadio BBVA,Guadalupe,25.694199,-100.28293,-21600,America/Monterrey,GMT-6,494.0,29.313333333333333,57.53333333333333,32.50666666666667
6,28,12,Estadio BBVA,Guadalupe,25.694199,-100.28293,-21600,America/Monterrey,GMT-6,494.0,30.74666666666667,51.86666666666667,33.56666666666667
6,28,13,Estadio BBVA,Guadalupe,25.694199,-100.28293,-21600,America/Monterrey,GMT-6,494.0,31.8,47.86666666666667,34.173333333333325
6,28,14,Estadio BBVA,Guadalupe,25.694199,-100.28293,-21600,America/Monterrey,GMT-6,494.0,32.339999999999996,45.4,34.20666666666666
6,28,15,Estadio BBVA,Guadalupe,25.694199,-100.28293,-21600,America/Monterrey,GMT-6,494.0,32.42666666666666,44.733333333333334,33.873333333333335
6,28,16,Estadio BBVA,Guadalupe,25.694199,-100.28293,-21600,America/Monterrey,GMT-6,494.0,32.06666666666667,45.333333333333336,32.97333333333333
6,28,17,Estadio BBVA,Guadalupe,25.694199,-100.28293,-21600,America/Monterrey,GMT-6,494.0,31.500000000000004,46.6,32.06666666666667
6,28,18,Estadio BBVA,Guadalupe,25.694199,-100.28293,-21600,America/Monterrey,GMT-6,494.0,30.72666666666667,48.8,31.36
6,28,19,Estadio BBVA,Guadalupe,25.694199,-100.28293,-21600,America/Monterrey,GMT-6,494.0,29.673333333333336,52.666666666666664,30.593333333333337
6,28,20,Estadio BBVA,Guadalupe,25.694199,-100.28293,-21600,America/Monterrey,GMT-6,494.0,28.133333333333333,59.666666666666664,29.513333333333335
6,28,21,Estadio BBVA,Guadalupe,25.694199,-100.28293,-21600,America/Monterrey,GMT-6,494.0,26.71333333333333,66.13333333333334,28.433333333333337
6,28,22,Estadio BBVA,Guadalupe,25.694199,-100.28293,-21600,America/Monterrey,GMT-6,494.0,25.659999999999993,71.33333333333333,27.64666666666667
6,28,23,Estadio BBVA,Guadalupe,25.694199,-100.28293,-21600,America/Monterrey,GMT-6,494.0,25.11333333333333,74.86666666666666,27.453333333333333
6,10,0,Lumen Field,Seattle,47.627415,-122.32291,-25200,America/Los_Angeles,GMT-7,10.0,14.36666666666667,78.6,13.126666666666667
6,10,1,Lumen Field,Seattle,47.627415,-122.32291,-25200,America/Los_Angeles,GMT-7,10.0,14.106666666666667,79.0,12.786666666666667
6,10,2,Lumen Field,Seattle,47.627415,-122.32291,-25200,America/Los_Angeles,GMT-7,10.0,13.826666666666666,80.13333333333334,12.54
6,10,3,Lumen Field,Seattle,47.627415,-122.32291,-25200,America/Los_Angeles,GMT-7,10.0,13.513333333333332,82.33333333333333,12.28
6,10,4,Lumen Field,Seattle,47.627415,-122.32291,-25200,America/Los_Angeles,GMT-7,10.0,13.226666666666667,84.4,12.046666666666669
6,10,5,Lumen Field,Seattle,47.627415,-122.32291,-25200,America/Los_Angeles,GMT-7,10.0,12.986666666666666,85.6,11.746666666666668
6,10,6,Lumen Field,Seattle,47.627415,-122.32291,-25200,America/Los_Angeles,GMT-7,10.0,12.906666666666666,85.8,11.600000000000001
6,10,7,Lumen Field,Seattle,47.627415,-122.32291,-25200,America/Los_Angeles,GMT-7,10.0,13.093333333333334,84.66666666666667,11.706666666666669
6,10,8,Lumen Field,Seattle,47.627415,-122.32291,-25200,America/Los_Angeles,GMT-7,10.0,13.573333333333332,82.0,12.16
6,10,9,Lumen Field,Seattle,47.627415,-122.32291,-25200,America/Los_Angeles,GMT-7,10.0,14.353333333333333,77.66666666666667,12.953333333333335
6,10,10,Lumen Field,Seattle,47.627415,-122.32291,-25200,America/Los_Angeles,GMT-7,10.0,15.253333333333334,72.86666666666666,13.966666666666669
6,10,11,Lumen Field,Seattle,47.627415,-122.32291,-25200,America/Los_Angeles,GMT-7,10.0,16.253333333333334,67.73333333333333,15.120000000000001
6,10,12,Lumen Field,Seattle,47.627415,-122.32291,-25200,America/Los_Angeles,GMT-7,10.0,17.193333333333335,63.2,16.220000000000002
6,10,13,Lumen Field,Seattle,47.627415,-122.32291,-25200,America/Los_Angeles,GMT-7,10.0,18.08,59.733333333333334,17.240000000000002
6,10,14,Lumen Field,Seattle,47.627415,-122.32291,-25200,America/Los_Angeles,GMT-7,10.0,18.766666666666666,57.266666666666666,17.919999999999998
6,10,15,Lumen Field,Seattle,47.627415,-122.32291,-25200,America/Los_Angeles,GMT-7,10.0,19.319999999999997,55.266666666666666,18.4
6,10,16,Lumen Field,Seattle,47.627415,-122.32291,-25200,America/Los_Angeles,GMT-7,10.0,19.346666666666668,55.733333333333334,18.219999999999995
6,10,17,Lumen Field,Seattle,47.627415,-122.32291,-25200,America/Los_Angeles,GMT-7,10.0,19.206666666666667,56.86666666666667,17.973333333333333
6,10,18,Lumen Field,Seattle,47.627415,-122.32291,-25200,America/Los_Angeles,GMT-7,10.0,18.866666666666664,58.6,17.48
6,10,19,Lumen Field,Seattle,47.627415,-122.32291,-25200,America/Los_Angeles,GMT-7,10.0,18.453333333333333,60.2,17.04
6,10,20,Lumen Field,Seattle,47.627415,-122.32291,-25200,America/Los_Angeles,GMT-7,10.0,17.653333333333332,63.666666666666664,16.31333333333333
6,10,21,Lumen Field,Seattle,47.627415,-122.32291,-25200,America/Los_Angeles,GMT-7,10.0,16.546666666666663,68.46666666666667,15.333333333333332
6,10,22,Lumen Field,Seattle,47.627415,-122.32291,-25200,America/Los_Angeles,GMT-7,10.0,15.506666666666668,73.33333333333333,14.386666666666665
6,10,23,Lumen Field,Seattle,47.627415,-122.32291,-25200,America/Los_Angeles,GMT-7,10.0,14.800000000000002,76.66666666666667,13.620000000000001
6,11,0,Lumen Field,Seattle,47.627415,-122.32291,-25200,America/Los_Angeles,GMT-7,10.0,13.833333333333336,81.73333333333333,12.826666666666666
6,11,1,Lumen Field,Seattle,47.627415,-122.32291,-25200,America/Los_Angeles,GMT-7,10.0,13.840000000000002,83.06666666666666,12.893333333333334
6,11,2,Lumen Field,Seattle,47.627415,-122.32291,-25200,America/Los_Angeles,GMT-7,10.0,13.513333333333334,83.26666666666667,12.386666666666665
6,11,3,Lumen Field,Seattle,47.627415,-122.32291,-25200,America/Los_Angeles,GMT-7,10.0,13.106666666666667,84.33333333333333,11.866666666666669
6,11,4,Lumen Field,Seattle,47.627415,-122.32291,-25200,America/Los_Angeles,GMT-7,10.0,12.933333333333334,84.4,11.62
6,11,5,Lumen Field,Seattle,47.627415,-122.32291,-25200,America/Los_Angeles,GMT-7,10.0,12.813333333333334,84.6,11.28
6,11,6,Lumen Field,Seattle,47.627415,-122.32291,-25200,America/Los_Angeles,GMT-7,10.0,12.88,83.0,11.053333333333335
6,11,7,Lumen Field,Seattle,47.627415,-122.32291,-25200,America/Los_Angeles,GMT-7,10.0,13.133333333333335,81.06666666666666,11.066666666666666
6,11,8,Lumen Field,Seattle,47.627415,-122.32291,-25200,America/Los_Angeles,GMT-7,10.0,13.7,77.8,11.533333333333335
6,11,9,Lumen Field,Seattle,47.627415,-122.32291,-25200,America/Los_Angeles,GMT-7,10.0,14.42,74.8,12.273333333333333
6,11,10,Lumen Field,Seattle,47.627415,-122.32291,-25200,America/Los_Angeles,GMT-7,10.0,15.266666666666664,71.86666666666666,13.213333333333333
6,11,11,Lumen Field,Seattle,47.627415,-122.32291,-25200,America/Los_Angeles,GMT-7,10.0,16.119999999999997,68.8,14.18
6,11,12,Lumen Field,Seattle,47.627415,-122.32291,-25200,America/Los_Angeles,GMT-7,10.0,16.999999999999996,65.66666666666667,15.22
6,11,13,Lumen Field,Seattle,47.627415,-122.32291,-25200,America/Los_Angeles,GMT-7,10.0,17.819999999999997,62.333333333333336,16.173333333333332
6,11,14,Lumen Field,Seattle,47.627415,-122.32291,-25200,America/Los_Angeles,GMT-7,10.0,18.58,59.86666666666667,17.2
6,11,15,Lumen Field,Seattle,47.627415,-122.32291,-25200,America/Los_Angeles,GMT-7,10.0,19.160000000000004,58.266666666666666,17.933333333333334
6,11,16,Lumen Field,Seattle,47.627415,-122.32291,-25200,America/Los_Angeles,GMT-7,10.0,19.21333333333333,58.06666666666667,18.09333333333333
6,11,17,Lumen Field,Seattle,47.627415,-122.32291,-25200,America/Los_Angeles,GMT-7,10.0,18.76,60.13333333333333,17.506666666666664
6,11,18,Lumen Field,Seattle,47.627415,-122.32291,-25200,America/Los_Angeles,GMT-7,10.0,17.966666666666665,63.13333333333333,16.54
6,11,19,Lumen Field,Seattle,47.627415,-122.32291,-25200,America/Los_Angeles,GMT-7,10.0,17.08,67.26666666666667,15.466666666666663
6,11,20,Lumen Field,Seattle,47.627415,-122.32291,-25200,America/Los_Angeles,GMT-7,10.0,16.013333333333332,70.86666666666666,14.366666666666667
6,11,21,Lumen Field,Seattle,47.627415,-122.32291,-25200,America/Los_Angeles,GMT-7,10.0,14.913333333333332,74.0,13.360000000000001
6,11,22,Lumen Field,Seattle,47.627415,-122.32291,-25200,America/Los_Angeles,GMT-7,10.0,13.993333333333334,76.86666666666666,12.546666666666665
6,11,23,Lumen Field,Seattle,47.627415,-122.32291,-25200,America/Los_Angeles,GMT-7,10.0,13.780000000000001,79.6,12.620000000000001
6,12,0,Lumen Field,Seattle,47.627415,-122.32291,-25200,America/Los_Angeles,GMT-7,10.0,13.300000000000004,80.26666666666667,11.96
6,12,1,Lumen Field,Seattle,47.627415,-122.32291,-25200,America/Los_Angeles,GMT-7,10.0,12.680000000000001,82.86666666666666,11.393333333333334
6,12,2,Lumen Field,Seattle,47.627415,-122.32291,-25200,America/Los_Angeles,GMT-7,10.0,12.453333333333331,83.53333333333333,11.12
6,12,3,Lumen Field,Seattle,47.627415,-122.32291,-25200,America/Los_Angeles,GMT-7,10.0,12.273333333333335,84.2,10.946666666666664
6,12,4,Lumen Field,Seattle,47.627415,-122.32291,-25200,America/Los_Angeles,GMT-7,10.0,12.026666666666667,85.93333333333334,10.779999999999998
6,12,5,Lumen Field,Seattle,47.627415,-122.32291,-25200,America/Los_Angeles,GMT-7,10.0,11.853333333333333,87.06666666666666,10.653333333333332
6,12,6,Lumen Field,Seattle,47.627415,-122.32291,-25200,America/Los_Angeles,GMT-7,10.0,11.953333333333331,87.26666666666667,10.713333333333335
6,12,7,Lumen Field,Seattle,47.627415,-122.32291,-25200,America/Los_Angeles,GMT-7,10.0,12.426666666666668,85.2,11.153333333333334
6,12,8,Lumen Field,Seattle,47.627415,-122.32291,-25200,America/Los_Angeles,GMT-7,10.0,13.080000000000002,81.8,11.746666666666668
6,12,9,Lumen Field,Seattle,47.627415,-122.32291,-25200,America/Los_Angeles,GMT-7,10.0,13.853333333333335,77.26666666666667,12.54
6,12,10,Lumen Field,Seattle,47.627415,-122.32291,-25200,America/Los_Angeles,GMT-7,10.0,14.626666666666669,72.93333333333334,13.413333333333334
6,12,11,Lumen Field,Seattle,47.627415,-122.32291,-25200,America/Los_Angeles,GMT-7,10.0,15.513333333333334,68.73333333333333,14.466666666666665
6,12,12,Lumen Field,Seattle,47.627415,-122.32291,-25200,America/Los_Angeles,GMT-7,10.0,16.4,64.66666666666667,15.599999999999998
6,12,13,Lumen Field,Seattle,47.627415,-122.32291,-25200,America/Los_Angeles,GMT-7,10.0,17.313333333333333,60.666666666666664,16.71333333333333
6,12,14,Lumen Field,Seattle,47.627415,-122.32291,-25200,America/Los_Angeles,GMT-7,10.0,18.119999999999997,57.4,17.746666666666663
6,12,15,Lumen Field,Seattle,47.627415,-122.32291,-25200,America/Los_Angeles,GMT-7,10.0,18.793333333333333,54.93333333333333,18.38
6,12,16,Lumen Field,Seattle,47.627415,-122.32291,-25200,America/Los_Angeles,GMT-7,10.0,19.373333333333335,52.4,18.64666666666667
6,12,17,Lumen Field,Seattle,47.627415,-122.32291,-25200,America/Los_Angeles,GMT-7,10.0,19.353333333333335,52.53333333333333,18.279999999999998
6,12,18,Lumen Field,Seattle,47.627415,-122.32291,-25200,America/Los_Angeles,GMT-7,10.0,19.006666666666664,54.666666666666664,17.746666666666666
6,12,19,Lumen Field,Seattle,47.627415,-122.32291,-25200,America/Los_Angeles,GMT-7,10.0,18.219999999999995,59.333333333333336,16.96
6,12,20,Lumen Field,Seattle,47.627415,-122.32291,-25200,America/Los_Angeles,GMT-7,10.0,17.306666666666665,63.0,15.88
6,12,21,Lumen Field,Seattle,47.627415,-122.32291,-25200,America/Los_Angeles,GMT-7,10.0,16.213333333333335,66.6,14.593333333333334
6,12,22,Lumen Field,Seattle,47.627415,-122.32291,-25200,America/Los_Angeles,GMT-7,10.0,15.126666666666667,70.53333333333333,13.42
6,12,23,Lumen Field,Seattle,47.627415,-122.32291,-25200,America/Los_Angeles,GMT-7,10.0,14.113333333333335,75.8,12.586666666666668
6,13,0,Lumen Field,Seattle,47.627415,-122.32291,-25200,America/Los_Angeles,GMT-7,10.0,13.206666666666669,80.8,11.786666666666665
6,13,1,Lumen Field,Seattle,47.627415,-122.32291,-25200,America/Los_Angeles,GMT-7,10.0,13.186666666666667,83.0,12.12
6,13,2,Lumen Field,Seattle,47.627415,-122.32291,-25200,America/Los_Angeles,GMT-7,10.0,12.96,84.26666666666667,11.979999999999999
6,13,3,Lumen Field,Seattle,47.627415,-122.32291,-25200,America/Los_Angeles,GMT-7,10.0,12.766666666666667,85.13333333333334,11.759999999999998
6,13,4,Lumen Field,Seattle,47.627415,-122.32291,-25200,America/Los_Angeles,GMT-7,10.0,12.466666666666667,86.26666666666667,11.299999999999995
6,13,5,Lumen Field,Seattle,47.627415,-122.32291,-25200,America/Los_Angeles,GMT-7,10.0,12.273333333333333,86.4,10.913333333333334
6,13,6,Lumen Field,Seattle,47.627415,-122.32291,-25200,America/Los_Angeles,GMT-7,10.0,12.266666666666664,86.0,10.7
6,13,7,Lumen Field,Seattle,47.627415,-122.32291,-25200,America/Los_Angeles,GMT-7,10.0,12.493333333333332,84.8,10.766666666666667
6,13,8,Lumen Field,Seattle,47.627415,-122.32291,-25200,America/Los_Angeles,GMT-7,10.0,13.006666666666666,82.13333333333334,11.193333333333332
6,13,9,Lumen Field,Seattle,47.627415,-122.32291,-25200,America/Los_Angeles,GMT-7,10.0,13.666666666666666,78.8,11.939999999999998
6,13,10,Lumen Field,Seattle,47.627415,-122.32291,-25200,America/Los_Angeles,GMT-7,10.0,14.473333333333333,74.2,12.879999999999999
6,13,11,Lumen Field,Seattle,47.627415,-122.32291,-25200,America/Los_Angeles,GMT-7,10.0,15.379999999999999,70.0,14.073333333333332
6,13,12,Lumen Field,Seattle,47.627415,-122.32291,-25200,America/Los_Angeles,GMT-7,10.0,16.293333333333333,65.66666666666667,15.206666666666669
6,13,13,Lumen Field,Seattle,47.627415,-122.32291,-25200,America/Los_Angeles,GMT-7,10.0,17.13333333333333,62.13333333333333,16.1
6,13,14,Lumen Field,Seattle,47.627415,-122.32291,-25200,America/Los_Angeles,GMT-7,10.0,17.746666666666666,59.46666666666667,16.66
6,13,15,Lumen Field,Seattle,47.627415,-122.32291,-25200,America/Los_Angeles,GMT-7,10.0,17.9,59.86666666666667,16.8
6,13,16,Lumen Field,Seattle,47.627415,-122.32291,-25200,America/Los_Angeles,GMT-7,10.0,17.59333333333333,62.06666666666667,16.513333333333332
6,13,17,Lumen Field,Seattle,47.627415,-122.32291,-25200,America/Los_Angeles,GMT-7,10.0,17.046666666666663,65.06666666666666,15.926666666666668
6,13,18,Lumen Field,Seattle,47.627415,-122.32291,-25200,America/Los_Angeles,GMT-7,10.0,16.566666666666666,67.66666666666667,15.226666666666665
6,13,19,Lumen Field,Seattle,47.627415,-122.32291,-25200,America/Los_Angeles,GMT-7,10.0,16.113333333333333,70.33333333333333,14.673333333333334
6,13,20,Lumen Field,Seattle,47.627415,-122.32291,-25200,America/Los_Angeles,GMT-7,10.0,15.446666666666667,73.4,13.826666666666666
6,13,21,Lumen Field,Seattle,47.627415,-122.32291,-25200,America/Los_Angeles,GMT-7,10.0,14.626666666666667,75.93333333333334,12.926666666666668
6,13,22,Lumen Field,Seattle,47.627415,-122.32291,-25200,America/Los_Angeles,GMT-7,10.0,13.833333333333334,77.06666666666666,11.993333333333332
6,13,23,Lumen Field,Seattle,47.627415,-122.32291,-25200,America/Los_Angeles,GMT-7,10.0,13.433333333333334,79.13333333333334,11.773333333333333
6,14,0,Lumen Field,Seattle,47.627415,-122.32291,-25200,America/Los_Angeles,GMT-7,10.0,12.8,78.6,10.879999999999997
6,14,1,Lumen Field,Seattle,47.627415,-122.32291,-25200,America/Los_Angeles,GMT-7,10.0,12.226666666666665,79.53333333333333,10.233333333333333
6,14,2,Lumen Field,Seattle,47.627415,-122.32291,-25200,America/Los_Angeles,GMT-7,10.0,11.886666666666665,81.0,9.953333333333331
6,14,3,Lumen Field,Seattle,47.627415,-122.32291,-25200,America/Los_Angeles,GMT-7,10.0,11.626666666666665,82.26666666666667,9.693333333333333
6,14,4,Lumen Field,Seattle,47.627415,-122.32291,-25200,America/Los_Angeles,GMT-7,10.0,11.433333333333332,83.26666666666667,9.446666666666667
6,14,5,Lumen Field,Seattle,47.627415,-122.32291,-25200,America/Los_Angeles,GMT-7,10.0,11.419999999999998,83.2,9.346666666666668
6,14,6,Lumen Field,Seattle,47.627415,-122.32291,-25200,America/Los_Angeles,GMT-7,10.0,11.6,81.93333333333334,9.433333333333335
6,14,7,Lumen Field,Seattle,47.627415,-122.32291,-25200,America/Los_Angeles,GMT-7,10.0,11.966666666666667,80.06666666666666,9.740000000000002
6,14,8,Lumen Field,Seattle,47.627415,-122.32291,-25200,America/Los_Angeles,GMT-7,10.0,12.533333333333333,77.46666666666667,10.293333333333333
6,14,9,Lumen Field,Seattle,47.627415,-122.32291,-25200,America/Los_Angeles,GMT-7,10.0,13.306666666666667,73.53333333333333,11.1
6,14,10,Lumen Field,Seattle,47.627415,-122.32291,-25200,America/Los_Angeles,GMT-7,10.0,14.166666666666666,69.06666666666666,12.053333333333335
6,14,11,Lumen Field,Seattle,47.627415,-122.32291,-25200,America/Los_Angeles,GMT-7,10.0,15.113333333333335,64.46666666666667,13.273333333333333
6,14,12,Lumen Field,Seattle,47.627415,-122.32291,-25200,America/Los_Angeles,GMT-7,10.0,16.12666666666667,60.266666666666666,14.766666666666667
6,14,13,Lumen Field,Seattle,47.627415,-122.32291,-25200,America/Los_Angeles,GMT-7,10.0,17.013333333333335,56.46666666666667,15.78
6,14,14,Lumen Field,Seattle,47.627415,-122.32291,-25200,America/Los_Angeles,GMT-7,10.0,17.686666666666667,54.06666666666667,16.426666666666666
6,14,15,Lumen Field,Seattle,47.627415,-122.32291,-25200,America/Los_Angeles,GMT-7,10.0,18.119999999999997,52.86666666666667,16.52
6,14,16,Lumen Field,Seattle,47.627415,-122.32291,-25200,America/Los_Angeles,GMT-7,10.0,18.1,54.8,16.46
6,14,17,Lumen Field,Seattle,47.627415,-122.32291,-25200,America/Los_Angeles,GMT-7,10.0,17.68,58.06666666666667,16.020000000000003
6,14,18,Lumen Field,Seattle,47.627415,-122.32291,-25200,America/Los_Angeles,GMT-7,10.0,17.086666666666662,61.666666666666664,15.533333333333335
6,14,19,Lumen Field,Seattle,47.627415,-122.32291,-25200,America/Los_Angeles,GMT-7,10.0,16.619999999999997,64.13333333333334,15.173333333333334
6,14,20,Lumen Field,Seattle,47.627415,-122.32291,-25200,America/Los_Angeles,GMT-7,10.0,15.919999999999998,68.4,14.526666666666667
6,14,21,Lumen Field,Seattle,47.627415,-122.32291,-25200,America/Los_Angeles,GMT-7,10.0,15.08,73.0,13.646666666666667
6,14,22,Lumen Field,Seattle,47.627415,-122.32291,-25200,America/Los_Angeles,GMT-7,10.0,14.22,76.8,12.686666666666667
6,14,23,Lumen Field,Seattle,47.627415,-122.32291,-25200,America/Los_Angeles,GMT-7,10.0,13.506666666666666,77.46666666666667,11.733333333333333
6,15,0,Lumen Field,Seattle,47.627415,-122.32291,-25200,America/Los_Angeles,GMT-7,10.0,12.946666666666665,77.66666666666667,11.066666666666666
6,15,1,Lumen Field,Seattle,47.627415,-122.32291,-25200,America/Los_Angeles,GMT-7,10.0,12.573333333333332,79.26666666666667,10.819999999999999
6,15,2,Lumen Field,Seattle,47.627415,-122.32291,-25200,America/Los_Angeles,GMT-7,10.0,11.973333333333333,81.4,10.226666666666667
6,15,3,Lumen Field,Seattle,47.627415,-122.32291,-25200,America/Los_Angeles,GMT-7,10.0,11.466666666666667,83.46666666666667,9.713333333333335
6,15,4,Lumen Field,Seattle,47.627415,-122.32291,-25200,America/Los_Angeles,GMT-7,10.0,11.180000000000001,85.0,9.453333333333337
6,15,5,Lumen Field,Seattle,47.627415,-122.32291,-25200,America/Los_Angeles,GMT-7,10.0,11.066666666666666,85.53333333333333,9.3
6,15,6,Lumen Field,Seattle,47.627415,-122.32291,-25200,America/Los_Angeles,GMT-7,10.0,11.206666666666669,85.26666666666667,9.426666666666668
6,15,7,Lumen Field,Seattle,47.627415,-122.32291,-25200,America/Los_Angeles,GMT-7,10.0,11.586666666666668,83.53333333333333,9.74
6,15,8,Lumen Field,Seattle,47.627415,-122.32291,-25200,America/Los_Angeles,GMT-7,10.0,12.273333333333333,80.53333333333333,10.439999999999998
6,15,9,Lumen Field,Seattle,47.627415,-122.32291,-25200,America/Los_Angeles,GMT-7,10.0,13.166666666666666,76.33333333333333,11.346666666666664
6,15,10,Lumen Field,Seattle,47.627415,-122.32291,-25200,America/Los_Angeles,GMT-7,10.0,14.1,71.13333333333334,12.346666666666664
6,15,11,Lumen Field,Seattle,47.627415,-122.32291,-25200,America/Los_Angeles,GMT-7,10.0,14.993333333333334,66.53333333333333,13.273333333333332
6,15,12,Lumen Field,Seattle,47.627415,-122.32291,-25200,America/Los_Angeles,GMT-7,10.0,15.859999999999998,62.4,14.479999999999999
6,15,13,Lumen Field,Seattle,47.627415,-122.32291,-25200,America/Los_Angeles,GMT-7,10.0,16.606666666666666,59.86666666666667,15.453333333333331
6,15,14,Lumen Field,Seattle,47.627415,-122.32291,-25200,America/Los_Angeles,GMT-7,10.0,17.346666666666668,57.0,16.35333333333333
6,15,15,Lumen Field,Seattle,47.627415,-122.32291,-25200,America/Los_Angeles,GMT-7,10.0,17.55333333333333,56.4,16.206666666666667
6,15,16,Lumen Field,Seattle,47.627415,-122.32291,-25200,America/Los_Angeles,GMT-7,10.0,17.619999999999997,56.266666666666666,15.986666666666668
6,15,17,Lumen Field,Seattle,47.627415,-122.32291,-25200,America/Los_Angeles,GMT-7,10.0,17.36,57.8,15.56
6,15,18,Lumen Field,Seattle,47.627415,-122.32291,-25200,America/Los_Angeles,GMT-7,10.0,17.186666666666667,58.733333333333334,15.406666666666666
6,15,19,Lumen Field,Seattle,47.627415,-122.32291,-25200,America/Los_Angeles,GMT-7,10.0,16.833333333333336,60.8,15.099999999999998
6,15,20,Lumen Field,Seattle,47.627415,-122.32291,-25200,America/Los_Angeles,GMT-7,10.0,16.046666666666667,64.26666666666667,14.273333333333333
6,15,21,Lumen Field,Seattle,47.627415,-122.32291,-25200,America/Los_Angeles,GMT-7,10.0,15.033333333333331,68.6,13.253333333333332
6,15,22,Lumen Field,Seattle,47.627415,-122.32291,-25200,America/Los_Angeles,GMT-7,10.0,13.919999999999998,73.0,12.0
6,15,23,Lumen Field,Seattle,47.627415,-122.32291,-25200,America/Los_Angeles,GMT-7,10.0,13.359999999999998,75.8,11.473333333333333
6,16,0,Lumen Field,Seattle,47.627415,-122.32291,-25200,America/Los_Angeles,GMT-7,10.0,13.060000000000002,78.33333333333333,11.460000000000003
6,16,1,Lumen Field,Seattle,47.627415,-122.32291,-25200,America/Los_Angeles,GMT-7,10.0,12.4,80.4,10.76666666666667
6,16,2,Lumen Field,Seattle,47.627415,-122.32291,-25200,America/Los_Angeles,GMT-7,10.0,11.96,83.4,10.560000000000002
6,16,3,Lumen Field,Seattle,47.627415,-122.32291,-25200,America/Los_Angeles,GMT-7,10.0,11.553333333333333,86.33333333333333,10.346666666666666
6,16,4,Lumen Field,Seattle,47.627415,-122.32291,-25200,America/Los_Angeles,GMT-7,10.0,11.459999999999999,87.6,10.520000000000001
6,16,5,Lumen Field,Seattle,47.627415,-122.32291,-25200,America/Los_Angeles,GMT-7,10.0,11.466666666666667,87.93333333333334,10.633333333333333
6,16,6,Lumen Field,Seattle,47.627415,-122.32291,-25200,America/Los_Angeles,GMT-7,10.0,11.673333333333336,87.8,10.919999999999998
6,16,7,Lumen Field,Seattle,47.627415,-122.32291,-25200,America/Los_Angeles,GMT-7,10.0,12.120000000000001,86.73333333333333,11.326666666666666
6,16,8,Lumen Field,Seattle,47.627415,-122.32291,-25200,America/Los_Angeles,GMT-7,10.0,12.873333333333335,83.8,12.066666666666666
6,16,9,Lumen Field,Seattle,47.627415,-122.32291,-25200,America/Los_Angeles,GMT-7,10.0,13.846666666666666,79.06666666666666,13.013333333333334
6,16,10,Lumen Field,Seattle,47.627415,-122.32291,-25200,America/Los_Angeles,GMT-7,10.0,14.926666666666668,73.6,14.220000000000002
6,16,11,Lumen Field,Seattle,47.627415,-122.32291,-25200,America/Los_Angeles,GMT-7,10.0,16.113333333333333,67.33333333333333,15.653333333333336
6,16,12,Lumen Field,Seattle,47.627415,-122.32291,-25200,America/Los_Angeles,GMT-7,10.0,17.273333333333333,61.8,17.0
6,16,13,Lumen Field,Seattle,47.627415,-122.32291,-25200,America/Los_Angeles,GMT-7,10.0,18.166666666666668,58.0,17.826666666666664
6,16,14,Lumen Field,Seattle,47.627415,-122.32291,-25200,America/Los_Angeles,GMT-7,10.0,18.7,55.53333333333333,18.186666666666664
6,16,15,Lumen Field,Seattle,47.627415,-122.32291,-25200,America/Los_Angeles,GMT-7,10.0,18.993333333333332,53.266666666666666,18.113333333333333
6,16,16,Lumen Field,Seattle,47.627415,-122.32291,-25200,America/Los_Angeles,GMT-7,10.0,19.160000000000004,51.266666666666666,17.839999999999996
6,16,17,Lumen Field,Seattle,47.627415,-122.32291,-25200,America/Los_Angeles,GMT-7,10.0,18.980000000000004,51.53333333333333,17.186666666666664
6,16,18,Lumen Field,Seattle,47.627415,-122.32291,-25200,America/Los_Angeles,GMT-7,10.0,18.386666666666667,54.86666666666667,16.386666666666667
6,16,19,Lumen Field,Seattle,47.627415,-122.32291,-25200,America/Los_Angeles,GMT-7,10.0,17.433333333333334,60.46666666666667,15.593333333333334
6,16,20,Lumen Field,Seattle,47.627415,-122.32291,-25200,America/Los_Angeles,GMT-7,10.0,16.32,66.6,14.66
6,16,21,Lumen Field,Seattle,47.627415,-122.32291,-25200,America/Los_Angeles,GMT-7,10.0,15.266666666666671,71.46666666666667,13.793333333333333
6,16,22,Lumen Field,Seattle,47.627415,-122.32291,-25200,America/Los_Angeles,GMT-7,10.0,14.386666666666667,74.86666666666666,12.94
6,16,23,Lumen Field,Seattle,47.627415,-122.32291,-25200,America/Los_Angeles,GMT-7,10.0,13.639999999999999,76.8,12.086666666666668
6,17,0,Lumen Field,Seattle,47.627415,-122.32291,-25200,America/Los_Angeles,GMT-7,10.0,13.406666666666666,76.86666666666666,11.713333333333335
6,17,1,Lumen Field,Seattle,47.627415,-122.32291,-25200,America/Los_Angeles,GMT-7,10.0,12.913333333333332,80.26666666666667,11.446666666666667
6,17,2,Lumen Field,Seattle,47.627415,-122.32291,-25200,America/Los_Angeles,GMT-7,10.0,12.446666666666665,81.73333333333333,10.879999999999999
6,17,3,Lumen Field,Seattle,47.627415,-122.32291,-25200,America/Los_Angeles,GMT-7,10.0,12.0,83.2,10.319999999999999
6,17,4,Lumen Field,Seattle,47.627415,-122.32291,-25200,America/Los_Angeles,GMT-7,10.0,11.640000000000002,84.53333333333333,9.84
6,17,5,Lumen Field,Seattle,47.627415,-122.32291,-25200,America/Los_Angeles,GMT-7,10.0,11.546666666666669,85.2,9.786666666666669
6,17,6,Lumen Field,Seattle,47.627415,-122.32291,-25200,America/Los_Angeles,GMT-7,10.0,11.72,84.66666666666667,9.946666666666667
6,17,7,Lumen Field,Seattle,47.627415,-122.32291,-25200,America/Los_Angeles,GMT-7,10.0,12.166666666666666,82.86666666666666,10.38
6,17,8,Lumen Field,Seattle,47.627415,-122.32291,-25200,America/Los_Angeles,GMT-7,10.0,12.753333333333332,80.06666666666666,10.933333333333335
6,17,9,Lumen Field,Seattle,47.627415,-122.32291,-25200,America/Los_Angeles,GMT-7,10.0,13.499999999999998,76.53333333333333,11.793333333333335
6,17,10,Lumen Field,Seattle,47.627415,-122.32291,-25200,America/Los_Angeles,GMT-7,10.0,14.419999999999998,71.86666666666666,13.013333333333334
6,17,11,Lumen Field,Seattle,47.627415,-122.32291,-25200,America/Los_Angeles,GMT-7,10.0,15.48,66.93333333333334,14.473333333333334
6,17,12,Lumen Field,Seattle,47.627415,-122.32291,-25200,America/Los_Angeles,GMT-7,10.0,16.55333333333333,62.666666666666664,15.906666666666668
6,17,13,Lumen Field,Seattle,47.627415,-122.32291,-25200,America/Los_Angeles,GMT-7,10.0,17.540000000000003,59.53333333333333,16.92
6,17,14,Lumen Field,Seattle,47.627415,-122.32291,-25200,America/Los_Angeles,GMT-7,10.0,18.266666666666666,57.666666666666664,17.54
6,17,15,Lumen Field,Seattle,47.627415,-122.32291,-25200,America/Los_Angeles,GMT-7,10.0,18.70666666666667,56.93333333333333,17.69333333333333
6,17,16,Lumen Field,Seattle,47.627415,-122.32291,-25200,America/Los_Angeles,GMT-7,10.0,18.513333333333335,58.46666666666667,17.206666666666667
6,17,17,Lumen Field,Seattle,47.627415,-122.32291,-25200,America/Los_Angeles,GMT-7,10.0,18.14666666666667,60.266666666666666,16.466666666666672
6,17,18,Lumen Field,Seattle,47.627415,-122.32291,-25200,America/Los_Angeles,GMT-7,10.0,17.486666666666665,63.06666666666667,15.560000000000002
6,17,19,Lumen Field,Seattle,47.627415,-122.32291,-25200,America/Los_Angeles,GMT-7,10.0,16.89333333333333,65.26666666666667,14.879999999999999
6,17,20,Lumen Field,Seattle,47.627415,-122.32291,-25200,America/Los_Angeles,GMT-7,10.0,16.046666666666667,68.13333333333334,14.039999999999997
6,17,21,Lumen Field,Seattle,47.627415,-122.32291,-25200,America/Los_Angeles,GMT-7,10.0,15.193333333333333,70.13333333333334,13.206666666666667
6,17,22,Lumen Field,Seattle,47.627415,-122.32291,-25200,America/Los_Angeles,GMT-7,10.0,14.48,71.26666666666667,12.453333333333335
6,17,23,Lumen Field,Seattle,47.627415,-122.32291,-25200,America/Los_Angeles,GMT-7,10.0,13.88,74.06666666666666,12.020000000000001
6,18,0,Lumen Field,Seattle,47.627415,-122.32291,-25200,America/Los_Angeles,GMT-7,10.0,13.08666666666667,76.86666666666666,11.139999999999999
6,18,1,Lumen Field,Seattle,47.627415,-122.32291,-25200,America/Los_Angeles,GMT-7,10.0,12.946666666666667,78.46666666666667,10.966666666666665
6,18,2,Lumen Field,Seattle,47.627415,-122.32291,-25200,America/Los_Angeles,GMT-7,10.0,12.526666666666667,81.53333333333333,10.626666666666665
6,18,3,Lumen Field,Seattle,47.627415,-122.32291,-25200,America/Los_Angeles,GMT-7,10.0,12.139999999999999,84.0,10.313333333333334
6,18,4,Lumen Field,Seattle,47.627415,-122.32291,-25200,America/Los_Angeles,GMT-7,10.0,11.853333333333333,85.53333333333333,10.113333333333335
6,18,5,Lumen Field,Seattle,47.627415,-122.32291,-25200,America/Los_Angeles,GMT-7,10.0,11.746666666666666,86.4,10.073333333333332
6,18,6,Lumen Field,Seattle,47.627415,-122.32291,-25200,America/Los_Angeles,GMT-7,10.0,11.92,86.0,10.286666666666665
6,18,7,Lumen Field,Seattle,47.627415,-122.32291,-25200,America/Los_Angeles,GMT-7,10.0,12.433333333333334,84.2,10.806666666666665
6,18,8,Lumen Field,Seattle,47.627415,-122.32291,-25200,America/Los_Angeles,GMT-7,10.0,13.146666666666667,80.8,11.499999999999998
6,18,9,Lumen Field,Seattle,47.627415,-122.32291,-25200,America/Los_Angeles,GMT-7,10.0,13.96,76.8,12.319999999999997
6,18,10,Lumen Field,Seattle,47.627415,-122.32291,-25200,America/Los_Angeles,GMT-7,10.0,14.806666666666668,72.13333333333334,13.219999999999999
6,18,11,Lumen Field,Seattle,47.627415,-122.32291,-25200,America/Los_Angeles,GMT-7,10.0,15.586666666666668,67.4,14.139999999999999
6,18,12,Lumen Field,Seattle,47.627415,-122.32291,-25200,America/Los_Angeles,GMT-7,10.0,16.153333333333332,64.13333333333334,14.826666666666666
6,18,13,Lumen Field,Seattle,47.627415,-122.32291,-25200,America/Los_Angeles,GMT-7,10.0,16.633333333333333,61.8,15.393333333333334
6,18,14,Lumen Field,Seattle,47.627415,-122.32291,-25200,America/Los_Angeles,GMT-7,10.0,16.913333333333334,61.06666666666667,15.673333333333334
6,18,15,Lumen Field,Seattle,47.627415,-122.32291,-25200,America/Los_Angeles,GMT-7,10.0,17.313333333333336,59.13333333333333,16.026666666666664
6,18,16,Lumen Field,Seattle,47.627415,-122.32291,-25200,America/Los_Angeles,GMT-7,10.0,17.42,58.53333333333333,16.066666666666666
6,18,17,Lumen Field,Seattle,47.627415,-122.32291,-25200,America/Los_Angeles,GMT-7,10.0,17.273333333333333,58.46666666666667,15.813333333333333
6,18,18,Lumen Field,Seattle,47.627415,-122.32291,-25200,America/Los_Angeles,GMT-7,10.0,16.746666666666666,60.86666666666667,15.18
6,18,19,Lumen Field,Seattle,47.627415,-122.32291,-25200,America/Los_Angeles,GMT-7,10.0,16.05333333333333,63.53333333333333,14.346666666666666
6,18,20,Lumen Field,Seattle,47.627415,-122.32291,-25200,America/Los_Angeles,GMT-7,10.0,15.106666666666666,68.66666666666667,13.426666666666668
6,18,21,Lumen Field,Seattle,47.627415,-122.32291,-25200,America/Los_Angeles,GMT-7,10.0,14.18,73.2,12.513333333333337
6,18,22,Lumen Field,Seattle,47.627415,-122.32291,-25200,America/Los_Angeles,GMT-7,10.0,13.353333333333333,76.8,11.693333333333335
6,18,23,Lumen Field,Seattle,47.627415,-122.32291,-25200,America/Los_Angeles,GMT-7,10.0,13.2,76.66666666666667,11.353333333333333
6,19,0,Lumen Field,Seattle,47.627415,-122.32291,-25200,America/Los_Angeles,GMT-7,10.0,12.893333333333336,78.13333333333334,11.113333333333335
6,19,1,Lumen Field,Seattle,47.627415,-122.32291,-25200,America/Los_Angeles,GMT-7,10.0,11.753333333333332,82.46666666666667,10.06
6,19,2,Lumen Field,Seattle,47.627415,-122.32291,-25200,America/Los_Angeles,GMT-7,10.0,11.353333333333332,84.93333333333334,9.733333333333333
6,19,3,Lumen Field,Seattle,47.627415,-122.32291,-25200,America/Los_Angeles,GMT-7,10.0,11.146666666666668,86.66666666666667,9.666666666666666
6,19,4,Lumen Field,Seattle,47.627415,-122.32291,-25200,America/Los_Angeles,GMT-7,10.0,11.013333333333332,87.86666666666666,9.653333333333334
6,19,5,Lumen Field,Seattle,47.627415,-122.32291,-25200,America/Los_Angeles,GMT-7,10.0,11.093333333333332,87.53333333333333,9.74
6,19,6,Lumen Field,Seattle,47.627415,-122.32291,-25200,America/Los_Angeles,GMT-7,10.0,11.433333333333334,86.06666666666666,10.039999999999997
6,19,7,Lumen Field,Seattle,47.627415,-122.32291,-25200,America/Los_Angeles,GMT-7,10.0,12.053333333333335,83.53333333333333,10.673333333333334
6,19,8,Lumen Field,Seattle,47.627415,-122.32291,-25200,America/Los_Angeles,GMT-7,10.0,12.9,80.4,11.586666666666668
6,19,9,Lumen Field,Seattle,47.627415,-122.32291,-25200,America/Los_Angeles,GMT-7,10.0,13.873333333333333,76.4,12.653333333333334
6,19,10,Lumen Field,Seattle,47.627415,-122.32291,-25200,America/Los_Angeles,GMT-7,10.0,14.846666666666668,72.4,13.733333333333336
6,19,11,Lumen Field,Seattle,47.627415,-122.32291,-25200,America/Los_Angeles,GMT-7,10.0,15.826666666666664,67.86666666666666,14.940000000000001
6,19,12,Lumen Field,Seattle,47.627415,-122.32291,-25200,America/Los_Angeles,GMT-7,10.0,16.786666666666665,62.93333333333333,16.14666666666667
6,19,13,Lumen Field,Seattle,47.627415,-122.32291,-25200,America/Los_Angeles,GMT-7,10.0,17.84,57.46666666666667,17.506666666666668
6,19,14,Lumen Field,Seattle,47.627415,-122.32291,-25200,America/Los_Angeles,GMT-7,10.0,18.706666666666667,53.2,18.220000000000002
6,19,15,Lumen Field,Seattle,47.627415,-122.32291,-25200,America/Los_Angeles,GMT-7,10.0,19.32,50.733333333333334,18.473333333333333
6,19,16,Lumen Field,Seattle,47.627415,-122.32291,-25200,America/Los_Angeles,GMT-7,10.0,19.526666666666664,49.93333333333333,18.166666666666668
6,19,17,Lumen Field,Seattle,47.627415,-122.32291,-25200,America/Los_Angeles,GMT-7,10.0,19.5,49.93333333333333,17.84666666666666
6,19,18,Lumen Field,Seattle,47.627415,-122.32291,-25200,America/Los_Angeles,GMT-7,10.0,19.13333333333333,51.733333333333334,17.3
6,19,19,Lumen Field,Seattle,47.627415,-122.32291,-25200,America/Los_Angeles,GMT-7,10.0,18.473333333333333,55.6,16.633333333333336
6,19,20,Lumen Field,Seattle,47.627415,-122.32291,-25200,America/Los_Angeles,GMT-7,10.0,17.499999999999996,60.733333333333334,15.766666666666667
6,19,21,Lumen Field,Seattle,47.627415,-122.32291,-25200,America/Los_Angeles,GMT-7,10.0,16.39333333333333,66.0,14.74
6,19,22,Lumen Field,Seattle,47.627415,-122.32291,-25200,America/Los_Angeles,GMT-7,10.0,15.473333333333333,69.4,13.706666666666667
6,19,23,Lumen Field,Seattle,47.627415,-122.32291,-25200,America/Los_Angeles,GMT-7,10.0,14.1,74.06666666666666,12.3
6,20,0,Lumen Field,Seattle,47.627415,-122.32291,-25200,America/Los_Angeles,GMT-7,10.0,14.253333333333332,74.8,12.713333333333336
6,20,1,Lumen Field,Seattle,47.627415,-122.32291,-25200,America/Los_Angeles,GMT-7,10.0,13.793333333333331,76.53333333333333,12.180000000000001
6,20,2,Lumen Field,Seattle,47.627415,-122.32291,-25200,America/Los_Angeles,GMT-7,10.0,13.42,79.0,11.833333333333334
6,20,3,Lumen Field,Seattle,47.627415,-122.32291,-25200,America/Los_Angeles,GMT-7,10.0,13.046666666666665,81.13333333333334,11.379999999999999
6,20,4,Lumen Field,Seattle,47.627415,-122.32291,-25200,America/Los_Angeles,GMT-7,10.0,12.653333333333336,83.26666666666667,10.96
6,20,5,Lumen Field,Seattle,47.627415,-122.32291,-25200,America/Los_Angeles,GMT-7,10.0,12.46,84.33333333333333,10.766666666666667
6,20,6,Lumen Field,Seattle,47.627415,-122.32291,-25200,America/Los_Angeles,GMT-7,10.0,12.58,84.0,10.886666666666665
6,20,7,Lumen Field,Seattle,47.627415,-122.32291,-25200,America/Los_Angeles,GMT-7,10.0,13.06,81.93333333333334,11.31333333333333
6,20,8,Lumen Field,Seattle,47.627415,-122.32291,-25200,America/Los_Angeles,GMT-7,10.0,13.766666666666664,79.06666666666666,11.98
6,20,9,Lumen Field,Seattle,47.627415,-122.32291,-25200,America/Los_Angeles,GMT-7,10.0,14.606666666666664,75.73333333333333,12.853333333333333
6,20,10,Lumen Field,Seattle,47.627415,-122.32291,-25200,America/Los_Angeles,GMT-7,10.0,15.499999999999998,72.26666666666667,13.9
6,20,11,Lumen Field,Seattle,47.627415,-122.32291,-25200,America/Los_Angeles,GMT-7,10.0,16.4,68.93333333333334,15.033333333333333
6,20,12,Lumen Field,Seattle,47.627415,-122.32291,-25200,America/Los_Angeles,GMT-7,10.0,17.246666666666666,66.0,16.16
6,20,13,Lumen Field,Seattle,47.627415,-122.32291,-25200,America/Los_Angeles,GMT-7,10.0,18.079999999999995,62.86666666666667,17.166666666666668
6,20,14,Lumen Field,Seattle,47.627415,-122.32291,-25200,America/Los_Angeles,GMT-7,10.0,18.81333333333333,59.6,17.94
6,20,15,Lumen Field,Seattle,47.627415,-122.32291,-25200,America/Los_Angeles,GMT-7,10.0,19.313333333333333,56.733333333333334,18.273333333333333
6,20,16,Lumen Field,Seattle,47.627415,-122.32291,-25200,America/Los_Angeles,GMT-7,10.0,19.466666666666665,56.266666666666666,18.19333333333333
6,20,17,Lumen Field,Seattle,47.627415,-122.32291,-25200,America/Los_Angeles,GMT-7,10.0,19.21333333333333,57.8,17.706666666666667
6,20,18,Lumen Field,Seattle,47.627415,-122.32291,-25200,America/Los_Angeles,GMT-7,10.0,18.813333333333333,60.2,17.30666666666667
6,20,19,Lumen Field,Seattle,47.627415,-122.32291,-25200,America/Los_Angeles,GMT-7,10.0,18.226666666666667,61.93333333333333,16.786666666666665
6,20,20,Lumen Field,Seattle,47.627415,-122.32291,-25200,America/Los_Angeles,GMT-7,10.0,17.526666666666664,63.6,16.186666666666664
6,20,21,Lumen Field,Seattle,47.627415,-122.32291,-25200,America/Los_Angeles,GMT-7,10.0,16.633333333333333,66.2,15.319999999999999
6,20,22,Lumen Field,Seattle,47.627415,-122.32291,-25200,America/Los_Angeles,GMT-7,10.0,15.713333333333333,69.73333333333333,14.393333333333336
6,20,23,Lumen Field,Seattle,47.627415,-122.32291,-25200,America/Los_Angeles,GMT-7,10.0,14.893333333333333,72.46666666666667,13.446666666666667
6,21,0,Lumen Field,Seattle,47.627415,-122.32291,-25200,America/Los_Angeles,GMT-7,10.0,14.519999999999998,76.93333333333334,13.306666666666665
6,21,1,Lumen Field,Seattle,47.627415,-122.32291,-25200,America/Los_Angeles,GMT-7,10.0,13.493333333333334,79.06666666666666,12.113333333333333
6,21,2,Lumen Field,Seattle,47.627415,-122.32291,-25200,America/Los_Angeles,GMT-7,10.0,12.806666666666667,81.73333333333333,11.326666666666666
6,21,3,Lumen Field,Seattle,47.627415,-122.32291,-25200,America/Los_Angeles,GMT-7,10.0,12.34,84.33333333333333,10.833333333333334
6,21,4,Lumen Field,Seattle,47.627415,-122.32291,-25200,America/Los_Angeles,GMT-7,10.0,12.15333333333333,86.4,10.726666666666668
6,21,5,Lumen Field,Seattle,47.627415,-122.32291,-25200,America/Los_Angeles,GMT-7,10.0,12.226666666666667,88.2,10.953333333333335
6,21,6,Lumen Field,Seattle,47.627415,-122.32291,-25200,America/Los_Angeles,GMT-7,10.0,12.726666666666667,88.06666666666666,11.700000000000001
6,21,7,Lumen Field,Seattle,47.627415,-122.32291,-25200,America/Los_Angeles,GMT-7,10.0,13.506666666666666,86.0,12.646666666666668
6,21,8,Lumen Field,Seattle,47.627415,-122.32291,-25200,America/Los_Angeles,GMT-7,10.0,14.546666666666665,82.66666666666667,13.813333333333336
6,21,9,Lumen Field,Seattle,47.627415,-122.32291,-25200,America/Los_Angeles,GMT-7,10.0,15.67333333333333,79.33333333333333,15.100000000000003
6,21,10,Lumen Field,Seattle,47.627415,-122.32291,-25200,America/Los_Angeles,GMT-7,10.0,16.846666666666668,75.8,16.540000000000003
6,21,11,Lumen Field,Seattle,47.627415,-122.32291,-25200,America/Los_Angeles,GMT-7,10.0,17.986666666666668,71.73333333333333,18.040000000000003
6,21,12,Lumen Field,Seattle,47.627415,-122.32291,-25200,America/Los_Angeles,GMT-7,10.0,19.04666666666667,67.4,19.399999999999995
6,21,13,Lumen Field,Seattle,47.627415,-122.32291,-25200,America/Los_Angeles,GMT-7,10.0,20.066666666666666,62.733333333333334,20.586666666666662
6,21,14,Lumen Field,Seattle,47.627415,-122.32291,-25200,America/Los_Angeles,GMT-7,10.0,21.033333333333328,58.6,21.666666666666664
6,21,15,Lumen Field,Seattle,47.627415,-122.32291,-25200,America/Los_Angeles,GMT-7,10.0,21.826666666666664,55.266666666666666,22.320000000000004
6,21,16,Lumen Field,Seattle,47.627415,-122.32291,-25200,America/Los_Angeles,GMT-7,10.0,22.279999999999998,53.666666666666664,22.339999999999996
6,21,17,Lumen Field,Seattle,47.627415,-122.32291,-25200,America/Los_Angeles,GMT-7,10.0,22.28666666666667,53.2,21.76
6,21,18,Lumen Field,Seattle,47.627415,-122.32291,-25200,America/Los_Angeles,GMT-7,10.0,21.959999999999997,54.266666666666666,21.10666666666667
6,21,19,Lumen Field,Seattle,47.627415,-122.32291,-25200,America/Los_Angeles,GMT-7,10.0,21.12666666666667,57.0,20.093333333333337
6,21,20,Lumen Field,Seattle,47.627415,-122.32291,-25200,America/Los_Angeles,GMT-7,10.0,19.813333333333333,61.0,18.653333333333332
6,21,21,Lumen Field,Seattle,47.627415,-122.32291,-25200,America/Los_Angeles,GMT-7,10.0,18.273333333333333,66.0,16.96
6,21,22,Lumen Field,Seattle,47.627415,-122.32291,-25200,America/Los_Angeles,GMT-7,10.0,16.89333333333333,70.93333333333334,15.679999999999998
6,21,23,Lumen Field,Seattle,47.627415,-122.32291,-25200,America/Los_Angeles,GMT-7,10.0,15.666666666666664,74.46666666666667,14.513333333333332
6,22,0,Lumen Field,Seattle,47.627415,-122.32291,-25200,America/Los_Angeles,GMT-7,10.0,15.04,80.06666666666666,14.526666666666666
6,22,1,Lumen Field,Seattle,47.627415,-122.32291,-25200,America/Los_Angeles,GMT-7,10.0,14.613333333333333,81.73333333333333,14.133333333333333
6,22,2,Lumen Field,Seattle,47.627415,-122.32291,-25200,America/Los_Angeles,GMT-7,10.0,14.233333333333333,83.46666666666667,13.653333333333336
6,22,3,Lumen Field,Seattle,47.627415,-122.32291,-25200,America/Los_Angeles,GMT-7,10.0,14.086666666666664,85.4,13.446666666666667
6,22,4,Lumen Field,Seattle,47.627415,-122.32291,-25200,America/Los_Angeles,GMT-7,10.0,13.919999999999998,87.2,13.266666666666667
6,22,5,Lumen Field,Seattle,47.627415,-122.32291,-25200,America/Los_Angeles,GMT-7,10.0,13.913333333333332,87.26666666666667,13.213333333333333
6,22,6,Lumen Field,Seattle,47.627415,-122.32291,-25200,America/Los_Angeles,GMT-7,10.0,13.9,85.8,12.94
6,22,7,Lumen Field,Seattle,47.627415,-122.32291,-25200,America/Los_Angeles,GMT-7,10.0,14.186666666666666,83.26666666666667,12.946666666666667
6,22,8,Lumen Field,Seattle,47.627415,-122.32291,-25200,America/Los_Angeles,GMT-7,10.0,14.786666666666667,79.86666666666666,13.359999999999998
6,22,9,Lumen Field,Seattle,47.627415,-122.32291,-25200,America/Los_Angeles,GMT-7,10.0,15.533333333333333,76.4,14.153333333333334
6,22,10,Lumen Field,Seattle,47.627415,-122.32291,-25200,America/Los_Angeles,GMT-7,10.0,16.306666666666665,72.86666666666666,15.113333333333335
6,22,11,Lumen Field,Seattle,47.627415,-122.32291,-25200,America/Los_Angeles,GMT-7,10.0,17.206666666666663,69.06666666666666,16.313333333333336
6,22,12,Lumen Field,Seattle,47.627415,-122.32291,-25200,America/Los_Angeles,GMT-7,10.0,18.206666666666667,65.0,17.653333333333332
6,22,13,Lumen Field,Seattle,47.627415,-122.32291,-25200,America/Los_Angeles,GMT-7,10.0,19.26666666666667,61.06666666666667,19.02
6,22,14,Lumen Field,Seattle,47.627415,-122.32291,-25200,America/Los_Angeles,GMT-7,10.0,20.153333333333332,57.86666666666667,20.233333333333338
6,22,15,Lumen Field,Seattle,47.627415,-122.32291,-25200,America/Los_Angeles,GMT-7,10.0,20.899999999999995,55.53333333333333,21.12666666666667
6,22,16,Lumen Field,Seattle,47.627415,-122.32291,-25200,America/Los_Angeles,GMT-7,10.0,21.253333333333334,55.53333333333333,21.43333333333333
6,22,17,Lumen Field,Seattle,47.627415,-122.32291,-25200,America/Los_Angeles,GMT-7,10.0,21.46,56.666666666666664,21.246666666666666
6,22,18,Lumen Field,Seattle,47.627415,-122.32291,-25200,America/Los_Angeles,GMT-7,10.0,21.15333333333334,59.46666666666667,20.59333333333333
6,22,19,Lumen Field,Seattle,47.627415,-122.32291,-25200,America/Los_Angeles,GMT-7,10.0,20.393333333333334,62.666666666666664,19.533333333333328
6,22,20,Lumen Field,Seattle,47.627415,-122.32291,-25200,America/Los_Angeles,GMT-7,10.0,18.966666666666665,66.6,17.89333333333333
6,22,21,Lumen Field,Seattle,47.627415,-122.32291,-25200,America/Los_Angeles,GMT-7,10.0,17.519999999999996,70.46666666666667,16.366666666666664
6,22,22,Lumen Field,Seattle,47.627415,-122.32291,-25200,America/Los_Angeles,GMT-7,10.0,16.4,73.8,15.359999999999998
6,22,23,Lumen Field,Seattle,47.627415,-122.32291,-25200,America/Los_Angeles,GMT-7,10.0,15.62,77.33333333333333,14.893333333333334
6,23,0,Lumen Field,Seattle,47.627415,-122.32291,-25200,America/Los_Angeles,GMT-7,10.0,15.106666666666666,76.13333333333334,14.04
6,23,1,Lumen Field,Seattle,47.627415,-122.32291,-25200,America/Los_Angeles,GMT-7,10.0,14.526666666666666,79.13333333333334,13.486666666666666
6,23,2,Lumen Field,Seattle,47.627415,-122.32291,-25200,America/Los_Angeles,GMT-7,10.0,13.833333333333332,81.53333333333333,12.666666666666666
6,23,3,Lumen Field,Seattle,47.627415,-122.32291,-25200,America/Los_Angeles,GMT-7,10.0,13.353333333333332,83.0,12.140000000000002
6,23,4,Lumen Field,Seattle,47.627415,-122.32291,-25200,America/Los_Angeles,GMT-7,10.0,12.986666666666668,84.46666666666667,11.766666666666667
6,23,5,Lumen Field,Seattle,47.627415,-122.32291,-25200,America/Los_Angeles,GMT-7,10.0,12.9,83.66666666666667,11.666666666666664
6,23,6,Lumen Field,Seattle,47.627415,-122.32291,-25200,America/Los_Angeles,GMT-7,10.0,12.966666666666667,83.0,11.76
6,23,7,Lumen Field,Seattle,47.627415,-122.32291,-25200,America/Los_Angeles,GMT-7,10.0,13.493333333333332,80.06666666666666,12.240000000000002
6,23,8,Lumen Field,Seattle,47.627415,-122.32291,-25200,America/Los_Angeles,GMT-7,10.0,14.3,76.6,12.98
6,23,9,Lumen Field,Seattle,47.627415,-122.32291,-25200,America/Los_Angeles,GMT-7,10.0,15.313333333333334,72.2,14.020000000000003
6,23,10,Lumen Field,Seattle,47.627415,-122.32291,-25200,America/Los_Angeles,GMT-7,10.0,16.38666666666667,68.0,15.373333333333333
6,23,11,Lumen Field,Seattle,47.627415,-122.32291,-25200,America/Los_Angeles,GMT-7,10.0,17.44,64.33333333333333,16.84
6,23,12,Lumen Field,Seattle,47.627415,-122.32291,-25200,America/Los_Angeles,GMT-7,10.0,18.48,60.93333333333333,18.3
6,23,13,Lumen Field,Seattle,47.627415,-122.32291,-25200,America/Los_Angeles,GMT-7,10.0,19.453333333333333,57.666666666666664,19.62666666666667
6,23,14,Lumen Field,Seattle,47.627415,-122.32291,-25200,America/Los_Angeles,GMT-7,10.0,20.406666666666663,54.266666666666666,20.800000000000004
6,23,15,Lumen Field,Seattle,47.627415,-122.32291,-25200,America/Los_Angeles,GMT-7,10.0,21.166666666666668,51.2,21.580000000000002
6,23,16,Lumen Field,Seattle,47.627415,-122.32291,-25200,America/Los_Angeles,GMT-7,10.0,21.586666666666666,48.8,21.46666666666666
6,23,17,Lumen Field,Seattle,47.627415,-122.32291,-25200,America/Los_Angeles,GMT-7,10.0,21.54666666666667,48.6,20.84
6,23,18,Lumen Field,Seattle,47.627415,-122.32291,-25200,America/Los_Angeles,GMT-7,10.0,21.133333333333333,50.06666666666667,19.90666666666667
6,23,19,Lumen Field,Seattle,47.627415,-122.32291,-25200,America/Los_Angeles,GMT-7,10.0,20.36,53.93333333333333,19.033333333333335
6,23,20,Lumen Field,Seattle,47.627415,-122.32291,-25200,America/Los_Angeles,GMT-7,10.0,19.166666666666664,59.06666666666667,17.846666666666668
6,23,21,Lumen Field,Seattle,47.627415,-122.32291,-25200,America/Los_Angeles,GMT-7,10.0,17.75333333333333,65.26666666666667,16.586666666666666
6,23,22,Lumen Field,Seattle,47.627415,-122.32291,-25200,America/Los_Angeles,GMT-7,10.0,16.48,69.73333333333333,15.340000000000002
6,23,23,Lumen Field,Seattle,47.627415,-122.32291,-25200,America/Los_Angeles,GMT-7,10.0,15.68,73.73333333333333,14.693333333333333
6,24,0,Lumen Field,Seattle,47.627415,-122.32291,-25200,America/Los_Angeles,GMT-7,10.0,14.693333333333333,75.46666666666667,13.413333333333334
6,24,1,Lumen Field,Seattle,47.627415,-122.32291,-25200,America/Los_Angeles,GMT-7,10.0,14.066666666666668,78.13333333333334,12.940000000000001
6,24,2,Lumen Field,Seattle,47.627415,-122.32291,-25200,America/Los_Angeles,GMT-7,10.0,13.76666666666667,79.66666666666667,12.793333333333331
6,24,3,Lumen Field,Seattle,47.627415,-122.32291,-25200,America/Los_Angeles,GMT-7,10.0,13.413333333333334,81.6,12.453333333333335
6,24,4,Lumen Field,Seattle,47.627415,-122.32291,-25200,America/Los_Angeles,GMT-7,10.0,13.126666666666669,83.06666666666666,12.146666666666667
6,24,5,Lumen Field,Seattle,47.627415,-122.32291,-25200,America/Los_Angeles,GMT-7,10.0,12.866666666666667,84.46666666666667,11.866666666666667
6,24,6,Lumen Field,Seattle,47.627415,-122.32291,-25200,America/Los_Angeles,GMT-7,10.0,13.060000000000002,83.86666666666666,12.106666666666667
6,24,7,Lumen Field,Seattle,47.627415,-122.32291,-25200,America/Los_Angeles,GMT-7,10.0,13.586666666666668,82.26666666666667,12.766666666666667
6,24,8,Lumen Field,Seattle,47.627415,-122.32291,-25200,America/Los_Angeles,GMT-7,10.0,14.586666666666668,78.46666666666667,13.873333333333331
6,24,9,Lumen Field,Seattle,47.627415,-122.32291,-25200,America/Los_Angeles,GMT-7,10.0,15.806666666666667,73.53333333333333,15.25333333333333
6,24,10,Lumen Field,Seattle,47.627415,-122.32291,-25200,America/Los_Angeles,GMT-7,10.0,17.1,68.33333333333333,16.833333333333332
6,24,11,Lumen Field,Seattle,47.627415,-122.32291,-25200,America/Los_Angeles,GMT-7,10.0,18.320000000000004,63.53333333333333,18.44
6,24,12,Lumen Field,Seattle,47.627415,-122.32291,-25200,America/Los_Angeles,GMT-7,10.0,19.466666666666672,59.2,19.92666666666667
6,24,13,Lumen Field,Seattle,47.627415,-122.32291,-25200,America/Los_Angeles,GMT-7,10.0,20.48666666666667,55.333333333333336,21.026666666666667
6,24,14,Lumen Field,Seattle,47.627415,-122.32291,-25200,America/Los_Angeles,GMT-7,10.0,21.3,52.4,21.62
6,24,15,Lumen Field,Seattle,47.627415,-122.32291,-25200,America/Los_Angeles,GMT-7,10.0,21.913333333333338,50.06666666666667,21.733333333333338
6,24,16,Lumen Field,Seattle,47.627415,-122.32291,-25200,America/Los_Angeles,GMT-7,10.0,22.3,48.666666666666664,21.466666666666665
6,24,17,Lumen Field,Seattle,47.627415,-122.32291,-25200,America/Los_Angeles,GMT-7,10.0,22.293333333333333,48.46666666666667,20.933333333333334
6,24,18,Lumen Field,Seattle,47.627415,-122.32291,-25200,America/Los_Angeles,GMT-7,10.0,21.846666666666668,50.0,20.240000000000006
6,24,19,Lumen Field,Seattle,47.627415,-122.32291,-25200,America/Los_Angeles,GMT-7,10.0,20.88,53.06666666666667,19.133333333333336
6,24,20,Lumen Field,Seattle,47.627415,-122.32291,-25200,America/Los_Angeles,GMT-7,10.0,19.46666666666666,57.666666666666664,17.626666666666665
6,24,21,Lumen Field,Seattle,47.627415,-122.32291,-25200,America/Los_Angeles,GMT-7,10.0,17.89333333333333,62.8,15.993333333333334
6,24,22,Lumen Field,Seattle,47.627415,-122.32291,-25200,America/Los_Angeles,GMT-7,10.0,16.546666666666667,67.66666666666667,14.806666666666667
6,24,23,Lumen Field,Seattle,47.627415,-122.32291,-25200,America/Los_Angeles,GMT-7,10.0,15.493333333333334,71.86666666666666,13.966666666666667
6,25,0,Lumen Field,Seattle,47.627415,-122.32291,-25200,America/Los_Angeles,GMT-7,10.0,15.819999999999999,72.2,14.82
6,25,1,Lumen Field,Seattle,47.627415,-122.32291,-25200,America/Los_Angeles,GMT-7,10.0,14.813333333333333,75.6,13.680000000000001
6,25,2,Lumen Field,Seattle,47.627415,-122.32291,-25200,America/Los_Angeles,GMT-7,10.0,14.313333333333333,77.73333333333333,13.2
6,25,3,Lumen Field,Seattle,47.627415,-122.32291,-25200,America/Los_Angeles,GMT-7,10.0,13.859999999999998,79.73333333333333,12.733333333333333
6,25,4,Lumen Field,Seattle,47.627415,-122.32291,-25200,America/Los_Angeles,GMT-7,10.0,13.520000000000001,81.53333333333333,12.440000000000001
6,25,5,Lumen Field,Seattle,47.627415,-122.32291,-25200,America/Los_Angeles,GMT-7,10.0,13.473333333333333,82.4,12.406666666666668
6,25,6,Lumen Field,Seattle,47.627415,-122.32291,-25200,America/Los_Angeles,GMT-7,10.0,13.853333333333333,81.66666666666667,12.719999999999999
6,25,7,Lumen Field,Seattle,47.627415,-122.32291,-25200,America/Los_Angeles,GMT-7,10.0,14.706666666666667,79.06666666666666,13.479999999999997
6,25,8,Lumen Field,Seattle,47.627415,-122.32291,-25200,America/Los_Angeles,GMT-7,10.0,15.919999999999998,75.46666666666667,14.613333333333333
6,25,9,Lumen Field,Seattle,47.627415,-122.32291,-25200,America/Los_Angeles,GMT-7,10.0,17.240000000000002,71.53333333333333,15.993333333333334
6,25,10,Lumen Field,Seattle,47.627415,-122.32291,-25200,America/Los_Angeles,GMT-7,10.0,18.55333333333333,67.8,17.593333333333337
6,25,11,Lumen Field,Seattle,47.627415,-122.32291,-25200,America/Los_Angeles,GMT-7,10.0,19.75333333333333,64.33333333333333,19.273333333333333
6,25,12,Lumen Field,Seattle,47.627415,-122.32291,-25200,America/Los_Angeles,GMT-7,10.0,20.91333333333333,60.8,20.933333333333337
6,25,13,Lumen Field,Seattle,47.627415,-122.32291,-25200,America/Los_Angeles,GMT-7,10.0,21.993333333333336,57.2,22.213333333333335
6,25,14,Lumen Field,Seattle,47.627415,-122.32291,-25200,America/Los_Angeles,GMT-7,10.0,22.919999999999998,53.8,23.053333333333338
6,25,15,Lumen Field,Seattle,47.627415,-122.32291,-25200,America/Los_Angeles,GMT-7,10.0,23.533333333333335,51.46666666666667,23.29333333333334
6,25,16,Lumen Field,Seattle,47.627415,-122.32291,-25200,America/Los_Angeles,GMT-7,10.0,23.95333333333333,49.86666666666667,23.31333333333334
6,25,17,Lumen Field,Seattle,47.627415,-122.32291,-25200,America/Los_Angeles,GMT-7,10.0,24.073333333333334,49.0,22.980000000000004
6,25,18,Lumen Field,Seattle,47.627415,-122.32291,-25200,America/Los_Angeles,GMT-7,10.0,23.873333333333335,49.13333333333333,22.53333333333334
6,25,19,Lumen Field,Seattle,47.627415,-122.32291,-25200,America/Los_Angeles,GMT-7,10.0,23.080000000000002,50.733333333333334,21.620000000000005
6,25,20,Lumen Field,Seattle,47.627415,-122.32291,-25200,America/Los_Angeles,GMT-7,10.0,21.753333333333337,54.333333333333336,20.413333333333334
6,25,21,Lumen Field,Seattle,47.627415,-122.32291,-25200,America/Los_Angeles,GMT-7,10.0,20.16,58.733333333333334,19.02
6,25,22,Lumen Field,Seattle,47.627415,-122.32291,-25200,America/Los_Angeles,GMT-7,10.0,18.633333333333333,63.46666666666667,17.706666666666667
6,25,23,Lumen Field,Seattle,47.627415,-122.32291,-25200,America/Los_Angeles,GMT-7,10.0,17.046666666666667,68.2,16.10666666666667
6,26,0,Lumen Field,Seattle,47.627415,-122.32291,-25200,America/Los_Angeles,GMT-7,10.0,16.62,73.0,16.033333333333335
6,26,1,Lumen Field,Seattle,47.627415,-122.32291,-25200,America/Los_Angeles,GMT-7,10.0,15.92,74.0,15.28666666666667
6,26,2,Lumen Field,Seattle,47.627415,-122.32291,-25200,America/Los_Angeles,GMT-7,10.0,15.5,76.46666666666667,14.906666666666668
6,26,3,Lumen Field,Seattle,47.627415,-122.32291,-25200,America/Los_Angeles,GMT-7,10.0,15.08,79.6,14.54
6,26,4,Lumen Field,Seattle,47.627415,-122.32291,-25200,America/Los_Angeles,GMT-7,10.0,14.946666666666667,81.53333333333333,14.566666666666665
6,26,5,Lumen Field,Seattle,47.627415,-122.32291,-25200,America/Los_Angeles,GMT-7,10.0,14.793333333333333,83.86666666666666,14.57333333333333
6,26,6,Lumen Field,Seattle,47.627415,-122.32291,-25200,America/Los_Angeles,GMT-7,10.0,15.173333333333336,83.4,15.02
6,26,7,Lumen Field,Seattle,47.627415,-122.32291,-25200,America/Los_Angeles,GMT-7,10.0,15.78,81.86666666666666,15.493333333333334
6,26,8,Lumen Field,Seattle,47.627415,-122.32291,-25200,America/Los_Angeles,GMT-7,10.0,16.886666666666667,77.8,16.433333333333334
6,26,9,Lumen Field,Seattle,47.627415,-122.32291,-25200,America/Los_Angeles,GMT-7,10.0,18.113333333333333,73.53333333333333,17.560000000000002
6,26,10,Lumen Field,Seattle,47.627415,-122.32291,-25200,America/Los_Angeles,GMT-7,10.0,19.493333333333336,68.46666666666667,18.973333333333333
6,26,11,Lumen Field,Seattle,47.627415,-122.32291,-25200,America/Los_Angeles,GMT-7,10.0,20.893333333333334,63.06666666666667,20.43333333333333
6,26,12,Lumen Field,Seattle,47.627415,-122.32291,-25200,America/Los_Angeles,GMT-7,10.0,22.173333333333332,58.266666666666666,21.85333333333333
6,26,13,Lumen Field,Seattle,47.627415,-122.32291,-25200,America/Los_Angeles,GMT-7,10.0,23.146666666666665,55.06666666666667,22.966666666666672
6,26,14,Lumen Field,Seattle,47.627415,-122.32291,-25200,America/Los_Angeles,GMT-7,10.0,23.84666666666667,53.0,23.740000000000002
6,26,15,Lumen Field,Seattle,47.627415,-122.32291,-25200,America/Los_Angeles,GMT-7,10.0,24.306666666666672,51.53333333333333,24.053333333333335
6,26,16,Lumen Field,Seattle,47.627415,-122.32291,-25200,America/Los_Angeles,GMT-7,10.0,24.453333333333337,51.13333333333333,23.9
6,26,17,Lumen Field,Seattle,47.627415,-122.32291,-25200,America/Los_Angeles,GMT-7,10.0,24.026666666666667,53.86666666666667,23.346666666666668
6,26,18,Lumen Field,Seattle,47.627415,-122.32291,-25200,America/Los_Angeles,GMT-7,10.0,23.220000000000002,58.0,22.553333333333335
6,26,19,Lumen Field,Seattle,47.627415,-122.32291,-25200,America/Los_Angeles,GMT-7,10.0,22.13333333333333,62.53333333333333,21.579999999999995
6,26,20,Lumen Field,Seattle,47.627415,-122.32291,-25200,America/Los_Angeles,GMT-7,10.0,20.98,65.26666666666667,20.326666666666664
6,26,21,Lumen Field,Seattle,47.627415,-122.32291,-25200,America/Los_Angeles,GMT-7,10.0,19.759999999999998,67.73333333333333,19.0
6,26,22,Lumen Field,Seattle,47.627415,-122.32291,-25200,America/Los_Angeles,GMT-7,10.0,18.57333333333333,70.46666666666667,17.846666666666668
6,26,23,Lumen Field,Seattle,47.627415,-122.32291,-25200,America/Los_Angeles,GMT-7,10.0,17.519999999999996,71.73333333333333,16.853333333333335
6,27,0,Lumen Field,Seattle,47.627415,-122.32291,-25200,America/Los_Angeles,GMT-7,10.0,17.060000000000002,75.93333333333334,16.493333333333332
6,27,1,Lumen Field,Seattle,47.627415,-122.32291,-25200,America/Los_Angeles,GMT-7,10.0,16.20666666666667,78.86666666666666,15.606666666666666
6,27,2,Lumen Field,Seattle,47.627415,-122.32291,-25200,America/Los_Angeles,GMT-7,10.0,15.633333333333333,81.46666666666667,14.893333333333336
6,27,3,Lumen Field,Seattle,47.627415,-122.32291,-25200,America/Los_Angeles,GMT-7,10.0,15.16,83.73333333333333,14.366666666666667
6,27,4,Lumen Field,Seattle,47.627415,-122.32291,-25200,America/Los_Angeles,GMT-7,10.0,14.92,84.66666666666667,14.086666666666668
6,27,5,Lumen Field,Seattle,47.627415,-122.32291,-25200,America/Los_Angeles,GMT-7,10.0,14.913333333333334,84.8,14.126666666666665
6,27,6,Lumen Field,Seattle,47.627415,-122.32291,-25200,America/Los_Angeles,GMT-7,10.0,15.26,83.73333333333333,14.593333333333332
6,27,7,Lumen Field,Seattle,47.627415,-122.32291,-25200,America/Los_Angeles,GMT-7,10.0,15.926666666666666,82.06666666666666,15.413333333333332
6,27,8,Lumen Field,Seattle,47.627415,-122.32291,-25200,America/Los_Angeles,GMT-7,10.0,16.88,79.2,16.400000000000002
6,27,9,Lumen Field,Seattle,47.627415,-122.32291,-25200,America/Los_Angeles,GMT-7,10.0,17.959999999999997,75.53333333333333,17.459999999999997
6,27,10,Lumen Field,Seattle,47.627415,-122.32291,-25200,America/Los_Angeles,GMT-7,10.0,19.073333333333334,71.2,18.633333333333333
6,27,11,Lumen Field,Seattle,47.627415,-122.32291,-25200,America/Los_Angeles,GMT-7,10.0,20.22666666666667,66.66666666666667,20.09333333333333
6,27,12,Lumen Field,Seattle,47.627415,-122.32291,-25200,America/Los_Angeles,GMT-7,10.0,21.313333333333333,63.0,21.693333333333335
6,27,13,Lumen Field,Seattle,47.627415,-122.32291,-25200,America/Los_Angeles,GMT-7,10.0,22.36,60.53333333333333,23.21333333333333
6,27,14,Lumen Field,Seattle,47.627415,-122.32291,-25200,America/Los_Angeles,GMT-7,10.0,23.34666666666666,58.46666666666667,24.37333333333333
6,27,15,Lumen Field,Seattle,47.627415,-122.32291,-25200,America/Los_Angeles,GMT-7,10.0,24.279999999999994,55.8,25.086666666666662
6,27,16,Lumen Field,Seattle,47.627415,-122.32291,-25200,America/Los_Angeles,GMT-7,10.0,24.853333333333335,53.733333333333334,25.24
6,27,17,Lumen Field,Seattle,47.627415,-122.32291,-25200,America/Los_Angeles,GMT-7,10.0,24.713333333333335,54.4,24.833333333333332
6,27,18,Lumen Field,Seattle,47.627415,-122.32291,-25200,America/Los_Angeles,GMT-7,10.0,24.15333333333333,56.46666666666667,24.126666666666665
6,27,19,Lumen Field,Seattle,47.627415,-122.32291,-25200,America/Los_Angeles,GMT-7,10.0,23.240000000000002,58.4,23.026666666666667
6,27,20,Lumen Field,Seattle,47.627415,-122.32291,-25200,America/Los_Angeles,GMT-7,10.0,22.160000000000007,60.333333333333336,21.753333333333334
6,27,21,Lumen Field,Seattle,47.627415,-122.32291,-25200,America/Los_Angeles,GMT-7,10.0,20.740000000000002,63.86666666666667,20.206666666666667
6,27,22,Lumen Field,Seattle,47.627415,-122.32291,-25200,America/Los_Angeles,GMT-7,10.0,19.346666666666668,68.6,18.80666666666667
6,27,23,Lumen Field,Seattle,47.627415,-122.32291,-25200,America/Los_Angeles,GMT-7,10.0,18.053333333333335,72.73333333333333,17.553333333333338
6,28,0,Lumen Field,Seattle,47.627415,-122.32291,-25200,America/Los_Angeles,GMT-7,10.0,17.246666666666666,76.33333333333333,16.333333333333332
6,28,1,Lumen Field,Seattle,47.627415,-122.32291,-25200,America/Los_Angeles,GMT-7,10.0,16.52,78.66666666666667,15.633333333333333
6,28,2,Lumen Field,Seattle,47.627415,-122.32291,-25200,America/Los_Angeles,GMT-7,10.0,15.940000000000001,80.46666666666667,15.026666666666667
6,28,3,Lumen Field,Seattle,47.627415,-122.32291,-25200,America/Los_Angeles,GMT-7,10.0,15.473333333333334,82.06666666666666,14.58
6,28,4,Lumen Field,Seattle,47.627415,-122.32291,-25200,America/Los_Angeles,GMT-7,10.0,15.093333333333335,83.33333333333333,14.293333333333331
6,28,5,Lumen Field,Seattle,47.627415,-122.32291,-25200,America/Los_Angeles,GMT-7,10.0,14.886666666666668,83.8,14.146666666666665
6,28,6,Lumen Field,Seattle,47.627415,-122.32291,-25200,America/Los_Angeles,GMT-7,10.0,15.080000000000002,82.26666666666667,14.286666666666665
6,28,7,Lumen Field,Seattle,47.627415,-122.32291,-25200,America/Los_Angeles,GMT-7,10.0,15.866666666666665,78.6,14.953333333333331
6,28,8,Lumen Field,Seattle,47.627415,-122.32291,-25200,America/Los_Angeles,GMT-7,10.0,17.133333333333333,73.4,16.153333333333332
6,28,9,Lumen Field,Seattle,47.627415,-122.32291,-25200,America/Los_Angeles,GMT-7,10.0,18.639999999999997,68.26666666666667,17.766666666666666
6,28,10,Lumen Field,Seattle,47.627415,-122.32291,-25200,America/Los_Angeles,GMT-7,10.0,20.033333333333328,63.93333333333333,19.426666666666666
6,28,11,Lumen Field,Seattle,47.627415,-122.32291,-25200,America/Los_Angeles,GMT-7,10.0,21.26,60.0,20.93333333333333
6,28,12,Lumen Field,Seattle,47.627415,-122.32291,-25200,America/Los_Angeles,GMT-7,10.0,22.273333333333333,56.4,22.24
6,28,13,Lumen Field,Seattle,47.627415,-122.32291,-25200,America/Los_Angeles,GMT-7,10.0,23.16,53.53333333333333,23.399999999999995
6,28,14,Lumen Field,Seattle,47.627415,-122.32291,-25200,America/Los_Angeles,GMT-7,10.0,23.946666666666665,51.06666666666667,24.326666666666668
6,28,15,Lumen Field,Seattle,47.627415,-122.32291,-25200,America/Los_Angeles,GMT-7,10.0,24.506666666666664,49.666666666666664,24.813333333333336
6,28,16,Lumen Field,Seattle,47.627415,-122.32291,-25200,America/Los_Angeles,GMT-7,10.0,24.586666666666666,50.06666666666667,24.540000000000003
6,28,17,Lumen Field,Seattle,47.627415,-122.32291,-25200,America/Los_Angeles,GMT-7,10.0,24.25333333333333,51.2,23.766666666666666
6,28,18,Lumen Field,Seattle,47.627415,-122.32291,-25200,America/Los_Angeles,GMT-7,10.0,23.65333333333333,52.93333333333333,22.77333333333333
6,28,19,Lumen Field,Seattle,47.627415,-122.32291,-25200,America/Los_Angeles,GMT-7,10.0,22.85333333333333,54.93333333333333,21.72666666666667
6,28,20,Lumen Field,Seattle,47.627415,-122.32291,-25200,America/Los_Angeles,GMT-7,10.0,21.746666666666666,59.06666666666667,20.586666666666666
6,28,21,Lumen Field,Seattle,47.627415,-122.32291,-25200,America/Los_Angeles,GMT-7,10.0,20.419999999999998,64.13333333333334,19.34
6,28,22,Lumen Field,Seattle,47.627415,-122.32291,-25200,America/Los_Angeles,GMT-7,10.0,19.18,69.0,18.16
6,28,23,Lumen Field,Seattle,47.627415,-122.32291,-25200,America/Los_Angeles,GMT-7,10.0,18.12666666666667,73.06666666666666,17.19333333333333
6,10,0,Mercedes-Benz Stadium,Atlanta,33.778557,-84.402985,-14400,America/New_York,GMT-4,316.0,20.886666666666663,75.4,21.85333333333333
6,10,1,Mercedes-Benz Stadium,Atlanta,33.778557,-84.402985,-14400,America/New_York,GMT-4,316.0,20.466666666666665,78.4,21.56
6,10,2,Mercedes-Benz Stadium,Atlanta,33.778557,-84.402985,-14400,America/New_York,GMT-4,316.0,19.886666666666667,81.2,21.026666666666664
6,10,3,Mercedes-Benz Stadium,Atlanta,33.778557,-84.402985,-14400,America/New_York,GMT-4,316.0,19.44,83.33333333333333,20.606666666666666
6,10,4,Mercedes-Benz Stadium,Atlanta,33.778557,-84.402985,-14400,America/New_York,GMT-4,316.0,19.02,85.2,20.240000000000002
6,10,5,Mercedes-Benz Stadium,Atlanta,33.778557,-84.402985,-14400,America/New_York,GMT-4,316.0,18.66,86.93333333333334,19.9
6,10,6,Mercedes-Benz Stadium,Atlanta,33.778557,-84.402985,-14400,America/New_York,GMT-4,316.0,18.446666666666665,87.86666666666666,19.66
6,10,7,Mercedes-Benz Stadium,Atlanta,33.778557,-84.402985,-14400,America/New_York,GMT-4,316.0,18.793333333333337,87.06666666666666,20.000000000000004
6,10,8,Mercedes-Benz Stadium,Atlanta,33.778557,-84.402985,-14400,America/New_York,GMT-4,316.0,19.813333333333333,83.93333333333334,21.073333333333338
6,10,9,Mercedes-Benz Stadium,Atlanta,33.778557,-84.402985,-14400,America/New_York,GMT-4,316.0,21.346666666666668,79.0,22.746666666666666
6,10,10,Mercedes-Benz Stadium,Atlanta,33.778557,-84.402985,-14400,America/New_York,GMT-4,316.0,22.806666666666665,73.13333333333334,24.32
6,10,11,Mercedes-Benz Stadium,Atlanta,33.778557,-84.402985,-14400,America/New_York,GMT-4,316.0,24.133333333333333,67.0,25.88
6,10,12,Mercedes-Benz Stadium,Atlanta,33.778557,-84.402985,-14400,America/New_York,GMT-4,316.0,25.333333333333332,60.6,27.300000000000004
6,10,13,Mercedes-Benz Stadium,Atlanta,33.778557,-84.402985,-14400,America/New_York,GMT-4,316.0,26.24666666666667,55.86666666666667,28.386666666666667
6,10,14,Mercedes-Benz Stadium,Atlanta,33.778557,-84.402985,-14400,America/New_York,GMT-4,316.0,26.90666666666667,52.666666666666664,29.026666666666667
6,10,15,Mercedes-Benz Stadium,Atlanta,33.778557,-84.402985,-14400,America/New_York,GMT-4,316.0,27.220000000000006,51.06666666666667,29.006666666666668
6,10,16,Mercedes-Benz Stadium,Atlanta,33.778557,-84.402985,-14400,America/New_York,GMT-4,316.0,27.520000000000003,50.2,28.973333333333336
6,10,17,Mercedes-Benz Stadium,Atlanta,33.778557,-84.402985,-14400,America/New_York,GMT-4,316.0,27.493333333333336,50.333333333333336,28.419999999999998
6,10,18,Mercedes-Benz Stadium,Atlanta,33.778557,-84.402985,-14400,America/New_York,GMT-4,316.0,27.160000000000004,52.13333333333333,27.879999999999995
6,10,19,Mercedes-Benz Stadium,Atlanta,33.778557,-84.402985,-14400,America/New_York,GMT-4,316.0,26.286666666666672,57.13333333333333,27.186666666666667
6,10,20,Mercedes-Benz Stadium,Atlanta,33.778557,-84.402985,-14400,America/New_York,GMT-4,316.0,24.853333333333335,62.8,25.95333333333333
6,10,21,Mercedes-Benz Stadium,Atlanta,33.778557,-84.402985,-14400,America/New_York,GMT-4,316.0,23.293333333333337,68.46666666666667,24.526666666666667
6,10,22,Mercedes-Benz Stadium,Atlanta,33.778557,-84.402985,-14400,America/New_York,GMT-4,316.0,21.98666666666667,70.86666666666666,22.913333333333334
6,10,23,Mercedes-Benz Stadium,Atlanta,33.778557,-84.402985,-14400,America/New_York,GMT-4,316.0,21.380000000000003,73.0,22.3
6,11,0,Mercedes-Benz Stadium,Atlanta,33.778557,-84.402985,-14400,America/New_York,GMT-4,316.0,21.146666666666665,75.73333333333333,22.12
6,11,1,Mercedes-Benz Stadium,Atlanta,33.778557,-84.402985,-14400,America/New_York,GMT-4,316.0,20.206666666666667,75.33333333333333,20.90666666666667
6,11,2,Mercedes-Benz Stadium,Atlanta,33.778557,-84.402985,-14400,America/New_York,GMT-4,316.0,19.733333333333338,77.33333333333333,20.386666666666667
6,11,3,Mercedes-Benz Stadium,Atlanta,33.778557,-84.402985,-14400,America/New_York,GMT-4,316.0,19.446666666666665,78.33333333333333,20.06
6,11,4,Mercedes-Benz Stadium,Atlanta,33.778557,-84.402985,-14400,America/New_York,GMT-4,316.0,19.22666666666667,79.0,19.833333333333332
6,11,5,Mercedes-Benz Stadium,Atlanta,33.778557,-84.402985,-14400,America/New_York,GMT-4,316.0,19.15333333333334,79.86666666666666,19.9
6,11,6,Mercedes-Benz Stadium,Atlanta,33.778557,-84.402985,-14400,America/New_York,GMT-4,316.0,19.180000000000003,80.66666666666667,20.053333333333335
6,11,7,Mercedes-Benz Stadium,Atlanta,33.778557,-84.402985,-14400,America/New_York,GMT-4,316.0,19.653333333333332,80.86666666666666,20.71333333333333
6,11,8,Mercedes-Benz Stadium,Atlanta,33.778557,-84.402985,-14400,America/New_York,GMT-4,316.0,20.706666666666667,79.73333333333333,22.06
6,11,9,Mercedes-Benz Stadium,Atlanta,33.778557,-84.402985,-14400,America/New_York,GMT-4,316.0,22.19333333333333,76.2,23.80666666666667
6,11,10,Mercedes-Benz Stadium,Atlanta,33.778557,-84.402985,-14400,America/New_York,GMT-4,316.0,23.84,70.93333333333334,25.740000000000002
6,11,11,Mercedes-Benz Stadium,Atlanta,33.778557,-84.402985,-14400,America/New_York,GMT-4,316.0,25.220000000000002,65.53333333333333,27.340000000000007
6,11,12,Mercedes-Benz Stadium,Atlanta,33.778557,-84.402985,-14400,America/New_York,GMT-4,316.0,26.38,61.733333333333334,28.980000000000008
6,11,13,Mercedes-Benz Stadium,Atlanta,33.778557,-84.402985,-14400,America/New_York,GMT-4,316.0,27.333333333333332,58.46666666666667,30.300000000000008
6,11,14,Mercedes-Benz Stadium,Atlanta,33.778557,-84.402985,-14400,America/New_York,GMT-4,316.0,28.033333333333335,55.93333333333333,31.03333333333334
6,11,15,Mercedes-Benz Stadium,Atlanta,33.778557,-84.402985,-14400,America/New_York,GMT-4,316.0,28.54,53.733333333333334,31.3
6,11,16,Mercedes-Benz Stadium,Atlanta,33.778557,-84.402985,-14400,America/New_York,GMT-4,316.0,28.346666666666668,54.53333333333333,30.55333333333333
6,11,17,Mercedes-Benz Stadium,Atlanta,33.778557,-84.402985,-14400,America/New_York,GMT-4,316.0,27.91333333333333,56.6,29.84666666666666
6,11,18,Mercedes-Benz Stadium,Atlanta,33.778557,-84.402985,-14400,America/New_York,GMT-4,316.0,27.3,59.266666666666666,28.93333333333333
6,11,19,Mercedes-Benz Stadium,Atlanta,33.778557,-84.402985,-14400,America/New_York,GMT-4,316.0,26.693333333333335,62.733333333333334,28.5
6,11,20,Mercedes-Benz Stadium,Atlanta,33.778557,-84.402985,-14400,America/New_York,GMT-4,316.0,25.686666666666667,67.4,27.493333333333336
6,11,21,Mercedes-Benz Stadium,Atlanta,33.778557,-84.402985,-14400,America/New_York,GMT-4,316.0,24.46666666666666,72.73333333333333,26.31333333333333
6,11,22,Mercedes-Benz Stadium,Atlanta,33.778557,-84.402985,-14400,America/New_York,GMT-4,316.0,23.353333333333335,76.53333333333333,25.019999999999996
6,11,23,Mercedes-Benz Stadium,Atlanta,33.778557,-84.402985,-14400,America/New_York,GMT-4,316.0,22.206666666666663,76.0,23.506666666666664
6,12,0,Mercedes-Benz Stadium,Atlanta,33.778557,-84.402985,-14400,America/New_York,GMT-4,316.0,22.28666666666667,79.86666666666666,23.939999999999998
6,12,1,Mercedes-Benz Stadium,Atlanta,33.778557,-84.402985,-14400,America/New_York,GMT-4,316.0,21.54,82.33333333333333,23.053333333333335
6,12,2,Mercedes-Benz Stadium,Atlanta,33.778557,-84.402985,-14400,America/New_York,GMT-4,316.0,21.133333333333333,84.86666666666666,22.80666666666667
6,12,3,Mercedes-Benz Stadium,Atlanta,33.778557,-84.402985,-14400,America/New_York,GMT-4,316.0,20.793333333333333,87.4,22.660000000000004
6,12,4,Mercedes-Benz Stadium,Atlanta,33.778557,-84.402985,-14400,America/New_York,GMT-4,316.0,20.473333333333333,89.6,22.459999999999997
6,12,5,Mercedes-Benz Stadium,Atlanta,33.778557,-84.402985,-14400,America/New_York,GMT-4,316.0,20.259999999999994,90.73333333333333,22.25333333333333
6,12,6,Mercedes-Benz Stadium,Atlanta,33.778557,-84.402985,-14400,America/New_York,GMT-4,316.0,20.173333333333332,91.06666666666666,22.126666666666665
6,12,7,Mercedes-Benz Stadium,Atlanta,33.778557,-84.402985,-14400,America/New_York,GMT-4,316.0,20.706666666666663,89.26666666666667,22.766666666666662
6,12,8,Mercedes-Benz Stadium,Atlanta,33.778557,-84.402985,-14400,America/New_York,GMT-4,316.0,21.86,86.13333333333334,24.126666666666665
6,12,9,Mercedes-Benz Stadium,Atlanta,33.778557,-84.402985,-14400,America/New_York,GMT-4,316.0,23.353333333333335,81.73333333333333,25.926666666666662
6,12,10,Mercedes-Benz Stadium,Atlanta,33.778557,-84.402985,-14400,America/New_York,GMT-4,316.0,24.826666666666664,76.53333333333333,27.6
6,12,11,Mercedes-Benz Stadium,Atlanta,33.778557,-84.402985,-14400,America/New_York,GMT-4,316.0,26.180000000000003,70.6,29.173333333333336
6,12,12,Mercedes-Benz Stadium,Atlanta,33.778557,-84.402985,-14400,America/New_York,GMT-4,316.0,27.473333333333336,64.46666666666667,30.56
6,12,13,Mercedes-Benz Stadium,Atlanta,33.778557,-84.402985,-14400,America/New_York,GMT-4,316.0,28.146666666666665,61.13333333333333,31.113333333333333
6,12,14,Mercedes-Benz Stadium,Atlanta,33.778557,-84.402985,-14400,America/New_York,GMT-4,316.0,28.580000000000002,58.733333333333334,31.233333333333334
6,12,15,Mercedes-Benz Stadium,Atlanta,33.778557,-84.402985,-14400,America/New_York,GMT-4,316.0,28.833333333333336,57.2,31.233333333333334
6,12,16,Mercedes-Benz Stadium,Atlanta,33.778557,-84.402985,-14400,America/New_York,GMT-4,316.0,29.313333333333336,54.8,31.473333333333333
6,12,17,Mercedes-Benz Stadium,Atlanta,33.778557,-84.402985,-14400,America/New_York,GMT-4,316.0,29.426666666666666,53.733333333333334,31.393333333333334
6,12,18,Mercedes-Benz Stadium,Atlanta,33.778557,-84.402985,-14400,America/New_York,GMT-4,316.0,29.15333333333333,54.06666666666667,30.92
6,12,19,Mercedes-Benz Stadium,Atlanta,33.778557,-84.402985,-14400,America/New_York,GMT-4,316.0,28.12666666666667,58.733333333333334,30.00666666666667
6,12,20,Mercedes-Benz Stadium,Atlanta,33.778557,-84.402985,-14400,America/New_York,GMT-4,316.0,26.72666666666667,64.66666666666667,28.900000000000002
6,12,21,Mercedes-Benz Stadium,Atlanta,33.778557,-84.402985,-14400,America/New_York,GMT-4,316.0,25.186666666666664,71.53333333333333,27.566666666666666
6,12,22,Mercedes-Benz Stadium,Atlanta,33.778557,-84.402985,-14400,America/New_York,GMT-4,316.0,24.119999999999997,74.93333333333334,26.459999999999997
6,12,23,Mercedes-Benz Stadium,Atlanta,33.778557,-84.402985,-14400,America/New_York,GMT-4,316.0,23.086666666666666,77.86666666666666,25.046666666666667
6,13,0,Mercedes-Benz Stadium,Atlanta,33.778557,-84.402985,-14400,America/New_York,GMT-4,316.0,22.57333333333333,80.33333333333333,24.753333333333334
6,13,1,Mercedes-Benz Stadium,Atlanta,33.778557,-84.402985,-14400,America/New_York,GMT-4,316.0,21.906666666666663,80.2,23.693333333333335
6,13,2,Mercedes-Benz Stadium,Atlanta,33.778557,-84.402985,-14400,America/New_York,GMT-4,316.0,21.346666666666668,82.0,23.07333333333333
6,13,3,Mercedes-Benz Stadium,Atlanta,33.778557,-84.402985,-14400,America/New_York,GMT-4,316.0,20.94666666666667,83.46666666666667,22.619999999999997
6,13,4,Mercedes-Benz Stadium,Atlanta,33.778557,-84.402985,-14400,America/New_York,GMT-4,316.0,20.586666666666666,85.13333333333334,22.319999999999993
6,13,5,Mercedes-Benz Stadium,Atlanta,33.778557,-84.402985,-14400,America/New_York,GMT-4,316.0,20.253333333333334,87.0,22.09333333333333
6,13,6,Mercedes-Benz Stadium,Atlanta,33.778557,-84.402985,-14400,America/New_York,GMT-4,316.0,20.126666666666665,88.26666666666667,22.05333333333333
6,13,7,Mercedes-Benz Stadium,Atlanta,33.778557,-84.402985,-14400,America/New_York,GMT-4,316.0,20.653333333333332,86.6,22.69333333333333
6,13,8,Mercedes-Benz Stadium,Atlanta,33.778557,-84.402985,-14400,America/New_York,GMT-4,316.0,21.8,82.4,23.953333333333333
6,13,9,Mercedes-Benz Stadium,Atlanta,33.778557,-84.402985,-14400,America/New_York,GMT-4,316.0,23.393333333333334,76.46666666666667,25.686666666666667
6,13,10,Mercedes-Benz Stadium,Atlanta,33.778557,-84.402985,-14400,America/New_York,GMT-4,316.0,24.679999999999996,72.0,27.06
6,13,11,Mercedes-Benz Stadium,Atlanta,33.778557,-84.402985,-14400,America/New_York,GMT-4,316.0,25.87333333333333,67.73333333333333,28.45333333333333
6,13,12,Mercedes-Benz Stadium,Atlanta,33.778557,-84.402985,-14400,America/New_York,GMT-4,316.0,26.959999999999997,63.6,29.79333333333333
6,13,13,Mercedes-Benz Stadium,Atlanta,33.778557,-84.402985,-14400,America/New_York,GMT-4,316.0,28.153333333333332,59.06666666666667,31.27333333333333
6,13,14,Mercedes-Benz Stadium,Atlanta,33.778557,-84.402985,-14400,America/New_York,GMT-4,316.0,29.046666666666667,55.46666666666667,31.979999999999997
6,13,15,Mercedes-Benz Stadium,Atlanta,33.778557,-84.402985,-14400,America/New_York,GMT-4,316.0,29.633333333333326,53.266666666666666,32.306666666666665
6,13,16,Mercedes-Benz Stadium,Atlanta,33.778557,-84.402985,-14400,America/New_York,GMT-4,316.0,29.74666666666666,52.733333333333334,31.993333333333332
6,13,17,Mercedes-Benz Stadium,Atlanta,33.778557,-84.402985,-14400,America/New_York,GMT-4,316.0,29.59333333333333,53.666666666666664,31.71333333333333
6,13,18,Mercedes-Benz Stadium,Atlanta,33.778557,-84.402985,-14400,America/New_York,GMT-4,316.0,29.0,56.333333333333336,31.006666666666668
6,13,19,Mercedes-Benz Stadium,Atlanta,33.778557,-84.402985,-14400,America/New_York,GMT-4,316.0,27.92666666666667,62.0,30.26666666666667
6,13,20,Mercedes-Benz Stadium,Atlanta,33.778557,-84.402985,-14400,America/New_York,GMT-4,316.0,26.313333333333333,69.6,28.9
6,13,21,Mercedes-Benz Stadium,Atlanta,33.778557,-84.402985,-14400,America/New_York,GMT-4,316.0,24.826666666666664,76.6,27.66
6,13,22,Mercedes-Benz Stadium,Atlanta,33.778557,-84.402985,-14400,America/New_York,GMT-4,316.0,23.806666666666665,80.6,26.58
6,13,23,Mercedes-Benz Stadium,Atlanta,33.778557,-84.402985,-14400,America/New_York,GMT-4,316.0,23.23333333333333,80.46666666666667,25.71333333333333
6,14,0,Mercedes-Benz Stadium,Atlanta,33.778557,-84.402985,-14400,America/New_York,GMT-4,316.0,22.913333333333334,85.66666666666667,25.773333333333337
6,14,1,Mercedes-Benz Stadium,Atlanta,33.778557,-84.402985,-14400,America/New_York,GMT-4,316.0,22.293333333333337,86.2,25.05333333333334
6,14,2,Mercedes-Benz Stadium,Atlanta,33.778557,-84.402985,-14400,America/New_York,GMT-4,316.0,21.766666666666666,88.46666666666667,24.56666666666667
6,14,3,Mercedes-Benz Stadium,Atlanta,33.778557,-84.402985,-14400,America/New_York,GMT-4,316.0,21.326666666666668,89.93333333333334,24.04666666666667
6,14,4,Mercedes-Benz Stadium,Atlanta,33.778557,-84.402985,-14400,America/New_York,GMT-4,316.0,21.033333333333335,90.66666666666667,23.686666666666667
6,14,5,Mercedes-Benz Stadium,Atlanta,33.778557,-84.402985,-14400,America/New_York,GMT-4,316.0,20.826666666666664,91.06666666666666,23.446666666666665
6,14,6,Mercedes-Benz Stadium,Atlanta,33.778557,-84.402985,-14400,America/New_York,GMT-4,316.0,20.799999999999997,91.13333333333334,23.426666666666666
6,14,7,Mercedes-Benz Stadium,Atlanta,33.778557,-84.402985,-14400,America/New_York,GMT-4,316.0,21.486666666666665,89.73333333333333,24.313333333333333
6,14,8,Mercedes-Benz Stadium,Atlanta,33.778557,-84.402985,-14400,America/New_York,GMT-4,316.0,22.75333333333333,86.13333333333334,25.82
6,14,9,Mercedes-Benz Stadium,Atlanta,33.778557,-84.402985,-14400,America/New_York,GMT-4,316.0,24.339999999999996,81.26666666666667,27.639999999999997
6,14,10,Mercedes-Benz Stadium,Atlanta,33.778557,-84.402985,-14400,America/New_York,GMT-4,316.0,25.606666666666662,76.6,29.04
6,14,11,Mercedes-Benz Stadium,Atlanta,33.778557,-84.402985,-14400,America/New_York,GMT-4,316.0,26.77333333333333,72.0,30.373333333333328
6,14,12,Mercedes-Benz Stadium,Atlanta,33.778557,-84.402985,-14400,America/New_York,GMT-4,316.0,27.813333333333333,67.6,31.45333333333333
6,14,13,Mercedes-Benz Stadium,Atlanta,33.778557,-84.402985,-14400,America/New_York,GMT-4,316.0,28.74666666666667,63.53333333333333,32.39333333333333
6,14,14,Mercedes-Benz Stadium,Atlanta,33.778557,-84.402985,-14400,America/New_York,GMT-4,316.0,29.16,61.53333333333333,32.51333333333333
6,14,15,Mercedes-Benz Stadium,Atlanta,33.778557,-84.402985,-14400,America/New_York,GMT-4,316.0,29.240000000000002,60.8,32.16
6,14,16,Mercedes-Benz Stadium,Atlanta,33.778557,-84.402985,-14400,America/New_York,GMT-4,316.0,29.006666666666668,60.86666666666667,31.319999999999997
6,14,17,Mercedes-Benz Stadium,Atlanta,33.778557,-84.402985,-14400,America/New_York,GMT-4,316.0,29.02,60.2,30.92666666666667
6,14,18,Mercedes-Benz Stadium,Atlanta,33.778557,-84.402985,-14400,America/New_York,GMT-4,316.0,28.946666666666665,60.0,30.833333333333332
6,14,19,Mercedes-Benz Stadium,Atlanta,33.778557,-84.402985,-14400,America/New_York,GMT-4,316.0,28.4,62.733333333333334,30.593333333333337
6,14,20,Mercedes-Benz Stadium,Atlanta,33.778557,-84.402985,-14400,America/New_York,GMT-4,316.0,27.059999999999995,68.93333333333334,29.693333333333328
6,14,21,Mercedes-Benz Stadium,Atlanta,33.778557,-84.402985,-14400,America/New_York,GMT-4,316.0,25.533333333333328,76.6,28.55333333333333
6,14,22,Mercedes-Benz Stadium,Atlanta,33.778557,-84.402985,-14400,America/New_York,GMT-4,316.0,24.34,82.66666666666667,27.486666666666665
6,14,23,Mercedes-Benz Stadium,Atlanta,33.778557,-84.402985,-14400,America/New_York,GMT-4,316.0,23.553333333333335,84.66666666666667,26.546666666666667
6,15,0,Mercedes-Benz Stadium,Atlanta,33.778557,-84.402985,-14400,America/New_York,GMT-4,316.0,23.160000000000004,85.06666666666666,26.053333333333335
6,15,1,Mercedes-Benz Stadium,Atlanta,33.778557,-84.402985,-14400,America/New_York,GMT-4,316.0,22.766666666666666,87.93333333333334,25.573333333333334
6,15,2,Mercedes-Benz Stadium,Atlanta,33.778557,-84.402985,-14400,America/New_York,GMT-4,316.0,22.373333333333335,88.13333333333334,24.973333333333333
6,15,3,Mercedes-Benz Stadium,Atlanta,33.778557,-84.402985,-14400,America/New_York,GMT-4,316.0,22.026666666666664,88.13333333333334,24.580000000000002
6,15,4,Mercedes-Benz Stadium,Atlanta,33.778557,-84.402985,-14400,America/New_York,GMT-4,316.0,21.806666666666665,87.66666666666667,24.233333333333334
6,15,5,Mercedes-Benz Stadium,Atlanta,33.778557,-84.402985,-14400,America/New_York,GMT-4,316.0,21.57333333333333,87.73333333333333,23.906666666666663
6,15,6,Mercedes-Benz Stadium,Atlanta,33.778557,-84.402985,-14400,America/New_York,GMT-4,316.0,21.46666666666666,87.86666666666666,23.686666666666667
6,15,7,Mercedes-Benz Stadium,Atlanta,33.778557,-84.402985,-14400,America/New_York,GMT-4,316.0,21.89333333333333,86.86666666666666,24.07333333333333
6,15,8,Mercedes-Benz Stadium,Atlanta,33.778557,-84.402985,-14400,America/New_York,GMT-4,316.0,23.060000000000002,83.66666666666667,25.36
6,15,9,Mercedes-Benz Stadium,Atlanta,33.778557,-84.402985,-14400,America/New_York,GMT-4,316.0,24.733333333333338,78.13333333333334,27.053333333333338
6,15,10,Mercedes-Benz Stadium,Atlanta,33.778557,-84.402985,-14400,America/New_York,GMT-4,316.0,26.446666666666665,71.2,28.993333333333336
6,15,11,Mercedes-Benz Stadium,Atlanta,33.778557,-84.402985,-14400,America/New_York,GMT-4,316.0,28.033333333333335,63.8,30.800000000000004
6,15,12,Mercedes-Benz Stadium,Atlanta,33.778557,-84.402985,-14400,America/New_York,GMT-4,316.0,29.46,57.13333333333333,32.77333333333334
6,15,13,Mercedes-Benz Stadium,Atlanta,33.778557,-84.402985,-14400,America/New_York,GMT-4,316.0,30.54666666666667,52.53333333333333,34.220000000000006
6,15,14,Mercedes-Benz Stadium,Atlanta,33.778557,-84.402985,-14400,America/New_York,GMT-4,316.0,31.193333333333335,49.6,34.79333333333334
6,15,15,Mercedes-Benz Stadium,Atlanta,33.778557,-84.402985,-14400,America/New_York,GMT-4,316.0,31.466666666666665,47.93333333333333,34.5
6,15,16,Mercedes-Benz Stadium,Atlanta,33.778557,-84.402985,-14400,America/New_York,GMT-4,316.0,31.21333333333333,47.86666666666667,33.4
6,15,17,Mercedes-Benz Stadium,Atlanta,33.778557,-84.402985,-14400,America/New_York,GMT-4,316.0,29.94,52.266666666666666,31.493333333333332
6,15,18,Mercedes-Benz Stadium,Atlanta,33.778557,-84.402985,-14400,America/New_York,GMT-4,316.0,28.62,57.2,30.106666666666673
6,15,19,Mercedes-Benz Stadium,Atlanta,33.778557,-84.402985,-14400,America/New_York,GMT-4,316.0,27.293333333333333,62.53333333333333,29.16
6,15,20,Mercedes-Benz Stadium,Atlanta,33.778557,-84.402985,-14400,America/New_York,GMT-4,316.0,26.486666666666668,66.2,28.853333333333335
6,15,21,Mercedes-Benz Stadium,Atlanta,33.778557,-84.402985,-14400,America/New_York,GMT-4,316.0,25.333333333333336,71.06666666666666,27.85333333333333
6,15,22,Mercedes-Benz Stadium,Atlanta,33.778557,-84.402985,-14400,America/New_York,GMT-4,316.0,24.3,75.93333333333334,26.95333333333333
6,15,23,Mercedes-Benz Stadium,Atlanta,33.778557,-84.402985,-14400,America/New_York,GMT-4,316.0,23.60666666666667,81.13333333333334,26.426666666666666
6,16,0,Mercedes-Benz Stadium,Atlanta,33.778557,-84.402985,-14400,America/New_York,GMT-4,316.0,23.373333333333335,76.86666666666666,25.519999999999996
6,16,1,Mercedes-Benz Stadium,Atlanta,33.778557,-84.402985,-14400,America/New_York,GMT-4,316.0,22.686666666666667,81.8,25.346666666666668
6,16,2,Mercedes-Benz Stadium,Atlanta,33.778557,-84.402985,-14400,America/New_York,GMT-4,316.0,22.106666666666666,83.53333333333333,24.586666666666662
6,16,3,Mercedes-Benz Stadium,Atlanta,33.778557,-84.402985,-14400,America/New_York,GMT-4,316.0,21.6,84.86666666666666,23.986666666666665
6,16,4,Mercedes-Benz Stadium,Atlanta,33.778557,-84.402985,-14400,America/New_York,GMT-4,316.0,21.18,86.0,23.44666666666667
6,16,5,Mercedes-Benz Stadium,Atlanta,33.778557,-84.402985,-14400,America/New_York,GMT-4,316.0,20.793333333333337,87.26666666666667,23.006666666666668
6,16,6,Mercedes-Benz Stadium,Atlanta,33.778557,-84.402985,-14400,America/New_York,GMT-4,316.0,20.613333333333333,87.8,22.813333333333333
6,16,7,Mercedes-Benz Stadium,Atlanta,33.778557,-84.402985,-14400,America/New_York,GMT-4,316.0,21.126666666666665,86.06666666666666,23.379999999999995
6,16,8,Mercedes-Benz Stadium,Atlanta,33.778557,-84.402985,-14400,America/New_York,GMT-4,316.0,22.533333333333335,81.13333333333334,24.900000000000002
6,16,9,Mercedes-Benz Stadium,Atlanta,33.778557,-84.402985,-14400,America/New_York,GMT-4,316.0,24.486666666666668,73.6,26.81333333333333
6,16,10,Mercedes-Benz Stadium,Atlanta,33.778557,-84.402985,-14400,America/New_York,GMT-4,316.0,26.386666666666667,65.86666666666666,28.8
6,16,11,Mercedes-Benz Stadium,Atlanta,33.778557,-84.402985,-14400,America/New_York,GMT-4,316.0,27.94666666666667,59.46666666666667,30.606666666666666
6,16,12,Mercedes-Benz Stadium,Atlanta,33.778557,-84.402985,-14400,America/New_York,GMT-4,316.0,29.166666666666668,54.53333333333333,32.266666666666666
6,16,13,Mercedes-Benz Stadium,Atlanta,33.778557,-84.402985,-14400,America/New_York,GMT-4,316.0,30.066666666666666,50.733333333333334,33.35333333333333
6,16,14,Mercedes-Benz Stadium,Atlanta,33.778557,-84.402985,-14400,America/New_York,GMT-4,316.0,30.706666666666667,47.46666666666667,33.766666666666666
6,16,15,Mercedes-Benz Stadium,Atlanta,33.778557,-84.402985,-14400,America/New_York,GMT-4,316.0,31.2,44.8,33.85333333333333
6,16,16,Mercedes-Benz Stadium,Atlanta,33.778557,-84.402985,-14400,America/New_York,GMT-4,316.0,31.44,43.2,33.64666666666667
6,16,17,Mercedes-Benz Stadium,Atlanta,33.778557,-84.402985,-14400,America/New_York,GMT-4,316.0,31.53333333333334,42.2,33.18
6,16,18,Mercedes-Benz Stadium,Atlanta,33.778557,-84.402985,-14400,America/New_York,GMT-4,316.0,31.17333333333334,42.93333333333333,32.260000000000005
6,16,19,Mercedes-Benz Stadium,Atlanta,33.778557,-84.402985,-14400,America/New_York,GMT-4,316.0,29.87333333333334,48.13333333333333,30.859999999999996
6,16,20,Mercedes-Benz Stadium,Atlanta,33.778557,-84.402985,-14400,America/New_York,GMT-4,316.0,28.220000000000002,55.06666666666667,29.519999999999996
6,16,21,Mercedes-Benz Stadium,Atlanta,33.778557,-84.402985,-14400,America/New_York,GMT-4,316.0,26.45333333333333,62.2,27.89333333333333
6,16,22,Mercedes-Benz Stadium,Atlanta,33.778557,-84.402985,-14400,America/New_York,GMT-4,316.0,25.30666666666667,65.8,26.573333333333334
6,16,23,Mercedes-Benz Stadium,Atlanta,33.778557,-84.402985,-14400,America/New_York,GMT-4,316.0,24.226666666666667,71.46666666666667,25.839999999999996
6,17,0,Mercedes-Benz Stadium,Atlanta,33.778557,-84.402985,-14400,America/New_York,GMT-4,316.0,23.273333333333333,73.0,24.686666666666664
6,17,1,Mercedes-Benz Stadium,Atlanta,33.778557,-84.402985,-14400,America/New_York,GMT-4,316.0,22.6,76.8,24.220000000000002
6,17,2,Mercedes-Benz Stadium,Atlanta,33.778557,-84.402985,-14400,America/New_York,GMT-4,316.0,22.03333333333334,80.13333333333334,23.9
6,17,3,Mercedes-Benz Stadium,Atlanta,33.778557,-84.402985,-14400,America/New_York,GMT-4,316.0,21.56,82.26666666666667,23.513333333333332
6,17,4,Mercedes-Benz Stadium,Atlanta,33.778557,-84.402985,-14400,America/New_York,GMT-4,316.0,21.12666666666667,83.93333333333334,23.053333333333335
6,17,5,Mercedes-Benz Stadium,Atlanta,33.778557,-84.402985,-14400,America/New_York,GMT-4,316.0,20.720000000000002,85.26666666666667,22.606666666666666
6,17,6,Mercedes-Benz Stadium,Atlanta,33.778557,-84.402985,-14400,America/New_York,GMT-4,316.0,20.5,86.33333333333333,22.40666666666667
6,17,7,Mercedes-Benz Stadium,Atlanta,33.778557,-84.402985,-14400,America/New_York,GMT-4,316.0,21.040000000000003,85.13333333333334,23.12
6,17,8,Mercedes-Benz Stadium,Atlanta,33.778557,-84.402985,-14400,America/New_York,GMT-4,316.0,22.373333333333335,81.66666666666667,24.673333333333336
6,17,9,Mercedes-Benz Stadium,Atlanta,33.778557,-84.402985,-14400,America/New_York,GMT-4,316.0,24.299999999999997,75.53333333333333,26.753333333333327
6,17,10,Mercedes-Benz Stadium,Atlanta,33.778557,-84.402985,-14400,America/New_York,GMT-4,316.0,26.126666666666665,68.93333333333334,28.793333333333333
6,17,11,Mercedes-Benz Stadium,Atlanta,33.778557,-84.402985,-14400,America/New_York,GMT-4,316.0,27.80666666666667,61.2,30.693333333333328
6,17,12,Mercedes-Benz Stadium,Atlanta,33.778557,-84.402985,-14400,America/New_York,GMT-4,316.0,29.326666666666664,53.53333333333333,32.406666666666666
6,17,13,Mercedes-Benz Stadium,Atlanta,33.778557,-84.402985,-14400,America/New_York,GMT-4,316.0,30.506666666666664,47.333333333333336,33.54
6,17,14,Mercedes-Benz Stadium,Atlanta,33.778557,-84.402985,-14400,America/New_York,GMT-4,316.0,31.31333333333333,43.4,34.040000000000006
6,17,15,Mercedes-Benz Stadium,Atlanta,33.778557,-84.402985,-14400,America/New_York,GMT-4,316.0,31.493333333333332,42.86666666666667,33.933333333333344
6,17,16,Mercedes-Benz Stadium,Atlanta,33.778557,-84.402985,-14400,America/New_York,GMT-4,316.0,31.513333333333332,42.8,33.540000000000006
6,17,17,Mercedes-Benz Stadium,Atlanta,33.778557,-84.402985,-14400,America/New_York,GMT-4,316.0,31.24666666666667,43.4,32.76666666666667
6,17,18,Mercedes-Benz Stadium,Atlanta,33.778557,-84.402985,-14400,America/New_York,GMT-4,316.0,30.886666666666667,44.333333333333336,31.959999999999997
6,17,19,Mercedes-Benz Stadium,Atlanta,33.778557,-84.402985,-14400,America/New_York,GMT-4,316.0,29.913333333333334,48.06666666666667,30.980000000000004
6,17,20,Mercedes-Benz Stadium,Atlanta,33.778557,-84.402985,-14400,America/New_York,GMT-4,316.0,28.273333333333333,54.266666666666666,29.553333333333335
6,17,21,Mercedes-Benz Stadium,Atlanta,33.778557,-84.402985,-14400,America/New_York,GMT-4,316.0,26.500000000000004,60.46666666666667,27.913333333333338
6,17,22,Mercedes-Benz Stadium,Atlanta,33.778557,-84.402985,-14400,America/New_York,GMT-4,316.0,25.013333333333335,65.33333333333333,26.326666666666664
6,17,23,Mercedes-Benz Stadium,Atlanta,33.778557,-84.402985,-14400,America/New_York,GMT-4,316.0,24.073333333333334,69.0,25.339999999999996
6,18,0,Mercedes-Benz Stadium,Atlanta,33.778557,-84.402985,-14400,America/New_York,GMT-4,316.0,23.280000000000005,71.46666666666667,24.626666666666665
6,18,1,Mercedes-Benz Stadium,Atlanta,33.778557,-84.402985,-14400,America/New_York,GMT-4,316.0,22.60666666666667,74.8,24.2
6,18,2,Mercedes-Benz Stadium,Atlanta,33.778557,-84.402985,-14400,America/New_York,GMT-4,316.0,22.10666666666667,76.66666666666667,23.666666666666668
6,18,3,Mercedes-Benz Stadium,Atlanta,33.778557,-84.402985,-14400,America/New_York,GMT-4,316.0,21.673333333333336,78.06666666666666,23.14
6,18,4,Mercedes-Benz Stadium,Atlanta,33.778557,-84.402985,-14400,America/New_York,GMT-4,316.0,21.199999999999996,79.66666666666667,22.6
6,18,5,Mercedes-Benz Stadium,Atlanta,33.778557,-84.402985,-14400,America/New_York,GMT-4,316.0,20.92,80.53333333333333,22.24666666666667
6,18,6,Mercedes-Benz Stadium,Atlanta,33.778557,-84.402985,-14400,America/New_York,GMT-4,316.0,20.80666666666667,80.66666666666667,22.093333333333337
6,18,7,Mercedes-Benz Stadium,Atlanta,33.778557,-84.402985,-14400,America/New_York,GMT-4,316.0,21.226666666666667,80.06666666666666,22.54666666666667
6,18,8,Mercedes-Benz Stadium,Atlanta,33.778557,-84.402985,-14400,America/New_York,GMT-4,316.0,22.32,77.0,23.786666666666672
6,18,9,Mercedes-Benz Stadium,Atlanta,33.778557,-84.402985,-14400,America/New_York,GMT-4,316.0,24.066666666666666,71.53333333333333,25.660000000000004
6,18,10,Mercedes-Benz Stadium,Atlanta,33.778557,-84.402985,-14400,America/New_York,GMT-4,316.0,25.980000000000004,64.13333333333334,27.720000000000006
6,18,11,Mercedes-Benz Stadium,Atlanta,33.778557,-84.402985,-14400,America/New_York,GMT-4,316.0,27.733333333333334,56.8,29.573333333333334
6,18,12,Mercedes-Benz Stadium,Atlanta,33.778557,-84.402985,-14400,America/New_York,GMT-4,316.0,29.153333333333332,50.93333333333333,31.093333333333337
6,18,13,Mercedes-Benz Stadium,Atlanta,33.778557,-84.402985,-14400,America/New_York,GMT-4,316.0,30.24,46.333333333333336,32.019999999999996
6,18,14,Mercedes-Benz Stadium,Atlanta,33.778557,-84.402985,-14400,America/New_York,GMT-4,316.0,30.986666666666665,43.13333333333333,32.406666666666666
6,18,15,Mercedes-Benz Stadium,Atlanta,33.778557,-84.402985,-14400,America/New_York,GMT-4,316.0,31.506666666666664,40.333333333333336,32.473333333333336
6,18,16,Mercedes-Benz Stadium,Atlanta,33.778557,-84.402985,-14400,America/New_York,GMT-4,316.0,31.426666666666666,39.6,31.78666666666667
6,18,17,Mercedes-Benz Stadium,Atlanta,33.778557,-84.402985,-14400,America/New_York,GMT-4,316.0,31.173333333333332,39.733333333333334,31.08
6,18,18,Mercedes-Benz Stadium,Atlanta,33.778557,-84.402985,-14400,America/New_York,GMT-4,316.0,30.659999999999993,41.0,30.313333333333333
6,18,19,Mercedes-Benz Stadium,Atlanta,33.778557,-84.402985,-14400,America/New_York,GMT-4,316.0,29.74,44.8,29.733333333333334
6,18,20,Mercedes-Benz Stadium,Atlanta,33.778557,-84.402985,-14400,America/New_York,GMT-4,316.0,28.026666666666664,52.13333333333333,28.553333333333335
6,18,21,Mercedes-Benz Stadium,Atlanta,33.778557,-84.402985,-14400,America/New_York,GMT-4,316.0,26.226666666666667,59.6,27.21333333333333
6,18,22,Mercedes-Benz Stadium,Atlanta,33.778557,-84.402985,-14400,America/New_York,GMT-4,316.0,24.953333333333333,64.2,26.006666666666668
6,18,23,Mercedes-Benz Stadium,Atlanta,33.778557,-84.402985,-14400,America/New_York,GMT-4,316.0,24.106666666666666,67.6,25.3
6,19,0,Mercedes-Benz Stadium,Atlanta,33.778557,-84.402985,-14400,America/New_York,GMT-4,316.0,22.853333333333335,72.2,23.673333333333332
6,19,1,Mercedes-Benz Stadium,Atlanta,33.778557,-84.402985,-14400,America/New_York,GMT-4,316.0,22.953333333333333,72.13333333333334,24.013333333333332
6,19,2,Mercedes-Benz Stadium,Atlanta,33.778557,-84.402985,-14400,America/New_York,GMT-4,316.0,22.46,75.0,23.63333333333333
6,19,3,Mercedes-Benz Stadium,Atlanta,33.778557,-84.402985,-14400,America/New_York,GMT-4,316.0,22.073333333333334,77.33333333333333,23.319999999999997
6,19,4,Mercedes-Benz Stadium,Atlanta,33.778557,-84.402985,-14400,America/New_York,GMT-4,316.0,21.720000000000002,79.26666666666667,23.06
6,19,5,Mercedes-Benz Stadium,Atlanta,33.778557,-84.402985,-14400,America/New_York,GMT-4,316.0,21.40666666666667,80.53333333333333,22.639999999999997
6,19,6,Mercedes-Benz Stadium,Atlanta,33.778557,-84.402985,-14400,America/New_York,GMT-4,316.0,21.12,81.2,22.266666666666666
6,19,7,Mercedes-Benz Stadium,Atlanta,33.778557,-84.402985,-14400,America/New_York,GMT-4,316.0,21.233333333333338,80.26666666666667,22.246666666666663
6,19,8,Mercedes-Benz Stadium,Atlanta,33.778557,-84.402985,-14400,America/New_York,GMT-4,316.0,21.760000000000005,77.93333333333334,22.720000000000002
6,19,9,Mercedes-Benz Stadium,Atlanta,33.778557,-84.402985,-14400,America/New_York,GMT-4,316.0,22.740000000000006,74.06666666666666,23.513333333333332
6,19,10,Mercedes-Benz Stadium,Atlanta,33.778557,-84.402985,-14400,America/New_York,GMT-4,316.0,23.720000000000002,70.06666666666666,24.273333333333333
6,19,11,Mercedes-Benz Stadium,Atlanta,33.778557,-84.402985,-14400,America/New_York,GMT-4,316.0,24.5,67.33333333333333,25.0
6,19,12,Mercedes-Benz Stadium,Atlanta,33.778557,-84.402985,-14400,America/New_York,GMT-4,316.0,25.106666666666673,65.86666666666666,25.959999999999997
6,19,13,Mercedes-Benz Stadium,Atlanta,33.778557,-84.402985,-14400,America/New_York,GMT-4,316.0,25.87333333333333,64.33333333333333,27.233333333333334
6,19,14,Mercedes-Benz Stadium,Atlanta,33.778557,-84.402985,-14400,America/New_York,GMT-4,316.0,26.746666666666666,61.93333333333333,28.493333333333336
6,19,15,Mercedes-Benz Stadium,Atlanta,33.778557,-84.402985,-14400,America/New_York,GMT-4,316.0,27.199999999999996,61.0,28.973333333333336
6,19,16,Mercedes-Benz Stadium,Atlanta,33.778557,-84.402985,-14400,America/New_York,GMT-4,316.0,27.38,60.13333333333333,28.86
6,19,17,Mercedes-Benz Stadium,Atlanta,33.778557,-84.402985,-14400,America/New_York,GMT-4,316.0,27.366666666666667,59.733333333333334,28.373333333333335
6,19,18,Mercedes-Benz Stadium,Atlanta,33.778557,-84.402985,-14400,America/New_York,GMT-4,316.0,27.380000000000003,58.86666666666667,27.913333333333334
6,19,19,Mercedes-Benz Stadium,Atlanta,33.778557,-84.402985,-14400,America/New_York,GMT-4,316.0,26.71333333333333,61.46666666666667,27.22666666666667
6,19,20,Mercedes-Benz Stadium,Atlanta,33.778557,-84.402985,-14400,America/New_York,GMT-4,316.0,25.373333333333335,65.66666666666667,25.993333333333332
6,19,21,Mercedes-Benz Stadium,Atlanta,33.778557,-84.402985,-14400,America/New_York,GMT-4,316.0,23.98666666666667,69.93333333333334,24.74666666666667
6,19,22,Mercedes-Benz Stadium,Atlanta,33.778557,-84.402985,-14400,America/New_York,GMT-4,316.0,22.86666666666667,72.8,23.453333333333333
6,19,23,Mercedes-Benz Stadium,Atlanta,33.778557,-84.402985,-14400,America/New_York,GMT-4,316.0,22.846666666666668,72.33333333333333,23.513333333333335
6,20,0,Mercedes-Benz Stadium,Atlanta,33.778557,-84.402985,-14400,America/New_York,GMT-4,316.0,22.21333333333333,74.66666666666667,23.146666666666665
6,20,1,Mercedes-Benz Stadium,Atlanta,33.778557,-84.402985,-14400,America/New_York,GMT-4,316.0,21.339999999999996,77.4,22.139999999999997
6,20,2,Mercedes-Benz Stadium,Atlanta,33.778557,-84.402985,-14400,America/New_York,GMT-4,316.0,20.89333333333333,79.4,21.946666666666662
6,20,3,Mercedes-Benz Stadium,Atlanta,33.778557,-84.402985,-14400,America/New_York,GMT-4,316.0,20.493333333333332,81.06666666666666,21.66
6,20,4,Mercedes-Benz Stadium,Atlanta,33.778557,-84.402985,-14400,America/New_York,GMT-4,316.0,20.14,82.13333333333334,21.233333333333338
6,20,5,Mercedes-Benz Stadium,Atlanta,33.778557,-84.402985,-14400,America/New_York,GMT-4,316.0,19.860000000000003,82.6,20.80666666666667
6,20,6,Mercedes-Benz Stadium,Atlanta,33.778557,-84.402985,-14400,America/New_York,GMT-4,316.0,19.660000000000004,83.2,20.59333333333333
6,20,7,Mercedes-Benz Stadium,Atlanta,33.778557,-84.402985,-14400,America/New_York,GMT-4,316.0,20.073333333333334,83.66666666666667,21.386666666666667
6,20,8,Mercedes-Benz Stadium,Atlanta,33.778557,-84.402985,-14400,America/New_York,GMT-4,316.0,21.113333333333333,83.0,22.953333333333333
6,20,9,Mercedes-Benz Stadium,Atlanta,33.778557,-84.402985,-14400,America/New_York,GMT-4,316.0,22.56666666666667,81.13333333333334,24.9
6,20,10,Mercedes-Benz Stadium,Atlanta,33.778557,-84.402985,-14400,America/New_York,GMT-4,316.0,24.019999999999996,77.0,26.599999999999998
6,20,11,Mercedes-Benz Stadium,Atlanta,33.778557,-84.402985,-14400,America/New_York,GMT-4,316.0,25.35333333333333,71.33333333333333,28.240000000000002
6,20,12,Mercedes-Benz Stadium,Atlanta,33.778557,-84.402985,-14400,America/New_York,GMT-4,316.0,26.679999999999996,64.4,29.7
6,20,13,Mercedes-Benz Stadium,Atlanta,33.778557,-84.402985,-14400,America/New_York,GMT-4,316.0,27.74,58.93333333333333,30.740000000000006
6,20,14,Mercedes-Benz Stadium,Atlanta,33.778557,-84.402985,-14400,America/New_York,GMT-4,316.0,28.28666666666667,56.46666666666667,31.040000000000006
6,20,15,Mercedes-Benz Stadium,Atlanta,33.778557,-84.402985,-14400,America/New_York,GMT-4,316.0,28.62,55.0,31.066666666666674
6,20,16,Mercedes-Benz Stadium,Atlanta,33.778557,-84.402985,-14400,America/New_York,GMT-4,316.0,28.826666666666664,53.6,30.90000000000001
6,20,17,Mercedes-Benz Stadium,Atlanta,33.778557,-84.402985,-14400,America/New_York,GMT-4,316.0,28.99333333333333,51.86666666666667,30.560000000000002
6,20,18,Mercedes-Benz Stadium,Atlanta,33.778557,-84.402985,-14400,America/New_York,GMT-4,316.0,28.85333333333333,51.666666666666664,30.07333333333333
6,20,19,Mercedes-Benz Stadium,Atlanta,33.778557,-84.402985,-14400,America/New_York,GMT-4,316.0,28.220000000000002,56.0,29.686666666666664
6,20,20,Mercedes-Benz Stadium,Atlanta,33.778557,-84.402985,-14400,America/New_York,GMT-4,316.0,27.013333333333332,62.13333333333333,28.773333333333333
6,20,21,Mercedes-Benz Stadium,Atlanta,33.778557,-84.402985,-14400,America/New_York,GMT-4,316.0,25.660000000000007,67.26666666666667,27.566666666666666
6,20,22,Mercedes-Benz Stadium,Atlanta,33.778557,-84.402985,-14400,America/New_York,GMT-4,316.0,24.38666666666667,69.66666666666667,26.02
6,20,23,Mercedes-Benz Stadium,Atlanta,33.778557,-84.402985,-14400,America/New_York,GMT-4,316.0,23.233333333333334,71.6,24.386666666666663
6,21,0,Mercedes-Benz Stadium,Atlanta,33.778557,-84.402985,-14400,America/New_York,GMT-4,316.0,22.759999999999998,75.86666666666666,24.293333333333333
6,21,1,Mercedes-Benz Stadium,Atlanta,33.778557,-84.402985,-14400,America/New_York,GMT-4,316.0,22.22666666666667,78.33333333333333,23.946666666666665
6,21,2,Mercedes-Benz Stadium,Atlanta,33.778557,-84.402985,-14400,America/New_York,GMT-4,316.0,21.76,80.0,23.44
6,21,3,Mercedes-Benz Stadium,Atlanta,33.778557,-84.402985,-14400,America/New_York,GMT-4,316.0,21.34,81.2,22.966666666666665
6,21,4,Mercedes-Benz Stadium,Atlanta,33.778557,-84.402985,-14400,America/New_York,GMT-4,316.0,20.9,82.26666666666667,22.46
6,21,5,Mercedes-Benz Stadium,Atlanta,33.778557,-84.402985,-14400,America/New_York,GMT-4,316.0,20.553333333333338,83.8,22.073333333333334
6,21,6,Mercedes-Benz Stadium,Atlanta,33.778557,-84.402985,-14400,America/New_York,GMT-4,316.0,20.393333333333338,84.73333333333333,21.920000000000005
6,21,7,Mercedes-Benz Stadium,Atlanta,33.778557,-84.402985,-14400,America/New_York,GMT-4,316.0,20.946666666666665,83.73333333333333,22.580000000000002
6,21,8,Mercedes-Benz Stadium,Atlanta,33.778557,-84.402985,-14400,America/New_York,GMT-4,316.0,22.166666666666668,80.2,23.980000000000004
6,21,9,Mercedes-Benz Stadium,Atlanta,33.778557,-84.402985,-14400,America/New_York,GMT-4,316.0,23.89333333333333,75.2,25.980000000000004
6,21,10,Mercedes-Benz Stadium,Atlanta,33.778557,-84.402985,-14400,America/New_York,GMT-4,316.0,25.459999999999997,70.2,27.740000000000002
6,21,11,Mercedes-Benz Stadium,Atlanta,33.778557,-84.402985,-14400,America/New_York,GMT-4,316.0,26.63333333333333,66.2,28.973333333333336
6,21,12,Mercedes-Benz Stadium,Atlanta,33.778557,-84.402985,-14400,America/New_York,GMT-4,316.0,27.57333333333333,62.46666666666667,30.00666666666667
6,21,13,Mercedes-Benz Stadium,Atlanta,33.778557,-84.402985,-14400,America/New_York,GMT-4,316.0,28.293333333333333,59.666666666666664,30.913333333333345
6,21,14,Mercedes-Benz Stadium,Atlanta,33.778557,-84.402985,-14400,America/New_York,GMT-4,316.0,29.040000000000003,57.06666666666667,31.820000000000004
6,21,15,Mercedes-Benz Stadium,Atlanta,33.778557,-84.402985,-14400,America/New_York,GMT-4,316.0,29.520000000000003,54.733333333333334,32.07333333333333
6,21,16,Mercedes-Benz Stadium,Atlanta,33.778557,-84.402985,-14400,America/New_York,GMT-4,316.0,29.76666666666667,53.266666666666666,31.806666666666665
6,21,17,Mercedes-Benz Stadium,Atlanta,33.778557,-84.402985,-14400,America/New_York,GMT-4,316.0,29.766666666666666,52.4,31.219999999999995
6,21,18,Mercedes-Benz Stadium,Atlanta,33.778557,-84.402985,-14400,America/New_York,GMT-4,316.0,29.426666666666666,53.733333333333334,30.55333333333333
6,21,19,Mercedes-Benz Stadium,Atlanta,33.778557,-84.402985,-14400,America/New_York,GMT-4,316.0,28.746666666666663,56.0,29.833333333333332
6,21,20,Mercedes-Benz Stadium,Atlanta,33.778557,-84.402985,-14400,America/New_York,GMT-4,316.0,27.366666666666667,60.13333333333333,28.493333333333336
6,21,21,Mercedes-Benz Stadium,Atlanta,33.778557,-84.402985,-14400,America/New_York,GMT-4,316.0,25.793333333333333,64.86666666666666,26.973333333333336
6,21,22,Mercedes-Benz Stadium,Atlanta,33.778557,-84.402985,-14400,America/New_York,GMT-4,316.0,24.36,69.33333333333333,25.486666666666668
6,21,23,Mercedes-Benz Stadium,Atlanta,33.778557,-84.402985,-14400,America/New_York,GMT-4,316.0,23.413333333333334,73.0,24.76666666666667
6,22,0,Mercedes-Benz Stadium,Atlanta,33.778557,-84.402985,-14400,America/New_York,GMT-4,316.0,23.040000000000003,74.86666666666666,24.44
6,22,1,Mercedes-Benz Stadium,Atlanta,33.778557,-84.402985,-14400,America/New_York,GMT-4,316.0,22.25333333333333,77.2,23.333333333333332
6,22,2,Mercedes-Benz Stadium,Atlanta,33.778557,-84.402985,-14400,America/New_York,GMT-4,316.0,21.926666666666662,77.93333333333334,22.973333333333333
6,22,3,Mercedes-Benz Stadium,Atlanta,33.778557,-84.402985,-14400,America/New_York,GMT-4,316.0,21.586666666666662,79.13333333333334,22.693333333333335
6,22,4,Mercedes-Benz Stadium,Atlanta,33.778557,-84.402985,-14400,America/New_York,GMT-4,316.0,21.23333333333333,80.26666666666667,22.373333333333335
6,22,5,Mercedes-Benz Stadium,Atlanta,33.778557,-84.402985,-14400,America/New_York,GMT-4,316.0,20.69333333333333,82.6,21.826666666666668
6,22,6,Mercedes-Benz Stadium,Atlanta,33.778557,-84.402985,-14400,America/New_York,GMT-4,316.0,20.433333333333334,84.26666666666667,21.606666666666666
6,22,7,Mercedes-Benz Stadium,Atlanta,33.778557,-84.402985,-14400,America/New_York,GMT-4,316.0,20.786666666666665,83.66666666666667,22.106666666666666
6,22,8,Mercedes-Benz Stadium,Atlanta,33.778557,-84.402985,-14400,America/New_York,GMT-4,316.0,21.9,81.33333333333333,23.533333333333335
6,22,9,Mercedes-Benz Stadium,Atlanta,33.778557,-84.402985,-14400,America/New_York,GMT-4,316.0,23.566666666666666,77.06666666666666,25.579999999999995
6,22,10,Mercedes-Benz Stadium,Atlanta,33.778557,-84.402985,-14400,America/New_York,GMT-4,316.0,25.206666666666667,72.66666666666667,27.519999999999996
6,22,11,Mercedes-Benz Stadium,Atlanta,33.778557,-84.402985,-14400,America/New_York,GMT-4,316.0,26.680000000000003,67.73333333333333,29.319999999999997
6,22,12,Mercedes-Benz Stadium,Atlanta,33.778557,-84.402985,-14400,America/New_York,GMT-4,316.0,27.92666666666667,61.8,30.82
6,22,13,Mercedes-Benz Stadium,Atlanta,33.778557,-84.402985,-14400,America/New_York,GMT-4,316.0,29.14,56.0,32.14666666666667
6,22,14,Mercedes-Benz Stadium,Atlanta,33.778557,-84.402985,-14400,America/New_York,GMT-4,316.0,30.113333333333337,50.8,32.980000000000004
6,22,15,Mercedes-Benz Stadium,Atlanta,33.778557,-84.402985,-14400,America/New_York,GMT-4,316.0,30.84,47.0,33.28
6,22,16,Mercedes-Benz Stadium,Atlanta,33.778557,-84.402985,-14400,America/New_York,GMT-4,316.0,31.093333333333337,45.333333333333336,32.96
6,22,17,Mercedes-Benz Stadium,Atlanta,33.778557,-84.402985,-14400,America/New_York,GMT-4,316.0,30.92666666666667,45.06666666666667,32.10666666666667
6,22,18,Mercedes-Benz Stadium,Atlanta,33.778557,-84.402985,-14400,America/New_York,GMT-4,316.0,30.44,46.733333333333334,31.35333333333334
6,22,19,Mercedes-Benz Stadium,Atlanta,33.778557,-84.402985,-14400,America/New_York,GMT-4,316.0,29.360000000000003,51.13333333333333,30.439999999999998
6,22,20,Mercedes-Benz Stadium,Atlanta,33.778557,-84.402985,-14400,America/New_York,GMT-4,316.0,27.913333333333334,57.0,29.386666666666663
6,22,21,Mercedes-Benz Stadium,Atlanta,33.778557,-84.402985,-14400,America/New_York,GMT-4,316.0,26.33333333333333,63.333333333333336,28.179999999999996
6,22,22,Mercedes-Benz Stadium,Atlanta,33.778557,-84.402985,-14400,America/New_York,GMT-4,316.0,25.09333333333333,67.93333333333334,27.073333333333334
6,22,23,Mercedes-Benz Stadium,Atlanta,33.778557,-84.402985,-14400,America/New_York,GMT-4,316.0,24.013333333333335,71.73333333333333,25.826666666666668
6,23,0,Mercedes-Benz Stadium,Atlanta,33.778557,-84.402985,-14400,America/New_York,GMT-4,316.0,23.62,73.4,25.52
6,23,1,Mercedes-Benz Stadium,Atlanta,33.778557,-84.402985,-14400,America/New_York,GMT-4,316.0,22.753333333333334,77.8,24.833333333333332
6,23,2,Mercedes-Benz Stadium,Atlanta,33.778557,-84.402985,-14400,America/New_York,GMT-4,316.0,22.166666666666664,80.53333333333333,24.293333333333337
6,23,3,Mercedes-Benz Stadium,Atlanta,33.778557,-84.402985,-14400,America/New_York,GMT-4,316.0,21.7,82.4,23.826666666666668
6,23,4,Mercedes-Benz Stadium,Atlanta,33.778557,-84.402985,-14400,America/New_York,GMT-4,316.0,21.28666666666667,83.86666666666666,23.42
6,23,5,Mercedes-Benz Stadium,Atlanta,33.778557,-84.402985,-14400,America/New_York,GMT-4,316.0,20.886666666666663,85.06666666666666,22.993333333333332
6,23,6,Mercedes-Benz Stadium,Atlanta,33.778557,-84.402985,-14400,America/New_York,GMT-4,316.0,20.65333333333333,85.86666666666666,22.76
6,23,7,Mercedes-Benz Stadium,Atlanta,33.778557,-84.402985,-14400,America/New_York,GMT-4,316.0,21.199999999999996,84.66666666666667,23.46
6,23,8,Mercedes-Benz Stadium,Atlanta,33.778557,-84.402985,-14400,America/New_York,GMT-4,316.0,22.58,80.6,25.07333333333334
6,23,9,Mercedes-Benz Stadium,Atlanta,33.778557,-84.402985,-14400,America/New_York,GMT-4,316.0,24.56666666666667,74.4,27.266666666666673
6,23,10,Mercedes-Benz Stadium,Atlanta,33.778557,-84.402985,-14400,America/New_York,GMT-4,316.0,26.486666666666665,67.13333333333334,29.293333333333337
6,23,11,Mercedes-Benz Stadium,Atlanta,33.778557,-84.402985,-14400,America/New_York,GMT-4,316.0,28.14,60.8,31.120000000000005
6,23,12,Mercedes-Benz Stadium,Atlanta,33.778557,-84.402985,-14400,America/New_York,GMT-4,316.0,29.433333333333334,55.2,32.64
6,23,13,Mercedes-Benz Stadium,Atlanta,33.778557,-84.402985,-14400,America/New_York,GMT-4,316.0,30.38666666666667,50.86666666666667,33.67333333333333
6,23,14,Mercedes-Benz Stadium,Atlanta,33.778557,-84.402985,-14400,America/New_York,GMT-4,316.0,30.98666666666667,47.53333333333333,33.99333333333333
6,23,15,Mercedes-Benz Stadium,Atlanta,33.778557,-84.402985,-14400,America/New_York,GMT-4,316.0,31.43333333333333,44.86666666666667,34.08
6,23,16,Mercedes-Benz Stadium,Atlanta,33.778557,-84.402985,-14400,America/New_York,GMT-4,316.0,31.68,43.46666666666667,33.85333333333333
6,23,17,Mercedes-Benz Stadium,Atlanta,33.778557,-84.402985,-14400,America/New_York,GMT-4,316.0,31.626666666666665,43.13333333333333,33.266666666666666
6,23,18,Mercedes-Benz Stadium,Atlanta,33.778557,-84.402985,-14400,America/New_York,GMT-4,316.0,31.09333333333333,44.666666666666664,32.38666666666666
6,23,19,Mercedes-Benz Stadium,Atlanta,33.778557,-84.402985,-14400,America/New_York,GMT-4,316.0,30.1,50.0,31.566666666666666
6,23,20,Mercedes-Benz Stadium,Atlanta,33.778557,-84.402985,-14400,America/New_York,GMT-4,316.0,28.666666666666664,55.86666666666667,30.439999999999998
6,23,21,Mercedes-Benz Stadium,Atlanta,33.778557,-84.402985,-14400,America/New_York,GMT-4,316.0,27.20666666666666,61.46666666666667,29.11333333333333
6,23,22,Mercedes-Benz Stadium,Atlanta,33.778557,-84.402985,-14400,America/New_York,GMT-4,316.0,25.813333333333333,64.46666666666667,27.493333333333332
6,23,23,Mercedes-Benz Stadium,Atlanta,33.778557,-84.402985,-14400,America/New_York,GMT-4,316.0,24.65333333333333,68.73333333333333,26.413333333333334
6,24,0,Mercedes-Benz Stadium,Atlanta,33.778557,-84.402985,-14400,America/New_York,GMT-4,316.0,24.339999999999996,69.66666666666667,26.019999999999996
6,24,1,Mercedes-Benz Stadium,Atlanta,33.778557,-84.402985,-14400,America/New_York,GMT-4,316.0,23.77333333333333,69.33333333333333,25.133333333333333
6,24,2,Mercedes-Benz Stadium,Atlanta,33.778557,-84.402985,-14400,America/New_York,GMT-4,316.0,23.306666666666665,70.0,24.533333333333335
6,24,3,Mercedes-Benz Stadium,Atlanta,33.778557,-84.402985,-14400,America/New_York,GMT-4,316.0,22.826666666666668,72.06666666666666,24.026666666666664
6,24,4,Mercedes-Benz Stadium,Atlanta,33.778557,-84.402985,-14400,America/New_York,GMT-4,316.0,22.400000000000002,75.53333333333333,23.779999999999998
6,24,5,Mercedes-Benz Stadium,Atlanta,33.778557,-84.402985,-14400,America/New_York,GMT-4,316.0,22.100000000000005,79.06666666666666,23.680000000000003
6,24,6,Mercedes-Benz Stadium,Atlanta,33.778557,-84.402985,-14400,America/New_York,GMT-4,316.0,22.046666666666667,80.93333333333334,23.766666666666666
6,24,7,Mercedes-Benz Stadium,Atlanta,33.778557,-84.402985,-14400,America/New_York,GMT-4,316.0,22.58,81.13333333333334,24.506666666666664
6,24,8,Mercedes-Benz Stadium,Atlanta,33.778557,-84.402985,-14400,America/New_York,GMT-4,316.0,23.67333333333334,79.46666666666667,25.853333333333335
6,24,9,Mercedes-Benz Stadium,Atlanta,33.778557,-84.402985,-14400,America/New_York,GMT-4,316.0,25.14,75.8,27.446666666666665
6,24,10,Mercedes-Benz Stadium,Atlanta,33.778557,-84.402985,-14400,America/New_York,GMT-4,316.0,26.566666666666666,70.2,28.860000000000007
6,24,11,Mercedes-Benz Stadium,Atlanta,33.778557,-84.402985,-14400,America/New_York,GMT-4,316.0,27.94,63.266666666666666,30.1
6,24,12,Mercedes-Benz Stadium,Atlanta,33.778557,-84.402985,-14400,America/New_York,GMT-4,316.0,29.240000000000002,56.46666666666667,31.406666666666663
6,24,13,Mercedes-Benz Stadium,Atlanta,33.778557,-84.402985,-14400,America/New_York,GMT-4,316.0,30.40666666666667,51.0,32.64
6,24,14,Mercedes-Benz Stadium,Atlanta,33.778557,-84.402985,-14400,America/New_York,GMT-4,316.0,31.09333333333333,48.06666666666667,33.32
6,24,15,Mercedes-Benz Stadium,Atlanta,33.778557,-84.402985,-14400,America/New_York,GMT-4,316.0,31.519999999999996,46.53333333333333,33.593333333333334
6,24,16,Mercedes-Benz Stadium,Atlanta,33.778557,-84.402985,-14400,America/New_York,GMT-4,316.0,31.706666666666663,45.4,33.346666666666664
6,24,17,Mercedes-Benz Stadium,Atlanta,33.778557,-84.402985,-14400,America/New_York,GMT-4,316.0,31.766666666666662,44.6,32.946666666666665
6,24,18,Mercedes-Benz Stadium,Atlanta,33.778557,-84.402985,-14400,America/New_York,GMT-4,316.0,31.4,44.733333333333334,32.20666666666666
6,24,19,Mercedes-Benz Stadium,Atlanta,33.778557,-84.402985,-14400,America/New_York,GMT-4,316.0,29.9,52.0,31.06666666666667
6,24,20,Mercedes-Benz Stadium,Atlanta,33.778557,-84.402985,-14400,America/New_York,GMT-4,316.0,28.24,59.266666666666666,29.893333333333334
6,24,21,Mercedes-Benz Stadium,Atlanta,33.778557,-84.402985,-14400,America/New_York,GMT-4,316.0,26.62666666666666,66.73333333333333,28.753333333333334
6,24,22,Mercedes-Benz Stadium,Atlanta,33.778557,-84.402985,-14400,America/New_York,GMT-4,316.0,25.806666666666665,68.33333333333333,27.886666666666663
6,24,23,Mercedes-Benz Stadium,Atlanta,33.778557,-84.402985,-14400,America/New_York,GMT-4,316.0,25.019999999999996,69.2,26.89333333333333
6,25,0,Mercedes-Benz Stadium,Atlanta,33.778557,-84.402985,-14400,America/New_York,GMT-4,316.0,24.23333333333333,72.46666666666667,26.24
6,25,1,Mercedes-Benz Stadium,Atlanta,33.778557,-84.402985,-14400,America/New_York,GMT-4,316.0,23.339999999999996,76.53333333333333,25.39333333333333
6,25,2,Mercedes-Benz Stadium,Atlanta,33.778557,-84.402985,-14400,America/New_York,GMT-4,316.0,22.659999999999993,78.8,24.69333333333333
6,25,3,Mercedes-Benz Stadium,Atlanta,33.778557,-84.402985,-14400,America/New_York,GMT-4,316.0,22.12,80.33333333333333,24.166666666666668
6,25,4,Mercedes-Benz Stadium,Atlanta,33.778557,-84.402985,-14400,America/New_York,GMT-4,316.0,21.646666666666665,81.73333333333333,23.72666666666667
6,25,5,Mercedes-Benz Stadium,Atlanta,33.778557,-84.402985,-14400,America/New_York,GMT-4,316.0,21.24666666666667,82.86666666666666,23.253333333333337
6,25,6,Mercedes-Benz Stadium,Atlanta,33.778557,-84.402985,-14400,America/New_York,GMT-4,316.0,21.08666666666667,83.2,22.96
6,25,7,Mercedes-Benz Stadium,Atlanta,33.778557,-84.402985,-14400,America/New_York,GMT-4,316.0,21.733333333333334,81.2,23.553333333333335
6,25,8,Mercedes-Benz Stadium,Atlanta,33.778557,-84.402985,-14400,America/New_York,GMT-4,316.0,23.15333333333333,77.06666666666666,25.186666666666667
6,25,9,Mercedes-Benz Stadium,Atlanta,33.778557,-84.402985,-14400,America/New_York,GMT-4,316.0,25.05333333333333,71.46666666666667,27.353333333333335
6,25,10,Mercedes-Benz Stadium,Atlanta,33.778557,-84.402985,-14400,America/New_York,GMT-4,316.0,26.8,65.06666666666666,29.24666666666667
6,25,11,Mercedes-Benz Stadium,Atlanta,33.778557,-84.402985,-14400,America/New_York,GMT-4,316.0,28.340000000000007,57.93333333333333,30.77333333333333
6,25,12,Mercedes-Benz Stadium,Atlanta,33.778557,-84.402985,-14400,America/New_York,GMT-4,316.0,29.773333333333337,50.6,32.22666666666667
6,25,13,Mercedes-Benz Stadium,Atlanta,33.778557,-84.402985,-14400,America/New_York,GMT-4,316.0,31.06666666666667,44.86666666666667,33.79333333333333
6,25,14,Mercedes-Benz Stadium,Atlanta,33.778557,-84.402985,-14400,America/New_York,GMT-4,316.0,32.126666666666665,41.06666666666667,35.026666666666664
6,25,15,Mercedes-Benz Stadium,Atlanta,33.778557,-84.402985,-14400,America/New_York,GMT-4,316.0,32.42666666666667,40.06666666666667,35.04666666666667
6,25,16,Mercedes-Benz Stadium,Atlanta,33.778557,-84.402985,-14400,America/New_York,GMT-4,316.0,31.926666666666666,42.46666666666667,33.96
6,25,17,Mercedes-Benz Stadium,Atlanta,33.778557,-84.402985,-14400,America/New_York,GMT-4,316.0,31.38,44.53333333333333,32.85333333333334
6,25,18,Mercedes-Benz Stadium,Atlanta,33.778557,-84.402985,-14400,America/New_York,GMT-4,316.0,30.986666666666668,46.733333333333334,32.406666666666666
6,25,19,Mercedes-Benz Stadium,Atlanta,33.778557,-84.402985,-14400,America/New_York,GMT-4,316.0,30.073333333333334,51.46666666666667,31.80666666666667
6,25,20,Mercedes-Benz Stadium,Atlanta,33.778557,-84.402985,-14400,America/New_York,GMT-4,316.0,28.593333333333337,57.46666666666667,30.58
6,25,21,Mercedes-Benz Stadium,Atlanta,33.778557,-84.402985,-14400,America/New_York,GMT-4,316.0,26.82666666666667,64.26666666666667,29.066666666666666
6,25,22,Mercedes-Benz Stadium,Atlanta,33.778557,-84.402985,-14400,America/New_York,GMT-4,316.0,25.92,65.8,27.986666666666668
6,25,23,Mercedes-Benz Stadium,Atlanta,33.778557,-84.402985,-14400,America/New_York,GMT-4,316.0,25.006666666666668,69.4,27.099999999999998
6,26,0,Mercedes-Benz Stadium,Atlanta,33.778557,-84.402985,-14400,America/New_York,GMT-4,316.0,24.179999999999996,73.0,26.14666666666666
6,26,1,Mercedes-Benz Stadium,Atlanta,33.778557,-84.402985,-14400,America/New_York,GMT-4,316.0,24.199999999999996,67.8,25.439999999999998
6,26,2,Mercedes-Benz Stadium,Atlanta,33.778557,-84.402985,-14400,America/New_York,GMT-4,316.0,23.486666666666665,69.0,24.533333333333328
6,26,3,Mercedes-Benz Stadium,Atlanta,33.778557,-84.402985,-14400,America/New_York,GMT-4,316.0,22.959999999999997,69.6,23.98
6,26,4,Mercedes-Benz Stadium,Atlanta,33.778557,-84.402985,-14400,America/New_York,GMT-4,316.0,22.46666666666666,70.46666666666667,23.54666666666667
6,26,5,Mercedes-Benz Stadium,Atlanta,33.778557,-84.402985,-14400,America/New_York,GMT-4,316.0,22.11333333333333,72.06666666666666,23.30666666666667
6,26,6,Mercedes-Benz Stadium,Atlanta,33.778557,-84.402985,-14400,America/New_York,GMT-4,316.0,21.819999999999997,74.2,23.2
6,26,7,Mercedes-Benz Stadium,Atlanta,33.778557,-84.402985,-14400,America/New_York,GMT-4,316.0,22.053333333333335,75.13333333333334,23.62
6,26,8,Mercedes-Benz Stadium,Atlanta,33.778557,-84.402985,-14400,America/New_York,GMT-4,316.0,23.013333333333332,73.53333333333333,24.733333333333338
6,26,9,Mercedes-Benz Stadium,Atlanta,33.778557,-84.402985,-14400,America/New_York,GMT-4,316.0,24.633333333333333,69.66666666666667,26.413333333333334
6,26,10,Mercedes-Benz Stadium,Atlanta,33.778557,-84.402985,-14400,America/New_York,GMT-4,316.0,26.293333333333333,65.4,28.34
6,26,11,Mercedes-Benz Stadium,Atlanta,33.778557,-84.402985,-14400,America/New_York,GMT-4,316.0,27.84666666666666,60.93333333333333,30.253333333333334
6,26,12,Mercedes-Benz Stadium,Atlanta,33.778557,-84.402985,-14400,America/New_York,GMT-4,316.0,29.21333333333333,56.333333333333336,32.07333333333334
6,26,13,Mercedes-Benz Stadium,Atlanta,33.778557,-84.402985,-14400,America/New_York,GMT-4,316.0,30.426666666666666,51.333333333333336,33.39333333333334
6,26,14,Mercedes-Benz Stadium,Atlanta,33.778557,-84.402985,-14400,America/New_York,GMT-4,316.0,31.48,46.86666666666667,34.513333333333335
6,26,15,Mercedes-Benz Stadium,Atlanta,33.778557,-84.402985,-14400,America/New_York,GMT-4,316.0,32.26,43.46666666666667,35.086666666666666
6,26,16,Mercedes-Benz Stadium,Atlanta,33.778557,-84.402985,-14400,America/New_York,GMT-4,316.0,32.36666666666667,42.93333333333333,34.63333333333333
6,26,17,Mercedes-Benz Stadium,Atlanta,33.778557,-84.402985,-14400,America/New_York,GMT-4,316.0,31.76666666666667,45.666666666666664,33.413333333333334
6,26,18,Mercedes-Benz Stadium,Atlanta,33.778557,-84.402985,-14400,America/New_York,GMT-4,316.0,30.713333333333335,50.13333333333333,32.02666666666667
6,26,19,Mercedes-Benz Stadium,Atlanta,33.778557,-84.402985,-14400,America/New_York,GMT-4,316.0,29.513333333333335,56.2,31.266666666666666
6,26,20,Mercedes-Benz Stadium,Atlanta,33.778557,-84.402985,-14400,America/New_York,GMT-4,316.0,28.040000000000003,63.06666666666667,30.113333333333333
6,26,21,Mercedes-Benz Stadium,Atlanta,33.778557,-84.402985,-14400,America/New_York,GMT-4,316.0,26.23333333333333,71.73333333333333,28.566666666666666
6,26,22,Mercedes-Benz Stadium,Atlanta,33.778557,-84.402985,-14400,America/New_York,GMT-4,316.0,24.69333333333333,78.86666666666666,27.253333333333334
6,26,23,Mercedes-Benz Stadium,Atlanta,33.778557,-84.402985,-14400,America/New_York,GMT-4,316.0,24.266666666666662,77.0,26.62666666666667
6,27,0,Mercedes-Benz Stadium,Atlanta,33.778557,-84.402985,-14400,America/New_York,GMT-4,316.0,23.446666666666665,85.93333333333334,26.653333333333332
6,27,1,Mercedes-Benz Stadium,Atlanta,33.778557,-84.402985,-14400,America/New_York,GMT-4,316.0,23.453333333333337,86.33333333333333,26.646666666666665
6,27,2,Mercedes-Benz Stadium,Atlanta,33.778557,-84.402985,-14400,America/New_York,GMT-4,316.0,23.12,88.53333333333333,26.273333333333333
6,27,3,Mercedes-Benz Stadium,Atlanta,33.778557,-84.402985,-14400,America/New_York,GMT-4,316.0,22.786666666666665,89.6,25.94666666666667
6,27,4,Mercedes-Benz Stadium,Atlanta,33.778557,-84.402985,-14400,America/New_York,GMT-4,316.0,22.28666666666667,91.46666666666667,25.480000000000004
6,27,5,Mercedes-Benz Stadium,Atlanta,33.778557,-84.402985,-14400,America/New_York,GMT-4,316.0,21.939999999999998,92.8,25.253333333333337
6,27,6,Mercedes-Benz Stadium,Atlanta,33.778557,-84.402985,-14400,America/New_York,GMT-4,316.0,21.7,93.86666666666666,25.026666666666664
6,27,7,Mercedes-Benz Stadium,Atlanta,33.778557,-84.402985,-14400,America/New_York,GMT-4,316.0,22.106666666666666,92.6,25.459999999999997
6,27,8,Mercedes-Benz Stadium,Atlanta,33.778557,-84.402985,-14400,America/New_York,GMT-4,316.0,23.073333333333334,88.13333333333334,26.386666666666667
6,27,9,Mercedes-Benz Stadium,Atlanta,33.778557,-84.402985,-14400,America/New_York,GMT-4,316.0,24.520000000000003,81.53333333333333,27.826666666666664
6,27,10,Mercedes-Benz Stadium,Atlanta,33.778557,-84.402985,-14400,America/New_York,GMT-4,316.0,25.86666666666667,74.73333333333333,29.21333333333333
6,27,11,Mercedes-Benz Stadium,Atlanta,33.778557,-84.402985,-14400,America/New_York,GMT-4,316.0,26.933333333333337,69.6,30.433333333333334
6,27,12,Mercedes-Benz Stadium,Atlanta,33.778557,-84.402985,-14400,America/New_York,GMT-4,316.0,27.680000000000003,66.06666666666666,31.393333333333338
6,27,13,Mercedes-Benz Stadium,Atlanta,33.778557,-84.402985,-14400,America/New_York,GMT-4,316.0,28.433333333333337,62.8,32.37333333333334
6,27,14,Mercedes-Benz Stadium,Atlanta,33.778557,-84.402985,-14400,America/New_York,GMT-4,316.0,29.226666666666667,59.333333333333336,33.333333333333336
6,27,15,Mercedes-Benz Stadium,Atlanta,33.778557,-84.402985,-14400,America/New_York,GMT-4,316.0,30.026666666666664,55.93333333333333,34.026666666666664
6,27,16,Mercedes-Benz Stadium,Atlanta,33.778557,-84.402985,-14400,America/New_York,GMT-4,316.0,29.8,56.8,33.13333333333333
6,27,17,Mercedes-Benz Stadium,Atlanta,33.778557,-84.402985,-14400,America/New_York,GMT-4,316.0,29.10666666666667,59.666666666666664,31.779999999999998
6,27,18,Mercedes-Benz Stadium,Atlanta,33.778557,-84.402985,-14400,America/New_York,GMT-4,316.0,27.96,64.53333333333333,30.399999999999995
6,27,19,Mercedes-Benz Stadium,Atlanta,33.778557,-84.402985,-14400,America/New_York,GMT-4,316.0,27.13333333333333,68.2,29.9
6,27,20,Mercedes-Benz Stadium,Atlanta,33.778557,-84.402985,-14400,America/New_York,GMT-4,316.0,26.066666666666663,72.93333333333334,29.146666666666665
6,27,21,Mercedes-Benz Stadium,Atlanta,33.778557,-84.402985,-14400,America/New_York,GMT-4,316.0,25.013333333333332,77.8,28.18666666666667
6,27,22,Mercedes-Benz Stadium,Atlanta,33.778557,-84.402985,-14400,America/New_York,GMT-4,316.0,24.053333333333335,82.33333333333333,27.253333333333334
6,27,23,Mercedes-Benz Stadium,Atlanta,33.778557,-84.402985,-14400,America/New_York,GMT-4,316.0,23.66666666666667,84.26666666666667,26.853333333333335
6,28,0,Mercedes-Benz Stadium,Atlanta,33.778557,-84.402985,-14400,America/New_York,GMT-4,316.0,22.733333333333338,90.06666666666666,26.1
6,28,1,Mercedes-Benz Stadium,Atlanta,33.778557,-84.402985,-14400,America/New_York,GMT-4,316.0,22.319999999999997,91.93333333333334,25.720000000000002
6,28,2,Mercedes-Benz Stadium,Atlanta,33.778557,-84.402985,-14400,America/New_York,GMT-4,316.0,21.946666666666665,93.33333333333333,25.226666666666663
6,28,3,Mercedes-Benz Stadium,Atlanta,33.778557,-84.402985,-14400,America/New_York,GMT-4,316.0,21.62,94.06666666666666,24.74
6,28,4,Mercedes-Benz Stadium,Atlanta,33.778557,-84.402985,-14400,America/New_York,GMT-4,316.0,21.38,94.26666666666667,24.42
6,28,5,Mercedes-Benz Stadium,Atlanta,33.778557,-84.402985,-14400,America/New_York,GMT-4,316.0,21.07333333333333,94.86666666666666,24.04666666666667
6,28,6,Mercedes-Benz Stadium,Atlanta,33.778557,-84.402985,-14400,America/New_York,GMT-4,316.0,20.913333333333334,95.53333333333333,23.88666666666667
6,28,7,Mercedes-Benz Stadium,Atlanta,33.778557,-84.402985,-14400,America/New_York,GMT-4,316.0,21.366666666666667,94.2,24.36
6,28,8,Mercedes-Benz Stadium,Atlanta,33.778557,-84.402985,-14400,America/New_York,GMT-4,316.0,22.413333333333334,90.46666666666667,25.533333333333328
6,28,9,Mercedes-Benz Stadium,Atlanta,33.778557,-84.402985,-14400,America/New_York,GMT-4,316.0,23.85333333333333,83.73333333333333,26.946666666666665
6,28,10,Mercedes-Benz Stadium,Atlanta,33.778557,-84.402985,-14400,America/New_York,GMT-4,316.0,25.206666666666663,77.13333333333334,28.4
6,28,11,Mercedes-Benz Stadium,Atlanta,33.778557,-84.402985,-14400,America/New_York,GMT-4,316.0,26.619999999999997,70.0,29.973333333333333
6,28,12,Mercedes-Benz Stadium,Atlanta,33.778557,-84.402985,-14400,America/New_York,GMT-4,316.0,27.766666666666666,65.2,31.506666666666664
6,28,13,Mercedes-Benz Stadium,Atlanta,33.778557,-84.402985,-14400,America/New_York,GMT-4,316.0,28.633333333333333,61.266666666666666,32.45333333333333
6,28,14,Mercedes-Benz Stadium,Atlanta,33.778557,-84.402985,-14400,America/New_York,GMT-4,316.0,28.959999999999997,60.2,32.62666666666667
6,28,15,Mercedes-Benz Stadium,Atlanta,33.778557,-84.402985,-14400,America/New_York,GMT-4,316.0,29.05333333333333,59.733333333333334,32.34
6,28,16,Mercedes-Benz Stadium,Atlanta,33.778557,-84.402985,-14400,America/New_York,GMT-4,316.0,29.086666666666666,59.666666666666664,32.14666666666667
6,28,17,Mercedes-Benz Stadium,Atlanta,33.778557,-84.402985,-14400,America/New_York,GMT-4,316.0,29.040000000000003,59.6,31.813333333333336
6,28,18,Mercedes-Benz Stadium,Atlanta,33.778557,-84.402985,-14400,America/New_York,GMT-4,316.0,28.886666666666667,60.4,31.633333333333336
6,28,19,Mercedes-Benz Stadium,Atlanta,33.778557,-84.402985,-14400,America/New_York,GMT-4,316.0,28.199999999999996,64.06666666666666,31.04
6,28,20,Mercedes-Benz Stadium,Atlanta,33.778557,-84.402985,-14400,America/New_York,GMT-4,316.0,26.720000000000002,72.0,29.913333333333334
6,28,21,Mercedes-Benz Stadium,Atlanta,33.778557,-84.402985,-14400,America/New_York,GMT-4,316.0,25.153333333333332,79.73333333333333,28.513333333333332
6,28,22,Mercedes-Benz Stadium,Atlanta,33.778557,-84.402985,-14400,America/New_York,GMT-4,316.0,23.78666666666667,85.93333333333334,27.12666666666667
6,28,23,Mercedes-Benz Stadium,Atlanta,33.778557,-84.402985,-14400,America/New_York,GMT-4,316.0,23.206666666666667,88.0,26.533333333333335
6,10,0,Hard Rock Stadium,Miami Gardens,25.975393,-80.2623,-14400,America/New_York,GMT-4,5.0,24.720000000000006,89.66666666666667,29.22666666666667
6,10,1,Hard Rock Stadium,Miami Gardens,25.975393,-80.2623,-14400,America/New_York,GMT-4,5.0,24.466666666666665,89.4,28.753333333333337
6,10,2,Hard Rock Stadium,Miami Gardens,25.975393,-80.2623,-14400,America/New_York,GMT-4,5.0,24.360000000000003,90.0,28.6
6,10,3,Hard Rock Stadium,Miami Gardens,25.975393,-80.2623,-14400,America/New_York,GMT-4,5.0,24.180000000000003,90.93333333333334,28.43333333333333
6,10,4,Hard Rock Stadium,Miami Gardens,25.975393,-80.2623,-14400,America/New_York,GMT-4,5.0,23.933333333333334,92.2,28.206666666666663
6,10,5,Hard Rock Stadium,Miami Gardens,25.975393,-80.2623,-14400,America/New_York,GMT-4,5.0,23.600000000000005,93.46666666666667,27.806666666666665
6,10,6,Hard Rock Stadium,Miami Gardens,25.975393,-80.2623,-14400,America/New_York,GMT-4,5.0,23.526666666666664,93.8,27.793333333333337
6,10,7,Hard Rock Stadium,Miami Gardens,25.975393,-80.2623,-14400,America/New_York,GMT-4,5.0,24.059999999999995,91.8,28.419999999999998
6,10,8,Hard Rock Stadium,Miami Gardens,25.975393,-80.2623,-14400,America/New_York,GMT-4,5.0,25.219999999999995,87.26666666666667,29.78666666666667
6,10,9,Hard Rock Stadium,Miami Gardens,25.975393,-80.2623,-14400,America/New_York,GMT-4,5.0,26.846666666666668,80.13333333333334,31.433333333333337
6,10,10,Hard Rock Stadium,Miami Gardens,25.975393,-80.2623,-14400,America/New_York,GMT-4,5.0,28.386666666666667,72.6,33.013333333333335
6,10,11,Hard Rock Stadium,Miami Gardens,25.975393,-80.2623,-14400,America/New_York,GMT-4,5.0,29.64,66.26666666666667,34.49333333333334
6,10,12,Hard Rock Stadium,Miami Gardens,25.975393,-80.2623,-14400,America/New_York,GMT-4,5.0,30.266666666666666,63.2,35.57333333333334
6,10,13,Hard Rock Stadium,Miami Gardens,25.975393,-80.2623,-14400,America/New_York,GMT-4,5.0,30.35333333333333,62.46666666666667,35.71333333333334
6,10,14,Hard Rock Stadium,Miami Gardens,25.975393,-80.2623,-14400,America/New_York,GMT-4,5.0,30.02,63.2,34.99333333333334
6,10,15,Hard Rock Stadium,Miami Gardens,25.975393,-80.2623,-14400,America/New_York,GMT-4,5.0,29.706666666666663,64.06666666666666,34.026666666666664
6,10,16,Hard Rock Stadium,Miami Gardens,25.975393,-80.2623,-14400,America/New_York,GMT-4,5.0,29.206666666666663,66.53333333333333,33.086666666666666
6,10,17,Hard Rock Stadium,Miami Gardens,25.975393,-80.2623,-14400,America/New_York,GMT-4,5.0,28.72666666666667,69.46666666666667,32.480000000000004
6,10,18,Hard Rock Stadium,Miami Gardens,25.975393,-80.2623,-14400,America/New_York,GMT-4,5.0,27.886666666666667,73.2,31.633333333333333
6,10,19,Hard Rock Stadium,Miami Gardens,25.975393,-80.2623,-14400,America/New_York,GMT-4,5.0,27.126666666666665,77.73333333333333,31.166666666666668
6,10,20,Hard Rock Stadium,Miami Gardens,25.975393,-80.2623,-14400,America/New_York,GMT-4,5.0,26.306666666666665,82.86666666666666,30.719999999999995
6,10,21,Hard Rock Stadium,Miami Gardens,25.975393,-80.2623,-14400,America/New_York,GMT-4,5.0,25.73333333333333,87.6,30.54
6,10,22,Hard Rock Stadium,Miami Gardens,25.975393,-80.2623,-14400,America/New_York,GMT-4,5.0,25.333333333333336,89.86666666666666,30.3
6,10,23,Hard Rock Stadium,Miami Gardens,25.975393,-80.2623,-14400,America/New_York,GMT-4,5.0,24.993333333333336,90.06666666666666,29.779999999999998
6,11,0,Hard Rock Stadium,Miami Gardens,25.975393,-80.2623,-14400,America/New_York,GMT-4,5.0,24.566666666666663,90.93333333333334,29.073333333333334
6,11,1,Hard Rock Stadium,Miami Gardens,25.975393,-80.2623,-14400,America/New_York,GMT-4,5.0,24.366666666666664,92.4,29.09333333333333
6,11,2,Hard Rock Stadium,Miami Gardens,25.975393,-80.2623,-14400,America/New_York,GMT-4,5.0,24.06,93.0,28.573333333333334
6,11,3,Hard Rock Stadium,Miami Gardens,25.975393,-80.2623,-14400,America/New_York,GMT-4,5.0,23.793333333333333,93.33333333333333,28.133333333333333
6,11,4,Hard Rock Stadium,Miami Gardens,25.975393,-80.2623,-14400,America/New_York,GMT-4,5.0,23.586666666666666,93.33333333333333,27.706666666666667
6,11,5,Hard Rock Stadium,Miami Gardens,25.975393,-80.2623,-14400,America/New_York,GMT-4,5.0,23.559999999999995,93.33333333333333,27.72666666666667
6,11,6,Hard Rock Stadium,Miami Gardens,25.975393,-80.2623,-14400,America/New_York,GMT-4,5.0,23.78666666666667,92.86666666666666,28.066666666666663
6,11,7,Hard Rock Stadium,Miami Gardens,25.975393,-80.2623,-14400,America/New_York,GMT-4,5.0,24.459999999999997,91.06666666666666,28.86
6,11,8,Hard Rock Stadium,Miami Gardens,25.975393,-80.2623,-14400,America/New_York,GMT-4,5.0,25.38,87.86666666666666,29.80666666666667
6,11,9,Hard Rock Stadium,Miami Gardens,25.975393,-80.2623,-14400,America/New_York,GMT-4,5.0,26.519999999999996,83.13333333333334,30.86
6,11,10,Hard Rock Stadium,Miami Gardens,25.975393,-80.2623,-14400,America/New_York,GMT-4,5.0,27.326666666666664,79.0,31.566666666666666
6,11,11,Hard Rock Stadium,Miami Gardens,25.975393,-80.2623,-14400,America/New_York,GMT-4,5.0,28.133333333333333,74.8,32.53333333333333
6,11,12,Hard Rock Stadium,Miami Gardens,25.975393,-80.2623,-14400,America/New_York,GMT-4,5.0,28.766666666666666,71.66666666666667,33.4
6,11,13,Hard Rock Stadium,Miami Gardens,25.975393,-80.2623,-14400,America/New_York,GMT-4,5.0,29.12,70.2,33.973333333333336
6,11,14,Hard Rock Stadium,Miami Gardens,25.975393,-80.2623,-14400,America/New_York,GMT-4,5.0,29.086666666666662,70.33333333333333,33.720000000000006
6,11,15,Hard Rock Stadium,Miami Gardens,25.975393,-80.2623,-14400,America/New_York,GMT-4,5.0,28.88,71.26666666666667,33.233333333333334
6,11,16,Hard Rock Stadium,Miami Gardens,25.975393,-80.2623,-14400,America/New_York,GMT-4,5.0,28.813333333333333,71.53333333333333,32.92
6,11,17,Hard Rock Stadium,Miami Gardens,25.975393,-80.2623,-14400,America/New_York,GMT-4,5.0,28.753333333333334,71.6,32.74666666666666
6,11,18,Hard Rock Stadium,Miami Gardens,25.975393,-80.2623,-14400,America/New_York,GMT-4,5.0,28.439999999999998,73.0,32.38666666666667
6,11,19,Hard Rock Stadium,Miami Gardens,25.975393,-80.2623,-14400,America/New_York,GMT-4,5.0,27.839999999999996,76.4,31.986666666666668
6,11,20,Hard Rock Stadium,Miami Gardens,25.975393,-80.2623,-14400,America/New_York,GMT-4,5.0,27.060000000000002,81.13333333333334,31.44666666666667
6,11,21,Hard Rock Stadium,Miami Gardens,25.975393,-80.2623,-14400,America/New_York,GMT-4,5.0,26.193333333333335,85.06666666666666,30.65333333333334
6,11,22,Hard Rock Stadium,Miami Gardens,25.975393,-80.2623,-14400,America/New_York,GMT-4,5.0,25.433333333333334,87.33333333333333,29.700000000000003
6,11,23,Hard Rock Stadium,Miami Gardens,25.975393,-80.2623,-14400,America/New_York,GMT-4,5.0,24.913333333333334,89.2,29.253333333333337
6,12,0,Hard Rock Stadium,Miami Gardens,25.975393,-80.2623,-14400,America/New_York,GMT-4,5.0,24.480000000000004,90.26666666666667,28.76
6,12,1,Hard Rock Stadium,Miami Gardens,25.975393,-80.2623,-14400,America/New_York,GMT-4,5.0,24.06666666666667,92.73333333333333,28.44666666666667
6,12,2,Hard Rock Stadium,Miami Gardens,25.975393,-80.2623,-14400,America/New_York,GMT-4,5.0,23.906666666666673,93.86666666666666,28.266666666666666
6,12,3,Hard Rock Stadium,Miami Gardens,25.975393,-80.2623,-14400,America/New_York,GMT-4,5.0,23.64666666666667,95.0,28.006666666666668
6,12,4,Hard Rock Stadium,Miami Gardens,25.975393,-80.2623,-14400,America/New_York,GMT-4,5.0,23.546666666666667,94.93333333333334,27.786666666666665
6,12,5,Hard Rock Stadium,Miami Gardens,25.975393,-80.2623,-14400,America/New_York,GMT-4,5.0,23.513333333333335,94.8,27.733333333333334
6,12,6,Hard Rock Stadium,Miami Gardens,25.975393,-80.2623,-14400,America/New_York,GMT-4,5.0,23.64,94.4,27.93333333333333
6,12,7,Hard Rock Stadium,Miami Gardens,25.975393,-80.2623,-14400,America/New_York,GMT-4,5.0,24.180000000000003,93.4,28.806666666666665
6,12,8,Hard Rock Stadium,Miami Gardens,25.975393,-80.2623,-14400,America/New_York,GMT-4,5.0,25.326666666666668,89.6,29.986666666666668
6,12,9,Hard Rock Stadium,Miami Gardens,25.975393,-80.2623,-14400,America/New_York,GMT-4,5.0,26.646666666666665,83.93333333333334,31.233333333333334
6,12,10,Hard Rock Stadium,Miami Gardens,25.975393,-80.2623,-14400,America/New_York,GMT-4,5.0,27.76666666666667,78.2,32.14666666666667
6,12,11,Hard Rock Stadium,Miami Gardens,25.975393,-80.2623,-14400,America/New_York,GMT-4,5.0,28.5,74.53333333333333,32.96666666666667
6,12,12,Hard Rock Stadium,Miami Gardens,25.975393,-80.2623,-14400,America/New_York,GMT-4,5.0,29.14666666666667,71.73333333333333,33.900000000000006
6,12,13,Hard Rock Stadium,Miami Gardens,25.975393,-80.2623,-14400,America/New_York,GMT-4,5.0,29.62,69.8,34.513333333333335
6,12,14,Hard Rock Stadium,Miami Gardens,25.975393,-80.2623,-14400,America/New_York,GMT-4,5.0,29.94,68.26666666666667,34.88666666666667
6,12,15,Hard Rock Stadium,Miami Gardens,25.975393,-80.2623,-14400,America/New_York,GMT-4,5.0,29.66,68.86666666666666,34.153333333333336
6,12,16,Hard Rock Stadium,Miami Gardens,25.975393,-80.2623,-14400,America/New_York,GMT-4,5.0,29.193333333333335,70.2,33.38
6,12,17,Hard Rock Stadium,Miami Gardens,25.975393,-80.2623,-14400,America/New_York,GMT-4,5.0,28.48,72.93333333333334,32.43333333333333
6,12,18,Hard Rock Stadium,Miami Gardens,25.975393,-80.2623,-14400,America/New_York,GMT-4,5.0,27.826666666666664,75.73333333333333,31.8
6,12,19,Hard Rock Stadium,Miami Gardens,25.975393,-80.2623,-14400,America/New_York,GMT-4,5.0,26.899999999999995,80.2,30.98
6,12,20,Hard Rock Stadium,Miami Gardens,25.975393,-80.2623,-14400,America/New_York,GMT-4,5.0,25.913333333333334,84.46666666666667,30.126666666666665
6,12,21,Hard Rock Stadium,Miami Gardens,25.975393,-80.2623,-14400,America/New_York,GMT-4,5.0,25.373333333333328,87.0,29.686666666666664
6,12,22,Hard Rock Stadium,Miami Gardens,25.975393,-80.2623,-14400,America/New_York,GMT-4,5.0,25.146666666666665,87.46666666666667,29.413333333333334
6,12,23,Hard Rock Stadium,Miami Gardens,25.975393,-80.2623,-14400,America/New_York,GMT-4,5.0,24.84,88.46666666666667,29.073333333333334
6,13,0,Hard Rock Stadium,Miami Gardens,25.975393,-80.2623,-14400,America/New_York,GMT-4,5.0,25.37333333333333,88.66666666666667,30.01333333333333
6,13,1,Hard Rock Stadium,Miami Gardens,25.975393,-80.2623,-14400,America/New_York,GMT-4,5.0,24.973333333333336,88.93333333333334,29.293333333333333
6,13,2,Hard Rock Stadium,Miami Gardens,25.975393,-80.2623,-14400,America/New_York,GMT-4,5.0,24.833333333333332,89.73333333333333,29.15333333333333
6,13,3,Hard Rock Stadium,Miami Gardens,25.975393,-80.2623,-14400,America/New_York,GMT-4,5.0,24.653333333333332,91.0,28.906666666666663
6,13,4,Hard Rock Stadium,Miami Gardens,25.975393,-80.2623,-14400,America/New_York,GMT-4,5.0,24.506666666666664,91.8,28.73333333333333
6,13,5,Hard Rock Stadium,Miami Gardens,25.975393,-80.2623,-14400,America/New_York,GMT-4,5.0,24.33333333333333,92.73333333333333,28.613333333333333
6,13,6,Hard Rock Stadium,Miami Gardens,25.975393,-80.2623,-14400,America/New_York,GMT-4,5.0,24.306666666666665,93.06666666666666,28.693333333333328
6,13,7,Hard Rock Stadium,Miami Gardens,25.975393,-80.2623,-14400,America/New_York,GMT-4,5.0,24.8,91.4,29.38
6,13,8,Hard Rock Stadium,Miami Gardens,25.975393,-80.2623,-14400,America/New_York,GMT-4,5.0,25.98,86.46666666666667,30.733333333333334
6,13,9,Hard Rock Stadium,Miami Gardens,25.975393,-80.2623,-14400,America/New_York,GMT-4,5.0,27.506666666666664,79.46666666666667,32.27333333333334
6,13,10,Hard Rock Stadium,Miami Gardens,25.975393,-80.2623,-14400,America/New_York,GMT-4,5.0,28.913333333333338,73.26666666666667,33.81333333333334
6,13,11,Hard Rock Stadium,Miami Gardens,25.975393,-80.2623,-14400,America/New_York,GMT-4,5.0,29.766666666666666,69.46666666666667,34.77333333333333
6,13,12,Hard Rock Stadium,Miami Gardens,25.975393,-80.2623,-14400,America/New_York,GMT-4,5.0,30.279999999999998,67.73333333333333,35.68666666666666
6,13,13,Hard Rock Stadium,Miami Gardens,25.975393,-80.2623,-14400,America/New_York,GMT-4,5.0,30.506666666666664,66.53333333333333,35.96000000000001
6,13,14,Hard Rock Stadium,Miami Gardens,25.975393,-80.2623,-14400,America/New_York,GMT-4,5.0,30.31333333333333,66.6,35.49333333333333
6,13,15,Hard Rock Stadium,Miami Gardens,25.975393,-80.2623,-14400,America/New_York,GMT-4,5.0,30.133333333333333,66.86666666666666,34.96
6,13,16,Hard Rock Stadium,Miami Gardens,25.975393,-80.2623,-14400,America/New_York,GMT-4,5.0,29.88,67.4,34.26
6,13,17,Hard Rock Stadium,Miami Gardens,25.975393,-80.2623,-14400,America/New_York,GMT-4,5.0,29.71333333333333,68.46666666666667,33.946666666666665
6,13,18,Hard Rock Stadium,Miami Gardens,25.975393,-80.2623,-14400,America/New_York,GMT-4,5.0,29.266666666666662,70.0,33.28666666666666
6,13,19,Hard Rock Stadium,Miami Gardens,25.975393,-80.2623,-14400,America/New_York,GMT-4,5.0,28.493333333333336,74.93333333333334,32.94
6,13,20,Hard Rock Stadium,Miami Gardens,25.975393,-80.2623,-14400,America/New_York,GMT-4,5.0,27.68,79.6,32.58
6,13,21,Hard Rock Stadium,Miami Gardens,25.975393,-80.2623,-14400,America/New_York,GMT-4,5.0,26.85333333333333,84.86666666666666,32.18
6,13,22,Hard Rock Stadium,Miami Gardens,25.975393,-80.2623,-14400,America/New_York,GMT-4,5.0,26.299999999999997,87.4,31.62
6,13,23,Hard Rock Stadium,Miami Gardens,25.975393,-80.2623,-14400,America/New_York,GMT-4,5.0,25.753333333333334,88.6,30.706666666666663
6,14,0,Hard Rock Stadium,Miami Gardens,25.975393,-80.2623,-14400,America/New_York,GMT-4,5.0,25.306666666666665,89.6,30.106666666666666
6,14,1,Hard Rock Stadium,Miami Gardens,25.975393,-80.2623,-14400,America/New_York,GMT-4,5.0,25.206666666666663,90.93333333333334,30.033333333333328
6,14,2,Hard Rock Stadium,Miami Gardens,25.975393,-80.2623,-14400,America/New_York,GMT-4,5.0,24.993333333333332,91.33333333333333,29.720000000000002
6,14,3,Hard Rock Stadium,Miami Gardens,25.975393,-80.2623,-14400,America/New_York,GMT-4,5.0,24.806666666666665,91.6,29.540000000000003
6,14,4,Hard Rock Stadium,Miami Gardens,25.975393,-80.2623,-14400,America/New_York,GMT-4,5.0,24.566666666666663,92.0,29.219999999999995
6,14,5,Hard Rock Stadium,Miami Gardens,25.975393,-80.2623,-14400,America/New_York,GMT-4,5.0,24.306666666666665,92.53333333333333,28.91333333333333
6,14,6,Hard Rock Stadium,Miami Gardens,25.975393,-80.2623,-14400,America/New_York,GMT-4,5.0,24.173333333333332,92.8,28.66
6,14,7,Hard Rock Stadium,Miami Gardens,25.975393,-80.2623,-14400,America/New_York,GMT-4,5.0,24.473333333333336,90.86666666666666,28.80666666666667
6,14,8,Hard Rock Stadium,Miami Gardens,25.975393,-80.2623,-14400,America/New_York,GMT-4,5.0,25.206666666666667,87.53333333333333,29.44666666666667
6,14,9,Hard Rock Stadium,Miami Gardens,25.975393,-80.2623,-14400,America/New_York,GMT-4,5.0,26.073333333333334,83.6,30.286666666666665
6,14,10,Hard Rock Stadium,Miami Gardens,25.975393,-80.2623,-14400,America/New_York,GMT-4,5.0,26.913333333333338,80.53333333333333,31.266666666666662
6,14,11,Hard Rock Stadium,Miami Gardens,25.975393,-80.2623,-14400,America/New_York,GMT-4,5.0,27.900000000000002,76.8,32.54666666666666
6,14,12,Hard Rock Stadium,Miami Gardens,25.975393,-80.2623,-14400,America/New_York,GMT-4,5.0,28.766666666666666,73.8,33.71333333333333
6,14,13,Hard Rock Stadium,Miami Gardens,25.975393,-80.2623,-14400,America/New_York,GMT-4,5.0,29.219999999999995,71.66666666666667,34.17999999999999
6,14,14,Hard Rock Stadium,Miami Gardens,25.975393,-80.2623,-14400,America/New_York,GMT-4,5.0,29.273333333333326,71.06666666666666,34.03333333333333
6,14,15,Hard Rock Stadium,Miami Gardens,25.975393,-80.2623,-14400,America/New_York,GMT-4,5.0,29.059999999999995,71.33333333333333,33.53333333333334
6,14,16,Hard Rock Stadium,Miami Gardens,25.975393,-80.2623,-14400,America/New_York,GMT-4,5.0,28.866666666666664,72.0,33.093333333333334
6,14,17,Hard Rock Stadium,Miami Gardens,25.975393,-80.2623,-14400,America/New_York,GMT-4,5.0,28.573333333333334,72.86666666666666,32.553333333333335
6,14,18,Hard Rock Stadium,Miami Gardens,25.975393,-80.2623,-14400,America/New_York,GMT-4,5.0,28.333333333333336,74.13333333333334,32.34666666666667
6,14,19,Hard Rock Stadium,Miami Gardens,25.975393,-80.2623,-14400,America/New_York,GMT-4,5.0,27.806666666666672,77.26666666666667,32.16666666666667
6,14,20,Hard Rock Stadium,Miami Gardens,25.975393,-80.2623,-14400,America/New_York,GMT-4,5.0,26.90666666666667,82.13333333333334,31.546666666666663
6,14,21,Hard Rock Stadium,Miami Gardens,25.975393,-80.2623,-14400,America/New_York,GMT-4,5.0,26.02,86.06666666666666,30.81333333333333
6,14,22,Hard Rock Stadium,Miami Gardens,25.975393,-80.2623,-14400,America/New_York,GMT-4,5.0,25.48666666666667,87.66666666666667,30.233333333333334
6,14,23,Hard Rock Stadium,Miami Gardens,25.975393,-80.2623,-14400,America/New_York,GMT-4,5.0,25.38,88.66666666666667,30.240000000000002
6,15,0,Hard Rock Stadium,Miami Gardens,25.975393,-80.2623,-14400,America/New_York,GMT-4,5.0,24.980000000000004,88.4,29.433333333333337
6,15,1,Hard Rock Stadium,Miami Gardens,25.975393,-80.2623,-14400,America/New_York,GMT-4,5.0,24.44666666666667,90.33333333333333,28.759999999999998
6,15,2,Hard Rock Stadium,Miami Gardens,25.975393,-80.2623,-14400,America/New_York,GMT-4,5.0,24.240000000000006,90.73333333333333,28.493333333333332
6,15,3,Hard Rock Stadium,Miami Gardens,25.975393,-80.2623,-14400,America/New_York,GMT-4,5.0,24.080000000000002,91.06666666666666,28.32666666666666
6,15,4,Hard Rock Stadium,Miami Gardens,25.975393,-80.2623,-14400,America/New_York,GMT-4,5.0,23.873333333333335,92.06666666666666,28.173333333333332
6,15,5,Hard Rock Stadium,Miami Gardens,25.975393,-80.2623,-14400,America/New_York,GMT-4,5.0,23.666666666666668,93.46666666666667,27.993333333333332
6,15,6,Hard Rock Stadium,Miami Gardens,25.975393,-80.2623,-14400,America/New_York,GMT-4,5.0,23.56,94.33333333333333,27.94666666666667
6,15,7,Hard Rock Stadium,Miami Gardens,25.975393,-80.2623,-14400,America/New_York,GMT-4,5.0,24.113333333333337,92.66666666666667,28.580000000000002
6,15,8,Hard Rock Stadium,Miami Gardens,25.975393,-80.2623,-14400,America/New_York,GMT-4,5.0,25.413333333333338,88.73333333333333,30.22666666666667
6,15,9,Hard Rock Stadium,Miami Gardens,25.975393,-80.2623,-14400,America/New_York,GMT-4,5.0,27.113333333333337,82.4,32.04666666666667
6,15,10,Hard Rock Stadium,Miami Gardens,25.975393,-80.2623,-14400,America/New_York,GMT-4,5.0,28.640000000000004,75.4,33.699999999999996
6,15,11,Hard Rock Stadium,Miami Gardens,25.975393,-80.2623,-14400,America/New_York,GMT-4,5.0,29.7,68.4,34.46666666666667
6,15,12,Hard Rock Stadium,Miami Gardens,25.975393,-80.2623,-14400,America/New_York,GMT-4,5.0,30.093333333333337,65.26666666666667,34.86
6,15,13,Hard Rock Stadium,Miami Gardens,25.975393,-80.2623,-14400,America/New_York,GMT-4,5.0,30.086666666666666,64.8,34.686666666666675
6,15,14,Hard Rock Stadium,Miami Gardens,25.975393,-80.2623,-14400,America/New_York,GMT-4,5.0,29.693333333333335,66.8,34.27333333333333
6,15,15,Hard Rock Stadium,Miami Gardens,25.975393,-80.2623,-14400,America/New_York,GMT-4,5.0,29.58,67.4,33.97333333333333
6,15,16,Hard Rock Stadium,Miami Gardens,25.975393,-80.2623,-14400,America/New_York,GMT-4,5.0,29.419999999999998,68.26666666666667,33.559999999999995
6,15,17,Hard Rock Stadium,Miami Gardens,25.975393,-80.2623,-14400,America/New_York,GMT-4,5.0,29.23333333333333,69.6,33.20666666666667
6,15,18,Hard Rock Stadium,Miami Gardens,25.975393,-80.2623,-14400,America/New_York,GMT-4,5.0,28.739999999999995,72.13333333333334,32.66
6,15,19,Hard Rock Stadium,Miami Gardens,25.975393,-80.2623,-14400,America/New_York,GMT-4,5.0,27.953333333333333,76.2,32.2
6,15,20,Hard Rock Stadium,Miami Gardens,25.975393,-80.2623,-14400,America/New_York,GMT-4,5.0,27.14666666666666,80.0,31.653333333333332
6,15,21,Hard Rock Stadium,Miami Gardens,25.975393,-80.2623,-14400,America/New_York,GMT-4,5.0,26.473333333333326,82.93333333333334,31.160000000000004
6,15,22,Hard Rock Stadium,Miami Gardens,25.975393,-80.2623,-14400,America/New_York,GMT-4,5.0,26.086666666666666,84.2,30.74666666666667
6,15,23,Hard Rock Stadium,Miami Gardens,25.975393,-80.2623,-14400,America/New_York,GMT-4,5.0,25.526666666666667,86.2,30.093333333333344
6,16,0,Hard Rock Stadium,Miami Gardens,25.975393,-80.2623,-14400,America/New_York,GMT-4,5.0,25.226666666666667,87.4,29.74
6,16,1,Hard Rock Stadium,Miami Gardens,25.975393,-80.2623,-14400,America/New_York,GMT-4,5.0,25.2,87.73333333333333,29.813333333333333
6,16,2,Hard Rock Stadium,Miami Gardens,25.975393,-80.2623,-14400,America/New_York,GMT-4,5.0,25.17333333333334,87.66666666666667,29.726666666666667
6,16,3,Hard Rock Stadium,Miami Gardens,25.975393,-80.2623,-14400,America/New_York,GMT-4,5.0,25.053333333333335,88.06666666666666,29.6
6,16,4,Hard Rock Stadium,Miami Gardens,25.975393,-80.2623,-14400,America/New_York,GMT-4,5.0,24.780000000000005,89.0,29.246666666666666
6,16,5,Hard Rock Stadium,Miami Gardens,25.975393,-80.2623,-14400,America/New_York,GMT-4,5.0,24.42,90.53333333333333,28.859999999999996
6,16,6,Hard Rock Stadium,Miami Gardens,25.975393,-80.2623,-14400,America/New_York,GMT-4,5.0,24.18,91.46666666666667,28.61333333333333
6,16,7,Hard Rock Stadium,Miami Gardens,25.975393,-80.2623,-14400,America/New_York,GMT-4,5.0,24.8,89.86666666666666,29.459999999999997
6,16,8,Hard Rock Stadium,Miami Gardens,25.975393,-80.2623,-14400,America/New_York,GMT-4,5.0,26.020000000000003,85.66666666666667,30.813333333333333
6,16,9,Hard Rock Stadium,Miami Gardens,25.975393,-80.2623,-14400,America/New_York,GMT-4,5.0,27.620000000000005,79.46666666666667,32.400000000000006
6,16,10,Hard Rock Stadium,Miami Gardens,25.975393,-80.2623,-14400,America/New_York,GMT-4,5.0,28.933333333333334,72.86666666666666,33.473333333333336
6,16,11,Hard Rock Stadium,Miami Gardens,25.975393,-80.2623,-14400,America/New_York,GMT-4,5.0,29.90666666666666,67.53333333333333,34.306666666666665
6,16,12,Hard Rock Stadium,Miami Gardens,25.975393,-80.2623,-14400,America/New_York,GMT-4,5.0,30.57333333333333,63.733333333333334,34.973333333333336
6,16,13,Hard Rock Stadium,Miami Gardens,25.975393,-80.2623,-14400,America/New_York,GMT-4,5.0,30.939999999999998,62.13333333333333,35.379999999999995
6,16,14,Hard Rock Stadium,Miami Gardens,25.975393,-80.2623,-14400,America/New_York,GMT-4,5.0,30.913333333333334,61.93333333333333,35.28666666666666
6,16,15,Hard Rock Stadium,Miami Gardens,25.975393,-80.2623,-14400,America/New_York,GMT-4,5.0,30.746666666666663,62.53333333333333,34.88
6,16,16,Hard Rock Stadium,Miami Gardens,25.975393,-80.2623,-14400,America/New_York,GMT-4,5.0,30.393333333333334,63.46666666666667,34.233333333333334
6,16,17,Hard Rock Stadium,Miami Gardens,25.975393,-80.2623,-14400,America/New_York,GMT-4,5.0,29.986666666666668,64.86666666666666,33.56666666666666
6,16,18,Hard Rock Stadium,Miami Gardens,25.975393,-80.2623,-14400,America/New_York,GMT-4,5.0,28.86,69.86666666666666,32.41333333333333
6,16,19,Hard Rock Stadium,Miami Gardens,25.975393,-80.2623,-14400,America/New_York,GMT-4,5.0,27.986666666666665,74.06666666666666,31.68
6,16,20,Hard Rock Stadium,Miami Gardens,25.975393,-80.2623,-14400,America/New_York,GMT-4,5.0,26.873333333333335,79.26666666666667,30.913333333333338
6,16,21,Hard Rock Stadium,Miami Gardens,25.975393,-80.2623,-14400,America/New_York,GMT-4,5.0,26.353333333333335,81.66666666666667,30.500000000000004
6,16,22,Hard Rock Stadium,Miami Gardens,25.975393,-80.2623,-14400,America/New_York,GMT-4,5.0,25.58,85.06666666666666,29.83333333333334
6,16,23,Hard Rock Stadium,Miami Gardens,25.975393,-80.2623,-14400,America/New_York,GMT-4,5.0,25.319999999999997,86.73333333333333,29.64666666666667
6,17,0,Hard Rock Stadium,Miami Gardens,25.975393,-80.2623,-14400,America/New_York,GMT-4,5.0,25.253333333333334,86.26666666666667,29.466666666666672
6,17,1,Hard Rock Stadium,Miami Gardens,25.975393,-80.2623,-14400,America/New_York,GMT-4,5.0,25.0,87.73333333333333,29.353333333333335
6,17,2,Hard Rock Stadium,Miami Gardens,25.975393,-80.2623,-14400,America/New_York,GMT-4,5.0,24.83333333333333,88.06666666666666,29.1
6,17,3,Hard Rock Stadium,Miami Gardens,25.975393,-80.2623,-14400,America/New_York,GMT-4,5.0,24.60666666666667,88.86666666666666,28.806666666666665
6,17,4,Hard Rock Stadium,Miami Gardens,25.975393,-80.2623,-14400,America/New_York,GMT-4,5.0,24.513333333333325,89.6,28.69333333333333
6,17,5,Hard Rock Stadium,Miami Gardens,25.975393,-80.2623,-14400,America/New_York,GMT-4,5.0,24.426666666666666,90.4,28.706666666666663
6,17,6,Hard Rock Stadium,Miami Gardens,25.975393,-80.2623,-14400,America/New_York,GMT-4,5.0,24.413333333333338,91.13333333333334,28.806666666666665
6,17,7,Hard Rock Stadium,Miami Gardens,25.975393,-80.2623,-14400,America/New_York,GMT-4,5.0,24.779999999999998,89.4,29.12
6,17,8,Hard Rock Stadium,Miami Gardens,25.975393,-80.2623,-14400,America/New_York,GMT-4,5.0,25.72666666666667,85.93333333333334,30.133333333333333
6,17,9,Hard Rock Stadium,Miami Gardens,25.975393,-80.2623,-14400,America/New_York,GMT-4,5.0,27.019999999999996,80.06666666666666,31.420000000000005
6,17,10,Hard Rock Stadium,Miami Gardens,25.975393,-80.2623,-14400,America/New_York,GMT-4,5.0,28.346666666666668,74.8,32.9
6,17,11,Hard Rock Stadium,Miami Gardens,25.975393,-80.2623,-14400,America/New_York,GMT-4,5.0,29.35333333333333,69.53333333333333,33.92666666666667
6,17,12,Hard Rock Stadium,Miami Gardens,25.975393,-80.2623,-14400,America/New_York,GMT-4,5.0,29.726666666666667,66.8,34.15333333333333
6,17,13,Hard Rock Stadium,Miami Gardens,25.975393,-80.2623,-14400,America/New_York,GMT-4,5.0,29.779999999999998,65.46666666666667,34.166666666666664
6,17,14,Hard Rock Stadium,Miami Gardens,25.975393,-80.2623,-14400,America/New_York,GMT-4,5.0,29.706666666666667,65.53333333333333,33.86000000000001
6,17,15,Hard Rock Stadium,Miami Gardens,25.975393,-80.2623,-14400,America/New_York,GMT-4,5.0,29.879999999999995,64.86666666666666,33.86666666666667
6,17,16,Hard Rock Stadium,Miami Gardens,25.975393,-80.2623,-14400,America/New_York,GMT-4,5.0,29.826666666666664,64.8,33.38666666666667
6,17,17,Hard Rock Stadium,Miami Gardens,25.975393,-80.2623,-14400,America/New_York,GMT-4,5.0,29.513333333333332,65.66666666666667,32.739999999999995
6,17,18,Hard Rock Stadium,Miami Gardens,25.975393,-80.2623,-14400,America/New_York,GMT-4,5.0,28.94,68.26666666666667,32.11333333333333
6,17,19,Hard Rock Stadium,Miami Gardens,25.975393,-80.2623,-14400,America/New_York,GMT-4,5.0,28.04,72.06666666666666,31.346666666666668
6,17,20,Hard Rock Stadium,Miami Gardens,25.975393,-80.2623,-14400,America/New_York,GMT-4,5.0,27.226666666666667,76.13333333333334,30.853333333333335
6,17,21,Hard Rock Stadium,Miami Gardens,25.975393,-80.2623,-14400,America/New_York,GMT-4,5.0,26.45333333333333,79.46666666666667,30.266666666666666
6,17,22,Hard Rock Stadium,Miami Gardens,25.975393,-80.2623,-14400,America/New_York,GMT-4,5.0,26.006666666666664,81.86666666666666,29.933333333333337
6,17,23,Hard Rock Stadium,Miami Gardens,25.975393,-80.2623,-14400,America/New_York,GMT-4,5.0,25.506666666666664,84.46666666666667,29.580000000000002
6,18,0,Hard Rock Stadium,Miami Gardens,25.975393,-80.2623,-14400,America/New_York,GMT-4,5.0,25.459999999999997,85.73333333333333,29.446666666666673
6,18,1,Hard Rock Stadium,Miami Gardens,25.975393,-80.2623,-14400,America/New_York,GMT-4,5.0,25.373333333333328,85.6,29.386666666666667
6,18,2,Hard Rock Stadium,Miami Gardens,25.975393,-80.2623,-14400,America/New_York,GMT-4,5.0,25.206666666666663,86.66666666666667,29.240000000000002
6,18,3,Hard Rock Stadium,Miami Gardens,25.975393,-80.2623,-14400,America/New_York,GMT-4,5.0,25.080000000000002,87.2,29.033333333333335
6,18,4,Hard Rock Stadium,Miami Gardens,25.975393,-80.2623,-14400,America/New_York,GMT-4,5.0,24.89333333333333,87.73333333333333,28.806666666666665
6,18,5,Hard Rock Stadium,Miami Gardens,25.975393,-80.2623,-14400,America/New_York,GMT-4,5.0,24.72666666666667,88.66666666666667,28.593333333333337
6,18,6,Hard Rock Stadium,Miami Gardens,25.975393,-80.2623,-14400,America/New_York,GMT-4,5.0,24.646666666666665,89.6,28.606666666666666
6,18,7,Hard Rock Stadium,Miami Gardens,25.975393,-80.2623,-14400,America/New_York,GMT-4,5.0,25.133333333333333,88.86666666666666,29.333333333333332
6,18,8,Hard Rock Stadium,Miami Gardens,25.975393,-80.2623,-14400,America/New_York,GMT-4,5.0,26.166666666666664,85.13333333333334,30.486666666666665
6,18,9,Hard Rock Stadium,Miami Gardens,25.975393,-80.2623,-14400,America/New_York,GMT-4,5.0,27.473333333333333,79.53333333333333,31.773333333333333
6,18,10,Hard Rock Stadium,Miami Gardens,25.975393,-80.2623,-14400,America/New_York,GMT-4,5.0,28.73333333333333,73.2,32.913333333333334
6,18,11,Hard Rock Stadium,Miami Gardens,25.975393,-80.2623,-14400,America/New_York,GMT-4,5.0,29.773333333333326,68.0,34.17333333333333
6,18,12,Hard Rock Stadium,Miami Gardens,25.975393,-80.2623,-14400,America/New_York,GMT-4,5.0,30.366666666666664,64.93333333333334,35.05333333333333
6,18,13,Hard Rock Stadium,Miami Gardens,25.975393,-80.2623,-14400,America/New_York,GMT-4,5.0,30.733333333333334,63.46666666666667,35.67333333333333
6,18,14,Hard Rock Stadium,Miami Gardens,25.975393,-80.2623,-14400,America/New_York,GMT-4,5.0,30.819999999999997,62.666666666666664,35.61333333333334
6,18,15,Hard Rock Stadium,Miami Gardens,25.975393,-80.2623,-14400,America/New_York,GMT-4,5.0,30.56,63.53333333333333,35.13333333333334
6,18,16,Hard Rock Stadium,Miami Gardens,25.975393,-80.2623,-14400,America/New_York,GMT-4,5.0,30.153333333333332,65.06666666666666,34.24
6,18,17,Hard Rock Stadium,Miami Gardens,25.975393,-80.2623,-14400,America/New_York,GMT-4,5.0,29.20666666666666,68.73333333333333,32.92
6,18,18,Hard Rock Stadium,Miami Gardens,25.975393,-80.2623,-14400,America/New_York,GMT-4,5.0,28.65333333333333,70.93333333333334,32.30666666666667
6,18,19,Hard Rock Stadium,Miami Gardens,25.975393,-80.2623,-14400,America/New_York,GMT-4,5.0,27.619999999999997,75.46666666666667,31.52
6,18,20,Hard Rock Stadium,Miami Gardens,25.975393,-80.2623,-14400,America/New_York,GMT-4,5.0,26.92,79.66666666666667,31.246666666666663
6,18,21,Hard Rock Stadium,Miami Gardens,25.975393,-80.2623,-14400,America/New_York,GMT-4,5.0,26.08666666666667,83.86666666666666,30.399999999999995
6,18,22,Hard Rock Stadium,Miami Gardens,25.975393,-80.2623,-14400,America/New_York,GMT-4,5.0,25.686666666666667,85.93333333333334,29.880000000000003
6,18,23,Hard Rock Stadium,Miami Gardens,25.975393,-80.2623,-14400,America/New_York,GMT-4,5.0,25.506666666666668,85.8,29.480000000000008
6,19,0,Hard Rock Stadium,Miami Gardens,25.975393,-80.2623,-14400,America/New_York,GMT-4,5.0,25.21333333333333,88.93333333333334,29.686666666666664
6,19,1,Hard Rock Stadium,Miami Gardens,25.975393,-80.2623,-14400,America/New_York,GMT-4,5.0,25.186666666666667,88.33333333333333,29.426666666666662
6,19,2,Hard Rock Stadium,Miami Gardens,25.975393,-80.2623,-14400,America/New_York,GMT-4,5.0,25.05333333333333,88.8,29.293333333333333
6,19,3,Hard Rock Stadium,Miami Gardens,25.975393,-80.2623,-14400,America/New_York,GMT-4,5.0,24.926666666666666,89.6,29.186666666666664
6,19,4,Hard Rock Stadium,Miami Gardens,25.975393,-80.2623,-14400,America/New_York,GMT-4,5.0,24.819999999999997,90.13333333333334,29.113333333333333
6,19,5,Hard Rock Stadium,Miami Gardens,25.975393,-80.2623,-14400,America/New_York,GMT-4,5.0,24.64,90.93333333333334,28.926666666666662
6,19,6,Hard Rock Stadium,Miami Gardens,25.975393,-80.2623,-14400,America/New_York,GMT-4,5.0,24.533333333333328,91.53333333333333,28.85333333333333
6,19,7,Hard Rock Stadium,Miami Gardens,25.975393,-80.2623,-14400,America/New_York,GMT-4,5.0,24.99333333333333,90.73333333333333,29.513333333333335
6,19,8,Hard Rock Stadium,Miami Gardens,25.975393,-80.2623,-14400,America/New_York,GMT-4,5.0,26.139999999999993,86.73333333333333,30.860000000000007
6,19,9,Hard Rock Stadium,Miami Gardens,25.975393,-80.2623,-14400,America/New_York,GMT-4,5.0,27.666666666666664,79.66666666666667,32.30666666666667
6,19,10,Hard Rock Stadium,Miami Gardens,25.975393,-80.2623,-14400,America/New_York,GMT-4,5.0,28.813333333333333,73.2,33.333333333333336
6,19,11,Hard Rock Stadium,Miami Gardens,25.975393,-80.2623,-14400,America/New_York,GMT-4,5.0,29.746666666666666,67.86666666666666,34.35333333333334
6,19,12,Hard Rock Stadium,Miami Gardens,25.975393,-80.2623,-14400,America/New_York,GMT-4,5.0,30.386666666666667,64.46666666666667,35.28
6,19,13,Hard Rock Stadium,Miami Gardens,25.975393,-80.2623,-14400,America/New_York,GMT-4,5.0,30.706666666666663,62.53333333333333,35.77333333333333
6,19,14,Hard Rock Stadium,Miami Gardens,25.975393,-80.2623,-14400,America/New_York,GMT-4,5.0,30.319999999999997,63.13333333333333,35.093333333333334
6,19,15,Hard Rock Stadium,Miami Gardens,25.975393,-80.2623,-14400,America/New_York,GMT-4,5.0,29.519999999999996,66.33333333333333,34.019999999999996
6,19,16,Hard Rock Stadium,Miami Gardens,25.975393,-80.2623,-14400,America/New_York,GMT-4,5.0,28.89333333333333,68.86666666666666,32.97333333333332
6,19,17,Hard Rock Stadium,Miami Gardens,25.975393,-80.2623,-14400,America/New_York,GMT-4,5.0,28.486666666666665,71.33333333333333,32.519999999999996
6,19,18,Hard Rock Stadium,Miami Gardens,25.975393,-80.2623,-14400,America/New_York,GMT-4,5.0,28.14666666666667,73.4,32.173333333333325
6,19,19,Hard Rock Stadium,Miami Gardens,25.975393,-80.2623,-14400,America/New_York,GMT-4,5.0,27.273333333333337,78.4,31.57333333333333
6,19,20,Hard Rock Stadium,Miami Gardens,25.975393,-80.2623,-14400,America/New_York,GMT-4,5.0,26.54666666666667,82.93333333333334,31.09333333333333
6,19,21,Hard Rock Stadium,Miami Gardens,25.975393,-80.2623,-14400,America/New_York,GMT-4,5.0,26.026666666666667,86.33333333333333,30.85333333333333
6,19,22,Hard Rock Stadium,Miami Gardens,25.975393,-80.2623,-14400,America/New_York,GMT-4,5.0,25.733333333333334,88.06666666666666,30.65333333333333
6,19,23,Hard Rock Stadium,Miami Gardens,25.975393,-80.2623,-14400,America/New_York,GMT-4,5.0,25.486666666666668,88.53333333333333,30.219999999999995
6,20,0,Hard Rock Stadium,Miami Gardens,25.975393,-80.2623,-14400,America/New_York,GMT-4,5.0,25.013333333333332,90.33333333333333,29.6
6,20,1,Hard Rock Stadium,Miami Gardens,25.975393,-80.2623,-14400,America/New_York,GMT-4,5.0,24.78666666666667,92.0,29.40666666666667
6,20,2,Hard Rock Stadium,Miami Gardens,25.975393,-80.2623,-14400,America/New_York,GMT-4,5.0,24.51333333333334,92.66666666666667,29.08
6,20,3,Hard Rock Stadium,Miami Gardens,25.975393,-80.2623,-14400,America/New_York,GMT-4,5.0,24.213333333333335,93.66666666666667,28.71333333333333
6,20,4,Hard Rock Stadium,Miami Gardens,25.975393,-80.2623,-14400,America/New_York,GMT-4,5.0,23.96,94.53333333333333,28.480000000000004
6,20,5,Hard Rock Stadium,Miami Gardens,25.975393,-80.2623,-14400,America/New_York,GMT-4,5.0,23.746666666666663,95.06666666666666,28.220000000000006
6,20,6,Hard Rock Stadium,Miami Gardens,25.975393,-80.2623,-14400,America/New_York,GMT-4,5.0,23.793333333333333,94.8,28.266666666666673
6,20,7,Hard Rock Stadium,Miami Gardens,25.975393,-80.2623,-14400,America/New_York,GMT-4,5.0,24.279999999999998,92.73333333333333,28.773333333333337
6,20,8,Hard Rock Stadium,Miami Gardens,25.975393,-80.2623,-14400,America/New_York,GMT-4,5.0,25.446666666666665,87.93333333333334,30.026666666666667
6,20,9,Hard Rock Stadium,Miami Gardens,25.975393,-80.2623,-14400,America/New_York,GMT-4,5.0,27.0,81.06666666666666,31.619999999999997
6,20,10,Hard Rock Stadium,Miami Gardens,25.975393,-80.2623,-14400,America/New_York,GMT-4,5.0,28.44,74.73333333333333,33.15333333333333
6,20,11,Hard Rock Stadium,Miami Gardens,25.975393,-80.2623,-14400,America/New_York,GMT-4,5.0,29.453333333333333,70.33333333333333,34.39999999999999
6,20,12,Hard Rock Stadium,Miami Gardens,25.975393,-80.2623,-14400,America/New_York,GMT-4,5.0,30.1,67.6,35.40666666666666
6,20,13,Hard Rock Stadium,Miami Gardens,25.975393,-80.2623,-14400,America/New_York,GMT-4,5.0,30.466666666666672,65.8,35.986666666666665
6,20,14,Hard Rock Stadium,Miami Gardens,25.975393,-80.2623,-14400,America/New_York,GMT-4,5.0,30.280000000000005,66.33333333333333,35.61333333333334
6,20,15,Hard Rock Stadium,Miami Gardens,25.975393,-80.2623,-14400,America/New_York,GMT-4,5.0,29.826666666666668,67.13333333333334,34.66666666666667
6,20,16,Hard Rock Stadium,Miami Gardens,25.975393,-80.2623,-14400,America/New_York,GMT-4,5.0,29.266666666666666,68.8,33.653333333333336
6,20,17,Hard Rock Stadium,Miami Gardens,25.975393,-80.2623,-14400,America/New_York,GMT-4,5.0,29.013333333333332,69.06666666666666,33.1
6,20,18,Hard Rock Stadium,Miami Gardens,25.975393,-80.2623,-14400,America/New_York,GMT-4,5.0,28.68,71.0,32.726666666666674
6,20,19,Hard Rock Stadium,Miami Gardens,25.975393,-80.2623,-14400,America/New_York,GMT-4,5.0,27.773333333333333,74.86666666666666,31.840000000000007
6,20,20,Hard Rock Stadium,Miami Gardens,25.975393,-80.2623,-14400,America/New_York,GMT-4,5.0,26.84666666666666,79.0,31.00666666666667
6,20,21,Hard Rock Stadium,Miami Gardens,25.975393,-80.2623,-14400,America/New_York,GMT-4,5.0,25.999999999999996,82.33333333333333,30.213333333333335
6,20,22,Hard Rock Stadium,Miami Gardens,25.975393,-80.2623,-14400,America/New_York,GMT-4,5.0,25.65333333333334,84.46666666666667,29.919999999999998
6,20,23,Hard Rock Stadium,Miami Gardens,25.975393,-80.2623,-14400,America/New_York,GMT-4,5.0,25.326666666666664,87.53333333333333,29.766666666666666
6,21,0,Hard Rock Stadium,Miami Gardens,25.975393,-80.2623,-14400,America/New_York,GMT-4,5.0,24.926666666666666,88.93333333333334,29.499999999999996
6,21,1,Hard Rock Stadium,Miami Gardens,25.975393,-80.2623,-14400,America/New_York,GMT-4,5.0,24.59333333333333,90.33333333333333,29.313333333333325
6,21,2,Hard Rock Stadium,Miami Gardens,25.975393,-80.2623,-14400,America/New_York,GMT-4,5.0,24.360000000000003,91.13333333333334,29.079999999999995
6,21,3,Hard Rock Stadium,Miami Gardens,25.975393,-80.2623,-14400,America/New_York,GMT-4,5.0,24.180000000000003,91.4,28.69333333333333
6,21,4,Hard Rock Stadium,Miami Gardens,25.975393,-80.2623,-14400,America/New_York,GMT-4,5.0,23.973333333333333,91.53333333333333,28.313333333333333
6,21,5,Hard Rock Stadium,Miami Gardens,25.975393,-80.2623,-14400,America/New_York,GMT-4,5.0,23.886666666666663,91.66666666666667,28.07333333333333
6,21,6,Hard Rock Stadium,Miami Gardens,25.975393,-80.2623,-14400,America/New_York,GMT-4,5.0,23.946666666666662,91.8,28.186666666666664
6,21,7,Hard Rock Stadium,Miami Gardens,25.975393,-80.2623,-14400,America/New_York,GMT-4,5.0,24.673333333333332,89.73333333333333,29.12
6,21,8,Hard Rock Stadium,Miami Gardens,25.975393,-80.2623,-14400,America/New_York,GMT-4,5.0,25.939999999999998,86.06666666666666,30.84666666666667
6,21,9,Hard Rock Stadium,Miami Gardens,25.975393,-80.2623,-14400,America/New_York,GMT-4,5.0,27.566666666666663,79.46666666666667,32.546666666666674
6,21,10,Hard Rock Stadium,Miami Gardens,25.975393,-80.2623,-14400,America/New_York,GMT-4,5.0,28.786666666666665,73.2,33.68
6,21,11,Hard Rock Stadium,Miami Gardens,25.975393,-80.2623,-14400,America/New_York,GMT-4,5.0,29.606666666666666,67.93333333333334,34.226666666666674
6,21,12,Hard Rock Stadium,Miami Gardens,25.975393,-80.2623,-14400,America/New_York,GMT-4,5.0,29.833333333333332,66.2,34.333333333333336
6,21,13,Hard Rock Stadium,Miami Gardens,25.975393,-80.2623,-14400,America/New_York,GMT-4,5.0,30.013333333333332,65.73333333333333,34.473333333333336
6,21,14,Hard Rock Stadium,Miami Gardens,25.975393,-80.2623,-14400,America/New_York,GMT-4,5.0,30.06,65.46666666666667,34.36
6,21,15,Hard Rock Stadium,Miami Gardens,25.975393,-80.2623,-14400,America/New_York,GMT-4,5.0,30.186666666666664,64.8,34.333333333333336
6,21,16,Hard Rock Stadium,Miami Gardens,25.975393,-80.2623,-14400,America/New_York,GMT-4,5.0,30.066666666666666,64.13333333333334,33.76
6,21,17,Hard Rock Stadium,Miami Gardens,25.975393,-80.2623,-14400,America/New_York,GMT-4,5.0,29.77333333333333,64.66666666666667,33.07333333333333
6,21,18,Hard Rock Stadium,Miami Gardens,25.975393,-80.2623,-14400,America/New_York,GMT-4,5.0,29.333333333333332,66.0,32.459999999999994
6,21,19,Hard Rock Stadium,Miami Gardens,25.975393,-80.2623,-14400,America/New_York,GMT-4,5.0,28.673333333333336,69.86666666666666,32.14666666666666
6,21,20,Hard Rock Stadium,Miami Gardens,25.975393,-80.2623,-14400,America/New_York,GMT-4,5.0,27.78666666666667,75.06666666666666,31.699999999999992
6,21,21,Hard Rock Stadium,Miami Gardens,25.975393,-80.2623,-14400,America/New_York,GMT-4,5.0,26.92,80.86666666666666,31.213333333333328
6,21,22,Hard Rock Stadium,Miami Gardens,25.975393,-80.2623,-14400,America/New_York,GMT-4,5.0,26.113333333333333,84.93333333333334,30.459999999999994
6,21,23,Hard Rock Stadium,Miami Gardens,25.975393,-80.2623,-14400,America/New_York,GMT-4,5.0,25.48,87.46666666666667,29.906666666666663
6,22,0,Hard Rock Stadium,Miami Gardens,25.975393,-80.2623,-14400,America/New_York,GMT-4,5.0,25.12666666666666,88.8,29.786666666666665
6,22,1,Hard Rock Stadium,Miami Gardens,25.975393,-80.2623,-14400,America/New_York,GMT-4,5.0,24.993333333333332,88.8,29.55333333333333
6,22,2,Hard Rock Stadium,Miami Gardens,25.975393,-80.2623,-14400,America/New_York,GMT-4,5.0,24.9,88.86666666666666,29.359999999999996
6,22,3,Hard Rock Stadium,Miami Gardens,25.975393,-80.2623,-14400,America/New_York,GMT-4,5.0,24.86,88.73333333333333,29.30666666666666
6,22,4,Hard Rock Stadium,Miami Gardens,25.975393,-80.2623,-14400,America/New_York,GMT-4,5.0,24.84,88.4,29.273333333333326
6,22,5,Hard Rock Stadium,Miami Gardens,25.975393,-80.2623,-14400,America/New_York,GMT-4,5.0,24.733333333333334,88.8,29.153333333333332
6,22,6,Hard Rock Stadium,Miami Gardens,25.975393,-80.2623,-14400,America/New_York,GMT-4,5.0,24.833333333333336,88.93333333333334,29.333333333333332
6,22,7,Hard Rock Stadium,Miami Gardens,25.975393,-80.2623,-14400,America/New_York,GMT-4,5.0,25.28666666666667,87.86666666666666,29.85333333333333
6,22,8,Hard Rock Stadium,Miami Gardens,25.975393,-80.2623,-14400,America/New_York,GMT-4,5.0,26.253333333333334,84.6,30.906666666666663
6,22,9,Hard Rock Stadium,Miami Gardens,25.975393,-80.2623,-14400,America/New_York,GMT-4,5.0,27.186666666666667,80.46666666666667,31.659999999999993
6,22,10,Hard Rock Stadium,Miami Gardens,25.975393,-80.2623,-14400,America/New_York,GMT-4,5.0,28.033333333333335,76.0,32.313333333333325
6,22,11,Hard Rock Stadium,Miami Gardens,25.975393,-80.2623,-14400,America/New_York,GMT-4,5.0,28.68,72.33333333333333,32.77333333333333
6,22,12,Hard Rock Stadium,Miami Gardens,25.975393,-80.2623,-14400,America/New_York,GMT-4,5.0,29.186666666666664,69.26666666666667,33.20666666666666
6,22,13,Hard Rock Stadium,Miami Gardens,25.975393,-80.2623,-14400,America/New_York,GMT-4,5.0,29.473333333333326,67.66666666666667,33.49999999999999
6,22,14,Hard Rock Stadium,Miami Gardens,25.975393,-80.2623,-14400,America/New_York,GMT-4,5.0,29.37333333333333,67.66666666666667,33.28666666666666
6,22,15,Hard Rock Stadium,Miami Gardens,25.975393,-80.2623,-14400,America/New_York,GMT-4,5.0,29.106666666666662,69.06666666666666,33.00000000000001
6,22,16,Hard Rock Stadium,Miami Gardens,25.975393,-80.2623,-14400,America/New_York,GMT-4,5.0,28.653333333333332,71.0,32.413333333333334
6,22,17,Hard Rock Stadium,Miami Gardens,25.975393,-80.2623,-14400,America/New_York,GMT-4,5.0,28.246666666666666,72.66666666666667,32.00666666666667
6,22,18,Hard Rock Stadium,Miami Gardens,25.975393,-80.2623,-14400,America/New_York,GMT-4,5.0,27.720000000000002,74.33333333333333,31.36
6,22,19,Hard Rock Stadium,Miami Gardens,25.975393,-80.2623,-14400,America/New_York,GMT-4,5.0,27.10666666666667,77.66666666666667,31.0
6,22,20,Hard Rock Stadium,Miami Gardens,25.975393,-80.2623,-14400,America/New_York,GMT-4,5.0,26.620000000000005,81.13333333333334,30.886666666666667
6,22,21,Hard Rock Stadium,Miami Gardens,25.975393,-80.2623,-14400,America/New_York,GMT-4,5.0,26.260000000000005,84.33333333333333,31.013333333333332
6,22,22,Hard Rock Stadium,Miami Gardens,25.975393,-80.2623,-14400,America/New_York,GMT-4,5.0,25.89333333333333,86.53333333333333,30.759999999999998
6,22,23,Hard Rock Stadium,Miami Gardens,25.975393,-80.2623,-14400,America/New_York,GMT-4,5.0,25.473333333333333,87.86666666666666,30.293333333333337
6,23,0,Hard Rock Stadium,Miami Gardens,25.975393,-80.2623,-14400,America/New_York,GMT-4,5.0,25.07333333333333,89.2,29.99333333333333
6,23,1,Hard Rock Stadium,Miami Gardens,25.975393,-80.2623,-14400,America/New_York,GMT-4,5.0,24.919999999999998,90.4,30.053333333333327
6,23,2,Hard Rock Stadium,Miami Gardens,25.975393,-80.2623,-14400,America/New_York,GMT-4,5.0,24.673333333333332,90.86666666666666,29.573333333333327
6,23,3,Hard Rock Stadium,Miami Gardens,25.975393,-80.2623,-14400,America/New_York,GMT-4,5.0,24.43333333333333,90.86666666666666,29.059999999999995
6,23,4,Hard Rock Stadium,Miami Gardens,25.975393,-80.2623,-14400,America/New_York,GMT-4,5.0,24.060000000000002,91.73333333333333,28.42
6,23,5,Hard Rock Stadium,Miami Gardens,25.975393,-80.2623,-14400,America/New_York,GMT-4,5.0,23.826666666666664,92.6,28.233333333333334
6,23,6,Hard Rock Stadium,Miami Gardens,25.975393,-80.2623,-14400,America/New_York,GMT-4,5.0,23.753333333333334,93.2,28.206666666666667
6,23,7,Hard Rock Stadium,Miami Gardens,25.975393,-80.2623,-14400,America/New_York,GMT-4,5.0,24.293333333333333,91.6,28.96
6,23,8,Hard Rock Stadium,Miami Gardens,25.975393,-80.2623,-14400,America/New_York,GMT-4,5.0,25.380000000000006,87.13333333333334,30.07333333333333
6,23,9,Hard Rock Stadium,Miami Gardens,25.975393,-80.2623,-14400,America/New_York,GMT-4,5.0,26.80666666666667,80.86666666666666,31.466666666666665
6,23,10,Hard Rock Stadium,Miami Gardens,25.975393,-80.2623,-14400,America/New_York,GMT-4,5.0,28.12,74.33333333333333,32.693333333333335
6,23,11,Hard Rock Stadium,Miami Gardens,25.975393,-80.2623,-14400,America/New_York,GMT-4,5.0,29.100000000000005,69.26666666666667,33.760000000000005
6,23,12,Hard Rock Stadium,Miami Gardens,25.975393,-80.2623,-14400,America/New_York,GMT-4,5.0,29.826666666666668,65.73333333333333,34.70666666666667
6,23,13,Hard Rock Stadium,Miami Gardens,25.975393,-80.2623,-14400,America/New_York,GMT-4,5.0,30.34666666666667,62.93333333333333,35.38666666666667
6,23,14,Hard Rock Stadium,Miami Gardens,25.975393,-80.2623,-14400,America/New_York,GMT-4,5.0,30.58,61.4,35.60666666666666
6,23,15,Hard Rock Stadium,Miami Gardens,25.975393,-80.2623,-14400,America/New_York,GMT-4,5.0,30.540000000000003,61.06666666666667,35.313333333333325
6,23,16,Hard Rock Stadium,Miami Gardens,25.975393,-80.2623,-14400,America/New_York,GMT-4,5.0,30.28666666666667,62.4,34.61333333333334
6,23,17,Hard Rock Stadium,Miami Gardens,25.975393,-80.2623,-14400,America/New_York,GMT-4,5.0,29.77333333333333,65.4,33.68666666666666
6,23,18,Hard Rock Stadium,Miami Gardens,25.975393,-80.2623,-14400,America/New_York,GMT-4,5.0,29.126666666666665,69.06666666666666,32.9
6,23,19,Hard Rock Stadium,Miami Gardens,25.975393,-80.2623,-14400,America/New_York,GMT-4,5.0,28.0,74.0,31.726666666666663
6,23,20,Hard Rock Stadium,Miami Gardens,25.975393,-80.2623,-14400,America/New_York,GMT-4,5.0,26.88,78.86666666666666,30.719999999999995
6,23,21,Hard Rock Stadium,Miami Gardens,25.975393,-80.2623,-14400,America/New_York,GMT-4,5.0,25.92666666666667,82.86666666666666,29.873333333333335
6,23,22,Hard Rock Stadium,Miami Gardens,25.975393,-80.2623,-14400,America/New_York,GMT-4,5.0,25.459999999999997,85.46666666666667,29.666666666666668
6,23,23,Hard Rock Stadium,Miami Gardens,25.975393,-80.2623,-14400,America/New_York,GMT-4,5.0,25.273333333333333,87.33333333333333,29.866666666666664
6,24,0,Hard Rock Stadium,Miami Gardens,25.975393,-80.2623,-14400,America/New_York,GMT-4,5.0,24.873333333333335,88.86666666666666,29.34666666666667
6,24,1,Hard Rock Stadium,Miami Gardens,25.975393,-80.2623,-14400,America/New_York,GMT-4,5.0,24.839999999999996,88.86666666666666,29.3
6,24,2,Hard Rock Stadium,Miami Gardens,25.975393,-80.2623,-14400,America/New_York,GMT-4,5.0,24.693333333333335,89.26666666666667,29.12666666666667
6,24,3,Hard Rock Stadium,Miami Gardens,25.975393,-80.2623,-14400,America/New_York,GMT-4,5.0,24.633333333333333,89.33333333333333,29.05333333333333
6,24,4,Hard Rock Stadium,Miami Gardens,25.975393,-80.2623,-14400,America/New_York,GMT-4,5.0,24.533333333333335,89.8,28.993333333333332
6,24,5,Hard Rock Stadium,Miami Gardens,25.975393,-80.2623,-14400,America/New_York,GMT-4,5.0,24.433333333333334,90.26666666666667,28.92
6,24,6,Hard Rock Stadium,Miami Gardens,25.975393,-80.2623,-14400,America/New_York,GMT-4,5.0,24.4,90.86666666666666,29.013333333333335
6,24,7,Hard Rock Stadium,Miami Gardens,25.975393,-80.2623,-14400,America/New_York,GMT-4,5.0,24.933333333333334,89.4,29.633333333333333
6,24,8,Hard Rock Stadium,Miami Gardens,25.975393,-80.2623,-14400,America/New_York,GMT-4,5.0,26.133333333333336,84.8,30.893333333333334
6,24,9,Hard Rock Stadium,Miami Gardens,25.975393,-80.2623,-14400,America/New_York,GMT-4,5.0,27.626666666666672,77.93333333333334,32.233333333333334
6,24,10,Hard Rock Stadium,Miami Gardens,25.975393,-80.2623,-14400,America/New_York,GMT-4,5.0,28.633333333333336,73.13333333333334,33.32
6,24,11,Hard Rock Stadium,Miami Gardens,25.975393,-80.2623,-14400,America/New_York,GMT-4,5.0,29.280000000000005,70.53333333333333,34.333333333333336
6,24,12,Hard Rock Stadium,Miami Gardens,25.975393,-80.2623,-14400,America/New_York,GMT-4,5.0,29.4,70.46666666666667,34.66666666666666
6,24,13,Hard Rock Stadium,Miami Gardens,25.975393,-80.2623,-14400,America/New_York,GMT-4,5.0,29.58,70.06666666666666,34.88666666666666
6,24,14,Hard Rock Stadium,Miami Gardens,25.975393,-80.2623,-14400,America/New_York,GMT-4,5.0,29.479999999999997,70.66666666666667,34.72666666666667
6,24,15,Hard Rock Stadium,Miami Gardens,25.975393,-80.2623,-14400,America/New_York,GMT-4,5.0,29.559999999999995,70.46666666666667,34.779999999999994
6,24,16,Hard Rock Stadium,Miami Gardens,25.975393,-80.2623,-14400,America/New_York,GMT-4,5.0,29.306666666666665,70.4,34.1
6,24,17,Hard Rock Stadium,Miami Gardens,25.975393,-80.2623,-14400,America/New_York,GMT-4,5.0,28.806666666666665,71.13333333333334,33.10666666666667
6,24,18,Hard Rock Stadium,Miami Gardens,25.975393,-80.2623,-14400,America/New_York,GMT-4,5.0,27.84,74.06666666666666,31.773333333333333
6,24,19,Hard Rock Stadium,Miami Gardens,25.975393,-80.2623,-14400,America/New_York,GMT-4,5.0,27.053333333333338,78.06666666666666,31.160000000000004
6,24,20,Hard Rock Stadium,Miami Gardens,25.975393,-80.2623,-14400,America/New_York,GMT-4,5.0,26.213333333333335,82.33333333333333,30.44666666666667
6,24,21,Hard Rock Stadium,Miami Gardens,25.975393,-80.2623,-14400,America/New_York,GMT-4,5.0,25.733333333333338,85.4,30.240000000000002
6,24,22,Hard Rock Stadium,Miami Gardens,25.975393,-80.2623,-14400,America/New_York,GMT-4,5.0,25.18666666666667,87.66666666666667,29.71333333333333
6,24,23,Hard Rock Stadium,Miami Gardens,25.975393,-80.2623,-14400,America/New_York,GMT-4,5.0,25.026666666666664,88.4,29.55333333333333
6,25,0,Hard Rock Stadium,Miami Gardens,25.975393,-80.2623,-14400,America/New_York,GMT-4,5.0,24.41333333333333,91.33333333333333,29.10666666666667
6,25,1,Hard Rock Stadium,Miami Gardens,25.975393,-80.2623,-14400,America/New_York,GMT-4,5.0,24.279999999999994,90.53333333333333,28.786666666666665
6,25,2,Hard Rock Stadium,Miami Gardens,25.975393,-80.2623,-14400,America/New_York,GMT-4,5.0,24.006666666666664,91.86666666666666,28.493333333333332
6,25,3,Hard Rock Stadium,Miami Gardens,25.975393,-80.2623,-14400,America/New_York,GMT-4,5.0,23.973333333333333,92.06666666666666,28.42
6,25,4,Hard Rock Stadium,Miami Gardens,25.975393,-80.2623,-14400,America/New_York,GMT-4,5.0,23.85333333333333,92.66666666666667,28.273333333333333
6,25,5,Hard Rock Stadium,Miami Gardens,25.975393,-80.2623,-14400,America/New_York,GMT-4,5.0,23.78666666666667,93.2,28.240000000000002
6,25,6,Hard Rock Stadium,Miami Gardens,25.975393,-80.2623,-14400,America/New_York,GMT-4,5.0,23.8,93.66666666666667,28.32
6,25,7,Hard Rock Stadium,Miami Gardens,25.975393,-80.2623,-14400,America/New_York,GMT-4,5.0,24.21333333333333,92.8,28.726666666666667
6,25,8,Hard Rock Stadium,Miami Gardens,25.975393,-80.2623,-14400,America/New_York,GMT-4,5.0,25.253333333333334,89.6,29.99333333333333
6,25,9,Hard Rock Stadium,Miami Gardens,25.975393,-80.2623,-14400,America/New_York,GMT-4,5.0,26.759999999999998,83.33333333333333,31.58
6,25,10,Hard Rock Stadium,Miami Gardens,25.975393,-80.2623,-14400,America/New_York,GMT-4,5.0,28.21333333333333,77.06666666666666,33.35333333333334
6,25,11,Hard Rock Stadium,Miami Gardens,25.975393,-80.2623,-14400,America/New_York,GMT-4,5.0,29.12,72.6,34.35333333333334
6,25,12,Hard Rock Stadium,Miami Gardens,25.975393,-80.2623,-14400,America/New_York,GMT-4,5.0,29.333333333333332,71.6,34.766666666666666
6,25,13,Hard Rock Stadium,Miami Gardens,25.975393,-80.2623,-14400,America/New_York,GMT-4,5.0,28.8,72.53333333333333,33.946666666666665
6,25,14,Hard Rock Stadium,Miami Gardens,25.975393,-80.2623,-14400,America/New_York,GMT-4,5.0,28.179999999999996,74.53333333333333,32.95333333333333
6,25,15,Hard Rock Stadium,Miami Gardens,25.975393,-80.2623,-14400,America/New_York,GMT-4,5.0,27.526666666666664,77.13333333333334,31.95333333333333
6,25,16,Hard Rock Stadium,Miami Gardens,25.975393,-80.2623,-14400,America/New_York,GMT-4,5.0,27.40666666666667,78.2,31.69333333333333
6,25,17,Hard Rock Stadium,Miami Gardens,25.975393,-80.2623,-14400,America/New_York,GMT-4,5.0,27.18,79.13333333333334,31.393333333333334
6,25,18,Hard Rock Stadium,Miami Gardens,25.975393,-80.2623,-14400,America/New_York,GMT-4,5.0,26.973333333333336,79.86666666666666,31.17333333333334
6,25,19,Hard Rock Stadium,Miami Gardens,25.975393,-80.2623,-14400,America/New_York,GMT-4,5.0,26.540000000000003,82.6,31.033333333333342
6,25,20,Hard Rock Stadium,Miami Gardens,25.975393,-80.2623,-14400,America/New_York,GMT-4,5.0,26.013333333333335,86.4,30.880000000000003
6,25,21,Hard Rock Stadium,Miami Gardens,25.975393,-80.2623,-14400,America/New_York,GMT-4,5.0,25.46,90.2,30.633333333333336
6,25,22,Hard Rock Stadium,Miami Gardens,25.975393,-80.2623,-14400,America/New_York,GMT-4,5.0,24.93333333333333,92.8,30.14
6,25,23,Hard Rock Stadium,Miami Gardens,25.975393,-80.2623,-14400,America/New_York,GMT-4,5.0,24.699999999999996,91.86666666666666,29.64666666666667
6,26,0,Hard Rock Stadium,Miami Gardens,25.975393,-80.2623,-14400,America/New_York,GMT-4,5.0,24.346666666666668,94.6,29.380000000000003
6,26,1,Hard Rock Stadium,Miami Gardens,25.975393,-80.2623,-14400,America/New_York,GMT-4,5.0,24.07333333333333,95.53333333333333,29.08666666666667
6,26,2,Hard Rock Stadium,Miami Gardens,25.975393,-80.2623,-14400,America/New_York,GMT-4,5.0,23.84,96.2,28.70666666666667
6,26,3,Hard Rock Stadium,Miami Gardens,25.975393,-80.2623,-14400,America/New_York,GMT-4,5.0,23.633333333333336,96.46666666666667,28.40666666666667
6,26,4,Hard Rock Stadium,Miami Gardens,25.975393,-80.2623,-14400,America/New_York,GMT-4,5.0,23.39333333333333,96.73333333333333,28.04
6,26,5,Hard Rock Stadium,Miami Gardens,25.975393,-80.2623,-14400,America/New_York,GMT-4,5.0,23.19333333333333,97.0,27.746666666666666
6,26,6,Hard Rock Stadium,Miami Gardens,25.975393,-80.2623,-14400,America/New_York,GMT-4,5.0,23.139999999999997,96.8,27.660000000000004
6,26,7,Hard Rock Stadium,Miami Gardens,25.975393,-80.2623,-14400,America/New_York,GMT-4,5.0,23.66666666666667,95.06666666666666,28.206666666666667
6,26,8,Hard Rock Stadium,Miami Gardens,25.975393,-80.2623,-14400,America/New_York,GMT-4,5.0,24.979999999999997,90.73333333333333,29.873333333333335
6,26,9,Hard Rock Stadium,Miami Gardens,25.975393,-80.2623,-14400,America/New_York,GMT-4,5.0,26.706666666666663,84.26666666666667,31.793333333333337
6,26,10,Hard Rock Stadium,Miami Gardens,25.975393,-80.2623,-14400,America/New_York,GMT-4,5.0,27.946666666666662,78.46666666666667,33.18666666666667
6,26,11,Hard Rock Stadium,Miami Gardens,25.975393,-80.2623,-14400,America/New_York,GMT-4,5.0,28.793333333333337,74.06666666666666,34.193333333333335
6,26,12,Hard Rock Stadium,Miami Gardens,25.975393,-80.2623,-14400,America/New_York,GMT-4,5.0,28.986666666666665,72.93333333333334,34.559999999999995
6,26,13,Hard Rock Stadium,Miami Gardens,25.975393,-80.2623,-14400,America/New_York,GMT-4,5.0,29.19333333333333,72.2,34.93333333333332
6,26,14,Hard Rock Stadium,Miami Gardens,25.975393,-80.2623,-14400,America/New_York,GMT-4,5.0,28.95333333333333,73.2,34.60666666666667
6,26,15,Hard Rock Stadium,Miami Gardens,25.975393,-80.2623,-14400,America/New_York,GMT-4,5.0,28.546666666666663,74.53333333333333,33.839999999999996
6,26,16,Hard Rock Stadium,Miami Gardens,25.975393,-80.2623,-14400,America/New_York,GMT-4,5.0,28.099999999999998,76.53333333333333,33.093333333333334
6,26,17,Hard Rock Stadium,Miami Gardens,25.975393,-80.2623,-14400,America/New_York,GMT-4,5.0,27.61333333333333,77.93333333333334,32.166666666666664
6,26,18,Hard Rock Stadium,Miami Gardens,25.975393,-80.2623,-14400,America/New_York,GMT-4,5.0,27.366666666666664,78.6,31.873333333333335
6,26,19,Hard Rock Stadium,Miami Gardens,25.975393,-80.2623,-14400,America/New_York,GMT-4,5.0,26.92,81.66666666666667,31.64666666666667
6,26,20,Hard Rock Stadium,Miami Gardens,25.975393,-80.2623,-14400,America/New_York,GMT-4,5.0,26.393333333333338,85.4,31.3
6,26,21,Hard Rock Stadium,Miami Gardens,25.975393,-80.2623,-14400,America/New_York,GMT-4,5.0,25.753333333333334,89.66666666666667,30.82
6,26,22,Hard Rock Stadium,Miami Gardens,25.975393,-80.2623,-14400,America/New_York,GMT-4,5.0,25.186666666666667,91.66666666666667,30.14
6,26,23,Hard Rock Stadium,Miami Gardens,25.975393,-80.2623,-14400,America/New_York,GMT-4,5.0,24.71333333333333,93.33333333333333,29.740000000000002
6,27,0,Hard Rock Stadium,Miami Gardens,25.975393,-80.2623,-14400,America/New_York,GMT-4,5.0,24.480000000000004,93.53333333333333,29.293333333333337
6,27,1,Hard Rock Stadium,Miami Gardens,25.975393,-80.2623,-14400,America/New_York,GMT-4,5.0,24.426666666666666,93.2,29.120000000000005
6,27,2,Hard Rock Stadium,Miami Gardens,25.975393,-80.2623,-14400,America/New_York,GMT-4,5.0,24.35333333333334,93.0,28.939999999999998
6,27,3,Hard Rock Stadium,Miami Gardens,25.975393,-80.2623,-14400,America/New_York,GMT-4,5.0,24.26,92.73333333333333,28.74
6,27,4,Hard Rock Stadium,Miami Gardens,25.975393,-80.2623,-14400,America/New_York,GMT-4,5.0,24.2,93.13333333333334,28.740000000000002
6,27,5,Hard Rock Stadium,Miami Gardens,25.975393,-80.2623,-14400,America/New_York,GMT-4,5.0,24.106666666666666,93.2,28.666666666666668
6,27,6,Hard Rock Stadium,Miami Gardens,25.975393,-80.2623,-14400,America/New_York,GMT-4,5.0,24.046666666666663,93.2,28.639999999999997
6,27,7,Hard Rock Stadium,Miami Gardens,25.975393,-80.2623,-14400,America/New_York,GMT-4,5.0,24.48,91.8,29.29333333333333
6,27,8,Hard Rock Stadium,Miami Gardens,25.975393,-80.2623,-14400,America/New_York,GMT-4,5.0,25.38,88.0,30.246666666666666
6,27,9,Hard Rock Stadium,Miami Gardens,25.975393,-80.2623,-14400,America/New_York,GMT-4,5.0,26.74,81.8,31.719999999999995
6,27,10,Hard Rock Stadium,Miami Gardens,25.975393,-80.2623,-14400,America/New_York,GMT-4,5.0,28.059999999999995,75.2,32.99333333333333
6,27,11,Hard Rock Stadium,Miami Gardens,25.975393,-80.2623,-14400,America/New_York,GMT-4,5.0,29.273333333333326,69.86666666666666,34.526666666666664
6,27,12,Hard Rock Stadium,Miami Gardens,25.975393,-80.2623,-14400,America/New_York,GMT-4,5.0,29.85333333333333,67.4,35.34
6,27,13,Hard Rock Stadium,Miami Gardens,25.975393,-80.2623,-14400,America/New_York,GMT-4,5.0,30.133333333333333,65.8,35.733333333333334
6,27,14,Hard Rock Stadium,Miami Gardens,25.975393,-80.2623,-14400,America/New_York,GMT-4,5.0,30.06,66.0,35.68666666666666
6,27,15,Hard Rock Stadium,Miami Gardens,25.975393,-80.2623,-14400,America/New_York,GMT-4,5.0,29.819999999999997,67.06666666666666,35.153333333333336
6,27,16,Hard Rock Stadium,Miami Gardens,25.975393,-80.2623,-14400,America/New_York,GMT-4,5.0,29.31333333333333,69.6,34.29333333333334
6,27,17,Hard Rock Stadium,Miami Gardens,25.975393,-80.2623,-14400,America/New_York,GMT-4,5.0,28.839999999999996,71.86666666666666,33.28666666666667
6,27,18,Hard Rock Stadium,Miami Gardens,25.975393,-80.2623,-14400,America/New_York,GMT-4,5.0,28.39333333333333,73.93333333333334,32.62666666666667
6,27,19,Hard Rock Stadium,Miami Gardens,25.975393,-80.2623,-14400,America/New_York,GMT-4,5.0,27.54666666666667,77.73333333333333,31.81333333333333
6,27,20,Hard Rock Stadium,Miami Gardens,25.975393,-80.2623,-14400,America/New_York,GMT-4,5.0,26.286666666666665,83.53333333333333,30.726666666666667
6,27,21,Hard Rock Stadium,Miami Gardens,25.975393,-80.2623,-14400,America/New_York,GMT-4,5.0,25.23333333333333,88.73333333333333,29.933333333333334
6,27,22,Hard Rock Stadium,Miami Gardens,25.975393,-80.2623,-14400,America/New_York,GMT-4,5.0,24.666666666666668,91.93333333333334,29.459999999999997
6,27,23,Hard Rock Stadium,Miami Gardens,25.975393,-80.2623,-14400,America/New_York,GMT-4,5.0,24.526666666666667,92.93333333333334,29.366666666666664
6,28,0,Hard Rock Stadium,Miami Gardens,25.975393,-80.2623,-14400,America/New_York,GMT-4,5.0,24.486666666666668,92.66666666666667,29.013333333333332
6,28,1,Hard Rock Stadium,Miami Gardens,25.975393,-80.2623,-14400,America/New_York,GMT-4,5.0,24.3,93.86666666666666,29.019999999999996
6,28,2,Hard Rock Stadium,Miami Gardens,25.975393,-80.2623,-14400,America/New_York,GMT-4,5.0,24.166666666666668,94.2,28.88
6,28,3,Hard Rock Stadium,Miami Gardens,25.975393,-80.2623,-14400,America/New_York,GMT-4,5.0,24.066666666666666,94.33333333333333,28.73333333333333
6,28,4,Hard Rock Stadium,Miami Gardens,25.975393,-80.2623,-14400,America/New_York,GMT-4,5.0,24.03333333333334,94.46666666666667,28.680000000000003
6,28,5,Hard Rock Stadium,Miami Gardens,25.975393,-80.2623,-14400,America/New_York,GMT-4,5.0,23.986666666666668,94.6,28.706666666666667
6,28,6,Hard Rock Stadium,Miami Gardens,25.975393,-80.2623,-14400,America/New_York,GMT-4,5.0,24.013333333333332,94.66666666666667,28.84666666666667
6,28,7,Hard Rock Stadium,Miami Gardens,25.975393,-80.2623,-14400,America/New_York,GMT-4,5.0,24.433333333333337,93.73333333333333,29.533333333333335
6,28,8,Hard Rock Stadium,Miami Gardens,25.975393,-80.2623,-14400,America/New_York,GMT-4,5.0,25.680000000000007,89.33333333333333,31.09333333333333
6,28,9,Hard Rock Stadium,Miami Gardens,25.975393,-80.2623,-14400,America/New_York,GMT-4,5.0,27.26,82.66666666666667,32.69333333333333
6,28,10,Hard Rock Stadium,Miami Gardens,25.975393,-80.2623,-14400,America/New_York,GMT-4,5.0,28.666666666666664,75.73333333333333,34.053333333333335
6,28,11,Hard Rock Stadium,Miami Gardens,25.975393,-80.2623,-14400,America/New_York,GMT-4,5.0,29.613333333333333,70.86666666666666,35.11333333333334
6,28,12,Hard Rock Stadium,Miami Gardens,25.975393,-80.2623,-14400,America/New_York,GMT-4,5.0,30.386666666666667,67.4,36.39333333333334
6,28,13,Hard Rock Stadium,Miami Gardens,25.975393,-80.2623,-14400,America/New_York,GMT-4,5.0,30.746666666666666,65.13333333333334,36.93333333333333
6,28,14,Hard Rock Stadium,Miami Gardens,25.975393,-80.2623,-14400,America/New_York,GMT-4,5.0,30.653333333333332,64.66666666666667,36.473333333333336
6,28,15,Hard Rock Stadium,Miami Gardens,25.975393,-80.2623,-14400,America/New_York,GMT-4,5.0,30.259999999999998,66.06666666666666,35.53333333333333
6,28,16,Hard Rock Stadium,Miami Gardens,25.975393,-80.2623,-14400,America/New_York,GMT-4,5.0,29.986666666666668,67.86666666666666,34.8
6,28,17,Hard Rock Stadium,Miami Gardens,25.975393,-80.2623,-14400,America/New_York,GMT-4,5.0,29.59333333333333,69.86666666666666,34.28666666666666
6,28,18,Hard Rock Stadium,Miami Gardens,25.975393,-80.2623,-14400,America/New_York,GMT-4,5.0,29.166666666666668,71.46666666666667,33.74666666666666
6,28,19,Hard Rock Stadium,Miami Gardens,25.975393,-80.2623,-14400,America/New_York,GMT-4,5.0,28.366666666666667,75.8,33.26
6,28,20,Hard Rock Stadium,Miami Gardens,25.975393,-80.2623,-14400,America/New_York,GMT-4,5.0,27.56,80.26666666666667,32.54
6,28,21,Hard Rock Stadium,Miami Gardens,25.975393,-80.2623,-14400,America/New_York,GMT-4,5.0,26.666666666666668,85.0,31.779999999999998
6,28,22,Hard Rock Stadium,Miami Gardens,25.975393,-80.2623,-14400,America/New_York,GMT-4,5.0,25.773333333333333,87.66666666666667,30.459999999999997
6,28,23,Hard Rock Stadium,Miami Gardens,25.975393,-80.2623,-14400,America/New_York,GMT-4,5.0,25.053333333333335,90.46666666666667,29.646666666666665
6,10,0,Levi's Stadium,Santa Clara,37.434093,-121.95479,-25200,America/Los_Angeles,GMT-7,3.0,14.986666666666666,75.66666666666667,14.24
6,10,1,Levi's Stadium,Santa Clara,37.434093,-121.95479,-25200,America/Los_Angeles,GMT-7,3.0,14.526666666666667,77.2,13.846666666666668
6,10,2,Levi's Stadium,Santa Clara,37.434093,-121.95479,-25200,America/Los_Angeles,GMT-7,3.0,14.166666666666666,79.13333333333334,13.620000000000001
6,10,3,Levi's Stadium,Santa Clara,37.434093,-121.95479,-25200,America/Los_Angeles,GMT-7,3.0,13.833333333333334,80.86666666666666,13.313333333333334
6,10,4,Levi's Stadium,Santa Clara,37.434093,-121.95479,-25200,America/Los_Angeles,GMT-7,3.0,13.6,82.53333333333333,13.160000000000002
6,10,5,Levi's Stadium,Santa Clara,37.434093,-121.95479,-25200,America/Los_Angeles,GMT-7,3.0,13.360000000000001,84.8,12.940000000000001
6,10,6,Levi's Stadium,Santa Clara,37.434093,-121.95479,-25200,America/Los_Angeles,GMT-7,3.0,13.486666666666668,84.73333333333333,13.093333333333334
6,10,7,Levi's Stadium,Santa Clara,37.434093,-121.95479,-25200,America/Los_Angeles,GMT-7,3.0,14.060000000000002,81.73333333333333,13.593333333333334
6,10,8,Levi's Stadium,Santa Clara,37.434093,-121.95479,-25200,America/Los_Angeles,GMT-7,3.0,15.273333333333335,74.66666666666667,14.713333333333333
6,10,9,Levi's Stadium,Santa Clara,37.434093,-121.95479,-25200,America/Los_Angeles,GMT-7,3.0,16.913333333333334,66.4,16.35333333333333
6,10,10,Levi's Stadium,Santa Clara,37.434093,-121.95479,-25200,America/Los_Angeles,GMT-7,3.0,18.873333333333335,57.666666666666664,18.473333333333333
6,10,11,Levi's Stadium,Santa Clara,37.434093,-121.95479,-25200,America/Los_Angeles,GMT-7,3.0,20.993333333333336,49.6,20.80666666666667
6,10,12,Levi's Stadium,Santa Clara,37.434093,-121.95479,-25200,America/Los_Angeles,GMT-7,3.0,22.953333333333337,43.333333333333336,22.920000000000005
6,10,13,Levi's Stadium,Santa Clara,37.434093,-121.95479,-25200,America/Los_Angeles,GMT-7,3.0,24.53333333333334,39.333333333333336,24.453333333333333
6,10,14,Levi's Stadium,Santa Clara,37.434093,-121.95479,-25200,America/Los_Angeles,GMT-7,3.0,25.44666666666667,37.666666666666664,25.09333333333333
6,10,15,Levi's Stadium,Santa Clara,37.434093,-121.95479,-25200,America/Los_Angeles,GMT-7,3.0,25.580000000000002,37.86666666666667,24.64
6,10,16,Levi's Stadium,Santa Clara,37.434093,-121.95479,-25200,America/Los_Angeles,GMT-7,3.0,24.793333333333337,40.666666666666664,23.13333333333333
6,10,17,Levi's Stadium,Santa Clara,37.434093,-121.95479,-25200,America/Los_Angeles,GMT-7,3.0,23.513333333333332,45.2,21.313333333333333
6,10,18,Levi's Stadium,Santa Clara,37.434093,-121.95479,-25200,America/Los_Angeles,GMT-7,3.0,21.866666666666664,50.733333333333334,19.519999999999996
6,10,19,Levi's Stadium,Santa Clara,37.434093,-121.95479,-25200,America/Los_Angeles,GMT-7,3.0,20.113333333333333,56.46666666666667,17.959999999999997
6,10,20,Levi's Stadium,Santa Clara,37.434093,-121.95479,-25200,America/Los_Angeles,GMT-7,3.0,18.386666666666667,62.2,16.606666666666666
6,10,21,Levi's Stadium,Santa Clara,37.434093,-121.95479,-25200,America/Los_Angeles,GMT-7,3.0,17.04,67.33333333333333,15.626666666666667
6,10,22,Levi's Stadium,Santa Clara,37.434093,-121.95479,-25200,America/Los_Angeles,GMT-7,3.0,16.16,71.33333333333333,15.086666666666668
6,10,23,Levi's Stadium,Santa Clara,37.434093,-121.95479,-25200,America/Los_Angeles,GMT-7,3.0,15.519999999999998,73.66666666666667,14.613333333333333
6,11,0,Levi's Stadium,Santa Clara,37.434093,-121.95479,-25200,America/Los_Angeles,GMT-7,3.0,15.333333333333332,76.86666666666666,14.780000000000001
6,11,1,Levi's Stadium,Santa Clara,37.434093,-121.95479,-25200,America/Los_Angeles,GMT-7,3.0,14.546666666666663,79.86666666666666,14.306666666666665
6,11,2,Levi's Stadium,Santa Clara,37.434093,-121.95479,-25200,America/Los_Angeles,GMT-7,3.0,14.113333333333333,82.46666666666667,13.886666666666665
6,11,3,Levi's Stadium,Santa Clara,37.434093,-121.95479,-25200,America/Los_Angeles,GMT-7,3.0,13.653333333333332,85.4,13.366666666666665
6,11,4,Levi's Stadium,Santa Clara,37.434093,-121.95479,-25200,America/Los_Angeles,GMT-7,3.0,13.413333333333332,87.6,13.08
6,11,5,Levi's Stadium,Santa Clara,37.434093,-121.95479,-25200,America/Los_Angeles,GMT-7,3.0,13.413333333333332,88.26666666666667,13.139999999999999
6,11,6,Levi's Stadium,Santa Clara,37.434093,-121.95479,-25200,America/Los_Angeles,GMT-7,3.0,13.706666666666667,87.33333333333333,13.506666666666666
6,11,7,Levi's Stadium,Santa Clara,37.434093,-121.95479,-25200,America/Los_Angeles,GMT-7,3.0,14.266666666666667,84.2,14.08
6,11,8,Levi's Stadium,Santa Clara,37.434093,-121.95479,-25200,America/Los_Angeles,GMT-7,3.0,15.540000000000001,77.26666666666667,15.326666666666666
6,11,9,Levi's Stadium,Santa Clara,37.434093,-121.95479,-25200,America/Los_Angeles,GMT-7,3.0,17.473333333333333,67.4,17.293333333333333
6,11,10,Levi's Stadium,Santa Clara,37.434093,-121.95479,-25200,America/Los_Angeles,GMT-7,3.0,19.77333333333333,57.2,19.746666666666666
6,11,11,Levi's Stadium,Santa Clara,37.434093,-121.95479,-25200,America/Los_Angeles,GMT-7,3.0,21.973333333333333,48.6,22.119999999999997
6,11,12,Levi's Stadium,Santa Clara,37.434093,-121.95479,-25200,America/Los_Angeles,GMT-7,3.0,23.84,42.333333333333336,24.05333333333333
6,11,13,Levi's Stadium,Santa Clara,37.434093,-121.95479,-25200,America/Los_Angeles,GMT-7,3.0,25.186666666666667,38.6,25.28666666666667
6,11,14,Levi's Stadium,Santa Clara,37.434093,-121.95479,-25200,America/Los_Angeles,GMT-7,3.0,25.92666666666667,37.266666666666666,25.680000000000003
6,11,15,Levi's Stadium,Santa Clara,37.434093,-121.95479,-25200,America/Los_Angeles,GMT-7,3.0,26.02,37.6,25.240000000000002
6,11,16,Levi's Stadium,Santa Clara,37.434093,-121.95479,-25200,America/Los_Angeles,GMT-7,3.0,25.613333333333333,39.266666666666666,24.213333333333335
6,11,17,Levi's Stadium,Santa Clara,37.434093,-121.95479,-25200,America/Los_Angeles,GMT-7,3.0,24.800000000000004,42.4,22.946666666666665
6,11,18,Levi's Stadium,Santa Clara,37.434093,-121.95479,-25200,America/Los_Angeles,GMT-7,3.0,23.573333333333338,47.06666666666667,21.6
6,11,19,Levi's Stadium,Santa Clara,37.434093,-121.95479,-25200,America/Los_Angeles,GMT-7,3.0,21.933333333333334,52.93333333333333,20.153333333333332
6,11,20,Levi's Stadium,Santa Clara,37.434093,-121.95479,-25200,America/Los_Angeles,GMT-7,3.0,20.16666666666667,58.8,18.706666666666663
6,11,21,Levi's Stadium,Santa Clara,37.434093,-121.95479,-25200,America/Los_Angeles,GMT-7,3.0,18.66,63.93333333333333,17.453333333333333
6,11,22,Levi's Stadium,Santa Clara,37.434093,-121.95479,-25200,America/Los_Angeles,GMT-7,3.0,17.526666666666664,68.26666666666667,16.426666666666666
6,11,23,Levi's Stadium,Santa Clara,37.434093,-121.95479,-25200,America/Los_Angeles,GMT-7,3.0,16.326666666666664,72.86666666666666,15.486666666666666
6,12,0,Levi's Stadium,Santa Clara,37.434093,-121.95479,-25200,America/Los_Angeles,GMT-7,3.0,15.813333333333334,75.73333333333333,15.006666666666666
6,12,1,Levi's Stadium,Santa Clara,37.434093,-121.95479,-25200,America/Los_Angeles,GMT-7,3.0,15.466666666666667,78.26666666666667,14.806666666666665
6,12,2,Levi's Stadium,Santa Clara,37.434093,-121.95479,-25200,America/Los_Angeles,GMT-7,3.0,15.100000000000001,80.66666666666667,14.673333333333334
6,12,3,Levi's Stadium,Santa Clara,37.434093,-121.95479,-25200,America/Los_Angeles,GMT-7,3.0,14.826666666666666,82.46666666666667,14.606666666666666
6,12,4,Levi's Stadium,Santa Clara,37.434093,-121.95479,-25200,America/Los_Angeles,GMT-7,3.0,14.786666666666669,83.66666666666667,14.693333333333332
6,12,5,Levi's Stadium,Santa Clara,37.434093,-121.95479,-25200,America/Los_Angeles,GMT-7,3.0,14.873333333333333,84.13333333333334,14.886666666666663
6,12,6,Levi's Stadium,Santa Clara,37.434093,-121.95479,-25200,America/Los_Angeles,GMT-7,3.0,15.266666666666667,82.46666666666667,15.386666666666665
6,12,7,Levi's Stadium,Santa Clara,37.434093,-121.95479,-25200,America/Los_Angeles,GMT-7,3.0,15.946666666666665,78.73333333333333,16.06
6,12,8,Levi's Stadium,Santa Clara,37.434093,-121.95479,-25200,America/Los_Angeles,GMT-7,3.0,17.16,72.73333333333333,17.12
6,12,9,Levi's Stadium,Santa Clara,37.434093,-121.95479,-25200,America/Los_Angeles,GMT-7,3.0,18.826666666666668,65.6,18.66
6,12,10,Levi's Stadium,Santa Clara,37.434093,-121.95479,-25200,America/Los_Angeles,GMT-7,3.0,20.68,58.53333333333333,20.66
6,12,11,Levi's Stadium,Santa Clara,37.434093,-121.95479,-25200,America/Los_Angeles,GMT-7,3.0,22.453333333333333,52.266666666666666,22.839999999999996
6,12,12,Levi's Stadium,Santa Clara,37.434093,-121.95479,-25200,America/Los_Angeles,GMT-7,3.0,23.873333333333335,48.0,24.686666666666667
6,12,13,Levi's Stadium,Santa Clara,37.434093,-121.95479,-25200,America/Los_Angeles,GMT-7,3.0,25.033333333333328,45.0,26.033333333333335
6,12,14,Levi's Stadium,Santa Clara,37.434093,-121.95479,-25200,America/Los_Angeles,GMT-7,3.0,25.819999999999997,43.06666666666667,26.56
6,12,15,Levi's Stadium,Santa Clara,37.434093,-121.95479,-25200,America/Los_Angeles,GMT-7,3.0,26.11333333333333,42.333333333333336,26.293333333333337
6,12,16,Levi's Stadium,Santa Clara,37.434093,-121.95479,-25200,America/Los_Angeles,GMT-7,3.0,25.513333333333332,43.93333333333333,24.813333333333333
6,12,17,Levi's Stadium,Santa Clara,37.434093,-121.95479,-25200,America/Los_Angeles,GMT-7,3.0,24.2,48.0,22.84
6,12,18,Levi's Stadium,Santa Clara,37.434093,-121.95479,-25200,America/Los_Angeles,GMT-7,3.0,22.58,52.13333333333333,20.85333333333334
6,12,19,Levi's Stadium,Santa Clara,37.434093,-121.95479,-25200,America/Los_Angeles,GMT-7,3.0,20.98,55.93333333333333,19.233333333333334
6,12,20,Levi's Stadium,Santa Clara,37.434093,-121.95479,-25200,America/Los_Angeles,GMT-7,3.0,19.439999999999998,59.733333333333334,17.88
6,12,21,Levi's Stadium,Santa Clara,37.434093,-121.95479,-25200,America/Los_Angeles,GMT-7,3.0,18.020000000000003,64.53333333333333,16.70666666666667
6,12,22,Levi's Stadium,Santa Clara,37.434093,-121.95479,-25200,America/Los_Angeles,GMT-7,3.0,16.913333333333334,69.2,15.900000000000002
6,12,23,Levi's Stadium,Santa Clara,37.434093,-121.95479,-25200,America/Los_Angeles,GMT-7,3.0,16.273333333333333,72.66666666666667,15.400000000000002
6,13,0,Levi's Stadium,Santa Clara,37.434093,-121.95479,-25200,America/Los_Angeles,GMT-7,3.0,15.493333333333334,74.06666666666666,14.726666666666667
6,13,1,Levi's Stadium,Santa Clara,37.434093,-121.95479,-25200,America/Los_Angeles,GMT-7,3.0,15.139999999999999,76.8,14.493333333333336
6,13,2,Levi's Stadium,Santa Clara,37.434093,-121.95479,-25200,America/Los_Angeles,GMT-7,3.0,14.746666666666666,78.73333333333333,14.16
6,13,3,Levi's Stadium,Santa Clara,37.434093,-121.95479,-25200,America/Los_Angeles,GMT-7,3.0,14.399999999999999,80.6,13.833333333333334
6,13,4,Levi's Stadium,Santa Clara,37.434093,-121.95479,-25200,America/Los_Angeles,GMT-7,3.0,14.133333333333333,82.46666666666667,13.653333333333334
6,13,5,Levi's Stadium,Santa Clara,37.434093,-121.95479,-25200,America/Los_Angeles,GMT-7,3.0,13.893333333333334,84.73333333333333,13.52
6,13,6,Levi's Stadium,Santa Clara,37.434093,-121.95479,-25200,America/Los_Angeles,GMT-7,3.0,13.966666666666667,85.0,13.680000000000001
6,13,7,Levi's Stadium,Santa Clara,37.434093,-121.95479,-25200,America/Los_Angeles,GMT-7,3.0,14.42,82.33333333333333,14.093333333333332
6,13,8,Levi's Stadium,Santa Clara,37.434093,-121.95479,-25200,America/Los_Angeles,GMT-7,3.0,15.433333333333335,76.26666666666667,15.006666666666664
6,13,9,Levi's Stadium,Santa Clara,37.434093,-121.95479,-25200,America/Los_Angeles,GMT-7,3.0,16.86,68.86666666666666,16.38
6,13,10,Levi's Stadium,Santa Clara,37.434093,-121.95479,-25200,America/Los_Angeles,GMT-7,3.0,18.639999999999997,61.0,18.346666666666668
6,13,11,Levi's Stadium,Santa Clara,37.434093,-121.95479,-25200,America/Los_Angeles,GMT-7,3.0,20.573333333333334,53.46666666666667,20.633333333333333
6,13,12,Levi's Stadium,Santa Clara,37.434093,-121.95479,-25200,America/Los_Angeles,GMT-7,3.0,22.44666666666667,47.0,22.759999999999998
6,13,13,Levi's Stadium,Santa Clara,37.434093,-121.95479,-25200,America/Los_Angeles,GMT-7,3.0,23.913333333333334,42.46666666666667,24.053333333333335
6,13,14,Levi's Stadium,Santa Clara,37.434093,-121.95479,-25200,America/Los_Angeles,GMT-7,3.0,24.746666666666666,40.06666666666667,24.306666666666665
6,13,15,Levi's Stadium,Santa Clara,37.434093,-121.95479,-25200,America/Los_Angeles,GMT-7,3.0,24.83333333333333,39.666666666666664,23.646666666666665
6,13,16,Levi's Stadium,Santa Clara,37.434093,-121.95479,-25200,America/Los_Angeles,GMT-7,3.0,24.246666666666666,40.8,22.359999999999996
6,13,17,Levi's Stadium,Santa Clara,37.434093,-121.95479,-25200,America/Los_Angeles,GMT-7,3.0,23.113333333333326,43.666666666666664,20.64
6,13,18,Levi's Stadium,Santa Clara,37.434093,-121.95479,-25200,America/Los_Angeles,GMT-7,3.0,21.719999999999995,47.4,19.046666666666667
6,13,19,Levi's Stadium,Santa Clara,37.434093,-121.95479,-25200,America/Los_Angeles,GMT-7,3.0,20.166666666666668,52.06666666666667,17.56
6,13,20,Levi's Stadium,Santa Clara,37.434093,-121.95479,-25200,America/Los_Angeles,GMT-7,3.0,18.706666666666667,57.06666666666667,16.513333333333332
6,13,21,Levi's Stadium,Santa Clara,37.434093,-121.95479,-25200,America/Los_Angeles,GMT-7,3.0,17.439999999999998,62.13333333333333,15.7
6,13,22,Levi's Stadium,Santa Clara,37.434093,-121.95479,-25200,America/Los_Angeles,GMT-7,3.0,16.5,66.8,15.213333333333333
6,13,23,Levi's Stadium,Santa Clara,37.434093,-121.95479,-25200,America/Los_Angeles,GMT-7,3.0,15.946666666666667,70.73333333333333,14.993333333333336
6,14,0,Levi's Stadium,Santa Clara,37.434093,-121.95479,-25200,America/Los_Angeles,GMT-7,3.0,15.493333333333334,72.33333333333333,14.913333333333334
6,14,1,Levi's Stadium,Santa Clara,37.434093,-121.95479,-25200,America/Los_Angeles,GMT-7,3.0,15.02,75.8,14.606666666666664
6,14,2,Levi's Stadium,Santa Clara,37.434093,-121.95479,-25200,America/Los_Angeles,GMT-7,3.0,14.633333333333333,78.8,14.346666666666664
6,14,3,Levi's Stadium,Santa Clara,37.434093,-121.95479,-25200,America/Los_Angeles,GMT-7,3.0,14.266666666666667,82.0,14.08
6,14,4,Levi's Stadium,Santa Clara,37.434093,-121.95479,-25200,America/Los_Angeles,GMT-7,3.0,14.093333333333334,83.86666666666666,13.993333333333332
6,14,5,Levi's Stadium,Santa Clara,37.434093,-121.95479,-25200,America/Los_Angeles,GMT-7,3.0,13.920000000000003,85.4,13.833333333333332
6,14,6,Levi's Stadium,Santa Clara,37.434093,-121.95479,-25200,America/Los_Angeles,GMT-7,3.0,14.133333333333335,84.8,14.073333333333332
6,14,7,Levi's Stadium,Santa Clara,37.434093,-121.95479,-25200,America/Los_Angeles,GMT-7,3.0,14.726666666666668,81.6,14.640000000000002
6,14,8,Levi's Stadium,Santa Clara,37.434093,-121.95479,-25200,America/Los_Angeles,GMT-7,3.0,16.053333333333335,74.6,15.860000000000001
6,14,9,Levi's Stadium,Santa Clara,37.434093,-121.95479,-25200,America/Los_Angeles,GMT-7,3.0,17.759999999999998,65.93333333333334,17.36
6,14,10,Levi's Stadium,Santa Clara,37.434093,-121.95479,-25200,America/Los_Angeles,GMT-7,3.0,19.7,57.4,19.24
6,14,11,Levi's Stadium,Santa Clara,37.434093,-121.95479,-25200,America/Los_Angeles,GMT-7,3.0,21.613333333333333,49.86666666666667,21.280000000000005
6,14,12,Levi's Stadium,Santa Clara,37.434093,-121.95479,-25200,America/Los_Angeles,GMT-7,3.0,23.3,43.86666666666667,23.026666666666664
6,14,13,Levi's Stadium,Santa Clara,37.434093,-121.95479,-25200,America/Los_Angeles,GMT-7,3.0,24.56,39.53333333333333,24.113333333333333
6,14,14,Levi's Stadium,Santa Clara,37.434093,-121.95479,-25200,America/Los_Angeles,GMT-7,3.0,25.30666666666666,36.6,24.373333333333335
6,14,15,Levi's Stadium,Santa Clara,37.434093,-121.95479,-25200,America/Los_Angeles,GMT-7,3.0,25.333333333333332,35.266666666666666,23.759999999999998
6,14,16,Levi's Stadium,Santa Clara,37.434093,-121.95479,-25200,America/Los_Angeles,GMT-7,3.0,24.84,35.733333333333334,22.613333333333333
6,14,17,Levi's Stadium,Santa Clara,37.434093,-121.95479,-25200,America/Los_Angeles,GMT-7,3.0,23.92,37.6,21.079999999999995
6,14,18,Levi's Stadium,Santa Clara,37.434093,-121.95479,-25200,America/Los_Angeles,GMT-7,3.0,22.660000000000004,41.333333333333336,19.62666666666666
6,14,19,Levi's Stadium,Santa Clara,37.434093,-121.95479,-25200,America/Los_Angeles,GMT-7,3.0,21.033333333333335,46.86666666666667,18.19333333333333
6,14,20,Levi's Stadium,Santa Clara,37.434093,-121.95479,-25200,America/Los_Angeles,GMT-7,3.0,19.28666666666667,53.8,17.02
6,14,21,Levi's Stadium,Santa Clara,37.434093,-121.95479,-25200,America/Los_Angeles,GMT-7,3.0,17.846666666666668,60.13333333333333,16.14
6,14,22,Levi's Stadium,Santa Clara,37.434093,-121.95479,-25200,America/Los_Angeles,GMT-7,3.0,16.82,64.86666666666666,15.580000000000002
6,14,23,Levi's Stadium,Santa Clara,37.434093,-121.95479,-25200,America/Los_Angeles,GMT-7,3.0,16.06,69.0,15.18666666666667
6,15,0,Levi's Stadium,Santa Clara,37.434093,-121.95479,-25200,America/Los_Angeles,GMT-7,3.0,15.180000000000001,72.66666666666667,14.366666666666667
6,15,1,Levi's Stadium,Santa Clara,37.434093,-121.95479,-25200,America/Los_Angeles,GMT-7,3.0,14.753333333333332,75.46666666666667,14.006666666666666
6,15,2,Levi's Stadium,Santa Clara,37.434093,-121.95479,-25200,America/Los_Angeles,GMT-7,3.0,14.139999999999999,79.06666666666666,13.439999999999998
6,15,3,Levi's Stadium,Santa Clara,37.434093,-121.95479,-25200,America/Los_Angeles,GMT-7,3.0,13.639999999999997,82.06666666666666,13.013333333333332
6,15,4,Levi's Stadium,Santa Clara,37.434093,-121.95479,-25200,America/Los_Angeles,GMT-7,3.0,13.346666666666664,84.13333333333334,12.846666666666666
6,15,5,Levi's Stadium,Santa Clara,37.434093,-121.95479,-25200,America/Los_Angeles,GMT-7,3.0,13.126666666666665,85.26666666666667,12.686666666666667
6,15,6,Levi's Stadium,Santa Clara,37.434093,-121.95479,-25200,America/Los_Angeles,GMT-7,3.0,13.219999999999999,84.6,12.753333333333336
6,15,7,Levi's Stadium,Santa Clara,37.434093,-121.95479,-25200,America/Los_Angeles,GMT-7,3.0,13.7,81.2,13.080000000000002
6,15,8,Levi's Stadium,Santa Clara,37.434093,-121.95479,-25200,America/Los_Angeles,GMT-7,3.0,14.88,74.46666666666667,14.093333333333334
6,15,9,Levi's Stadium,Santa Clara,37.434093,-121.95479,-25200,America/Los_Angeles,GMT-7,3.0,16.746666666666666,64.73333333333333,15.94
6,15,10,Levi's Stadium,Santa Clara,37.434093,-121.95479,-25200,America/Los_Angeles,GMT-7,3.0,19.15333333333334,53.733333333333334,18.493333333333336
6,15,11,Levi's Stadium,Santa Clara,37.434093,-121.95479,-25200,America/Los_Angeles,GMT-7,3.0,21.593333333333337,44.0,21.226666666666663
6,15,12,Levi's Stadium,Santa Clara,37.434093,-121.95479,-25200,America/Los_Angeles,GMT-7,3.0,23.593333333333337,37.333333333333336,23.23333333333333
6,15,13,Levi's Stadium,Santa Clara,37.434093,-121.95479,-25200,America/Los_Angeles,GMT-7,3.0,24.953333333333337,33.93333333333333,24.3
6,15,14,Levi's Stadium,Santa Clara,37.434093,-121.95479,-25200,America/Los_Angeles,GMT-7,3.0,25.653333333333332,32.666666666666664,24.446666666666665
6,15,15,Levi's Stadium,Santa Clara,37.434093,-121.95479,-25200,America/Los_Angeles,GMT-7,3.0,25.726666666666667,32.8,23.993333333333336
6,15,16,Levi's Stadium,Santa Clara,37.434093,-121.95479,-25200,America/Los_Angeles,GMT-7,3.0,24.94,35.2,22.699999999999996
6,15,17,Levi's Stadium,Santa Clara,37.434093,-121.95479,-25200,America/Los_Angeles,GMT-7,3.0,23.826666666666668,38.666666666666664,21.133333333333333
6,15,18,Levi's Stadium,Santa Clara,37.434093,-121.95479,-25200,America/Los_Angeles,GMT-7,3.0,22.160000000000004,44.13333333333333,19.34666666666667
6,15,19,Levi's Stadium,Santa Clara,37.434093,-121.95479,-25200,America/Los_Angeles,GMT-7,3.0,20.44,50.2,17.826666666666668
6,15,20,Levi's Stadium,Santa Clara,37.434093,-121.95479,-25200,America/Los_Angeles,GMT-7,3.0,18.52,57.333333333333336,16.366666666666667
6,15,21,Levi's Stadium,Santa Clara,37.434093,-121.95479,-25200,America/Los_Angeles,GMT-7,3.0,17.046666666666667,63.333333333333336,15.326666666666666
6,15,22,Levi's Stadium,Santa Clara,37.434093,-121.95479,-25200,America/Los_Angeles,GMT-7,3.0,16.026666666666667,67.8,14.72
6,15,23,Levi's Stadium,Santa Clara,37.434093,-121.95479,-25200,America/Los_Angeles,GMT-7,3.0,15.573333333333332,70.2,14.58
6,16,0,Levi's Stadium,Santa Clara,37.434093,-121.95479,-25200,America/Los_Angeles,GMT-7,3.0,15.253333333333334,71.66666666666667,14.42
6,16,1,Levi's Stadium,Santa Clara,37.434093,-121.95479,-25200,America/Los_Angeles,GMT-7,3.0,14.48666666666667,76.6,13.94
6,16,2,Levi's Stadium,Santa Clara,37.434093,-121.95479,-25200,America/Los_Angeles,GMT-7,3.0,14.053333333333335,79.73333333333333,13.633333333333331
6,16,3,Levi's Stadium,Santa Clara,37.434093,-121.95479,-25200,America/Los_Angeles,GMT-7,3.0,13.626666666666667,82.73333333333333,13.333333333333334
6,16,4,Levi's Stadium,Santa Clara,37.434093,-121.95479,-25200,America/Los_Angeles,GMT-7,3.0,13.31333333333333,84.4,13.0
6,16,5,Levi's Stadium,Santa Clara,37.434093,-121.95479,-25200,America/Los_Angeles,GMT-7,3.0,13.12,84.8,12.780000000000003
6,16,6,Levi's Stadium,Santa Clara,37.434093,-121.95479,-25200,America/Los_Angeles,GMT-7,3.0,13.246666666666666,83.46666666666667,12.82666666666667
6,16,7,Levi's Stadium,Santa Clara,37.434093,-121.95479,-25200,America/Los_Angeles,GMT-7,3.0,13.966666666666667,79.53333333333333,13.440000000000001
6,16,8,Levi's Stadium,Santa Clara,37.434093,-121.95479,-25200,America/Los_Angeles,GMT-7,3.0,15.466666666666667,72.13333333333334,14.726666666666667
6,16,9,Levi's Stadium,Santa Clara,37.434093,-121.95479,-25200,America/Los_Angeles,GMT-7,3.0,17.566666666666666,62.6,16.7
6,16,10,Levi's Stadium,Santa Clara,37.434093,-121.95479,-25200,America/Los_Angeles,GMT-7,3.0,19.89333333333333,53.6,19.166666666666664
6,16,11,Levi's Stadium,Santa Clara,37.434093,-121.95479,-25200,America/Los_Angeles,GMT-7,3.0,22.046666666666667,46.4,21.526666666666664
6,16,12,Levi's Stadium,Santa Clara,37.434093,-121.95479,-25200,America/Los_Angeles,GMT-7,3.0,23.82,40.6,23.30666666666666
6,16,13,Levi's Stadium,Santa Clara,37.434093,-121.95479,-25200,America/Los_Angeles,GMT-7,3.0,25.06,36.0,24.233333333333334
6,16,14,Levi's Stadium,Santa Clara,37.434093,-121.95479,-25200,America/Los_Angeles,GMT-7,3.0,25.67333333333333,33.0,24.34
6,16,15,Levi's Stadium,Santa Clara,37.434093,-121.95479,-25200,America/Los_Angeles,GMT-7,3.0,25.613333333333333,31.933333333333334,23.65333333333334
6,16,16,Levi's Stadium,Santa Clara,37.434093,-121.95479,-25200,America/Los_Angeles,GMT-7,3.0,24.886666666666663,33.4,22.366666666666664
6,16,17,Levi's Stadium,Santa Clara,37.434093,-121.95479,-25200,America/Los_Angeles,GMT-7,3.0,23.76666666666667,36.46666666666667,20.8
6,16,18,Levi's Stadium,Santa Clara,37.434093,-121.95479,-25200,America/Los_Angeles,GMT-7,3.0,22.319999999999997,41.266666666666666,19.3
6,16,19,Levi's Stadium,Santa Clara,37.434093,-121.95479,-25200,America/Los_Angeles,GMT-7,3.0,20.713333333333335,46.666666666666664,17.926666666666666
6,16,20,Levi's Stadium,Santa Clara,37.434093,-121.95479,-25200,America/Los_Angeles,GMT-7,3.0,19.053333333333338,52.733333333333334,16.76
6,16,21,Levi's Stadium,Santa Clara,37.434093,-121.95479,-25200,America/Los_Angeles,GMT-7,3.0,17.720000000000002,58.13333333333333,15.860000000000001
6,16,22,Levi's Stadium,Santa Clara,37.434093,-121.95479,-25200,America/Los_Angeles,GMT-7,3.0,16.846666666666668,62.2,15.32666666666667
6,16,23,Levi's Stadium,Santa Clara,37.434093,-121.95479,-25200,America/Los_Angeles,GMT-7,3.0,15.986666666666668,67.13333333333334,14.833333333333336
6,17,0,Levi's Stadium,Santa Clara,37.434093,-121.95479,-25200,America/Los_Angeles,GMT-7,3.0,16.33333333333333,67.06666666666666,15.526666666666667
6,17,1,Levi's Stadium,Santa Clara,37.434093,-121.95479,-25200,America/Los_Angeles,GMT-7,3.0,15.439999999999998,70.66666666666667,14.620000000000001
6,17,2,Levi's Stadium,Santa Clara,37.434093,-121.95479,-25200,America/Los_Angeles,GMT-7,3.0,15.006666666666666,73.93333333333334,14.293333333333333
6,17,3,Levi's Stadium,Santa Clara,37.434093,-121.95479,-25200,America/Los_Angeles,GMT-7,3.0,14.593333333333334,77.06666666666666,13.98
6,17,4,Levi's Stadium,Santa Clara,37.434093,-121.95479,-25200,America/Los_Angeles,GMT-7,3.0,14.326666666666666,78.8,13.966666666666667
6,17,5,Levi's Stadium,Santa Clara,37.434093,-121.95479,-25200,America/Los_Angeles,GMT-7,3.0,14.033333333333333,80.2,13.806666666666667
6,17,6,Levi's Stadium,Santa Clara,37.434093,-121.95479,-25200,America/Los_Angeles,GMT-7,3.0,14.080000000000004,79.4,13.866666666666667
6,17,7,Levi's Stadium,Santa Clara,37.434093,-121.95479,-25200,America/Los_Angeles,GMT-7,3.0,14.513333333333334,76.86666666666666,14.153333333333332
6,17,8,Levi's Stadium,Santa Clara,37.434093,-121.95479,-25200,America/Los_Angeles,GMT-7,3.0,15.806666666666668,70.26666666666667,15.253333333333334
6,17,9,Levi's Stadium,Santa Clara,37.434093,-121.95479,-25200,America/Los_Angeles,GMT-7,3.0,17.833333333333336,61.13333333333333,17.006666666666668
6,17,10,Levi's Stadium,Santa Clara,37.434093,-121.95479,-25200,America/Los_Angeles,GMT-7,3.0,20.34,51.13333333333333,19.46
6,17,11,Levi's Stadium,Santa Clara,37.434093,-121.95479,-25200,America/Los_Angeles,GMT-7,3.0,22.8,42.6,21.98
6,17,12,Levi's Stadium,Santa Clara,37.434093,-121.95479,-25200,America/Los_Angeles,GMT-7,3.0,24.66,36.93333333333333,23.96666666666666
6,17,13,Levi's Stadium,Santa Clara,37.434093,-121.95479,-25200,America/Los_Angeles,GMT-7,3.0,25.89333333333333,33.46666666666667,25.026666666666664
6,17,14,Levi's Stadium,Santa Clara,37.434093,-121.95479,-25200,America/Los_Angeles,GMT-7,3.0,26.533333333333335,31.266666666666666,25.2
6,17,15,Levi's Stadium,Santa Clara,37.434093,-121.95479,-25200,America/Los_Angeles,GMT-7,3.0,26.82,30.066666666666666,24.893333333333334
6,17,16,Levi's Stadium,Santa Clara,37.434093,-121.95479,-25200,America/Los_Angeles,GMT-7,3.0,26.320000000000004,31.2,23.8
6,17,17,Levi's Stadium,Santa Clara,37.434093,-121.95479,-25200,America/Los_Angeles,GMT-7,3.0,25.59333333333333,33.733333333333334,22.726666666666663
6,17,18,Levi's Stadium,Santa Clara,37.434093,-121.95479,-25200,America/Los_Angeles,GMT-7,3.0,24.45333333333333,37.2,21.506666666666664
6,17,19,Levi's Stadium,Santa Clara,37.434093,-121.95479,-25200,America/Los_Angeles,GMT-7,3.0,23.206666666666667,41.13333333333333,20.506666666666668
6,17,20,Levi's Stadium,Santa Clara,37.434093,-121.95479,-25200,America/Los_Angeles,GMT-7,3.0,21.613333333333333,46.266666666666666,19.32
6,17,21,Levi's Stadium,Santa Clara,37.434093,-121.95479,-25200,America/Los_Angeles,GMT-7,3.0,20.05333333333333,51.93333333333333,18.20666666666667
6,17,22,Levi's Stadium,Santa Clara,37.434093,-121.95479,-25200,America/Los_Angeles,GMT-7,3.0,18.786666666666665,57.53333333333333,17.42
6,17,23,Levi's Stadium,Santa Clara,37.434093,-121.95479,-25200,America/Los_Angeles,GMT-7,3.0,17.439999999999994,62.53333333333333,16.37333333333333
6,18,0,Levi's Stadium,Santa Clara,37.434093,-121.95479,-25200,America/Los_Angeles,GMT-7,3.0,16.873333333333335,63.53333333333333,16.006666666666668
6,18,1,Levi's Stadium,Santa Clara,37.434093,-121.95479,-25200,America/Los_Angeles,GMT-7,3.0,16.62666666666667,66.13333333333334,15.993333333333332
6,18,2,Levi's Stadium,Santa Clara,37.434093,-121.95479,-25200,America/Los_Angeles,GMT-7,3.0,16.133333333333333,67.53333333333333,15.426666666666666
6,18,3,Levi's Stadium,Santa Clara,37.434093,-121.95479,-25200,America/Los_Angeles,GMT-7,3.0,15.613333333333333,69.53333333333333,14.860000000000001
6,18,4,Levi's Stadium,Santa Clara,37.434093,-121.95479,-25200,America/Los_Angeles,GMT-7,3.0,15.306666666666667,70.93333333333334,14.613333333333333
6,18,5,Levi's Stadium,Santa Clara,37.434093,-121.95479,-25200,America/Los_Angeles,GMT-7,3.0,15.033333333333331,72.4,14.4
6,18,6,Levi's Stadium,Santa Clara,37.434093,-121.95479,-25200,America/Los_Angeles,GMT-7,3.0,15.120000000000001,71.66666666666667,14.519999999999998
6,18,7,Levi's Stadium,Santa Clara,37.434093,-121.95479,-25200,America/Los_Angeles,GMT-7,3.0,15.573333333333332,68.86666666666666,14.919999999999996
6,18,8,Levi's Stadium,Santa Clara,37.434093,-121.95479,-25200,America/Los_Angeles,GMT-7,3.0,16.833333333333332,62.666666666666664,16.086666666666666
6,18,9,Levi's Stadium,Santa Clara,37.434093,-121.95479,-25200,America/Los_Angeles,GMT-7,3.0,18.726666666666667,55.2,17.919999999999998
6,18,10,Levi's Stadium,Santa Clara,37.434093,-121.95479,-25200,America/Los_Angeles,GMT-7,3.0,21.113333333333333,47.13333333333333,20.386666666666663
6,18,11,Levi's Stadium,Santa Clara,37.434093,-121.95479,-25200,America/Los_Angeles,GMT-7,3.0,23.593333333333337,39.333333333333336,23.006666666666664
6,18,12,Levi's Stadium,Santa Clara,37.434093,-121.95479,-25200,America/Los_Angeles,GMT-7,3.0,25.76,32.86666666666667,25.146666666666665
6,18,13,Levi's Stadium,Santa Clara,37.434093,-121.95479,-25200,America/Los_Angeles,GMT-7,3.0,27.28666666666667,29.0,26.359999999999996
6,18,14,Levi's Stadium,Santa Clara,37.434093,-121.95479,-25200,America/Los_Angeles,GMT-7,3.0,27.93333333333333,27.666666666666668,26.453333333333333
6,18,15,Levi's Stadium,Santa Clara,37.434093,-121.95479,-25200,America/Los_Angeles,GMT-7,3.0,27.726666666666667,27.8,25.553333333333338
6,18,16,Levi's Stadium,Santa Clara,37.434093,-121.95479,-25200,America/Los_Angeles,GMT-7,3.0,26.89333333333333,29.466666666666665,24.146666666666665
6,18,17,Levi's Stadium,Santa Clara,37.434093,-121.95479,-25200,America/Los_Angeles,GMT-7,3.0,25.853333333333335,31.733333333333334,22.660000000000004
6,18,18,Levi's Stadium,Santa Clara,37.434093,-121.95479,-25200,America/Los_Angeles,GMT-7,3.0,24.453333333333333,34.8,21.186666666666667
6,18,19,Levi's Stadium,Santa Clara,37.434093,-121.95479,-25200,America/Los_Angeles,GMT-7,3.0,22.720000000000006,38.53333333333333,19.62666666666667
6,18,20,Levi's Stadium,Santa Clara,37.434093,-121.95479,-25200,America/Los_Angeles,GMT-7,3.0,20.673333333333336,43.93333333333333,18.06
6,18,21,Levi's Stadium,Santa Clara,37.434093,-121.95479,-25200,America/Los_Angeles,GMT-7,3.0,18.986666666666668,49.93333333333333,16.886666666666663
6,18,22,Levi's Stadium,Santa Clara,37.434093,-121.95479,-25200,America/Los_Angeles,GMT-7,3.0,17.740000000000002,55.266666666666666,16.033333333333335
6,18,23,Levi's Stadium,Santa Clara,37.434093,-121.95479,-25200,America/Los_Angeles,GMT-7,3.0,17.206666666666667,60.06666666666667,15.98666666666667
6,19,0,Levi's Stadium,Santa Clara,37.434093,-121.95479,-25200,America/Los_Angeles,GMT-7,3.0,15.499999999999998,67.4,14.5
6,19,1,Levi's Stadium,Santa Clara,37.434093,-121.95479,-25200,America/Los_Angeles,GMT-7,3.0,15.479999999999999,65.66666666666667,14.473333333333331
6,19,2,Levi's Stadium,Santa Clara,37.434093,-121.95479,-25200,America/Los_Angeles,GMT-7,3.0,14.866666666666667,68.6,13.84
6,19,3,Levi's Stadium,Santa Clara,37.434093,-121.95479,-25200,America/Los_Angeles,GMT-7,3.0,14.413333333333334,70.53333333333333,13.399999999999999
6,19,4,Levi's Stadium,Santa Clara,37.434093,-121.95479,-25200,America/Los_Angeles,GMT-7,3.0,14.033333333333331,72.2,13.053333333333333
6,19,5,Levi's Stadium,Santa Clara,37.434093,-121.95479,-25200,America/Los_Angeles,GMT-7,3.0,13.799999999999999,74.13333333333334,12.846666666666666
6,19,6,Levi's Stadium,Santa Clara,37.434093,-121.95479,-25200,America/Los_Angeles,GMT-7,3.0,13.839999999999998,75.2,12.933333333333332
6,19,7,Levi's Stadium,Santa Clara,37.434093,-121.95479,-25200,America/Los_Angeles,GMT-7,3.0,14.439999999999998,72.2,13.493333333333334
6,19,8,Levi's Stadium,Santa Clara,37.434093,-121.95479,-25200,America/Los_Angeles,GMT-7,3.0,15.793333333333333,64.86666666666666,14.719999999999999
6,19,9,Levi's Stadium,Santa Clara,37.434093,-121.95479,-25200,America/Los_Angeles,GMT-7,3.0,17.633333333333333,56.13333333333333,16.506666666666668
6,19,10,Levi's Stadium,Santa Clara,37.434093,-121.95479,-25200,America/Los_Angeles,GMT-7,3.0,19.74,48.86666666666667,18.793333333333333
6,19,11,Levi's Stadium,Santa Clara,37.434093,-121.95479,-25200,America/Los_Angeles,GMT-7,3.0,21.78666666666667,42.53333333333333,21.079999999999995
6,19,12,Levi's Stadium,Santa Clara,37.434093,-121.95479,-25200,America/Los_Angeles,GMT-7,3.0,23.493333333333332,37.733333333333334,22.839999999999996
6,19,13,Levi's Stadium,Santa Clara,37.434093,-121.95479,-25200,America/Los_Angeles,GMT-7,3.0,24.486666666666668,35.333333333333336,23.586666666666662
6,19,14,Levi's Stadium,Santa Clara,37.434093,-121.95479,-25200,America/Los_Angeles,GMT-7,3.0,24.880000000000003,34.666666666666664,23.546666666666663
6,19,15,Levi's Stadium,Santa Clara,37.434093,-121.95479,-25200,America/Los_Angeles,GMT-7,3.0,24.680000000000003,35.333333333333336,22.8
6,19,16,Levi's Stadium,Santa Clara,37.434093,-121.95479,-25200,America/Los_Angeles,GMT-7,3.0,23.946666666666662,37.8,21.586666666666666
6,19,17,Levi's Stadium,Santa Clara,37.434093,-121.95479,-25200,America/Los_Angeles,GMT-7,3.0,22.799999999999997,41.13333333333333,20.006666666666668
6,19,18,Levi's Stadium,Santa Clara,37.434093,-121.95479,-25200,America/Los_Angeles,GMT-7,3.0,21.333333333333332,45.333333333333336,18.42666666666667
6,19,19,Levi's Stadium,Santa Clara,37.434093,-121.95479,-25200,America/Los_Angeles,GMT-7,3.0,19.77333333333333,50.266666666666666,17.02
6,19,20,Levi's Stadium,Santa Clara,37.434093,-121.95479,-25200,America/Los_Angeles,GMT-7,3.0,18.139999999999997,56.93333333333333,15.826666666666666
6,19,21,Levi's Stadium,Santa Clara,37.434093,-121.95479,-25200,America/Los_Angeles,GMT-7,3.0,16.753333333333334,63.733333333333334,14.900000000000002
6,19,22,Levi's Stadium,Santa Clara,37.434093,-121.95479,-25200,America/Los_Angeles,GMT-7,3.0,15.746666666666668,69.06666666666666,14.3
6,19,23,Levi's Stadium,Santa Clara,37.434093,-121.95479,-25200,America/Los_Angeles,GMT-7,3.0,15.58,68.53333333333333,14.44
6,20,0,Levi's Stadium,Santa Clara,37.434093,-121.95479,-25200,America/Los_Angeles,GMT-7,3.0,14.780000000000001,74.66666666666667,13.979999999999999
6,20,1,Levi's Stadium,Santa Clara,37.434093,-121.95479,-25200,America/Los_Angeles,GMT-7,3.0,14.220000000000002,76.86666666666666,13.52
6,20,2,Levi's Stadium,Santa Clara,37.434093,-121.95479,-25200,America/Los_Angeles,GMT-7,3.0,13.806666666666668,79.26666666666667,13.206666666666667
6,20,3,Levi's Stadium,Santa Clara,37.434093,-121.95479,-25200,America/Los_Angeles,GMT-7,3.0,13.459999999999999,81.46666666666667,12.966666666666665
6,20,4,Levi's Stadium,Santa Clara,37.434093,-121.95479,-25200,America/Los_Angeles,GMT-7,3.0,13.099999999999998,84.33333333333333,12.693333333333333
6,20,5,Levi's Stadium,Santa Clara,37.434093,-121.95479,-25200,America/Los_Angeles,GMT-7,3.0,12.786666666666665,86.6,12.399999999999999
6,20,6,Levi's Stadium,Santa Clara,37.434093,-121.95479,-25200,America/Los_Angeles,GMT-7,3.0,12.653333333333332,87.66666666666667,12.273333333333332
6,20,7,Levi's Stadium,Santa Clara,37.434093,-121.95479,-25200,America/Los_Angeles,GMT-7,3.0,12.966666666666665,85.26666666666667,12.54
6,20,8,Levi's Stadium,Santa Clara,37.434093,-121.95479,-25200,America/Los_Angeles,GMT-7,3.0,14.01333333333333,79.06666666666666,13.486666666666666
6,20,9,Levi's Stadium,Santa Clara,37.434093,-121.95479,-25200,America/Los_Angeles,GMT-7,3.0,15.786666666666664,69.6,15.153333333333336
6,20,10,Levi's Stadium,Santa Clara,37.434093,-121.95479,-25200,America/Los_Angeles,GMT-7,3.0,18.18,58.2,17.593333333333337
6,20,11,Levi's Stadium,Santa Clara,37.434093,-121.95479,-25200,America/Los_Angeles,GMT-7,3.0,20.65333333333333,47.8,20.14
6,20,12,Levi's Stadium,Santa Clara,37.434093,-121.95479,-25200,America/Los_Angeles,GMT-7,3.0,22.713333333333328,40.266666666666666,22.173333333333336
6,20,13,Levi's Stadium,Santa Clara,37.434093,-121.95479,-25200,America/Los_Angeles,GMT-7,3.0,24.06,36.266666666666666,23.160000000000004
6,20,14,Levi's Stadium,Santa Clara,37.434093,-121.95479,-25200,America/Los_Angeles,GMT-7,3.0,24.626666666666665,34.86666666666667,23.24
6,20,15,Levi's Stadium,Santa Clara,37.434093,-121.95479,-25200,America/Los_Angeles,GMT-7,3.0,24.59333333333333,35.0,22.61333333333333
6,20,16,Levi's Stadium,Santa Clara,37.434093,-121.95479,-25200,America/Los_Angeles,GMT-7,3.0,24.12,36.666666666666664,21.62666666666667
6,20,17,Levi's Stadium,Santa Clara,37.434093,-121.95479,-25200,America/Los_Angeles,GMT-7,3.0,23.206666666666663,39.666666666666664,20.2
6,20,18,Levi's Stadium,Santa Clara,37.434093,-121.95479,-25200,America/Los_Angeles,GMT-7,3.0,21.866666666666667,44.46666666666667,18.76
6,20,19,Levi's Stadium,Santa Clara,37.434093,-121.95479,-25200,America/Los_Angeles,GMT-7,3.0,20.146666666666665,50.733333333333334,17.279999999999998
6,20,20,Levi's Stadium,Santa Clara,37.434093,-121.95479,-25200,America/Los_Angeles,GMT-7,3.0,18.37333333333333,58.266666666666666,16.133333333333336
6,20,21,Levi's Stadium,Santa Clara,37.434093,-121.95479,-25200,America/Los_Angeles,GMT-7,3.0,16.986666666666668,64.53333333333333,15.286666666666667
6,20,22,Levi's Stadium,Santa Clara,37.434093,-121.95479,-25200,America/Los_Angeles,GMT-7,3.0,16.046666666666667,69.33333333333333,14.793333333333333
6,20,23,Levi's Stadium,Santa Clara,37.434093,-121.95479,-25200,America/Los_Angeles,GMT-7,3.0,15.373333333333335,72.13333333333334,14.4
6,21,0,Levi's Stadium,Santa Clara,37.434093,-121.95479,-25200,America/Los_Angeles,GMT-7,3.0,15.96,72.33333333333333,15.446666666666665
6,21,1,Levi's Stadium,Santa Clara,37.434093,-121.95479,-25200,America/Los_Angeles,GMT-7,3.0,14.879999999999999,76.13333333333334,14.420000000000003
6,21,2,Levi's Stadium,Santa Clara,37.434093,-121.95479,-25200,America/Los_Angeles,GMT-7,3.0,14.346666666666664,77.4,13.813333333333336
6,21,3,Levi's Stadium,Santa Clara,37.434093,-121.95479,-25200,America/Los_Angeles,GMT-7,3.0,13.873333333333331,77.93333333333334,13.233333333333336
6,21,4,Levi's Stadium,Santa Clara,37.434093,-121.95479,-25200,America/Los_Angeles,GMT-7,3.0,13.706666666666667,77.66666666666667,13.060000000000002
6,21,5,Levi's Stadium,Santa Clara,37.434093,-121.95479,-25200,America/Los_Angeles,GMT-7,3.0,13.713333333333333,76.6,13.100000000000001
6,21,6,Levi's Stadium,Santa Clara,37.434093,-121.95479,-25200,America/Los_Angeles,GMT-7,3.0,13.933333333333334,75.33333333333333,13.326666666666666
6,21,7,Levi's Stadium,Santa Clara,37.434093,-121.95479,-25200,America/Los_Angeles,GMT-7,3.0,14.446666666666664,72.4,13.733333333333333
6,21,8,Levi's Stadium,Santa Clara,37.434093,-121.95479,-25200,America/Los_Angeles,GMT-7,3.0,15.746666666666668,66.73333333333333,14.906666666666666
6,21,9,Levi's Stadium,Santa Clara,37.434093,-121.95479,-25200,America/Los_Angeles,GMT-7,3.0,17.66,58.53333333333333,16.833333333333336
6,21,10,Levi's Stadium,Santa Clara,37.434093,-121.95479,-25200,America/Los_Angeles,GMT-7,3.0,19.946666666666665,50.266666666666666,19.4
6,21,11,Levi's Stadium,Santa Clara,37.434093,-121.95479,-25200,America/Los_Angeles,GMT-7,3.0,22.333333333333332,42.53333333333333,22.18
6,21,12,Levi's Stadium,Santa Clara,37.434093,-121.95479,-25200,America/Los_Angeles,GMT-7,3.0,24.560000000000006,36.13333333333333,24.62666666666666
6,21,13,Levi's Stadium,Santa Clara,37.434093,-121.95479,-25200,America/Los_Angeles,GMT-7,3.0,26.253333333333337,31.866666666666667,26.24
6,21,14,Levi's Stadium,Santa Clara,37.434093,-121.95479,-25200,America/Los_Angeles,GMT-7,3.0,27.300000000000008,29.466666666666665,26.933333333333334
6,21,15,Levi's Stadium,Santa Clara,37.434093,-121.95479,-25200,America/Los_Angeles,GMT-7,3.0,27.553333333333335,29.466666666666665,26.599999999999998
6,21,16,Levi's Stadium,Santa Clara,37.434093,-121.95479,-25200,America/Los_Angeles,GMT-7,3.0,27.053333333333335,31.933333333333334,25.306666666666665
6,21,17,Levi's Stadium,Santa Clara,37.434093,-121.95479,-25200,America/Los_Angeles,GMT-7,3.0,26.046666666666667,35.8,23.506666666666664
6,21,18,Levi's Stadium,Santa Clara,37.434093,-121.95479,-25200,America/Los_Angeles,GMT-7,3.0,24.486666666666668,41.0,21.55333333333333
6,21,19,Levi's Stadium,Santa Clara,37.434093,-121.95479,-25200,America/Los_Angeles,GMT-7,3.0,22.7,46.733333333333334,19.906666666666663
6,21,20,Levi's Stadium,Santa Clara,37.434093,-121.95479,-25200,America/Los_Angeles,GMT-7,3.0,20.83333333333333,53.266666666666666,18.619999999999997
6,21,21,Levi's Stadium,Santa Clara,37.434093,-121.95479,-25200,America/Los_Angeles,GMT-7,3.0,19.39333333333333,59.0,17.84
6,21,22,Levi's Stadium,Santa Clara,37.434093,-121.95479,-25200,America/Los_Angeles,GMT-7,3.0,18.433333333333334,62.733333333333334,17.39333333333333
6,21,23,Levi's Stadium,Santa Clara,37.434093,-121.95479,-25200,America/Los_Angeles,GMT-7,3.0,17.1,67.93333333333334,16.4
6,22,0,Levi's Stadium,Santa Clara,37.434093,-121.95479,-25200,America/Los_Angeles,GMT-7,3.0,17.113333333333337,66.2,16.353333333333335
6,22,1,Levi's Stadium,Santa Clara,37.434093,-121.95479,-25200,America/Los_Angeles,GMT-7,3.0,16.393333333333334,68.26666666666667,15.526666666666667
6,22,2,Levi's Stadium,Santa Clara,37.434093,-121.95479,-25200,America/Los_Angeles,GMT-7,3.0,15.939999999999998,69.93333333333334,15.0
6,22,3,Levi's Stadium,Santa Clara,37.434093,-121.95479,-25200,America/Los_Angeles,GMT-7,3.0,15.559999999999999,71.93333333333334,14.606666666666667
6,22,4,Levi's Stadium,Santa Clara,37.434093,-121.95479,-25200,America/Los_Angeles,GMT-7,3.0,15.319999999999999,74.13333333333334,14.48666666666667
6,22,5,Levi's Stadium,Santa Clara,37.434093,-121.95479,-25200,America/Los_Angeles,GMT-7,3.0,15.04,76.13333333333334,14.280000000000001
6,22,6,Levi's Stadium,Santa Clara,37.434093,-121.95479,-25200,America/Los_Angeles,GMT-7,3.0,15.026666666666666,76.73333333333333,14.373333333333333
6,22,7,Levi's Stadium,Santa Clara,37.434093,-121.95479,-25200,America/Los_Angeles,GMT-7,3.0,15.46,74.4,14.84
6,22,8,Levi's Stadium,Santa Clara,37.434093,-121.95479,-25200,America/Los_Angeles,GMT-7,3.0,16.7,68.6,16.053333333333335
6,22,9,Levi's Stadium,Santa Clara,37.434093,-121.95479,-25200,America/Los_Angeles,GMT-7,3.0,18.7,60.13333333333333,18.16
6,22,10,Levi's Stadium,Santa Clara,37.434093,-121.95479,-25200,America/Los_Angeles,GMT-7,3.0,21.179999999999996,50.266666666666666,20.939999999999998
6,22,11,Levi's Stadium,Santa Clara,37.434093,-121.95479,-25200,America/Los_Angeles,GMT-7,3.0,23.733333333333334,41.4,23.853333333333328
6,22,12,Levi's Stadium,Santa Clara,37.434093,-121.95479,-25200,America/Los_Angeles,GMT-7,3.0,25.886666666666667,34.46666666666667,26.046666666666663
6,22,13,Levi's Stadium,Santa Clara,37.434093,-121.95479,-25200,America/Los_Angeles,GMT-7,3.0,27.5,30.266666666666666,27.286666666666665
6,22,14,Levi's Stadium,Santa Clara,37.434093,-121.95479,-25200,America/Los_Angeles,GMT-7,3.0,28.439999999999998,28.333333333333332,27.719999999999995
6,22,15,Levi's Stadium,Santa Clara,37.434093,-121.95479,-25200,America/Los_Angeles,GMT-7,3.0,28.65333333333333,28.266666666666666,27.459999999999997
6,22,16,Levi's Stadium,Santa Clara,37.434093,-121.95479,-25200,America/Los_Angeles,GMT-7,3.0,27.586666666666662,31.733333333333334,25.966666666666672
6,22,17,Levi's Stadium,Santa Clara,37.434093,-121.95479,-25200,America/Los_Angeles,GMT-7,3.0,25.96666666666666,36.733333333333334,23.986666666666668
6,22,18,Levi's Stadium,Santa Clara,37.434093,-121.95479,-25200,America/Los_Angeles,GMT-7,3.0,24.12666666666667,41.93333333333333,21.866666666666667
6,22,19,Levi's Stadium,Santa Clara,37.434093,-121.95479,-25200,America/Los_Angeles,GMT-7,3.0,22.759999999999998,45.6,20.526666666666664
6,22,20,Levi's Stadium,Santa Clara,37.434093,-121.95479,-25200,America/Los_Angeles,GMT-7,3.0,21.319999999999997,50.06666666666667,19.413333333333334
6,22,21,Levi's Stadium,Santa Clara,37.434093,-121.95479,-25200,America/Los_Angeles,GMT-7,3.0,20.0,55.4,18.633333333333333
6,22,22,Levi's Stadium,Santa Clara,37.434093,-121.95479,-25200,America/Los_Angeles,GMT-7,3.0,18.86666666666667,60.4,17.926666666666666
6,22,23,Levi's Stadium,Santa Clara,37.434093,-121.95479,-25200,America/Los_Angeles,GMT-7,3.0,17.926666666666666,63.86666666666667,17.193333333333335
6,23,0,Levi's Stadium,Santa Clara,37.434093,-121.95479,-25200,America/Los_Angeles,GMT-7,3.0,16.759999999999998,69.4,16.046666666666667
6,23,1,Levi's Stadium,Santa Clara,37.434093,-121.95479,-25200,America/Los_Angeles,GMT-7,3.0,16.660000000000004,70.26666666666667,16.186666666666667
6,23,2,Levi's Stadium,Santa Clara,37.434093,-121.95479,-25200,America/Los_Angeles,GMT-7,3.0,16.193333333333335,72.4,15.78
6,23,3,Levi's Stadium,Santa Clara,37.434093,-121.95479,-25200,America/Los_Angeles,GMT-7,3.0,15.846666666666668,73.53333333333333,15.433333333333334
6,23,4,Levi's Stadium,Santa Clara,37.434093,-121.95479,-25200,America/Los_Angeles,GMT-7,3.0,15.506666666666668,76.2,15.146666666666667
6,23,5,Levi's Stadium,Santa Clara,37.434093,-121.95479,-25200,America/Los_Angeles,GMT-7,3.0,15.24,78.4,14.899999999999999
6,23,6,Levi's Stadium,Santa Clara,37.434093,-121.95479,-25200,America/Los_Angeles,GMT-7,3.0,15.286666666666667,79.66666666666667,14.966666666666667
6,23,7,Levi's Stadium,Santa Clara,37.434093,-121.95479,-25200,America/Los_Angeles,GMT-7,3.0,15.753333333333332,77.13333333333334,15.353333333333332
6,23,8,Levi's Stadium,Santa Clara,37.434093,-121.95479,-25200,America/Los_Angeles,GMT-7,3.0,16.90666666666667,71.4,16.46
6,23,9,Levi's Stadium,Santa Clara,37.434093,-121.95479,-25200,America/Los_Angeles,GMT-7,3.0,18.633333333333333,63.06666666666667,18.24
6,23,10,Levi's Stadium,Santa Clara,37.434093,-121.95479,-25200,America/Los_Angeles,GMT-7,3.0,20.87333333333333,53.8,20.74
6,23,11,Levi's Stadium,Santa Clara,37.434093,-121.95479,-25200,America/Los_Angeles,GMT-7,3.0,23.11333333333333,46.06666666666667,23.360000000000003
6,23,12,Levi's Stadium,Santa Clara,37.434093,-121.95479,-25200,America/Los_Angeles,GMT-7,3.0,25.04666666666667,40.266666666666666,25.586666666666666
6,23,13,Levi's Stadium,Santa Clara,37.434093,-121.95479,-25200,America/Los_Angeles,GMT-7,3.0,26.40666666666667,36.86666666666667,26.813333333333333
6,23,14,Levi's Stadium,Santa Clara,37.434093,-121.95479,-25200,America/Los_Angeles,GMT-7,3.0,27.16666666666667,35.13333333333333,26.94666666666667
6,23,15,Levi's Stadium,Santa Clara,37.434093,-121.95479,-25200,America/Los_Angeles,GMT-7,3.0,27.020000000000003,35.8,25.866666666666667
6,23,16,Levi's Stadium,Santa Clara,37.434093,-121.95479,-25200,America/Los_Angeles,GMT-7,3.0,26.220000000000002,38.06666666666667,24.226666666666667
6,23,17,Levi's Stadium,Santa Clara,37.434093,-121.95479,-25200,America/Los_Angeles,GMT-7,3.0,25.04666666666667,41.0,22.40666666666667
6,23,18,Levi's Stadium,Santa Clara,37.434093,-121.95479,-25200,America/Los_Angeles,GMT-7,3.0,23.66,44.4,20.84
6,23,19,Levi's Stadium,Santa Clara,37.434093,-121.95479,-25200,America/Los_Angeles,GMT-7,3.0,21.98,48.733333333333334,19.299999999999997
6,23,20,Levi's Stadium,Santa Clara,37.434093,-121.95479,-25200,America/Los_Angeles,GMT-7,3.0,20.086666666666662,54.6,17.89333333333333
6,23,21,Levi's Stadium,Santa Clara,37.434093,-121.95479,-25200,America/Los_Angeles,GMT-7,3.0,18.5,60.666666666666664,16.76
6,23,22,Levi's Stadium,Santa Clara,37.434093,-121.95479,-25200,America/Los_Angeles,GMT-7,3.0,17.35333333333333,65.73333333333333,15.973333333333333
6,23,23,Levi's Stadium,Santa Clara,37.434093,-121.95479,-25200,America/Los_Angeles,GMT-7,3.0,16.999999999999996,67.8,15.993333333333332
6,24,0,Levi's Stadium,Santa Clara,37.434093,-121.95479,-25200,America/Los_Angeles,GMT-7,3.0,15.633333333333333,73.86666666666666,14.773333333333333
6,24,1,Levi's Stadium,Santa Clara,37.434093,-121.95479,-25200,America/Los_Angeles,GMT-7,3.0,15.433333333333335,75.46666666666667,14.860000000000001
6,24,2,Levi's Stadium,Santa Clara,37.434093,-121.95479,-25200,America/Los_Angeles,GMT-7,3.0,15.020000000000001,78.2,14.506666666666666
6,24,3,Levi's Stadium,Santa Clara,37.434093,-121.95479,-25200,America/Los_Angeles,GMT-7,3.0,14.686666666666667,80.6,14.273333333333332
6,24,4,Levi's Stadium,Santa Clara,37.434093,-121.95479,-25200,America/Los_Angeles,GMT-7,3.0,14.466666666666667,82.86666666666666,14.166666666666666
6,24,5,Levi's Stadium,Santa Clara,37.434093,-121.95479,-25200,America/Los_Angeles,GMT-7,3.0,14.473333333333334,83.33333333333333,14.273333333333335
6,24,6,Levi's Stadium,Santa Clara,37.434093,-121.95479,-25200,America/Los_Angeles,GMT-7,3.0,14.686666666666667,82.4,14.493333333333336
6,24,7,Levi's Stadium,Santa Clara,37.434093,-121.95479,-25200,America/Los_Angeles,GMT-7,3.0,15.213333333333333,79.2,14.993333333333334
6,24,8,Levi's Stadium,Santa Clara,37.434093,-121.95479,-25200,America/Los_Angeles,GMT-7,3.0,16.133333333333333,74.33333333333333,15.833333333333334
6,24,9,Levi's Stadium,Santa Clara,37.434093,-121.95479,-25200,America/Los_Angeles,GMT-7,3.0,17.619999999999997,67.4,17.293333333333333
6,24,10,Levi's Stadium,Santa Clara,37.434093,-121.95479,-25200,America/Los_Angeles,GMT-7,3.0,19.593333333333337,59.0,19.453333333333333
6,24,11,Levi's Stadium,Santa Clara,37.434093,-121.95479,-25200,America/Los_Angeles,GMT-7,3.0,21.74666666666667,51.0,21.9
6,24,12,Levi's Stadium,Santa Clara,37.434093,-121.95479,-25200,America/Los_Angeles,GMT-7,3.0,23.660000000000004,44.86666666666667,23.86666666666667
6,24,13,Levi's Stadium,Santa Clara,37.434093,-121.95479,-25200,America/Los_Angeles,GMT-7,3.0,24.98,41.46666666666667,24.833333333333332
6,24,14,Levi's Stadium,Santa Clara,37.434093,-121.95479,-25200,America/Los_Angeles,GMT-7,3.0,25.60666666666667,40.266666666666666,24.833333333333336
6,24,15,Levi's Stadium,Santa Clara,37.434093,-121.95479,-25200,America/Los_Angeles,GMT-7,3.0,25.586666666666666,40.2,24.166666666666668
6,24,16,Levi's Stadium,Santa Clara,37.434093,-121.95479,-25200,America/Los_Angeles,GMT-7,3.0,24.940000000000005,41.8,22.90666666666667
6,24,17,Levi's Stadium,Santa Clara,37.434093,-121.95479,-25200,America/Los_Angeles,GMT-7,3.0,23.86,44.6,21.360000000000003
6,24,18,Levi's Stadium,Santa Clara,37.434093,-121.95479,-25200,America/Los_Angeles,GMT-7,3.0,22.40666666666667,48.86666666666667,19.793333333333337
6,24,19,Levi's Stadium,Santa Clara,37.434093,-121.95479,-25200,America/Los_Angeles,GMT-7,3.0,20.846666666666668,53.666666666666664,18.420000000000005
6,24,20,Levi's Stadium,Santa Clara,37.434093,-121.95479,-25200,America/Los_Angeles,GMT-7,3.0,19.14,59.666666666666664,17.09333333333333
6,24,21,Levi's Stadium,Santa Clara,37.434093,-121.95479,-25200,America/Los_Angeles,GMT-7,3.0,17.62,65.6,15.873333333333333
6,24,22,Levi's Stadium,Santa Clara,37.434093,-121.95479,-25200,America/Los_Angeles,GMT-7,3.0,16.426666666666666,70.33333333333333,14.9
6,24,23,Levi's Stadium,Santa Clara,37.434093,-121.95479,-25200,America/Los_Angeles,GMT-7,3.0,15.919999999999996,72.4,14.733333333333333
6,25,0,Levi's Stadium,Santa Clara,37.434093,-121.95479,-25200,America/Los_Angeles,GMT-7,3.0,15.059999999999999,75.86666666666666,14.046666666666665
6,25,1,Levi's Stadium,Santa Clara,37.434093,-121.95479,-25200,America/Los_Angeles,GMT-7,3.0,14.573333333333332,77.73333333333333,13.686666666666667
6,25,2,Levi's Stadium,Santa Clara,37.434093,-121.95479,-25200,America/Los_Angeles,GMT-7,3.0,14.253333333333334,79.13333333333334,13.526666666666667
6,25,3,Levi's Stadium,Santa Clara,37.434093,-121.95479,-25200,America/Los_Angeles,GMT-7,3.0,14.0,80.66666666666667,13.406666666666666
6,25,4,Levi's Stadium,Santa Clara,37.434093,-121.95479,-25200,America/Los_Angeles,GMT-7,3.0,13.866666666666667,82.66666666666667,13.386666666666665
6,25,5,Levi's Stadium,Santa Clara,37.434093,-121.95479,-25200,America/Los_Angeles,GMT-7,3.0,13.946666666666667,83.8,13.56
6,25,6,Levi's Stadium,Santa Clara,37.434093,-121.95479,-25200,America/Los_Angeles,GMT-7,3.0,14.173333333333336,83.93333333333334,13.846666666666666
6,25,7,Levi's Stadium,Santa Clara,37.434093,-121.95479,-25200,America/Los_Angeles,GMT-7,3.0,14.553333333333335,82.0,14.3
6,25,8,Levi's Stadium,Santa Clara,37.434093,-121.95479,-25200,America/Los_Angeles,GMT-7,3.0,15.286666666666665,78.06666666666666,15.073333333333332
6,25,9,Levi's Stadium,Santa Clara,37.434093,-121.95479,-25200,America/Los_Angeles,GMT-7,3.0,16.69333333333333,71.26666666666667,16.44
6,25,10,Levi's Stadium,Santa Clara,37.434093,-121.95479,-25200,America/Los_Angeles,GMT-7,3.0,18.766666666666666,62.0,18.593333333333327
6,25,11,Levi's Stadium,Santa Clara,37.434093,-121.95479,-25200,America/Los_Angeles,GMT-7,3.0,21.033333333333335,52.733333333333334,20.933333333333334
6,25,12,Levi's Stadium,Santa Clara,37.434093,-121.95479,-25200,America/Los_Angeles,GMT-7,3.0,23.080000000000002,45.333333333333336,23.08
6,25,13,Levi's Stadium,Santa Clara,37.434093,-121.95479,-25200,America/Los_Angeles,GMT-7,3.0,24.580000000000002,40.93333333333333,24.486666666666668
6,25,14,Levi's Stadium,Santa Clara,37.434093,-121.95479,-25200,America/Los_Angeles,GMT-7,3.0,25.446666666666665,39.2,25.066666666666663
6,25,15,Levi's Stadium,Santa Clara,37.434093,-121.95479,-25200,America/Los_Angeles,GMT-7,3.0,25.646666666666665,39.2,24.76666666666666
6,25,16,Levi's Stadium,Santa Clara,37.434093,-121.95479,-25200,America/Los_Angeles,GMT-7,3.0,25.2,40.6,23.66
6,25,17,Levi's Stadium,Santa Clara,37.434093,-121.95479,-25200,America/Los_Angeles,GMT-7,3.0,24.293333333333333,43.2,22.046666666666667
6,25,18,Levi's Stadium,Santa Clara,37.434093,-121.95479,-25200,America/Los_Angeles,GMT-7,3.0,22.75333333333333,48.0,20.18666666666667
6,25,19,Levi's Stadium,Santa Clara,37.434093,-121.95479,-25200,America/Los_Angeles,GMT-7,3.0,20.859999999999996,54.46666666666667,18.360000000000003
6,25,20,Levi's Stadium,Santa Clara,37.434093,-121.95479,-25200,America/Los_Angeles,GMT-7,3.0,18.860000000000003,61.86666666666667,16.82
6,25,21,Levi's Stadium,Santa Clara,37.434093,-121.95479,-25200,America/Los_Angeles,GMT-7,3.0,17.386666666666667,67.4,15.72
6,25,22,Levi's Stadium,Santa Clara,37.434093,-121.95479,-25200,America/Los_Angeles,GMT-7,3.0,16.393333333333334,71.26666666666667,15.02
6,25,23,Levi's Stadium,Santa Clara,37.434093,-121.95479,-25200,America/Los_Angeles,GMT-7,3.0,15.673333333333334,73.66666666666667,14.466666666666665
6,26,0,Levi's Stadium,Santa Clara,37.434093,-121.95479,-25200,America/Los_Angeles,GMT-7,3.0,15.033333333333333,79.13333333333334,14.326666666666664
6,26,1,Levi's Stadium,Santa Clara,37.434093,-121.95479,-25200,America/Los_Angeles,GMT-7,3.0,14.613333333333337,82.0,14.106666666666666
6,26,2,Levi's Stadium,Santa Clara,37.434093,-121.95479,-25200,America/Los_Angeles,GMT-7,3.0,14.273333333333335,84.26666666666667,13.926666666666668
6,26,3,Levi's Stadium,Santa Clara,37.434093,-121.95479,-25200,America/Los_Angeles,GMT-7,3.0,14.033333333333335,85.46666666666667,13.673333333333334
6,26,4,Levi's Stadium,Santa Clara,37.434093,-121.95479,-25200,America/Los_Angeles,GMT-7,3.0,13.833333333333336,87.13333333333334,13.486666666666668
6,26,5,Levi's Stadium,Santa Clara,37.434093,-121.95479,-25200,America/Los_Angeles,GMT-7,3.0,13.593333333333335,88.66666666666667,13.2
6,26,6,Levi's Stadium,Santa Clara,37.434093,-121.95479,-25200,America/Los_Angeles,GMT-7,3.0,13.493333333333334,89.46666666666667,13.100000000000001
6,26,7,Levi's Stadium,Santa Clara,37.434093,-121.95479,-25200,America/Los_Angeles,GMT-7,3.0,13.720000000000002,87.6,13.360000000000001
6,26,8,Levi's Stadium,Santa Clara,37.434093,-121.95479,-25200,America/Los_Angeles,GMT-7,3.0,14.546666666666669,82.46666666666667,14.226666666666667
6,26,9,Levi's Stadium,Santa Clara,37.434093,-121.95479,-25200,America/Los_Angeles,GMT-7,3.0,16.006666666666668,74.73333333333333,15.686666666666666
6,26,10,Levi's Stadium,Santa Clara,37.434093,-121.95479,-25200,America/Los_Angeles,GMT-7,3.0,17.993333333333332,65.53333333333333,17.753333333333334
6,26,11,Levi's Stadium,Santa Clara,37.434093,-121.95479,-25200,America/Los_Angeles,GMT-7,3.0,20.180000000000003,56.733333333333334,20.10666666666667
6,26,12,Levi's Stadium,Santa Clara,37.434093,-121.95479,-25200,America/Los_Angeles,GMT-7,3.0,22.10666666666667,50.13333333333333,22.206666666666667
6,26,13,Levi's Stadium,Santa Clara,37.434093,-121.95479,-25200,America/Los_Angeles,GMT-7,3.0,23.54,45.93333333333333,23.553333333333335
6,26,14,Levi's Stadium,Santa Clara,37.434093,-121.95479,-25200,America/Los_Angeles,GMT-7,3.0,24.34666666666667,43.733333333333334,24.060000000000002
6,26,15,Levi's Stadium,Santa Clara,37.434093,-121.95479,-25200,America/Los_Angeles,GMT-7,3.0,24.526666666666667,43.13333333333333,23.76
6,26,16,Levi's Stadium,Santa Clara,37.434093,-121.95479,-25200,America/Los_Angeles,GMT-7,3.0,24.253333333333334,43.733333333333334,22.926666666666666
6,26,17,Levi's Stadium,Santa Clara,37.434093,-121.95479,-25200,America/Los_Angeles,GMT-7,3.0,23.553333333333335,45.86666666666667,21.68
6,26,18,Levi's Stadium,Santa Clara,37.434093,-121.95479,-25200,America/Los_Angeles,GMT-7,3.0,22.413333333333334,49.4,20.266666666666666
6,26,19,Levi's Stadium,Santa Clara,37.434093,-121.95479,-25200,America/Los_Angeles,GMT-7,3.0,20.753333333333334,54.86666666666667,18.62
6,26,20,Levi's Stadium,Santa Clara,37.434093,-121.95479,-25200,America/Los_Angeles,GMT-7,3.0,18.92,61.6,17.12
6,26,21,Levi's Stadium,Santa Clara,37.434093,-121.95479,-25200,America/Los_Angeles,GMT-7,3.0,17.373333333333335,67.86666666666666,15.919999999999998
6,26,22,Levi's Stadium,Santa Clara,37.434093,-121.95479,-25200,America/Los_Angeles,GMT-7,3.0,16.279999999999998,72.53333333333333,15.133333333333331
6,26,23,Levi's Stadium,Santa Clara,37.434093,-121.95479,-25200,America/Los_Angeles,GMT-7,3.0,15.57333333333333,76.0,14.62
6,27,0,Levi's Stadium,Santa Clara,37.434093,-121.95479,-25200,America/Los_Angeles,GMT-7,3.0,15.039999999999997,78.86666666666666,14.459999999999999
6,27,1,Levi's Stadium,Santa Clara,37.434093,-121.95479,-25200,America/Los_Angeles,GMT-7,3.0,14.479999999999997,81.73333333333333,14.086666666666666
6,27,2,Levi's Stadium,Santa Clara,37.434093,-121.95479,-25200,America/Los_Angeles,GMT-7,3.0,14.026666666666667,83.86666666666666,13.773333333333333
6,27,3,Levi's Stadium,Santa Clara,37.434093,-121.95479,-25200,America/Los_Angeles,GMT-7,3.0,13.733333333333333,85.26666666666667,13.533333333333333
6,27,4,Levi's Stadium,Santa Clara,37.434093,-121.95479,-25200,America/Los_Angeles,GMT-7,3.0,13.62,85.86666666666666,13.426666666666668
6,27,5,Levi's Stadium,Santa Clara,37.434093,-121.95479,-25200,America/Los_Angeles,GMT-7,3.0,13.48,86.86666666666666,13.24
6,27,6,Levi's Stadium,Santa Clara,37.434093,-121.95479,-25200,America/Los_Angeles,GMT-7,3.0,13.480000000000002,87.13333333333334,13.226666666666667
6,27,7,Levi's Stadium,Santa Clara,37.434093,-121.95479,-25200,America/Los_Angeles,GMT-7,3.0,13.74666666666667,85.4,13.493333333333334
6,27,8,Levi's Stadium,Santa Clara,37.434093,-121.95479,-25200,America/Los_Angeles,GMT-7,3.0,14.693333333333333,80.0,14.453333333333331
6,27,9,Levi's Stadium,Santa Clara,37.434093,-121.95479,-25200,America/Los_Angeles,GMT-7,3.0,16.333333333333332,71.53333333333333,16.033333333333335
6,27,10,Levi's Stadium,Santa Clara,37.434093,-121.95479,-25200,America/Los_Angeles,GMT-7,3.0,18.52,61.8,18.293333333333333
6,27,11,Levi's Stadium,Santa Clara,37.434093,-121.95479,-25200,America/Los_Angeles,GMT-7,3.0,20.873333333333335,52.86666666666667,20.86
6,27,12,Levi's Stadium,Santa Clara,37.434093,-121.95479,-25200,America/Los_Angeles,GMT-7,3.0,22.94666666666667,46.46666666666667,23.193333333333335
6,27,13,Levi's Stadium,Santa Clara,37.434093,-121.95479,-25200,America/Los_Angeles,GMT-7,3.0,24.566666666666666,42.4,24.78666666666667
6,27,14,Levi's Stadium,Santa Clara,37.434093,-121.95479,-25200,America/Los_Angeles,GMT-7,3.0,25.506666666666664,40.4,25.353333333333335
6,27,15,Levi's Stadium,Santa Clara,37.434093,-121.95479,-25200,America/Los_Angeles,GMT-7,3.0,25.68,40.2,24.926666666666666
6,27,16,Levi's Stadium,Santa Clara,37.434093,-121.95479,-25200,America/Los_Angeles,GMT-7,3.0,25.09333333333333,41.666666666666664,23.7
6,27,17,Levi's Stadium,Santa Clara,37.434093,-121.95479,-25200,America/Los_Angeles,GMT-7,3.0,24.073333333333334,44.46666666666667,22.14
6,27,18,Levi's Stadium,Santa Clara,37.434093,-121.95479,-25200,America/Los_Angeles,GMT-7,3.0,22.666666666666668,48.8,20.513333333333335
6,27,19,Levi's Stadium,Santa Clara,37.434093,-121.95479,-25200,America/Los_Angeles,GMT-7,3.0,20.993333333333336,54.53333333333333,18.933333333333334
6,27,20,Levi's Stadium,Santa Clara,37.434093,-121.95479,-25200,America/Los_Angeles,GMT-7,3.0,19.173333333333336,61.333333333333336,17.433333333333334
6,27,21,Levi's Stadium,Santa Clara,37.434093,-121.95479,-25200,America/Los_Angeles,GMT-7,3.0,17.633333333333333,67.6,16.2
6,27,22,Levi's Stadium,Santa Clara,37.434093,-121.95479,-25200,America/Los_Angeles,GMT-7,3.0,16.493333333333332,72.46666666666667,15.366666666666667
6,27,23,Levi's Stadium,Santa Clara,37.434093,-121.95479,-25200,America/Los_Angeles,GMT-7,3.0,15.686666666666667,76.06666666666666,14.833333333333332
6,28,0,Levi's Stadium,Santa Clara,37.434093,-121.95479,-25200,America/Los_Angeles,GMT-7,3.0,15.346666666666666,77.4,14.773333333333333
6,28,1,Levi's Stadium,Santa Clara,37.434093,-121.95479,-25200,America/Los_Angeles,GMT-7,3.0,14.66,80.66666666666667,14.279999999999998
6,28,2,Levi's Stadium,Santa Clara,37.434093,-121.95479,-25200,America/Los_Angeles,GMT-7,3.0,14.293333333333335,83.53333333333333,14.106666666666664
6,28,3,Levi's Stadium,Santa Clara,37.434093,-121.95479,-25200,America/Los_Angeles,GMT-7,3.0,14.000000000000002,85.73333333333333,13.906666666666666
6,28,4,Levi's Stadium,Santa Clara,37.434093,-121.95479,-25200,America/Los_Angeles,GMT-7,3.0,13.76666666666667,87.46666666666667,13.693333333333332
6,28,5,Levi's Stadium,Santa Clara,37.434093,-121.95479,-25200,America/Los_Angeles,GMT-7,3.0,13.633333333333335,88.0,13.486666666666666
6,28,6,Levi's Stadium,Santa Clara,37.434093,-121.95479,-25200,America/Los_Angeles,GMT-7,3.0,13.706666666666667,87.13333333333334,13.526666666666667
6,28,7,Levi's Stadium,Santa Clara,37.434093,-121.95479,-25200,America/Los_Angeles,GMT-7,3.0,14.193333333333332,83.6,14.006666666666664
6,28,8,Levi's Stadium,Santa Clara,37.434093,-121.95479,-25200,America/Los_Angeles,GMT-7,3.0,15.273333333333332,76.93333333333334,15.013333333333332
6,28,9,Levi's Stadium,Santa Clara,37.434093,-121.95479,-25200,America/Los_Angeles,GMT-7,3.0,17.07333333333333,67.8,16.76
6,28,10,Levi's Stadium,Santa Clara,37.434093,-121.95479,-25200,America/Los_Angeles,GMT-7,3.0,19.513333333333332,57.333333333333336,19.306666666666665
6,28,11,Levi's Stadium,Santa Clara,37.434093,-121.95479,-25200,America/Los_Angeles,GMT-7,3.0,22.1,48.4,22.086666666666662
6,28,12,Levi's Stadium,Santa Clara,37.434093,-121.95479,-25200,America/Los_Angeles,GMT-7,3.0,24.279999999999998,42.266666666666666,24.37333333333333
6,28,13,Levi's Stadium,Santa Clara,37.434093,-121.95479,-25200,America/Los_Angeles,GMT-7,3.0,25.706666666666667,39.4,25.599999999999998
6,28,14,Levi's Stadium,Santa Clara,37.434093,-121.95479,-25200,America/Los_Angeles,GMT-7,3.0,26.420000000000005,38.266666666666666,25.973333333333333
6,28,15,Levi's Stadium,Santa Clara,37.434093,-121.95479,-25200,America/Los_Angeles,GMT-7,3.0,26.566666666666666,38.4,25.64666666666666
6,28,16,Levi's Stadium,Santa Clara,37.434093,-121.95479,-25200,America/Los_Angeles,GMT-7,3.0,26.199999999999996,39.8,24.8
6,28,17,Levi's Stadium,Santa Clara,37.434093,-121.95479,-25200,America/Los_Angeles,GMT-7,3.0,25.399999999999995,42.46666666666667,23.493333333333332
6,28,18,Levi's Stadium,Santa Clara,37.434093,-121.95479,-25200,America/Los_Angeles,GMT-7,3.0,24.146666666666665,46.266666666666666,22.006666666666668
6,28,19,Levi's Stadium,Santa Clara,37.434093,-121.95479,-25200,America/Los_Angeles,GMT-7,3.0,22.493333333333332,51.06666666666667,20.36
6,28,20,Levi's Stadium,Santa Clara,37.434093,-121.95479,-25200,America/Los_Angeles,GMT-7,3.0,20.573333333333334,57.2,18.766666666666666
6,28,21,Levi's Stadium,Santa Clara,37.434093,-121.95479,-25200,America/Los_Angeles,GMT-7,3.0,18.80666666666667,63.4,17.35333333333333
6,28,22,Levi's Stadium,Santa Clara,37.434093,-121.95479,-25200,America/Los_Angeles,GMT-7,3.0,17.393333333333334,69.06666666666666,16.3
6,28,23,Levi's Stadium,Santa Clara,37.434093,-121.95479,-25200,America/Los_Angeles,GMT-7,3.0,16.233333333333334,73.6,15.419999999999998
6,10,0,SoFi Stadium,Inglewood,33.989452,-118.314606,-25200,America/Los_Angeles,GMT-7,38.0,16.34,83.6,16.786666666666665
6,10,1,SoFi Stadium,Inglewood,33.989452,-118.314606,-25200,America/Los_Angeles,GMT-7,38.0,15.800000000000002,86.0,16.293333333333333
6,10,2,SoFi Stadium,Inglewood,33.989452,-118.314606,-25200,America/Los_Angeles,GMT-7,38.0,15.373333333333333,87.93333333333334,15.813333333333333
6,10,3,SoFi Stadium,Inglewood,33.989452,-118.314606,-25200,America/Los_Angeles,GMT-7,38.0,15.053333333333335,89.6,15.493333333333334
6,10,4,SoFi Stadium,Inglewood,33.989452,-118.314606,-25200,America/Los_Angeles,GMT-7,38.0,14.846666666666668,91.06666666666666,15.28
6,10,5,SoFi Stadium,Inglewood,33.989452,-118.314606,-25200,America/Los_Angeles,GMT-7,38.0,14.893333333333334,91.6,15.326666666666664
6,10,6,SoFi Stadium,Inglewood,33.989452,-118.314606,-25200,America/Los_Angeles,GMT-7,38.0,15.166666666666666,90.8,15.633333333333331
6,10,7,SoFi Stadium,Inglewood,33.989452,-118.314606,-25200,America/Los_Angeles,GMT-7,38.0,15.860000000000001,87.4,16.38
6,10,8,SoFi Stadium,Inglewood,33.989452,-118.314606,-25200,America/Los_Angeles,GMT-7,38.0,17.02,80.66666666666667,17.53333333333334
6,10,9,SoFi Stadium,Inglewood,33.989452,-118.314606,-25200,America/Los_Angeles,GMT-7,38.0,18.80666666666667,71.0,19.25333333333333
6,10,10,SoFi Stadium,Inglewood,33.989452,-118.314606,-25200,America/Los_Angeles,GMT-7,38.0,20.853333333333335,61.2,21.266666666666666
6,10,11,SoFi Stadium,Inglewood,33.989452,-118.314606,-25200,America/Los_Angeles,GMT-7,38.0,22.660000000000004,54.4,23.186666666666664
6,10,12,SoFi Stadium,Inglewood,33.989452,-118.314606,-25200,America/Los_Angeles,GMT-7,38.0,23.826666666666668,50.8,24.279999999999998
6,10,13,SoFi Stadium,Inglewood,33.989452,-118.314606,-25200,America/Los_Angeles,GMT-7,38.0,24.266666666666666,49.266666666666666,24.36
6,10,14,SoFi Stadium,Inglewood,33.989452,-118.314606,-25200,America/Los_Angeles,GMT-7,38.0,24.09333333333333,48.93333333333333,23.559999999999995
6,10,15,SoFi Stadium,Inglewood,33.989452,-118.314606,-25200,America/Los_Angeles,GMT-7,38.0,23.66,49.666666666666664,22.67333333333333
6,10,16,SoFi Stadium,Inglewood,33.989452,-118.314606,-25200,America/Los_Angeles,GMT-7,38.0,22.839999999999996,52.733333333333334,21.513333333333332
6,10,17,SoFi Stadium,Inglewood,33.989452,-118.314606,-25200,America/Los_Angeles,GMT-7,38.0,21.80666666666667,57.733333333333334,20.34
6,10,18,SoFi Stadium,Inglewood,33.989452,-118.314606,-25200,America/Los_Angeles,GMT-7,38.0,20.44666666666667,64.33333333333333,19.033333333333335
6,10,19,SoFi Stadium,Inglewood,33.989452,-118.314606,-25200,America/Los_Angeles,GMT-7,38.0,19.173333333333332,71.0,18.133333333333333
6,10,20,SoFi Stadium,Inglewood,33.989452,-118.314606,-25200,America/Los_Angeles,GMT-7,38.0,18.15333333333333,76.26666666666667,17.626666666666665
6,10,21,SoFi Stadium,Inglewood,33.989452,-118.314606,-25200,America/Los_Angeles,GMT-7,38.0,17.513333333333332,79.6,17.433333333333334
6,10,22,SoFi Stadium,Inglewood,33.989452,-118.314606,-25200,America/Los_Angeles,GMT-7,38.0,17.173333333333336,80.73333333333333,17.36
6,10,23,SoFi Stadium,Inglewood,33.989452,-118.314606,-25200,America/Los_Angeles,GMT-7,38.0,16.813333333333336,81.86666666666666,17.2
6,11,0,SoFi Stadium,Inglewood,33.989452,-118.314606,-25200,America/Los_Angeles,GMT-7,38.0,16.606666666666666,82.06666666666666,17.05333333333333
6,11,1,SoFi Stadium,Inglewood,33.989452,-118.314606,-25200,America/Los_Angeles,GMT-7,38.0,16.2,83.66666666666667,16.726666666666667
6,11,2,SoFi Stadium,Inglewood,33.989452,-118.314606,-25200,America/Los_Angeles,GMT-7,38.0,15.92,85.13333333333334,16.459999999999997
6,11,3,SoFi Stadium,Inglewood,33.989452,-118.314606,-25200,America/Los_Angeles,GMT-7,38.0,15.666666666666668,86.46666666666667,16.126666666666665
6,11,4,SoFi Stadium,Inglewood,33.989452,-118.314606,-25200,America/Los_Angeles,GMT-7,38.0,15.360000000000001,88.0,15.680000000000001
6,11,5,SoFi Stadium,Inglewood,33.989452,-118.314606,-25200,America/Los_Angeles,GMT-7,38.0,15.193333333333332,89.33333333333333,15.500000000000002
6,11,6,SoFi Stadium,Inglewood,33.989452,-118.314606,-25200,America/Los_Angeles,GMT-7,38.0,15.386666666666667,88.86666666666666,15.740000000000004
6,11,7,SoFi Stadium,Inglewood,33.989452,-118.314606,-25200,America/Los_Angeles,GMT-7,38.0,16.16,85.33333333333333,16.60666666666667
6,11,8,SoFi Stadium,Inglewood,33.989452,-118.314606,-25200,America/Los_Angeles,GMT-7,38.0,17.526666666666664,77.8,17.913333333333334
6,11,9,SoFi Stadium,Inglewood,33.989452,-118.314606,-25200,America/Los_Angeles,GMT-7,38.0,19.353333333333335,68.73333333333333,19.720000000000002
6,11,10,SoFi Stadium,Inglewood,33.989452,-118.314606,-25200,America/Los_Angeles,GMT-7,38.0,21.326666666666664,60.06666666666667,21.786666666666665
6,11,11,SoFi Stadium,Inglewood,33.989452,-118.314606,-25200,America/Los_Angeles,GMT-7,38.0,22.946666666666665,54.333333333333336,23.48
6,11,12,SoFi Stadium,Inglewood,33.989452,-118.314606,-25200,America/Los_Angeles,GMT-7,38.0,23.826666666666664,51.8,24.23333333333333
6,11,13,SoFi Stadium,Inglewood,33.989452,-118.314606,-25200,America/Los_Angeles,GMT-7,38.0,23.966666666666672,51.4,24.019999999999996
6,11,14,SoFi Stadium,Inglewood,33.989452,-118.314606,-25200,America/Los_Angeles,GMT-7,38.0,23.706666666666667,52.0,23.37333333333333
6,11,15,SoFi Stadium,Inglewood,33.989452,-118.314606,-25200,America/Los_Angeles,GMT-7,38.0,23.37333333333334,52.333333333333336,22.613333333333333
6,11,16,SoFi Stadium,Inglewood,33.989452,-118.314606,-25200,America/Los_Angeles,GMT-7,38.0,22.786666666666672,54.2,21.68
6,11,17,SoFi Stadium,Inglewood,33.989452,-118.314606,-25200,America/Los_Angeles,GMT-7,38.0,21.92,56.8,20.526666666666664
6,11,18,SoFi Stadium,Inglewood,33.989452,-118.314606,-25200,America/Los_Angeles,GMT-7,38.0,20.71333333333333,61.333333333333336,19.38
6,11,19,SoFi Stadium,Inglewood,33.989452,-118.314606,-25200,America/Los_Angeles,GMT-7,38.0,19.453333333333333,66.8,18.413333333333334
6,11,20,SoFi Stadium,Inglewood,33.989452,-118.314606,-25200,America/Los_Angeles,GMT-7,38.0,18.360000000000003,72.53333333333333,17.826666666666668
6,11,21,SoFi Stadium,Inglewood,33.989452,-118.314606,-25200,America/Los_Angeles,GMT-7,38.0,17.626666666666665,77.0,17.560000000000002
6,11,22,SoFi Stadium,Inglewood,33.989452,-118.314606,-25200,America/Los_Angeles,GMT-7,38.0,17.3,79.13333333333334,17.513333333333335
6,11,23,SoFi Stadium,Inglewood,33.989452,-118.314606,-25200,America/Los_Angeles,GMT-7,38.0,16.98,80.66666666666667,17.34666666666667
6,12,0,SoFi Stadium,Inglewood,33.989452,-118.314606,-25200,America/Los_Angeles,GMT-7,38.0,16.86,81.2,17.16666666666667
6,12,1,SoFi Stadium,Inglewood,33.989452,-118.314606,-25200,America/Los_Angeles,GMT-7,38.0,16.506666666666668,82.73333333333333,16.82666666666667
6,12,2,SoFi Stadium,Inglewood,33.989452,-118.314606,-25200,America/Los_Angeles,GMT-7,38.0,16.2,84.46666666666667,16.580000000000002
6,12,3,SoFi Stadium,Inglewood,33.989452,-118.314606,-25200,America/Los_Angeles,GMT-7,38.0,15.919999999999998,86.26666666666667,16.426666666666666
6,12,4,SoFi Stadium,Inglewood,33.989452,-118.314606,-25200,America/Los_Angeles,GMT-7,38.0,15.706666666666667,88.13333333333334,16.293333333333333
6,12,5,SoFi Stadium,Inglewood,33.989452,-118.314606,-25200,America/Los_Angeles,GMT-7,38.0,15.586666666666666,89.73333333333333,16.2
6,12,6,SoFi Stadium,Inglewood,33.989452,-118.314606,-25200,America/Los_Angeles,GMT-7,38.0,15.773333333333332,89.66666666666667,16.366666666666667
6,12,7,SoFi Stadium,Inglewood,33.989452,-118.314606,-25200,America/Los_Angeles,GMT-7,38.0,16.4,86.06666666666666,16.953333333333333
6,12,8,SoFi Stadium,Inglewood,33.989452,-118.314606,-25200,America/Los_Angeles,GMT-7,38.0,17.66,78.26666666666667,18.14
6,12,9,SoFi Stadium,Inglewood,33.989452,-118.314606,-25200,America/Los_Angeles,GMT-7,38.0,19.48,68.26666666666667,19.846666666666668
6,12,10,SoFi Stadium,Inglewood,33.989452,-118.314606,-25200,America/Los_Angeles,GMT-7,38.0,21.52,59.0,21.839999999999996
6,12,11,SoFi Stadium,Inglewood,33.989452,-118.314606,-25200,America/Los_Angeles,GMT-7,38.0,23.279999999999998,52.86666666666667,23.71333333333333
6,12,12,SoFi Stadium,Inglewood,33.989452,-118.314606,-25200,America/Los_Angeles,GMT-7,38.0,24.399999999999995,49.53333333333333,24.95333333333333
6,12,13,SoFi Stadium,Inglewood,33.989452,-118.314606,-25200,America/Los_Angeles,GMT-7,38.0,24.866666666666664,48.06666666666667,25.299999999999997
6,12,14,SoFi Stadium,Inglewood,33.989452,-118.314606,-25200,America/Los_Angeles,GMT-7,38.0,24.766666666666662,47.666666666666664,24.74
6,12,15,SoFi Stadium,Inglewood,33.989452,-118.314606,-25200,America/Los_Angeles,GMT-7,38.0,24.293333333333337,48.4,23.653333333333332
6,12,16,SoFi Stadium,Inglewood,33.989452,-118.314606,-25200,America/Los_Angeles,GMT-7,38.0,23.493333333333336,50.733333333333334,22.346666666666668
6,12,17,SoFi Stadium,Inglewood,33.989452,-118.314606,-25200,America/Los_Angeles,GMT-7,38.0,22.44666666666667,54.733333333333334,20.933333333333334
6,12,18,SoFi Stadium,Inglewood,33.989452,-118.314606,-25200,America/Los_Angeles,GMT-7,38.0,21.166666666666668,60.4,19.6
6,12,19,SoFi Stadium,Inglewood,33.989452,-118.314606,-25200,America/Los_Angeles,GMT-7,38.0,19.8,66.93333333333334,18.5
6,12,20,SoFi Stadium,Inglewood,33.989452,-118.314606,-25200,America/Los_Angeles,GMT-7,38.0,18.686666666666664,72.93333333333334,17.873333333333335
6,12,21,SoFi Stadium,Inglewood,33.989452,-118.314606,-25200,America/Los_Angeles,GMT-7,38.0,17.9,77.2,17.60666666666667
6,12,22,SoFi Stadium,Inglewood,33.989452,-118.314606,-25200,America/Los_Angeles,GMT-7,38.0,17.5,79.26666666666667,17.56
6,12,23,SoFi Stadium,Inglewood,33.989452,-118.314606,-25200,America/Los_Angeles,GMT-7,38.0,17.166666666666668,80.26666666666667,17.44
6,13,0,SoFi Stadium,Inglewood,33.989452,-118.314606,-25200,America/Los_Angeles,GMT-7,38.0,16.826666666666668,83.33333333333333,17.119999999999997
6,13,1,SoFi Stadium,Inglewood,33.989452,-118.314606,-25200,America/Los_Angeles,GMT-7,38.0,16.513333333333332,84.4,16.813333333333336
6,13,2,SoFi Stadium,Inglewood,33.989452,-118.314606,-25200,America/Los_Angeles,GMT-7,38.0,16.16,87.06666666666666,16.54
6,13,3,SoFi Stadium,Inglewood,33.989452,-118.314606,-25200,America/Los_Angeles,GMT-7,38.0,15.753333333333332,89.13333333333334,16.12
6,13,4,SoFi Stadium,Inglewood,33.989452,-118.314606,-25200,America/Los_Angeles,GMT-7,38.0,15.546666666666669,90.13333333333334,15.913333333333332
6,13,5,SoFi Stadium,Inglewood,33.989452,-118.314606,-25200,America/Los_Angeles,GMT-7,38.0,15.5,90.46666666666667,15.859999999999998
6,13,6,SoFi Stadium,Inglewood,33.989452,-118.314606,-25200,America/Los_Angeles,GMT-7,38.0,15.833333333333336,88.93333333333334,16.21333333333333
6,13,7,SoFi Stadium,Inglewood,33.989452,-118.314606,-25200,America/Los_Angeles,GMT-7,38.0,16.46,85.13333333333334,16.74
6,13,8,SoFi Stadium,Inglewood,33.989452,-118.314606,-25200,America/Los_Angeles,GMT-7,38.0,17.566666666666666,77.93333333333334,17.666666666666668
6,13,9,SoFi Stadium,Inglewood,33.989452,-118.314606,-25200,America/Los_Angeles,GMT-7,38.0,19.19333333333333,68.86666666666666,19.240000000000006
6,13,10,SoFi Stadium,Inglewood,33.989452,-118.314606,-25200,America/Los_Angeles,GMT-7,38.0,21.16,59.86666666666667,21.433333333333337
6,13,11,SoFi Stadium,Inglewood,33.989452,-118.314606,-25200,America/Los_Angeles,GMT-7,38.0,23.033333333333328,53.333333333333336,23.66666666666667
6,13,12,SoFi Stadium,Inglewood,33.989452,-118.314606,-25200,America/Los_Angeles,GMT-7,38.0,24.32666666666666,50.06666666666667,25.146666666666665
6,13,13,SoFi Stadium,Inglewood,33.989452,-118.314606,-25200,America/Los_Angeles,GMT-7,38.0,24.699999999999996,49.733333333333334,25.24
6,13,14,SoFi Stadium,Inglewood,33.989452,-118.314606,-25200,America/Los_Angeles,GMT-7,38.0,24.459999999999997,50.733333333333334,24.493333333333332
6,13,15,SoFi Stadium,Inglewood,33.989452,-118.314606,-25200,America/Los_Angeles,GMT-7,38.0,23.993333333333332,51.333333333333336,23.39333333333333
6,13,16,SoFi Stadium,Inglewood,33.989452,-118.314606,-25200,America/Los_Angeles,GMT-7,38.0,23.39333333333333,52.86666666666667,22.30666666666667
6,13,17,SoFi Stadium,Inglewood,33.989452,-118.314606,-25200,America/Los_Angeles,GMT-7,38.0,22.54666666666667,55.6,21.09333333333333
6,13,18,SoFi Stadium,Inglewood,33.989452,-118.314606,-25200,America/Los_Angeles,GMT-7,38.0,21.3,61.333333333333336,19.839999999999996
6,13,19,SoFi Stadium,Inglewood,33.989452,-118.314606,-25200,America/Los_Angeles,GMT-7,38.0,19.926666666666666,68.06666666666666,18.806666666666665
6,13,20,SoFi Stadium,Inglewood,33.989452,-118.314606,-25200,America/Los_Angeles,GMT-7,38.0,18.726666666666667,74.66666666666667,18.2
6,13,21,SoFi Stadium,Inglewood,33.989452,-118.314606,-25200,America/Los_Angeles,GMT-7,38.0,17.893333333333334,79.2,17.906666666666663
6,13,22,SoFi Stadium,Inglewood,33.989452,-118.314606,-25200,America/Los_Angeles,GMT-7,38.0,17.419999999999998,82.0,17.726666666666667
6,13,23,SoFi Stadium,Inglewood,33.989452,-118.314606,-25200,America/Los_Angeles,GMT-7,38.0,17.12666666666667,82.4,17.459999999999997
6,14,0,SoFi Stadium,Inglewood,33.989452,-118.314606,-25200,America/Los_Angeles,GMT-7,38.0,17.153333333333332,84.93333333333334,17.886666666666667
6,14,1,SoFi Stadium,Inglewood,33.989452,-118.314606,-25200,America/Los_Angeles,GMT-7,38.0,16.580000000000002,87.73333333333333,17.180000000000003
6,14,2,SoFi Stadium,Inglewood,33.989452,-118.314606,-25200,America/Los_Angeles,GMT-7,38.0,16.28666666666667,89.13333333333334,16.926666666666666
6,14,3,SoFi Stadium,Inglewood,33.989452,-118.314606,-25200,America/Los_Angeles,GMT-7,38.0,15.98,90.4,16.60666666666667
6,14,4,SoFi Stadium,Inglewood,33.989452,-118.314606,-25200,America/Los_Angeles,GMT-7,38.0,15.786666666666665,91.46666666666667,16.433333333333334
6,14,5,SoFi Stadium,Inglewood,33.989452,-118.314606,-25200,America/Los_Angeles,GMT-7,38.0,15.793333333333333,91.8,16.466666666666665
6,14,6,SoFi Stadium,Inglewood,33.989452,-118.314606,-25200,America/Los_Angeles,GMT-7,38.0,16.04,90.8,16.733333333333334
6,14,7,SoFi Stadium,Inglewood,33.989452,-118.314606,-25200,America/Los_Angeles,GMT-7,38.0,16.706666666666667,87.13333333333334,17.326666666666668
6,14,8,SoFi Stadium,Inglewood,33.989452,-118.314606,-25200,America/Los_Angeles,GMT-7,38.0,17.84,80.33333333333333,18.366666666666667
6,14,9,SoFi Stadium,Inglewood,33.989452,-118.314606,-25200,America/Los_Angeles,GMT-7,38.0,19.59333333333333,71.26666666666667,20.113333333333337
6,14,10,SoFi Stadium,Inglewood,33.989452,-118.314606,-25200,America/Los_Angeles,GMT-7,38.0,21.699999999999996,61.8,22.520000000000003
6,14,11,SoFi Stadium,Inglewood,33.989452,-118.314606,-25200,America/Los_Angeles,GMT-7,38.0,23.839999999999993,54.4,24.98
6,14,12,SoFi Stadium,Inglewood,33.989452,-118.314606,-25200,America/Los_Angeles,GMT-7,38.0,25.206666666666663,50.53333333333333,26.380000000000003
6,14,13,SoFi Stadium,Inglewood,33.989452,-118.314606,-25200,America/Los_Angeles,GMT-7,38.0,25.586666666666666,49.46666666666667,26.346666666666668
6,14,14,SoFi Stadium,Inglewood,33.989452,-118.314606,-25200,America/Los_Angeles,GMT-7,38.0,25.3,49.46666666666667,25.480000000000004
6,14,15,SoFi Stadium,Inglewood,33.989452,-118.314606,-25200,America/Los_Angeles,GMT-7,38.0,24.913333333333338,49.8,24.513333333333332
6,14,16,SoFi Stadium,Inglewood,33.989452,-118.314606,-25200,America/Los_Angeles,GMT-7,38.0,24.400000000000002,51.13333333333333,23.540000000000003
6,14,17,SoFi Stadium,Inglewood,33.989452,-118.314606,-25200,America/Los_Angeles,GMT-7,38.0,23.586666666666666,54.46666666666667,22.459999999999997
6,14,18,SoFi Stadium,Inglewood,33.989452,-118.314606,-25200,America/Los_Angeles,GMT-7,38.0,22.360000000000003,59.46666666666667,21.333333333333332
6,14,19,SoFi Stadium,Inglewood,33.989452,-118.314606,-25200,America/Los_Angeles,GMT-7,38.0,20.96,66.0,20.353333333333335
6,14,20,SoFi Stadium,Inglewood,33.989452,-118.314606,-25200,America/Los_Angeles,GMT-7,38.0,19.680000000000003,72.2,19.626666666666672
6,14,21,SoFi Stadium,Inglewood,33.989452,-118.314606,-25200,America/Los_Angeles,GMT-7,38.0,18.786666666666665,76.86666666666666,19.240000000000002
6,14,22,SoFi Stadium,Inglewood,33.989452,-118.314606,-25200,America/Los_Angeles,GMT-7,38.0,18.313333333333333,79.33333333333333,19.10666666666667
6,14,23,SoFi Stadium,Inglewood,33.989452,-118.314606,-25200,America/Los_Angeles,GMT-7,38.0,17.706666666666667,82.26666666666667,18.500000000000004
6,15,0,SoFi Stadium,Inglewood,33.989452,-118.314606,-25200,America/Los_Angeles,GMT-7,38.0,18.113333333333337,79.6,18.939999999999998
6,15,1,SoFi Stadium,Inglewood,33.989452,-118.314606,-25200,America/Los_Angeles,GMT-7,38.0,17.3,84.0,18.40666666666667
6,15,2,SoFi Stadium,Inglewood,33.989452,-118.314606,-25200,America/Los_Angeles,GMT-7,38.0,16.853333333333335,86.53333333333333,17.953333333333337
6,15,3,SoFi Stadium,Inglewood,33.989452,-118.314606,-25200,America/Los_Angeles,GMT-7,38.0,16.44,88.6,17.44
6,15,4,SoFi Stadium,Inglewood,33.989452,-118.314606,-25200,America/Los_Angeles,GMT-7,38.0,16.18,90.33333333333333,16.98
6,15,5,SoFi Stadium,Inglewood,33.989452,-118.314606,-25200,America/Los_Angeles,GMT-7,38.0,16.03333333333333,91.93333333333334,16.686666666666667
6,15,6,SoFi Stadium,Inglewood,33.989452,-118.314606,-25200,America/Los_Angeles,GMT-7,38.0,16.16,91.8,16.746666666666663
6,15,7,SoFi Stadium,Inglewood,33.989452,-118.314606,-25200,America/Los_Angeles,GMT-7,38.0,16.686666666666667,88.73333333333333,17.326666666666664
6,15,8,SoFi Stadium,Inglewood,33.989452,-118.314606,-25200,America/Los_Angeles,GMT-7,38.0,18.006666666666668,80.8,18.68
6,15,9,SoFi Stadium,Inglewood,33.989452,-118.314606,-25200,America/Los_Angeles,GMT-7,38.0,20.08,70.2,20.919999999999998
6,15,10,SoFi Stadium,Inglewood,33.989452,-118.314606,-25200,America/Los_Angeles,GMT-7,38.0,22.65333333333333,59.13333333333333,23.77333333333333
6,15,11,SoFi Stadium,Inglewood,33.989452,-118.314606,-25200,America/Los_Angeles,GMT-7,38.0,24.973333333333333,50.86666666666667,26.26
6,15,12,SoFi Stadium,Inglewood,33.989452,-118.314606,-25200,America/Los_Angeles,GMT-7,38.0,26.413333333333334,46.53333333333333,27.486666666666665
6,15,13,SoFi Stadium,Inglewood,33.989452,-118.314606,-25200,America/Los_Angeles,GMT-7,38.0,26.880000000000003,45.06666666666667,27.473333333333336
6,15,14,SoFi Stadium,Inglewood,33.989452,-118.314606,-25200,America/Los_Angeles,GMT-7,38.0,26.84,44.733333333333334,26.94666666666667
6,15,15,SoFi Stadium,Inglewood,33.989452,-118.314606,-25200,America/Los_Angeles,GMT-7,38.0,26.333333333333332,45.2,25.906666666666673
6,15,16,SoFi Stadium,Inglewood,33.989452,-118.314606,-25200,America/Los_Angeles,GMT-7,38.0,25.513333333333335,47.266666666666666,24.7
6,15,17,SoFi Stadium,Inglewood,33.989452,-118.314606,-25200,America/Los_Angeles,GMT-7,38.0,24.486666666666665,50.733333333333334,23.44
6,15,18,SoFi Stadium,Inglewood,33.989452,-118.314606,-25200,America/Los_Angeles,GMT-7,38.0,23.386666666666667,55.13333333333333,22.493333333333336
6,15,19,SoFi Stadium,Inglewood,33.989452,-118.314606,-25200,America/Los_Angeles,GMT-7,38.0,22.259999999999998,59.733333333333334,21.7
6,15,20,SoFi Stadium,Inglewood,33.989452,-118.314606,-25200,America/Los_Angeles,GMT-7,38.0,21.033333333333335,64.46666666666667,20.766666666666666
6,15,21,SoFi Stadium,Inglewood,33.989452,-118.314606,-25200,America/Los_Angeles,GMT-7,38.0,20.080000000000002,68.33333333333333,20.106666666666666
6,15,22,SoFi Stadium,Inglewood,33.989452,-118.314606,-25200,America/Los_Angeles,GMT-7,38.0,19.533333333333335,71.13333333333334,19.68
6,15,23,SoFi Stadium,Inglewood,33.989452,-118.314606,-25200,America/Los_Angeles,GMT-7,38.0,18.779999999999998,75.33333333333333,19.306666666666665
6,16,0,SoFi Stadium,Inglewood,33.989452,-118.314606,-25200,America/Los_Angeles,GMT-7,38.0,18.806666666666665,78.0,19.206666666666667
6,16,1,SoFi Stadium,Inglewood,33.989452,-118.314606,-25200,America/Los_Angeles,GMT-7,38.0,18.526666666666667,79.26666666666667,18.980000000000004
6,16,2,SoFi Stadium,Inglewood,33.989452,-118.314606,-25200,America/Los_Angeles,GMT-7,38.0,18.05333333333333,82.13333333333334,18.646666666666665
6,16,3,SoFi Stadium,Inglewood,33.989452,-118.314606,-25200,America/Los_Angeles,GMT-7,38.0,17.57333333333333,84.6,18.34
6,16,4,SoFi Stadium,Inglewood,33.989452,-118.314606,-25200,America/Los_Angeles,GMT-7,38.0,17.04,87.93333333333334,17.913333333333338
6,16,5,SoFi Stadium,Inglewood,33.989452,-118.314606,-25200,America/Los_Angeles,GMT-7,38.0,16.706666666666667,90.33333333333333,17.613333333333333
6,16,6,SoFi Stadium,Inglewood,33.989452,-118.314606,-25200,America/Los_Angeles,GMT-7,38.0,16.733333333333334,91.0,17.666666666666664
6,16,7,SoFi Stadium,Inglewood,33.989452,-118.314606,-25200,America/Los_Angeles,GMT-7,38.0,17.373333333333335,87.33333333333333,18.313333333333333
6,16,8,SoFi Stadium,Inglewood,33.989452,-118.314606,-25200,America/Los_Angeles,GMT-7,38.0,18.606666666666666,80.2,19.54
6,16,9,SoFi Stadium,Inglewood,33.989452,-118.314606,-25200,America/Los_Angeles,GMT-7,38.0,20.673333333333336,69.86666666666666,21.593333333333337
6,16,10,SoFi Stadium,Inglewood,33.989452,-118.314606,-25200,America/Los_Angeles,GMT-7,38.0,23.14,59.266666666666666,24.266666666666666
6,16,11,SoFi Stadium,Inglewood,33.989452,-118.314606,-25200,America/Los_Angeles,GMT-7,38.0,25.546666666666667,50.333333333333336,26.88
6,16,12,SoFi Stadium,Inglewood,33.989452,-118.314606,-25200,America/Los_Angeles,GMT-7,38.0,26.953333333333337,45.733333333333334,28.36
6,16,13,SoFi Stadium,Inglewood,33.989452,-118.314606,-25200,America/Los_Angeles,GMT-7,38.0,27.473333333333336,43.86666666666667,28.56666666666667
6,16,14,SoFi Stadium,Inglewood,33.989452,-118.314606,-25200,America/Los_Angeles,GMT-7,38.0,27.273333333333333,43.93333333333333,27.886666666666667
6,16,15,SoFi Stadium,Inglewood,33.989452,-118.314606,-25200,America/Los_Angeles,GMT-7,38.0,26.826666666666668,44.733333333333334,26.86
6,16,16,SoFi Stadium,Inglewood,33.989452,-118.314606,-25200,America/Los_Angeles,GMT-7,38.0,26.0,47.8,25.513333333333332
6,16,17,SoFi Stadium,Inglewood,33.989452,-118.314606,-25200,America/Los_Angeles,GMT-7,38.0,24.893333333333334,52.13333333333333,24.113333333333337
6,16,18,SoFi Stadium,Inglewood,33.989452,-118.314606,-25200,America/Los_Angeles,GMT-7,38.0,23.453333333333333,57.93333333333333,22.66
6,16,19,SoFi Stadium,Inglewood,33.989452,-118.314606,-25200,America/Los_Angeles,GMT-7,38.0,22.013333333333335,63.46666666666667,21.493333333333332
6,16,20,SoFi Stadium,Inglewood,33.989452,-118.314606,-25200,America/Los_Angeles,GMT-7,38.0,20.699999999999996,69.2,20.546666666666663
6,16,21,SoFi Stadium,Inglewood,33.989452,-118.314606,-25200,America/Los_Angeles,GMT-7,38.0,19.813333333333333,73.53333333333333,20.033333333333335
6,16,22,SoFi Stadium,Inglewood,33.989452,-118.314606,-25200,America/Los_Angeles,GMT-7,38.0,19.266666666666666,76.46666666666667,19.673333333333332
6,16,23,SoFi Stadium,Inglewood,33.989452,-118.314606,-25200,America/Los_Angeles,GMT-7,38.0,19.05333333333333,77.13333333333334,19.493333333333332
6,17,0,SoFi Stadium,Inglewood,33.989452,-118.314606,-25200,America/Los_Angeles,GMT-7,38.0,18.526666666666664,77.46666666666667,18.973333333333333
6,17,1,SoFi Stadium,Inglewood,33.989452,-118.314606,-25200,America/Los_Angeles,GMT-7,38.0,18.186666666666667,79.26666666666667,18.69333333333333
6,17,2,SoFi Stadium,Inglewood,33.989452,-118.314606,-25200,America/Los_Angeles,GMT-7,38.0,17.78666666666667,80.6,18.24666666666667
6,17,3,SoFi Stadium,Inglewood,33.989452,-118.314606,-25200,America/Los_Angeles,GMT-7,38.0,17.373333333333335,82.53333333333333,17.780000000000005
6,17,4,SoFi Stadium,Inglewood,33.989452,-118.314606,-25200,America/Los_Angeles,GMT-7,38.0,17.03333333333333,84.86666666666666,17.466666666666665
6,17,5,SoFi Stadium,Inglewood,33.989452,-118.314606,-25200,America/Los_Angeles,GMT-7,38.0,16.813333333333333,86.86666666666666,17.32
6,17,6,SoFi Stadium,Inglewood,33.989452,-118.314606,-25200,America/Los_Angeles,GMT-7,38.0,16.85333333333333,87.13333333333334,17.380000000000003
6,17,7,SoFi Stadium,Inglewood,33.989452,-118.314606,-25200,America/Los_Angeles,GMT-7,38.0,17.413333333333334,83.66666666666667,17.953333333333333
6,17,8,SoFi Stadium,Inglewood,33.989452,-118.314606,-25200,America/Los_Angeles,GMT-7,38.0,18.74,76.33333333333333,19.373333333333335
6,17,9,SoFi Stadium,Inglewood,33.989452,-118.314606,-25200,America/Los_Angeles,GMT-7,38.0,20.82,66.26666666666667,21.586666666666666
6,17,10,SoFi Stadium,Inglewood,33.989452,-118.314606,-25200,America/Los_Angeles,GMT-7,38.0,23.10666666666667,56.733333333333334,23.98
6,17,11,SoFi Stadium,Inglewood,33.989452,-118.314606,-25200,America/Los_Angeles,GMT-7,38.0,25.173333333333332,49.53333333333333,26.14
6,17,12,SoFi Stadium,Inglewood,33.989452,-118.314606,-25200,America/Los_Angeles,GMT-7,38.0,26.38,46.53333333333333,27.3
6,17,13,SoFi Stadium,Inglewood,33.989452,-118.314606,-25200,America/Los_Angeles,GMT-7,38.0,26.779999999999998,46.0,27.546666666666667
6,17,14,SoFi Stadium,Inglewood,33.989452,-118.314606,-25200,America/Los_Angeles,GMT-7,38.0,26.519999999999996,46.86666666666667,26.880000000000003
6,17,15,SoFi Stadium,Inglewood,33.989452,-118.314606,-25200,America/Los_Angeles,GMT-7,38.0,26.100000000000005,47.4,26.040000000000003
6,17,16,SoFi Stadium,Inglewood,33.989452,-118.314606,-25200,America/Los_Angeles,GMT-7,38.0,25.3,49.46666666666667,24.766666666666666
6,17,17,SoFi Stadium,Inglewood,33.989452,-118.314606,-25200,America/Los_Angeles,GMT-7,38.0,24.160000000000004,53.13333333333333,23.319999999999997
6,17,18,SoFi Stadium,Inglewood,33.989452,-118.314606,-25200,America/Los_Angeles,GMT-7,38.0,22.85333333333333,57.6,21.94
6,17,19,SoFi Stadium,Inglewood,33.989452,-118.314606,-25200,America/Los_Angeles,GMT-7,38.0,21.753333333333334,61.333333333333336,21.033333333333335
6,17,20,SoFi Stadium,Inglewood,33.989452,-118.314606,-25200,America/Los_Angeles,GMT-7,38.0,20.9,64.13333333333334,20.433333333333334
6,17,21,SoFi Stadium,Inglewood,33.989452,-118.314606,-25200,America/Los_Angeles,GMT-7,38.0,20.14,67.33333333333333,19.87333333333333
6,17,22,SoFi Stadium,Inglewood,33.989452,-118.314606,-25200,America/Los_Angeles,GMT-7,38.0,19.473333333333336,70.93333333333334,19.433333333333334
6,17,23,SoFi Stadium,Inglewood,33.989452,-118.314606,-25200,America/Los_Angeles,GMT-7,38.0,18.953333333333333,74.8,19.16
6,18,0,SoFi Stadium,Inglewood,33.989452,-118.314606,-25200,America/Los_Angeles,GMT-7,38.0,18.10666666666667,78.86666666666666,18.693333333333335
6,18,1,SoFi Stadium,Inglewood,33.989452,-118.314606,-25200,America/Los_Angeles,GMT-7,38.0,17.80666666666667,80.13333333333334,18.319999999999997
6,18,2,SoFi Stadium,Inglewood,33.989452,-118.314606,-25200,America/Los_Angeles,GMT-7,38.0,17.36,82.13333333333334,17.959999999999997
6,18,3,SoFi Stadium,Inglewood,33.989452,-118.314606,-25200,America/Los_Angeles,GMT-7,38.0,16.886666666666667,84.73333333333333,17.526666666666664
6,18,4,SoFi Stadium,Inglewood,33.989452,-118.314606,-25200,America/Los_Angeles,GMT-7,38.0,16.48,87.13333333333334,17.133333333333333
6,18,5,SoFi Stadium,Inglewood,33.989452,-118.314606,-25200,America/Los_Angeles,GMT-7,38.0,16.36,88.53333333333333,16.98
6,18,6,SoFi Stadium,Inglewood,33.989452,-118.314606,-25200,America/Los_Angeles,GMT-7,38.0,16.653333333333332,87.66666666666667,17.220000000000002
6,18,7,SoFi Stadium,Inglewood,33.989452,-118.314606,-25200,America/Los_Angeles,GMT-7,38.0,17.42,84.2,17.946666666666665
6,18,8,SoFi Stadium,Inglewood,33.989452,-118.314606,-25200,America/Los_Angeles,GMT-7,38.0,18.5,78.2,18.993333333333332
6,18,9,SoFi Stadium,Inglewood,33.989452,-118.314606,-25200,America/Los_Angeles,GMT-7,38.0,19.993333333333336,70.33333333333333,20.480000000000004
6,18,10,SoFi Stadium,Inglewood,33.989452,-118.314606,-25200,America/Los_Angeles,GMT-7,38.0,21.900000000000002,61.266666666666666,22.540000000000003
6,18,11,SoFi Stadium,Inglewood,33.989452,-118.314606,-25200,America/Los_Angeles,GMT-7,38.0,23.953333333333333,53.0,24.84
6,18,12,SoFi Stadium,Inglewood,33.989452,-118.314606,-25200,America/Los_Angeles,GMT-7,38.0,25.426666666666662,48.333333333333336,26.466666666666665
6,18,13,SoFi Stadium,Inglewood,33.989452,-118.314606,-25200,America/Los_Angeles,GMT-7,38.0,25.99333333333333,46.666666666666664,26.839999999999996
6,18,14,SoFi Stadium,Inglewood,33.989452,-118.314606,-25200,America/Los_Angeles,GMT-7,38.0,25.60666666666667,47.666666666666664,25.933333333333334
6,18,15,SoFi Stadium,Inglewood,33.989452,-118.314606,-25200,America/Los_Angeles,GMT-7,38.0,24.973333333333333,48.46666666666667,24.65333333333333
6,18,16,SoFi Stadium,Inglewood,33.989452,-118.314606,-25200,America/Los_Angeles,GMT-7,38.0,24.006666666666668,51.13333333333333,23.113333333333333
6,18,17,SoFi Stadium,Inglewood,33.989452,-118.314606,-25200,America/Los_Angeles,GMT-7,38.0,23.07333333333333,55.0,21.920000000000005
6,18,18,SoFi Stadium,Inglewood,33.989452,-118.314606,-25200,America/Los_Angeles,GMT-7,38.0,21.94666666666667,60.266666666666666,20.853333333333335
6,18,19,SoFi Stadium,Inglewood,33.989452,-118.314606,-25200,America/Los_Angeles,GMT-7,38.0,20.833333333333332,65.86666666666666,20.033333333333335
6,18,20,SoFi Stadium,Inglewood,33.989452,-118.314606,-25200,America/Los_Angeles,GMT-7,38.0,19.85333333333333,70.86666666666666,19.493333333333332
6,18,21,SoFi Stadium,Inglewood,33.989452,-118.314606,-25200,America/Los_Angeles,GMT-7,38.0,19.106666666666666,74.8,19.279999999999998
6,18,22,SoFi Stadium,Inglewood,33.989452,-118.314606,-25200,America/Los_Angeles,GMT-7,38.0,18.65333333333333,77.06666666666666,19.246666666666666
6,18,23,SoFi Stadium,Inglewood,33.989452,-118.314606,-25200,America/Los_Angeles,GMT-7,38.0,18.386666666666667,78.06666666666666,19.053333333333335
6,19,0,SoFi Stadium,Inglewood,33.989452,-118.314606,-25200,America/Los_Angeles,GMT-7,38.0,17.633333333333333,81.26666666666667,18.30666666666667
6,19,1,SoFi Stadium,Inglewood,33.989452,-118.314606,-25200,America/Los_Angeles,GMT-7,38.0,17.55333333333333,82.4,18.139999999999997
6,19,2,SoFi Stadium,Inglewood,33.989452,-118.314606,-25200,America/Los_Angeles,GMT-7,38.0,17.2,84.2,17.71333333333333
6,19,3,SoFi Stadium,Inglewood,33.989452,-118.314606,-25200,America/Los_Angeles,GMT-7,38.0,16.866666666666667,85.73333333333333,17.339999999999996
6,19,4,SoFi Stadium,Inglewood,33.989452,-118.314606,-25200,America/Los_Angeles,GMT-7,38.0,16.62666666666667,86.53333333333333,17.119999999999997
6,19,5,SoFi Stadium,Inglewood,33.989452,-118.314606,-25200,America/Los_Angeles,GMT-7,38.0,16.586666666666666,86.4,17.1
6,19,6,SoFi Stadium,Inglewood,33.989452,-118.314606,-25200,America/Los_Angeles,GMT-7,38.0,16.8,85.13333333333334,17.326666666666664
6,19,7,SoFi Stadium,Inglewood,33.989452,-118.314606,-25200,America/Los_Angeles,GMT-7,38.0,17.36,82.33333333333333,17.93333333333333
6,19,8,SoFi Stadium,Inglewood,33.989452,-118.314606,-25200,America/Los_Angeles,GMT-7,38.0,18.38,76.8,19.013333333333335
6,19,9,SoFi Stadium,Inglewood,33.989452,-118.314606,-25200,America/Los_Angeles,GMT-7,38.0,19.999999999999996,68.73333333333333,20.600000000000005
6,19,10,SoFi Stadium,Inglewood,33.989452,-118.314606,-25200,America/Los_Angeles,GMT-7,38.0,21.886666666666667,60.46666666666667,22.53333333333334
6,19,11,SoFi Stadium,Inglewood,33.989452,-118.314606,-25200,America/Los_Angeles,GMT-7,38.0,23.573333333333334,54.333333333333336,24.180000000000003
6,19,12,SoFi Stadium,Inglewood,33.989452,-118.314606,-25200,America/Los_Angeles,GMT-7,38.0,24.626666666666665,50.733333333333334,25.09333333333333
6,19,13,SoFi Stadium,Inglewood,33.989452,-118.314606,-25200,America/Los_Angeles,GMT-7,38.0,24.953333333333333,49.13333333333333,25.0
6,19,14,SoFi Stadium,Inglewood,33.989452,-118.314606,-25200,America/Los_Angeles,GMT-7,38.0,24.84666666666666,48.733333333333334,24.466666666666672
6,19,15,SoFi Stadium,Inglewood,33.989452,-118.314606,-25200,America/Los_Angeles,GMT-7,38.0,24.399999999999995,49.86666666666667,23.613333333333333
6,19,16,SoFi Stadium,Inglewood,33.989452,-118.314606,-25200,America/Los_Angeles,GMT-7,38.0,23.553333333333335,53.2,22.446666666666665
6,19,17,SoFi Stadium,Inglewood,33.989452,-118.314606,-25200,America/Los_Angeles,GMT-7,38.0,22.44,58.0,21.126666666666665
6,19,18,SoFi Stadium,Inglewood,33.989452,-118.314606,-25200,America/Los_Angeles,GMT-7,38.0,21.10666666666667,63.93333333333333,19.880000000000003
6,19,19,SoFi Stadium,Inglewood,33.989452,-118.314606,-25200,America/Los_Angeles,GMT-7,38.0,19.920000000000005,69.4,19.040000000000003
6,19,20,SoFi Stadium,Inglewood,33.989452,-118.314606,-25200,America/Los_Angeles,GMT-7,38.0,18.9,74.26666666666667,18.573333333333334
6,19,21,SoFi Stadium,Inglewood,33.989452,-118.314606,-25200,America/Los_Angeles,GMT-7,38.0,18.200000000000003,77.73333333333333,18.46
6,19,22,SoFi Stadium,Inglewood,33.989452,-118.314606,-25200,America/Los_Angeles,GMT-7,38.0,17.780000000000005,79.66666666666667,18.40666666666667
6,19,23,SoFi Stadium,Inglewood,33.989452,-118.314606,-25200,America/Los_Angeles,GMT-7,38.0,17.706666666666663,80.4,18.446666666666665
6,20,0,SoFi Stadium,Inglewood,33.989452,-118.314606,-25200,America/Los_Angeles,GMT-7,38.0,17.280000000000005,81.13333333333334,17.833333333333332
6,20,1,SoFi Stadium,Inglewood,33.989452,-118.314606,-25200,America/Los_Angeles,GMT-7,38.0,16.646666666666665,84.4,17.293333333333333
6,20,2,SoFi Stadium,Inglewood,33.989452,-118.314606,-25200,America/Los_Angeles,GMT-7,38.0,16.153333333333332,86.26666666666667,16.74
6,20,3,SoFi Stadium,Inglewood,33.989452,-118.314606,-25200,America/Los_Angeles,GMT-7,38.0,15.773333333333333,87.06666666666666,16.326666666666664
6,20,4,SoFi Stadium,Inglewood,33.989452,-118.314606,-25200,America/Los_Angeles,GMT-7,38.0,15.626666666666665,87.26666666666667,16.153333333333332
6,20,5,SoFi Stadium,Inglewood,33.989452,-118.314606,-25200,America/Los_Angeles,GMT-7,38.0,15.713333333333331,86.4,16.233333333333334
6,20,6,SoFi Stadium,Inglewood,33.989452,-118.314606,-25200,America/Los_Angeles,GMT-7,38.0,16.099999999999998,84.2,16.560000000000002
6,20,7,SoFi Stadium,Inglewood,33.989452,-118.314606,-25200,America/Los_Angeles,GMT-7,38.0,16.88,79.93333333333334,17.32
6,20,8,SoFi Stadium,Inglewood,33.989452,-118.314606,-25200,America/Los_Angeles,GMT-7,38.0,18.353333333333335,72.8,18.74666666666667
6,20,9,SoFi Stadium,Inglewood,33.989452,-118.314606,-25200,America/Los_Angeles,GMT-7,38.0,20.35333333333333,64.13333333333334,20.8
6,20,10,SoFi Stadium,Inglewood,33.989452,-118.314606,-25200,America/Los_Angeles,GMT-7,38.0,22.69333333333333,55.0,23.326666666666668
6,20,11,SoFi Stadium,Inglewood,33.989452,-118.314606,-25200,America/Los_Angeles,GMT-7,38.0,24.69333333333333,48.4,25.473333333333336
6,20,12,SoFi Stadium,Inglewood,33.989452,-118.314606,-25200,America/Los_Angeles,GMT-7,38.0,25.913333333333334,44.8,26.526666666666667
6,20,13,SoFi Stadium,Inglewood,33.989452,-118.314606,-25200,America/Los_Angeles,GMT-7,38.0,26.17333333333334,44.6,26.32666666666666
6,20,14,SoFi Stadium,Inglewood,33.989452,-118.314606,-25200,America/Los_Angeles,GMT-7,38.0,25.893333333333338,45.6,25.546666666666663
6,20,15,SoFi Stadium,Inglewood,33.989452,-118.314606,-25200,America/Los_Angeles,GMT-7,38.0,25.466666666666672,46.666666666666664,24.646666666666665
6,20,16,SoFi Stadium,Inglewood,33.989452,-118.314606,-25200,America/Los_Angeles,GMT-7,38.0,24.86,47.53333333333333,23.50666666666666
6,20,17,SoFi Stadium,Inglewood,33.989452,-118.314606,-25200,America/Los_Angeles,GMT-7,38.0,23.866666666666667,50.46666666666667,22.18
6,20,18,SoFi Stadium,Inglewood,33.989452,-118.314606,-25200,America/Los_Angeles,GMT-7,38.0,22.546666666666667,55.0,20.893333333333327
6,20,19,SoFi Stadium,Inglewood,33.989452,-118.314606,-25200,America/Los_Angeles,GMT-7,38.0,21.066666666666666,61.2,19.866666666666667
6,20,20,SoFi Stadium,Inglewood,33.989452,-118.314606,-25200,America/Los_Angeles,GMT-7,38.0,19.80666666666667,66.66666666666667,19.206666666666663
6,20,21,SoFi Stadium,Inglewood,33.989452,-118.314606,-25200,America/Los_Angeles,GMT-7,38.0,18.913333333333334,71.0,18.826666666666664
6,20,22,SoFi Stadium,Inglewood,33.989452,-118.314606,-25200,America/Los_Angeles,GMT-7,38.0,18.4,74.06666666666666,18.619999999999997
6,20,23,SoFi Stadium,Inglewood,33.989452,-118.314606,-25200,America/Los_Angeles,GMT-7,38.0,17.866666666666667,77.4,18.28666666666667
6,21,0,SoFi Stadium,Inglewood,33.989452,-118.314606,-25200,America/Los_Angeles,GMT-7,38.0,17.34,81.33333333333333,17.839999999999996
6,21,1,SoFi Stadium,Inglewood,33.989452,-118.314606,-25200,America/Los_Angeles,GMT-7,38.0,16.87333333333334,83.0,17.32
6,21,2,SoFi Stadium,Inglewood,33.989452,-118.314606,-25200,America/Los_Angeles,GMT-7,38.0,16.346666666666668,85.4,16.80666666666667
6,21,3,SoFi Stadium,Inglewood,33.989452,-118.314606,-25200,America/Los_Angeles,GMT-7,38.0,15.873333333333333,87.2,16.21333333333333
6,21,4,SoFi Stadium,Inglewood,33.989452,-118.314606,-25200,America/Los_Angeles,GMT-7,38.0,15.56,88.66666666666667,15.893333333333334
6,21,5,SoFi Stadium,Inglewood,33.989452,-118.314606,-25200,America/Los_Angeles,GMT-7,38.0,15.413333333333332,90.13333333333334,15.766666666666667
6,21,6,SoFi Stadium,Inglewood,33.989452,-118.314606,-25200,America/Los_Angeles,GMT-7,38.0,15.793333333333331,90.26666666666667,16.22666666666667
6,21,7,SoFi Stadium,Inglewood,33.989452,-118.314606,-25200,America/Los_Angeles,GMT-7,38.0,16.62666666666666,86.93333333333334,17.026666666666667
6,21,8,SoFi Stadium,Inglewood,33.989452,-118.314606,-25200,America/Los_Angeles,GMT-7,38.0,18.15333333333333,78.93333333333334,18.500000000000004
6,21,9,SoFi Stadium,Inglewood,33.989452,-118.314606,-25200,America/Los_Angeles,GMT-7,38.0,20.153333333333332,67.66666666666667,20.560000000000002
6,21,10,SoFi Stadium,Inglewood,33.989452,-118.314606,-25200,America/Los_Angeles,GMT-7,38.0,22.506666666666668,56.06666666666667,23.12
6,21,11,SoFi Stadium,Inglewood,33.989452,-118.314606,-25200,America/Los_Angeles,GMT-7,38.0,24.680000000000003,47.4,25.526666666666667
6,21,12,SoFi Stadium,Inglewood,33.989452,-118.314606,-25200,America/Los_Angeles,GMT-7,38.0,26.10666666666667,42.733333333333334,26.893333333333327
6,21,13,SoFi Stadium,Inglewood,33.989452,-118.314606,-25200,America/Los_Angeles,GMT-7,38.0,26.53333333333334,41.53333333333333,26.92666666666667
6,21,14,SoFi Stadium,Inglewood,33.989452,-118.314606,-25200,America/Los_Angeles,GMT-7,38.0,26.14,42.733333333333334,25.973333333333336
6,21,15,SoFi Stadium,Inglewood,33.989452,-118.314606,-25200,America/Los_Angeles,GMT-7,38.0,25.36666666666667,45.2,24.693333333333335
6,21,16,SoFi Stadium,Inglewood,33.989452,-118.314606,-25200,America/Los_Angeles,GMT-7,38.0,24.386666666666667,48.333333333333336,23.206666666666663
6,21,17,SoFi Stadium,Inglewood,33.989452,-118.314606,-25200,America/Los_Angeles,GMT-7,38.0,23.440000000000005,50.86666666666667,21.866666666666667
6,21,18,SoFi Stadium,Inglewood,33.989452,-118.314606,-25200,America/Los_Angeles,GMT-7,38.0,22.26666666666667,54.4,20.586666666666662
6,21,19,SoFi Stadium,Inglewood,33.989452,-118.314606,-25200,America/Los_Angeles,GMT-7,38.0,20.886666666666667,60.266666666666666,19.506666666666664
6,21,20,SoFi Stadium,Inglewood,33.989452,-118.314606,-25200,America/Los_Angeles,GMT-7,38.0,19.533333333333335,67.66666666666667,18.766666666666662
6,21,21,SoFi Stadium,Inglewood,33.989452,-118.314606,-25200,America/Los_Angeles,GMT-7,38.0,18.6,73.86666666666666,18.52
6,21,22,SoFi Stadium,Inglewood,33.989452,-118.314606,-25200,America/Los_Angeles,GMT-7,38.0,18.12666666666667,77.86666666666666,18.533333333333335
6,21,23,SoFi Stadium,Inglewood,33.989452,-118.314606,-25200,America/Los_Angeles,GMT-7,38.0,17.793333333333337,79.53333333333333,18.326666666666664
6,22,0,SoFi Stadium,Inglewood,33.989452,-118.314606,-25200,America/Los_Angeles,GMT-7,38.0,17.48,81.8,17.833333333333332
6,22,1,SoFi Stadium,Inglewood,33.989452,-118.314606,-25200,America/Los_Angeles,GMT-7,38.0,16.900000000000002,85.53333333333333,17.486666666666665
6,22,2,SoFi Stadium,Inglewood,33.989452,-118.314606,-25200,America/Los_Angeles,GMT-7,38.0,16.486666666666665,88.4,17.059999999999995
6,22,3,SoFi Stadium,Inglewood,33.989452,-118.314606,-25200,America/Los_Angeles,GMT-7,38.0,16.14,91.0,16.806666666666665
6,22,4,SoFi Stadium,Inglewood,33.989452,-118.314606,-25200,America/Los_Angeles,GMT-7,38.0,15.813333333333334,91.46666666666667,16.466666666666665
6,22,5,SoFi Stadium,Inglewood,33.989452,-118.314606,-25200,America/Los_Angeles,GMT-7,38.0,15.613333333333335,91.33333333333333,16.279999999999998
6,22,6,SoFi Stadium,Inglewood,33.989452,-118.314606,-25200,America/Los_Angeles,GMT-7,38.0,15.813333333333334,89.6,16.36
6,22,7,SoFi Stadium,Inglewood,33.989452,-118.314606,-25200,America/Los_Angeles,GMT-7,38.0,16.773333333333333,85.73333333333333,17.36
6,22,8,SoFi Stadium,Inglewood,33.989452,-118.314606,-25200,America/Los_Angeles,GMT-7,38.0,18.326666666666668,78.46666666666667,18.78666666666667
6,22,9,SoFi Stadium,Inglewood,33.989452,-118.314606,-25200,America/Los_Angeles,GMT-7,38.0,20.326666666666664,69.13333333333334,20.813333333333333
6,22,10,SoFi Stadium,Inglewood,33.989452,-118.314606,-25200,America/Los_Angeles,GMT-7,38.0,22.5,60.0,23.2
6,22,11,SoFi Stadium,Inglewood,33.989452,-118.314606,-25200,America/Los_Angeles,GMT-7,38.0,24.480000000000004,53.46666666666667,25.646666666666665
6,22,12,SoFi Stadium,Inglewood,33.989452,-118.314606,-25200,America/Los_Angeles,GMT-7,38.0,25.759999999999998,50.0,27.173333333333336
6,22,13,SoFi Stadium,Inglewood,33.989452,-118.314606,-25200,America/Los_Angeles,GMT-7,38.0,26.053333333333335,49.13333333333333,27.15333333333334
6,22,14,SoFi Stadium,Inglewood,33.989452,-118.314606,-25200,America/Los_Angeles,GMT-7,38.0,25.586666666666662,49.53333333333333,26.020000000000003
6,22,15,SoFi Stadium,Inglewood,33.989452,-118.314606,-25200,America/Los_Angeles,GMT-7,38.0,24.83333333333333,50.86666666666667,24.533333333333335
6,22,16,SoFi Stadium,Inglewood,33.989452,-118.314606,-25200,America/Los_Angeles,GMT-7,38.0,24.459999999999997,51.13333333333333,23.546666666666667
6,22,17,SoFi Stadium,Inglewood,33.989452,-118.314606,-25200,America/Los_Angeles,GMT-7,38.0,23.98,52.6,22.77333333333333
6,22,18,SoFi Stadium,Inglewood,33.989452,-118.314606,-25200,America/Los_Angeles,GMT-7,38.0,22.900000000000002,56.666666666666664,21.59333333333333
6,22,19,SoFi Stadium,Inglewood,33.989452,-118.314606,-25200,America/Los_Angeles,GMT-7,38.0,21.080000000000002,64.26666666666667,20.006666666666668
6,22,20,SoFi Stadium,Inglewood,33.989452,-118.314606,-25200,America/Los_Angeles,GMT-7,38.0,19.54,71.13333333333334,18.84
6,22,21,SoFi Stadium,Inglewood,33.989452,-118.314606,-25200,America/Los_Angeles,GMT-7,38.0,18.793333333333333,74.53333333333333,18.533333333333335
6,22,22,SoFi Stadium,Inglewood,33.989452,-118.314606,-25200,America/Los_Angeles,GMT-7,38.0,18.46666666666666,76.33333333333333,18.426666666666666
6,22,23,SoFi Stadium,Inglewood,33.989452,-118.314606,-25200,America/Los_Angeles,GMT-7,38.0,18.033333333333335,78.66666666666667,18.24
6,23,0,SoFi Stadium,Inglewood,33.989452,-118.314606,-25200,America/Los_Angeles,GMT-7,38.0,17.720000000000002,81.53333333333333,18.226666666666667
6,23,1,SoFi Stadium,Inglewood,33.989452,-118.314606,-25200,America/Los_Angeles,GMT-7,38.0,17.246666666666666,84.6,17.773333333333333
6,23,2,SoFi Stadium,Inglewood,33.989452,-118.314606,-25200,America/Los_Angeles,GMT-7,38.0,16.853333333333335,87.4,17.52
6,23,3,SoFi Stadium,Inglewood,33.989452,-118.314606,-25200,America/Los_Angeles,GMT-7,38.0,16.566666666666666,89.53333333333333,17.386666666666667
6,23,4,SoFi Stadium,Inglewood,33.989452,-118.314606,-25200,America/Los_Angeles,GMT-7,38.0,16.40666666666667,90.66666666666667,17.24666666666667
6,23,5,SoFi Stadium,Inglewood,33.989452,-118.314606,-25200,America/Los_Angeles,GMT-7,38.0,16.326666666666668,90.86666666666666,17.080000000000002
6,23,6,SoFi Stadium,Inglewood,33.989452,-118.314606,-25200,America/Los_Angeles,GMT-7,38.0,16.58,88.66666666666667,17.22666666666667
6,23,7,SoFi Stadium,Inglewood,33.989452,-118.314606,-25200,America/Los_Angeles,GMT-7,38.0,17.486666666666665,82.46666666666667,18.033333333333328
6,23,8,SoFi Stadium,Inglewood,33.989452,-118.314606,-25200,America/Los_Angeles,GMT-7,38.0,19.23333333333333,72.53333333333333,19.606666666666666
6,23,9,SoFi Stadium,Inglewood,33.989452,-118.314606,-25200,America/Los_Angeles,GMT-7,38.0,21.37333333333333,61.86666666666667,21.506666666666664
6,23,10,SoFi Stadium,Inglewood,33.989452,-118.314606,-25200,America/Los_Angeles,GMT-7,38.0,23.3,54.13333333333333,23.50666666666667
6,23,11,SoFi Stadium,Inglewood,33.989452,-118.314606,-25200,America/Los_Angeles,GMT-7,38.0,24.653333333333332,49.333333333333336,25.03333333333334
6,23,12,SoFi Stadium,Inglewood,33.989452,-118.314606,-25200,America/Los_Angeles,GMT-7,38.0,25.340000000000007,47.13333333333333,25.80666666666667
6,23,13,SoFi Stadium,Inglewood,33.989452,-118.314606,-25200,America/Los_Angeles,GMT-7,38.0,25.600000000000005,45.666666666666664,25.713333333333335
6,23,14,SoFi Stadium,Inglewood,33.989452,-118.314606,-25200,America/Los_Angeles,GMT-7,38.0,25.326666666666664,46.13333333333333,24.88
6,23,15,SoFi Stadium,Inglewood,33.989452,-118.314606,-25200,America/Los_Angeles,GMT-7,38.0,24.793333333333337,47.46666666666667,23.773333333333333
6,23,16,SoFi Stadium,Inglewood,33.989452,-118.314606,-25200,America/Los_Angeles,GMT-7,38.0,23.9,50.733333333333334,22.466666666666665
6,23,17,SoFi Stadium,Inglewood,33.989452,-118.314606,-25200,America/Los_Angeles,GMT-7,38.0,23.160000000000004,53.06666666666667,21.446666666666662
6,23,18,SoFi Stadium,Inglewood,33.989452,-118.314606,-25200,America/Los_Angeles,GMT-7,38.0,22.053333333333335,57.2,20.4
6,23,19,SoFi Stadium,Inglewood,33.989452,-118.314606,-25200,America/Los_Angeles,GMT-7,38.0,20.913333333333334,61.8,19.560000000000002
6,23,20,SoFi Stadium,Inglewood,33.989452,-118.314606,-25200,America/Los_Angeles,GMT-7,38.0,19.60666666666667,68.46666666666667,18.806666666666665
6,23,21,SoFi Stadium,Inglewood,33.989452,-118.314606,-25200,America/Los_Angeles,GMT-7,38.0,18.833333333333332,73.2,18.613333333333333
6,23,22,SoFi Stadium,Inglewood,33.989452,-118.314606,-25200,America/Los_Angeles,GMT-7,38.0,18.406666666666663,76.53333333333333,18.639999999999997
6,23,23,SoFi Stadium,Inglewood,33.989452,-118.314606,-25200,America/Los_Angeles,GMT-7,38.0,18.1,78.8,18.566666666666666
6,24,0,SoFi Stadium,Inglewood,33.989452,-118.314606,-25200,America/Los_Angeles,GMT-7,38.0,17.493333333333332,81.73333333333333,18.146666666666665
6,24,1,SoFi Stadium,Inglewood,33.989452,-118.314606,-25200,America/Los_Angeles,GMT-7,38.0,17.193333333333335,83.4,17.85333333333333
6,24,2,SoFi Stadium,Inglewood,33.989452,-118.314606,-25200,America/Los_Angeles,GMT-7,38.0,16.753333333333334,85.6,17.506666666666664
6,24,3,SoFi Stadium,Inglewood,33.989452,-118.314606,-25200,America/Los_Angeles,GMT-7,38.0,16.32,87.6,17.073333333333334
6,24,4,SoFi Stadium,Inglewood,33.989452,-118.314606,-25200,America/Los_Angeles,GMT-7,38.0,15.96,88.4,16.62
6,24,5,SoFi Stadium,Inglewood,33.989452,-118.314606,-25200,America/Los_Angeles,GMT-7,38.0,15.78,88.8,16.286666666666665
6,24,6,SoFi Stadium,Inglewood,33.989452,-118.314606,-25200,America/Los_Angeles,GMT-7,38.0,16.073333333333334,87.0,16.58
6,24,7,SoFi Stadium,Inglewood,33.989452,-118.314606,-25200,America/Los_Angeles,GMT-7,38.0,17.02,82.6,17.626666666666665
6,24,8,SoFi Stadium,Inglewood,33.989452,-118.314606,-25200,America/Los_Angeles,GMT-7,38.0,18.513333333333335,75.4,19.2
6,24,9,SoFi Stadium,Inglewood,33.989452,-118.314606,-25200,America/Los_Angeles,GMT-7,38.0,20.46,66.53333333333333,21.12
6,24,10,SoFi Stadium,Inglewood,33.989452,-118.314606,-25200,America/Los_Angeles,GMT-7,38.0,22.52,58.0,23.16666666666667
6,24,11,SoFi Stadium,Inglewood,33.989452,-118.314606,-25200,America/Los_Angeles,GMT-7,38.0,24.286666666666665,51.46666666666667,25.013333333333335
6,24,12,SoFi Stadium,Inglewood,33.989452,-118.314606,-25200,America/Los_Angeles,GMT-7,38.0,25.306666666666665,47.733333333333334,25.926666666666666
6,24,13,SoFi Stadium,Inglewood,33.989452,-118.314606,-25200,America/Los_Angeles,GMT-7,38.0,25.39333333333333,47.06666666666667,25.726666666666667
6,24,14,SoFi Stadium,Inglewood,33.989452,-118.314606,-25200,America/Los_Angeles,GMT-7,38.0,24.993333333333336,47.2,24.766666666666662
6,24,15,SoFi Stadium,Inglewood,33.989452,-118.314606,-25200,America/Los_Angeles,GMT-7,38.0,24.426666666666673,47.93333333333333,23.64
6,24,16,SoFi Stadium,Inglewood,33.989452,-118.314606,-25200,America/Los_Angeles,GMT-7,38.0,23.660000000000007,50.2,22.313333333333336
6,24,17,SoFi Stadium,Inglewood,33.989452,-118.314606,-25200,America/Los_Angeles,GMT-7,38.0,22.60666666666667,54.53333333333333,20.986666666666668
6,24,18,SoFi Stadium,Inglewood,33.989452,-118.314606,-25200,America/Los_Angeles,GMT-7,38.0,21.33333333333333,60.666666666666664,19.80666666666667
6,24,19,SoFi Stadium,Inglewood,33.989452,-118.314606,-25200,America/Los_Angeles,GMT-7,38.0,20.12,66.8,19.08
6,24,20,SoFi Stadium,Inglewood,33.989452,-118.314606,-25200,America/Los_Angeles,GMT-7,38.0,19.100000000000005,72.6,18.66
6,24,21,SoFi Stadium,Inglewood,33.989452,-118.314606,-25200,America/Los_Angeles,GMT-7,38.0,18.36,77.0,18.42666666666667
6,24,22,SoFi Stadium,Inglewood,33.989452,-118.314606,-25200,America/Los_Angeles,GMT-7,38.0,17.90666666666667,79.73333333333333,18.333333333333336
6,24,23,SoFi Stadium,Inglewood,33.989452,-118.314606,-25200,America/Los_Angeles,GMT-7,38.0,17.74,80.6,18.300000000000004
6,25,0,SoFi Stadium,Inglewood,33.989452,-118.314606,-25200,America/Los_Angeles,GMT-7,38.0,17.30666666666667,83.66666666666667,18.006666666666668
6,25,1,SoFi Stadium,Inglewood,33.989452,-118.314606,-25200,America/Los_Angeles,GMT-7,38.0,16.720000000000002,85.13333333333334,17.266666666666666
6,25,2,SoFi Stadium,Inglewood,33.989452,-118.314606,-25200,America/Los_Angeles,GMT-7,38.0,16.26,87.33333333333333,16.76666666666667
6,25,3,SoFi Stadium,Inglewood,33.989452,-118.314606,-25200,America/Los_Angeles,GMT-7,38.0,15.860000000000005,89.4,16.386666666666667
6,25,4,SoFi Stadium,Inglewood,33.989452,-118.314606,-25200,America/Los_Angeles,GMT-7,38.0,15.740000000000002,90.06666666666666,16.34
6,25,5,SoFi Stadium,Inglewood,33.989452,-118.314606,-25200,America/Los_Angeles,GMT-7,38.0,15.780000000000001,89.8,16.466666666666665
6,25,6,SoFi Stadium,Inglewood,33.989452,-118.314606,-25200,America/Los_Angeles,GMT-7,38.0,16.033333333333335,88.4,16.78
6,25,7,SoFi Stadium,Inglewood,33.989452,-118.314606,-25200,America/Los_Angeles,GMT-7,38.0,16.62,85.53333333333333,17.386666666666667
6,25,8,SoFi Stadium,Inglewood,33.989452,-118.314606,-25200,America/Los_Angeles,GMT-7,38.0,17.926666666666666,78.86666666666666,18.686666666666667
6,25,9,SoFi Stadium,Inglewood,33.989452,-118.314606,-25200,America/Los_Angeles,GMT-7,38.0,20.0,68.33333333333333,20.746666666666663
6,25,10,SoFi Stadium,Inglewood,33.989452,-118.314606,-25200,America/Los_Angeles,GMT-7,38.0,22.36666666666667,57.46666666666667,23.2
6,25,11,SoFi Stadium,Inglewood,33.989452,-118.314606,-25200,America/Los_Angeles,GMT-7,38.0,24.226666666666674,50.666666666666664,25.166666666666668
6,25,12,SoFi Stadium,Inglewood,33.989452,-118.314606,-25200,America/Los_Angeles,GMT-7,38.0,25.15333333333334,47.8,25.993333333333332
6,25,13,SoFi Stadium,Inglewood,33.989452,-118.314606,-25200,America/Los_Angeles,GMT-7,38.0,25.220000000000002,47.733333333333334,25.74
6,25,14,SoFi Stadium,Inglewood,33.989452,-118.314606,-25200,America/Los_Angeles,GMT-7,38.0,24.893333333333334,48.13333333333333,24.99333333333333
6,25,15,SoFi Stadium,Inglewood,33.989452,-118.314606,-25200,America/Los_Angeles,GMT-7,38.0,24.446666666666665,49.266666666666666,24.11333333333333
6,25,16,SoFi Stadium,Inglewood,33.989452,-118.314606,-25200,America/Los_Angeles,GMT-7,38.0,23.819999999999997,51.46666666666667,23.04
6,25,17,SoFi Stadium,Inglewood,33.989452,-118.314606,-25200,America/Los_Angeles,GMT-7,38.0,23.0,54.6,21.80666666666667
6,25,18,SoFi Stadium,Inglewood,33.989452,-118.314606,-25200,America/Los_Angeles,GMT-7,38.0,21.793333333333333,60.4,20.586666666666666
6,25,19,SoFi Stadium,Inglewood,33.989452,-118.314606,-25200,America/Los_Angeles,GMT-7,38.0,20.419999999999998,67.73333333333333,19.573333333333334
6,25,20,SoFi Stadium,Inglewood,33.989452,-118.314606,-25200,America/Los_Angeles,GMT-7,38.0,19.233333333333334,74.8,18.986666666666665
6,25,21,SoFi Stadium,Inglewood,33.989452,-118.314606,-25200,America/Los_Angeles,GMT-7,38.0,18.546666666666667,79.33333333333333,18.833333333333332
6,25,22,SoFi Stadium,Inglewood,33.989452,-118.314606,-25200,America/Los_Angeles,GMT-7,38.0,18.233333333333334,81.46666666666667,18.9
6,25,23,SoFi Stadium,Inglewood,33.989452,-118.314606,-25200,America/Los_Angeles,GMT-7,38.0,17.819999999999997,82.4,18.573333333333334
6,26,0,SoFi Stadium,Inglewood,33.989452,-118.314606,-25200,America/Los_Angeles,GMT-7,38.0,17.58,84.8,18.700000000000003
6,26,1,SoFi Stadium,Inglewood,33.989452,-118.314606,-25200,America/Los_Angeles,GMT-7,38.0,16.96,88.66666666666667,18.12
6,26,2,SoFi Stadium,Inglewood,33.989452,-118.314606,-25200,America/Los_Angeles,GMT-7,38.0,16.500000000000004,90.73333333333333,17.600000000000005
6,26,3,SoFi Stadium,Inglewood,33.989452,-118.314606,-25200,America/Los_Angeles,GMT-7,38.0,16.060000000000002,92.26666666666667,17.046666666666667
6,26,4,SoFi Stadium,Inglewood,33.989452,-118.314606,-25200,America/Los_Angeles,GMT-7,38.0,15.820000000000002,93.06666666666666,16.746666666666666
6,26,5,SoFi Stadium,Inglewood,33.989452,-118.314606,-25200,America/Los_Angeles,GMT-7,38.0,15.800000000000002,93.06666666666666,16.606666666666666
6,26,6,SoFi Stadium,Inglewood,33.989452,-118.314606,-25200,America/Los_Angeles,GMT-7,38.0,16.046666666666667,91.86666666666666,16.726666666666667
6,26,7,SoFi Stadium,Inglewood,33.989452,-118.314606,-25200,America/Los_Angeles,GMT-7,38.0,16.653333333333332,88.46666666666667,17.279999999999998
6,26,8,SoFi Stadium,Inglewood,33.989452,-118.314606,-25200,America/Los_Angeles,GMT-7,38.0,17.89333333333333,81.73333333333333,18.566666666666666
6,26,9,SoFi Stadium,Inglewood,33.989452,-118.314606,-25200,America/Los_Angeles,GMT-7,38.0,19.913333333333338,71.73333333333333,20.75333333333333
6,26,10,SoFi Stadium,Inglewood,33.989452,-118.314606,-25200,America/Los_Angeles,GMT-7,38.0,22.433333333333334,60.46666666666667,23.573333333333334
6,26,11,SoFi Stadium,Inglewood,33.989452,-118.314606,-25200,America/Los_Angeles,GMT-7,38.0,24.793333333333337,51.46666666666667,26.240000000000002
6,26,12,SoFi Stadium,Inglewood,33.989452,-118.314606,-25200,America/Los_Angeles,GMT-7,38.0,26.35333333333333,46.4,27.793333333333333
6,26,13,SoFi Stadium,Inglewood,33.989452,-118.314606,-25200,America/Los_Angeles,GMT-7,38.0,26.78666666666667,44.733333333333334,27.766666666666666
6,26,14,SoFi Stadium,Inglewood,33.989452,-118.314606,-25200,America/Los_Angeles,GMT-7,38.0,26.42,44.86666666666667,26.71333333333333
6,26,15,SoFi Stadium,Inglewood,33.989452,-118.314606,-25200,America/Los_Angeles,GMT-7,38.0,25.780000000000005,45.4,25.42
6,26,16,SoFi Stadium,Inglewood,33.989452,-118.314606,-25200,America/Los_Angeles,GMT-7,38.0,24.799999999999997,48.4,23.89333333333333
6,26,17,SoFi Stadium,Inglewood,33.989452,-118.314606,-25200,America/Los_Angeles,GMT-7,38.0,23.71333333333333,53.13333333333333,22.546666666666667
6,26,18,SoFi Stadium,Inglewood,33.989452,-118.314606,-25200,America/Los_Angeles,GMT-7,38.0,22.266666666666666,59.93333333333333,21.160000000000007
6,26,19,SoFi Stadium,Inglewood,33.989452,-118.314606,-25200,America/Los_Angeles,GMT-7,38.0,20.899999999999995,66.93333333333334,20.233333333333338
6,26,20,SoFi Stadium,Inglewood,33.989452,-118.314606,-25200,America/Los_Angeles,GMT-7,38.0,19.686666666666664,73.0,19.54666666666667
6,26,21,SoFi Stadium,Inglewood,33.989452,-118.314606,-25200,America/Los_Angeles,GMT-7,38.0,18.886666666666663,77.2,19.26
6,26,22,SoFi Stadium,Inglewood,33.989452,-118.314606,-25200,America/Los_Angeles,GMT-7,38.0,18.53333333333334,78.86666666666666,19.24666666666667
6,26,23,SoFi Stadium,Inglewood,33.989452,-118.314606,-25200,America/Los_Angeles,GMT-7,38.0,18.08,81.6,19.040000000000003
6,27,0,SoFi Stadium,Inglewood,33.989452,-118.314606,-25200,America/Los_Angeles,GMT-7,38.0,17.966666666666665,82.33333333333333,18.819999999999997
6,27,1,SoFi Stadium,Inglewood,33.989452,-118.314606,-25200,America/Los_Angeles,GMT-7,38.0,17.573333333333334,84.53333333333333,18.540000000000003
6,27,2,SoFi Stadium,Inglewood,33.989452,-118.314606,-25200,America/Los_Angeles,GMT-7,38.0,17.1,86.73333333333333,17.993333333333336
6,27,3,SoFi Stadium,Inglewood,33.989452,-118.314606,-25200,America/Los_Angeles,GMT-7,38.0,16.646666666666665,88.73333333333333,17.459999999999997
6,27,4,SoFi Stadium,Inglewood,33.989452,-118.314606,-25200,America/Los_Angeles,GMT-7,38.0,16.266666666666666,91.0,17.126666666666665
6,27,5,SoFi Stadium,Inglewood,33.989452,-118.314606,-25200,America/Los_Angeles,GMT-7,38.0,16.06,92.73333333333333,16.98
6,27,6,SoFi Stadium,Inglewood,33.989452,-118.314606,-25200,America/Los_Angeles,GMT-7,38.0,16.18,92.73333333333333,17.19333333333333
6,27,7,SoFi Stadium,Inglewood,33.989452,-118.314606,-25200,America/Los_Angeles,GMT-7,38.0,16.933333333333334,88.06666666666666,17.866666666666667
6,27,8,SoFi Stadium,Inglewood,33.989452,-118.314606,-25200,America/Los_Angeles,GMT-7,38.0,18.52,78.93333333333334,19.413333333333338
6,27,9,SoFi Stadium,Inglewood,33.989452,-118.314606,-25200,America/Los_Angeles,GMT-7,38.0,20.866666666666664,67.53333333333333,21.820000000000004
6,27,10,SoFi Stadium,Inglewood,33.989452,-118.314606,-25200,America/Los_Angeles,GMT-7,38.0,23.54,57.13333333333333,24.746666666666666
6,27,11,SoFi Stadium,Inglewood,33.989452,-118.314606,-25200,America/Los_Angeles,GMT-7,38.0,25.826666666666664,49.86666666666667,27.313333333333336
6,27,12,SoFi Stadium,Inglewood,33.989452,-118.314606,-25200,America/Los_Angeles,GMT-7,38.0,27.286666666666665,45.8,28.84666666666667
6,27,13,SoFi Stadium,Inglewood,33.989452,-118.314606,-25200,America/Los_Angeles,GMT-7,38.0,27.779999999999994,44.4,29.06666666666667
6,27,14,SoFi Stadium,Inglewood,33.989452,-118.314606,-25200,America/Los_Angeles,GMT-7,38.0,27.533333333333335,44.8,28.34
6,27,15,SoFi Stadium,Inglewood,33.989452,-118.314606,-25200,America/Los_Angeles,GMT-7,38.0,26.8,46.46666666666667,27.006666666666664
6,27,16,SoFi Stadium,Inglewood,33.989452,-118.314606,-25200,America/Los_Angeles,GMT-7,38.0,25.84666666666667,48.86666666666667,25.473333333333333
6,27,17,SoFi Stadium,Inglewood,33.989452,-118.314606,-25200,America/Los_Angeles,GMT-7,38.0,24.573333333333334,52.86666666666667,23.75333333333333
6,27,18,SoFi Stadium,Inglewood,33.989452,-118.314606,-25200,America/Los_Angeles,GMT-7,38.0,23.133333333333333,58.333333333333336,22.279999999999998
6,27,19,SoFi Stadium,Inglewood,33.989452,-118.314606,-25200,America/Los_Angeles,GMT-7,38.0,21.513333333333332,65.33333333333333,20.980000000000004
6,27,20,SoFi Stadium,Inglewood,33.989452,-118.314606,-25200,America/Los_Angeles,GMT-7,38.0,20.21333333333333,71.53333333333333,20.166666666666668
6,27,21,SoFi Stadium,Inglewood,33.989452,-118.314606,-25200,America/Los_Angeles,GMT-7,38.0,19.293333333333333,75.86666666666666,19.56
6,27,22,SoFi Stadium,Inglewood,33.989452,-118.314606,-25200,America/Los_Angeles,GMT-7,38.0,18.720000000000002,78.46666666666667,19.186666666666664
6,27,23,SoFi Stadium,Inglewood,33.989452,-118.314606,-25200,America/Los_Angeles,GMT-7,38.0,18.34666666666667,80.33333333333333,19.026666666666664
6,28,0,SoFi Stadium,Inglewood,33.989452,-118.314606,-25200,America/Los_Angeles,GMT-7,38.0,18.086666666666666,81.66666666666667,19.04
6,28,1,SoFi Stadium,Inglewood,33.989452,-118.314606,-25200,America/Los_Angeles,GMT-7,38.0,17.64666666666667,83.66666666666667,18.62
6,28,2,SoFi Stadium,Inglewood,33.989452,-118.314606,-25200,America/Los_Angeles,GMT-7,38.0,17.326666666666668,85.8,18.393333333333334
6,28,3,SoFi Stadium,Inglewood,33.989452,-118.314606,-25200,America/Los_Angeles,GMT-7,38.0,16.893333333333334,88.53333333333333,17.94
6,28,4,SoFi Stadium,Inglewood,33.989452,-118.314606,-25200,America/Los_Angeles,GMT-7,38.0,16.64,90.26666666666667,17.64
6,28,5,SoFi Stadium,Inglewood,33.989452,-118.314606,-25200,America/Los_Angeles,GMT-7,38.0,16.6,90.93333333333334,17.493333333333336
6,28,6,SoFi Stadium,Inglewood,33.989452,-118.314606,-25200,America/Los_Angeles,GMT-7,38.0,16.94,89.33333333333333,17.80666666666667
6,28,7,SoFi Stadium,Inglewood,33.989452,-118.314606,-25200,America/Los_Angeles,GMT-7,38.0,17.680000000000003,85.53333333333333,18.580000000000002
6,28,8,SoFi Stadium,Inglewood,33.989452,-118.314606,-25200,America/Los_Angeles,GMT-7,38.0,19.033333333333335,78.4,19.933333333333337
6,28,9,SoFi Stadium,Inglewood,33.989452,-118.314606,-25200,America/Los_Angeles,GMT-7,38.0,21.08,68.6,22.006666666666668
6,28,10,SoFi Stadium,Inglewood,33.989452,-118.314606,-25200,America/Los_Angeles,GMT-7,38.0,23.52,58.333333333333336,24.646666666666665
6,28,11,SoFi Stadium,Inglewood,33.989452,-118.314606,-25200,America/Los_Angeles,GMT-7,38.0,25.673333333333332,50.46666666666667,27.113333333333337
6,28,12,SoFi Stadium,Inglewood,33.989452,-118.314606,-25200,America/Los_Angeles,GMT-7,38.0,26.94,46.93333333333333,28.506666666666668
6,28,13,SoFi Stadium,Inglewood,33.989452,-118.314606,-25200,America/Los_Angeles,GMT-7,38.0,27.240000000000002,46.333333333333336,28.600000000000005
6,28,14,SoFi Stadium,Inglewood,33.989452,-118.314606,-25200,America/Los_Angeles,GMT-7,38.0,27.013333333333332,46.8,27.92666666666667
6,28,15,SoFi Stadium,Inglewood,33.989452,-118.314606,-25200,America/Los_Angeles,GMT-7,38.0,26.4,47.86666666666667,26.76666666666667
6,28,16,SoFi Stadium,Inglewood,33.989452,-118.314606,-25200,America/Los_Angeles,GMT-7,38.0,25.573333333333334,49.8,25.353333333333335
6,28,17,SoFi Stadium,Inglewood,33.989452,-118.314606,-25200,America/Los_Angeles,GMT-7,38.0,24.386666666666667,53.86666666666667,23.706666666666663
6,28,18,SoFi Stadium,Inglewood,33.989452,-118.314606,-25200,America/Los_Angeles,GMT-7,38.0,23.053333333333335,58.6,22.226666666666667
6,28,19,SoFi Stadium,Inglewood,33.989452,-118.314606,-25200,America/Los_Angeles,GMT-7,38.0,21.566666666666666,64.6,20.986666666666668
6,28,20,SoFi Stadium,Inglewood,33.989452,-118.314606,-25200,America/Los_Angeles,GMT-7,38.0,20.259999999999998,70.46666666666667,20.153333333333332
6,28,21,SoFi Stadium,Inglewood,33.989452,-118.314606,-25200,America/Los_Angeles,GMT-7,38.0,19.373333333333335,75.26666666666667,19.779999999999998
6,28,22,SoFi Stadium,Inglewood,33.989452,-118.314606,-25200,America/Los_Angeles,GMT-7,38.0,18.9,78.26666666666667,19.64666666666666
6,28,23,SoFi Stadium,Inglewood,33.989452,-118.314606,-25200,America/Los_Angeles,GMT-7,38.0,18.473333333333336,80.06666666666666,19.35333333333333
